solid xyplotter2_without4pi
facet normal -0.7071067811867292 2.107409210814601e-08 -0.7071067811863656
  outer loop
    vertex 9433.687600827392 10097.897770058473 86.83116092863061
    vertex 9436.487600827391 10047.979281744892 84.03115944089579
    vertex 9433.687600827392 10047.979281661443 86.83115944089658
  endloop
endfacet
facet normal -0.7071067811867292 2.107409210814601e-08 -0.7071067811863656
  outer loop
    vertex 9436.487600827391 10047.979281744892 84.03115944089579
    vertex 9433.687600827392 10097.897770058473 86.83116092863061
    vertex 9436.487600827391 10097.897770141924 84.03116092862982
  endloop
endfacet
facet normal -1.0 4.563113046114046e-10 -6.808804937054602e-09
  outer loop
    vertex 9414.202090981647 10112.659281465567 94.83116140478228
    vertex 9414.202090943507 10058.519281377225 98.49366890533213
    vertex 9414.202090968134 10112.659281357674 98.4936705559035
  endloop
endfacet
facet normal -1.0 4.563113046114046e-10 -6.808804937054602e-09
  outer loop
    vertex 9414.202090943507 10058.519281377225 98.49366890533213
    vertex 9414.202090981647 10112.659281465567 94.83116140478228
    vertex 9414.20209095702 10058.519281485118 94.8311597542109
  endloop
endfacet
facet normal -1.0 4.563110969995299e-10 1.442682362860516e-17
  outer loop
    vertex 9411.902090953368 10112.65928131136 99.99367055505131
    vertex 9411.902090928741 10058.519281266492 102.03115941977511
    vertex 9411.902090953368 10112.659281246943 102.03116107034653
  endloop
endfacet
facet normal -1.0 4.563110969995299e-10 1.442682362860516e-17
  outer loop
    vertex 9411.902090928741 10058.519281266492 102.03115941977511
    vertex 9411.902090953368 10112.65928131136 99.99367055505131
    vertex 9411.902090928741 10058.51928133091 99.99366890447993
  endloop
endfacet
facet normal 0.5462677778678019 2.5789533921047488e-08 -0.8376105985858663
  outer loop
    vertex 9453.187343966805 10058.51928139235 98.49366890534655
    vertex 9455.487343956953 10112.659281326201 99.99367055505998
    vertex 9455.487343981593 10058.519281346034 99.99366890449437
  endloop
endfacet
facet normal 0.5462677778678019 2.5789533921047488e-08 -0.8376105985858663
  outer loop
    vertex 9455.487343956953 10112.659281326201 99.99367055505998
    vertex 9453.187343966805 10058.51928139235 98.49366890534655
    vertex 9453.187343942196 10112.659281372516 98.49367055591217
  endloop
endfacet
facet normal -4.498538214722816e-10 -0.9999999999999997 -3.0472684877399816e-08
  outer loop
    vertex 9414.202090943507 10058.519281377225 98.49366890533213
    vertex 9411.902090928741 10058.519281266492 102.03115941977511
    vertex 9411.902090928741 10058.51928133091 99.99366890447993
  endloop
endfacet
facet normal -4.498538214722816e-10 -0.9999999999999997 -3.0472684877399816e-08
  outer loop
    vertex 9411.902090928741 10058.519281266492 102.03115941977511
    vertex 9414.202090943507 10058.519281377225 98.49366890533213
    vertex 9416.902090930349 10058.519281265751 102.0311594173827
  endloop
endfacet
facet normal -4.498538214722816e-10 -0.9999999999999997 -3.0472684877399816e-08
  outer loop
    vertex 9416.902090930349 10058.519281265751 102.0311594173827
    vertex 9414.202090943507 10058.519281377225 98.49366890533213
    vertex 9414.20209095702 10058.519281485118 94.8311597542109
  endloop
endfacet
facet normal -4.498538214722816e-10 -0.9999999999999997 -3.0472684877399816e-08
  outer loop
    vertex 9416.902090930349 10058.519281265751 102.0311594173827
    vertex 9414.20209095702 10058.519281485118 94.8311597542109
    vertex 9416.902090957825 10058.519281484594 94.83115975202062
  endloop
endfacet
facet normal -0.5462677778687642 2.578941906102983e-08 -0.8376105985852386
  outer loop
    vertex 9411.902090953368 10112.65928131136 99.99367055505131
    vertex 9414.202090943507 10058.519281377225 98.49366890533213
    vertex 9411.902090928741 10058.51928133091 99.99366890447993
  endloop
endfacet
facet normal -0.5462677778687642 2.578941906102983e-08 -0.8376105985852386
  outer loop
    vertex 9414.202090943507 10058.519281377225 98.49366890533213
    vertex 9411.902090953368 10112.65928131136 99.99367055505131
    vertex 9414.202090968134 10112.659281357674 98.4936705559035
  endloop
endfacet
facet normal 4.498538214696797e-10 -0.9999999999999997 -3.04726848773996e-08
  outer loop
    vertex 9453.187343953316 10058.519281500243 94.83115973852377
    vertex 9450.487343979981 10058.519281280875 102.03115941739713
    vertex 9450.4873439525 10058.519281499719 94.83115973633349
  endloop
endfacet
facet normal 4.498538214696797e-10 -0.9999999999999997 -3.04726848773996e-08
  outer loop
    vertex 9450.487343979981 10058.519281280875 102.03115941739713
    vertex 9453.187343953316 10058.519281500243 94.83115973852377
    vertex 9453.187343966805 10058.51928139235 98.49366890534655
  endloop
endfacet
facet normal 4.498538214696797e-10 -0.9999999999999997 -3.04726848773996e-08
  outer loop
    vertex 9450.487343979981 10058.519281280875 102.03115941739713
    vertex 9453.187343966805 10058.51928139235 98.49366890534655
    vertex 9455.487343981593 10058.519281281617 102.03115941978955
  endloop
endfacet
facet normal 4.498538214696797e-10 -0.9999999999999997 -3.04726848773996e-08
  outer loop
    vertex 9455.487343981593 10058.519281281617 102.03115941978955
    vertex 9453.187343966805 10058.51928139235 98.49366890534655
    vertex 9455.487343981593 10058.519281346034 99.99366890449437
  endloop
endfacet
facet normal 1.0 -4.5631125045994136e-10 5.032862437648941e-09
  outer loop
    vertex 9416.902090930349 10058.519281265751 102.0311594173827
    vertex 9416.902090982452 10112.659281465043 94.831161402592
    vertex 9416.902090954976 10112.6592812462 102.03116106795412
  endloop
endfacet
facet normal 1.0 -4.5631125045994136e-10 5.032862437648941e-09
  outer loop
    vertex 9416.902090982452 10112.659281465043 94.831161402592
    vertex 9416.902090930349 10058.519281265751 102.0311594173827
    vertex 9416.902090957825 10058.519281484594 94.83115975202062
  endloop
endfacet
facet normal -1.0 -4.563638168216044e-10 5.0327357865211825e-09
  outer loop
    vertex 9450.487343927889 10112.659281479886 94.8311613868991
    vertex 9450.487343979981 10058.519281280875 102.03115941739713
    vertex 9450.487343955356 10112.659281261043 102.03116106796277
  endloop
endfacet
facet normal -1.0 -4.563638168216044e-10 5.0327357865211825e-09
  outer loop
    vertex 9450.487343979981 10058.519281280875 102.03115941739713
    vertex 9450.487343927889 10112.659281479886 94.8311613868991
    vertex 9450.4873439525 10058.519281499719 94.83115973633349
  endloop
endfacet
facet normal -4.784828886103895e-10 -3.049167602959625e-08 0.9999999999999997
  outer loop
    vertex 9455.487343981593 10058.519281281617 102.03115941978955
    vertex 9450.487343955356 10112.659281261043 102.03116106796277
    vertex 9450.487343979981 10058.519281280875 102.03115941739713
  endloop
endfacet
facet normal -4.784828886103895e-10 -3.049167602959625e-08 0.9999999999999997
  outer loop
    vertex 9450.487343955356 10112.659281261043 102.03116106796277
    vertex 9455.487343981593 10058.519281281617 102.03115941978955
    vertex 9455.487343956953 10112.659281261784 102.03116107035518
  endloop
endfacet
facet normal 1.0 4.569068491421451e-10 1.444565904844129e-17
  outer loop
    vertex 9455.487343981593 10058.519281281617 102.03115941978955
    vertex 9455.487343956953 10112.659281326201 99.99367055505998
    vertex 9455.487343956953 10112.659281261784 102.03116107035518
  endloop
endfacet
facet normal 1.0 4.569068491421451e-10 1.444565904844129e-17
  outer loop
    vertex 9455.487343956953 10112.659281326201 99.99367055505998
    vertex 9455.487343981593 10058.519281281617 102.03115941978955
    vertex 9455.487343981593 10058.519281346034 99.99366890449437
  endloop
endfacet
facet normal 4.784828886100443e-10 -3.049167602959606e-08 0.9999999999999997
  outer loop
    vertex 9416.902090954976 10112.6592812462 102.03116106795412
    vertex 9411.902090928741 10058.519281266492 102.03115941977511
    vertex 9416.902090930349 10058.519281265751 102.0311594173827
  endloop
endfacet
facet normal 4.784828886100443e-10 -3.049167602959606e-08 0.9999999999999997
  outer loop
    vertex 9411.902090928741 10058.519281266492 102.03115941977511
    vertex 9416.902090954976 10112.6592812462 102.03116106795412
    vertex 9411.902090953368 10112.659281246943 102.03116107034653
  endloop
endfacet
facet normal 1.0 4.563113044078237e-10 -6.8021283289450024e-09
  outer loop
    vertex 9453.187343966805 10058.51928139235 98.49366890534655
    vertex 9453.187343928692 10112.659281480412 94.83116138908937
    vertex 9453.187343942196 10112.659281372516 98.49367055591217
  endloop
endfacet
facet normal 1.0 4.563113044078237e-10 -6.8021283289450024e-09
  outer loop
    vertex 9453.187343928692 10112.659281480412 94.83116138908937
    vertex 9453.187343966805 10058.51928139235 98.49366890534655
    vertex 9453.187343953316 10058.519281500243 94.83115973852377
  endloop
endfacet
facet normal 0.0 2.9803266906464065e-08 -0.9999999999999997
  outer loop
    vertex 9414.083137567997 10102.934130265667 94.03116107873012
    vertex 9414.932064035933 10102.934130265667 94.03116107873012
    vertex 9414.507600801966 10102.878248620782 94.03116107706465
  endloop
endfacet
facet normal 0.0 2.9803266906464065e-08 -0.9999999999999997
  outer loop
    vertex 9414.932064035933 10102.934130265667 94.03116107873012
    vertex 9414.083137567997 10102.934130265667 94.03116107873012
    vertex 9413.687600801964 10103.097966958574 94.03116108361297
  endloop
endfacet
facet normal 0.0 2.9803266906464065e-08 -0.9999999999999997
  outer loop
    vertex 9414.932064035933 10102.934130265667 94.03116107873012
    vertex 9413.687600801964 10103.097966958574 94.03116108361297
    vertex 9415.327600801964 10103.097966958574 94.03116108361297
  endloop
endfacet
facet normal 0.0 2.9803266906464065e-08 -0.9999999999999997
  outer loop
    vertex 9415.327600801964 10103.097966958574 94.03116108361297
    vertex 9413.687600801964 10103.097966958574 94.03116108361297
    vertex 9413.347945680818 10103.358593499634 94.03116109138051
  endloop
endfacet
facet normal 0.0 2.9803266906464065e-08 -0.9999999999999997
  outer loop
    vertex 9415.327600801964 10103.097966958574 94.03116108361297
    vertex 9413.347945680818 10103.358593499634 94.03116109138051
    vertex 9415.66725592311 10103.358593499634 94.03116109138051
  endloop
endfacet
facet normal 0.0 2.9803266906464065e-08 -0.9999999999999997
  outer loop
    vertex 9415.66725592311 10103.358593499634 94.03116109138051
    vertex 9413.347945680818 10103.358593499634 94.03116109138051
    vertex 9413.087319139759 10103.69824862078 94.03116110150333
  endloop
endfacet
facet normal 0.0 2.9803266906464065e-08 -0.9999999999999997
  outer loop
    vertex 9415.66725592311 10103.358593499634 94.03116109138051
    vertex 9413.087319139759 10103.69824862078 94.03116110150333
    vertex 9415.927882464171 10103.69824862078 94.03116110150333
  endloop
endfacet
facet normal 0.0 2.9803266906464065e-08 -0.9999999999999997
  outer loop
    vertex 9415.927882464171 10103.69824862078 94.03116110150333
    vertex 9413.087319139759 10103.69824862078 94.03116110150333
    vertex 9412.92348244685 10104.093785386813 94.03116111329162
  endloop
endfacet
facet normal 0.0 2.9803266906464065e-08 -0.9999999999999997
  outer loop
    vertex 9415.927882464171 10103.69824862078 94.03116110150333
    vertex 9412.92348244685 10104.093785386813 94.03116111329162
    vertex 9416.091719157079 10104.093785386813 94.03116111329162
  endloop
endfacet
facet normal 0.0 2.9803266906464065e-08 -0.9999999999999997
  outer loop
    vertex 9416.091719157079 10104.093785386813 94.03116111329162
    vertex 9412.92348244685 10104.093785386813 94.03116111329162
    vertex 9412.867600801965 10104.518248620781 94.031161125942
  endloop
endfacet
facet normal 0.0 2.9803266906464065e-08 -0.9999999999999997
  outer loop
    vertex 9416.091719157079 10104.093785386813 94.03116111329162
    vertex 9412.867600801965 10104.518248620781 94.031161125942
    vertex 9416.147600801965 10104.518248620781 94.031161125942
  endloop
endfacet
facet normal 0.0 2.9803266906464065e-08 -0.9999999999999997
  outer loop
    vertex 9416.147600801965 10104.518248620781 94.031161125942
    vertex 9412.867600801965 10104.518248620781 94.031161125942
    vertex 9412.92348244685 10104.94271185475 94.03116113859241
  endloop
endfacet
facet normal 0.0 2.9803266906464065e-08 -0.9999999999999997
  outer loop
    vertex 9416.147600801965 10104.518248620781 94.031161125942
    vertex 9412.92348244685 10104.94271185475 94.03116113859241
    vertex 9416.091719157079 10104.94271185475 94.03116113859241
  endloop
endfacet
facet normal 0.0 2.9803266906464065e-08 -0.9999999999999997
  outer loop
    vertex 9416.091719157079 10104.94271185475 94.03116113859241
    vertex 9412.92348244685 10104.94271185475 94.03116113859241
    vertex 9413.087319139759 10105.338248620781 94.03116115038068
  endloop
endfacet
facet normal 0.0 2.9803266906464065e-08 -0.9999999999999997
  outer loop
    vertex 9416.091719157079 10104.94271185475 94.03116113859241
    vertex 9413.087319139759 10105.338248620781 94.03116115038068
    vertex 9415.927882464171 10105.338248620781 94.03116115038068
  endloop
endfacet
facet normal 0.0 2.9803266906464065e-08 -0.9999999999999997
  outer loop
    vertex 9415.927882464171 10105.338248620781 94.03116115038068
    vertex 9413.087319139759 10105.338248620781 94.03116115038068
    vertex 9413.347945680818 10105.677903741927 94.03116116050352
  endloop
endfacet
facet normal 0.0 2.9803266906464065e-08 -0.9999999999999997
  outer loop
    vertex 9415.927882464171 10105.338248620781 94.03116115038068
    vertex 9413.347945680818 10105.677903741927 94.03116116050352
    vertex 9415.66725592311 10105.677903741927 94.03116116050352
  endloop
endfacet
facet normal 0.0 2.9803266906464065e-08 -0.9999999999999997
  outer loop
    vertex 9415.66725592311 10105.677903741927 94.03116116050352
    vertex 9413.347945680818 10105.677903741927 94.03116116050352
    vertex 9413.687600801964 10105.938530282989 94.03116116827104
  endloop
endfacet
facet normal 0.0 2.9803266906464065e-08 -0.9999999999999997
  outer loop
    vertex 9415.66725592311 10105.677903741927 94.03116116050352
    vertex 9413.687600801964 10105.938530282989 94.03116116827104
    vertex 9415.327600801964 10105.938530282989 94.03116116827104
  endloop
endfacet
facet normal 0.0 2.9803266906464065e-08 -0.9999999999999997
  outer loop
    vertex 9415.327600801964 10105.938530282989 94.03116116827104
    vertex 9413.687600801964 10105.938530282989 94.03116116827104
    vertex 9414.083137567997 10106.102366975894 94.03116117315392
  endloop
endfacet
facet normal 0.0 2.9803266906464065e-08 -0.9999999999999997
  outer loop
    vertex 9415.327600801964 10105.938530282989 94.03116116827104
    vertex 9414.083137567997 10106.102366975894 94.03116117315392
    vertex 9414.932064035933 10106.102366975894 94.03116117315392
  endloop
endfacet
facet normal 0.0 2.9803266906464065e-08 -0.9999999999999997
  outer loop
    vertex 9414.932064035933 10106.102366975894 94.03116117315392
    vertex 9414.083137567997 10106.102366975894 94.03116117315392
    vertex 9414.507600801966 10106.15824862078 94.03116117481936
  endloop
endfacet
facet normal 0.0 2.9803266906464065e-08 -0.9999999999999997
  outer loop
    vertex 9452.443137618851 10102.934130265667 94.03116107873012
    vertex 9453.292064086787 10102.934130265667 94.03116107873012
    vertex 9452.867600852818 10102.878248620782 94.03116107706465
  endloop
endfacet
facet normal 0.0 2.9803266906464065e-08 -0.9999999999999997
  outer loop
    vertex 9453.292064086787 10102.934130265667 94.03116107873012
    vertex 9452.443137618851 10102.934130265667 94.03116107873012
    vertex 9452.047600852819 10103.097966958574 94.03116108361297
  endloop
endfacet
facet normal 0.0 2.9803266906464065e-08 -0.9999999999999997
  outer loop
    vertex 9453.292064086787 10102.934130265667 94.03116107873012
    vertex 9452.047600852819 10103.097966958574 94.03116108361297
    vertex 9453.687600852818 10103.097966958574 94.03116108361297
  endloop
endfacet
facet normal 0.0 2.9803266906464065e-08 -0.9999999999999997
  outer loop
    vertex 9453.687600852818 10103.097966958574 94.03116108361297
    vertex 9452.047600852819 10103.097966958574 94.03116108361297
    vertex 9451.707945731672 10103.358593499634 94.03116109138051
  endloop
endfacet
facet normal 0.0 2.9803266906464065e-08 -0.9999999999999997
  outer loop
    vertex 9453.687600852818 10103.097966958574 94.03116108361297
    vertex 9451.707945731672 10103.358593499634 94.03116109138051
    vertex 9454.027255973964 10103.358593499634 94.03116109138051
  endloop
endfacet
facet normal 0.0 2.9803266906464065e-08 -0.9999999999999997
  outer loop
    vertex 9454.027255973964 10103.358593499634 94.03116109138051
    vertex 9451.707945731672 10103.358593499634 94.03116109138051
    vertex 9451.44731919061 10103.69824862078 94.03116110150333
  endloop
endfacet
facet normal 0.0 2.9803266906464065e-08 -0.9999999999999997
  outer loop
    vertex 9454.027255973964 10103.358593499634 94.03116109138051
    vertex 9451.44731919061 10103.69824862078 94.03116110150333
    vertex 9454.287882515026 10103.69824862078 94.03116110150333
  endloop
endfacet
facet normal 0.0 2.9803266906464065e-08 -0.9999999999999997
  outer loop
    vertex 9454.287882515026 10103.69824862078 94.03116110150333
    vertex 9451.44731919061 10103.69824862078 94.03116110150333
    vertex 9451.283482497705 10104.093785386813 94.03116111329162
  endloop
endfacet
facet normal 0.0 2.9803266906464065e-08 -0.9999999999999997
  outer loop
    vertex 9454.287882515026 10103.69824862078 94.03116110150333
    vertex 9451.283482497705 10104.093785386813 94.03116111329162
    vertex 9454.451719207931 10104.093785386813 94.03116111329162
  endloop
endfacet
facet normal 0.0 2.9803266906464065e-08 -0.9999999999999997
  outer loop
    vertex 9454.451719207931 10104.093785386813 94.03116111329162
    vertex 9451.283482497705 10104.093785386813 94.03116111329162
    vertex 9451.227600852819 10104.518248620781 94.031161125942
  endloop
endfacet
facet normal 0.0 2.9803266906464065e-08 -0.9999999999999997
  outer loop
    vertex 9454.451719207931 10104.093785386813 94.03116111329162
    vertex 9451.227600852819 10104.518248620781 94.031161125942
    vertex 9454.50760085282 10104.518248620781 94.031161125942
  endloop
endfacet
facet normal 0.0 2.9803266906464065e-08 -0.9999999999999997
  outer loop
    vertex 9454.50760085282 10104.518248620781 94.031161125942
    vertex 9451.227600852819 10104.518248620781 94.031161125942
    vertex 9451.283482497705 10104.94271185475 94.03116113859241
  endloop
endfacet
facet normal 0.0 2.9803266906464065e-08 -0.9999999999999997
  outer loop
    vertex 9454.50760085282 10104.518248620781 94.031161125942
    vertex 9451.283482497705 10104.94271185475 94.03116113859241
    vertex 9454.451719207931 10104.94271185475 94.03116113859241
  endloop
endfacet
facet normal 0.0 2.9803266906464065e-08 -0.9999999999999997
  outer loop
    vertex 9454.451719207931 10104.94271185475 94.03116113859241
    vertex 9451.283482497705 10104.94271185475 94.03116113859241
    vertex 9451.44731919061 10105.338248620781 94.03116115038068
  endloop
endfacet
facet normal 0.0 2.9803266906464065e-08 -0.9999999999999997
  outer loop
    vertex 9454.451719207931 10104.94271185475 94.03116113859241
    vertex 9451.44731919061 10105.338248620781 94.03116115038068
    vertex 9454.287882515026 10105.338248620781 94.03116115038068
  endloop
endfacet
facet normal 0.0 2.9803266906464065e-08 -0.9999999999999997
  outer loop
    vertex 9454.287882515026 10105.338248620781 94.03116115038068
    vertex 9451.44731919061 10105.338248620781 94.03116115038068
    vertex 9451.707945731672 10105.677903741927 94.03116116050352
  endloop
endfacet
facet normal 0.0 2.9803266906464065e-08 -0.9999999999999997
  outer loop
    vertex 9454.287882515026 10105.338248620781 94.03116115038068
    vertex 9451.707945731672 10105.677903741927 94.03116116050352
    vertex 9454.027255973964 10105.677903741927 94.03116116050352
  endloop
endfacet
facet normal 0.0 2.9803266906464065e-08 -0.9999999999999997
  outer loop
    vertex 9454.027255973964 10105.677903741927 94.03116116050352
    vertex 9451.707945731672 10105.677903741927 94.03116116050352
    vertex 9452.047600852819 10105.938530282989 94.03116116827104
  endloop
endfacet
facet normal 0.0 2.9803266906464065e-08 -0.9999999999999997
  outer loop
    vertex 9454.027255973964 10105.677903741927 94.03116116050352
    vertex 9452.047600852819 10105.938530282989 94.03116116827104
    vertex 9453.687600852818 10105.938530282989 94.03116116827104
  endloop
endfacet
facet normal 0.0 2.9803266906464065e-08 -0.9999999999999997
  outer loop
    vertex 9453.687600852818 10105.938530282989 94.03116116827104
    vertex 9452.047600852819 10105.938530282989 94.03116116827104
    vertex 9452.443137618851 10106.102366975894 94.03116117315392
  endloop
endfacet
facet normal 0.0 2.9803266906464065e-08 -0.9999999999999997
  outer loop
    vertex 9453.687600852818 10105.938530282989 94.03116116827104
    vertex 9452.443137618851 10106.102366975894 94.03116117315392
    vertex 9453.292064086787 10106.102366975894 94.03116117315392
  endloop
endfacet
facet normal 0.0 2.9803266906464065e-08 -0.9999999999999997
  outer loop
    vertex 9453.292064086787 10106.102366975894 94.03116117315392
    vertex 9452.443137618851 10106.102366975894 94.03116117315392
    vertex 9452.867600852818 10106.15824862078 94.03116117481936
  endloop
endfacet
facet normal 4.498538214722817e-10 0.9999999999999997 3.0472684877399816e-08
  outer loop
    vertex 9416.902090954976 10112.6592812462 102.03116106795412
    vertex 9411.902090953368 10112.65928131136 99.99367055505131
    vertex 9411.902090953368 10112.659281246943 102.03116107034653
  endloop
endfacet
facet normal 4.498538214722817e-10 0.9999999999999997 3.0472684877399816e-08
  outer loop
    vertex 9411.902090953368 10112.65928131136 99.99367055505131
    vertex 9416.902090954976 10112.6592812462 102.03116106795412
    vertex 9414.202090968134 10112.659281357674 98.4936705559035
  endloop
endfacet
facet normal 4.498538214722817e-10 0.9999999999999997 3.0472684877399816e-08
  outer loop
    vertex 9414.202090968134 10112.659281357674 98.4936705559035
    vertex 9416.902090954976 10112.6592812462 102.03116106795412
    vertex 9414.202090981647 10112.659281465567 94.83116140478228
  endloop
endfacet
facet normal 4.498538214722817e-10 0.9999999999999997 3.0472684877399816e-08
  outer loop
    vertex 9414.202090981647 10112.659281465567 94.83116140478228
    vertex 9416.902090954976 10112.6592812462 102.03116106795412
    vertex 9416.902090982452 10112.659281465043 94.831161402592
  endloop
endfacet
facet normal -4.4985382147302727e-10 0.9999999999999997 3.047268487739896e-08
  outer loop
    vertex 9450.487343955356 10112.659281261043 102.03116106796277
    vertex 9453.187343928692 10112.659281480412 94.83116138908937
    vertex 9450.487343927889 10112.659281479886 94.8311613868991
  endloop
endfacet
facet normal -4.4985382147302727e-10 0.9999999999999997 3.047268487739896e-08
  outer loop
    vertex 9453.187343928692 10112.659281480412 94.83116138908937
    vertex 9450.487343955356 10112.659281261043 102.03116106796277
    vertex 9453.187343942196 10112.659281372516 98.49367055591217
  endloop
endfacet
facet normal -4.4985382147302727e-10 0.9999999999999997 3.047268487739896e-08
  outer loop
    vertex 9453.187343942196 10112.659281372516 98.49367055591217
    vertex 9450.487343955356 10112.659281261043 102.03116106796277
    vertex 9455.487343956953 10112.659281261784 102.03116107035518
  endloop
endfacet
facet normal -4.4985382147302727e-10 0.9999999999999997 3.047268487739896e-08
  outer loop
    vertex 9453.187343942196 10112.659281372516 98.49367055591217
    vertex 9455.487343956953 10112.659281261784 102.03116107035518
    vertex 9455.487343956953 10112.659281326201 99.99367055505998
  endloop
endfacet
facet normal 0.0 2.9803266906464065e-08 -0.9999999999999997
  outer loop
    vertex 9414.083137567997 10063.934130265667 94.0311599164027
    vertex 9414.932064035933 10063.934130265667 94.0311599164027
    vertex 9414.507600801966 10063.87824862078 94.03115991473724
  endloop
endfacet
facet normal 0.0 2.9803266906464065e-08 -0.9999999999999997
  outer loop
    vertex 9414.932064035933 10063.934130265667 94.0311599164027
    vertex 9414.083137567997 10063.934130265667 94.0311599164027
    vertex 9413.687600801964 10064.097966958574 94.03115992128558
  endloop
endfacet
facet normal 0.0 2.9803266906464065e-08 -0.9999999999999997
  outer loop
    vertex 9414.932064035933 10063.934130265667 94.0311599164027
    vertex 9413.687600801964 10064.097966958574 94.03115992128558
    vertex 9415.327600801964 10064.097966958574 94.03115992128558
  endloop
endfacet
facet normal 0.0 2.9803266906464065e-08 -0.9999999999999997
  outer loop
    vertex 9415.327600801964 10064.097966958574 94.03115992128558
    vertex 9413.687600801964 10064.097966958574 94.03115992128558
    vertex 9413.347945680818 10064.358593499635 94.03115992905309
  endloop
endfacet
facet normal 0.0 2.9803266906464065e-08 -0.9999999999999997
  outer loop
    vertex 9415.327600801964 10064.097966958574 94.03115992128558
    vertex 9413.347945680818 10064.358593499635 94.03115992905309
    vertex 9415.66725592311 10064.358593499635 94.03115992905309
  endloop
endfacet
facet normal 0.0 2.9803266906464065e-08 -0.9999999999999997
  outer loop
    vertex 9415.66725592311 10064.358593499635 94.03115992905309
    vertex 9413.347945680818 10064.358593499635 94.03115992905309
    vertex 9413.087319139759 10064.69824862078 94.03115993917594
  endloop
endfacet
facet normal 0.0 2.9803266906464065e-08 -0.9999999999999997
  outer loop
    vertex 9415.66725592311 10064.358593499635 94.03115992905309
    vertex 9413.087319139759 10064.69824862078 94.03115993917594
    vertex 9415.927882464171 10064.69824862078 94.03115993917594
  endloop
endfacet
facet normal 0.0 2.9803266906464065e-08 -0.9999999999999997
  outer loop
    vertex 9415.927882464171 10064.69824862078 94.03115993917594
    vertex 9413.087319139759 10064.69824862078 94.03115993917594
    vertex 9412.92348244685 10065.093785386813 94.03115995096421
  endloop
endfacet
facet normal 0.0 2.9803266906464065e-08 -0.9999999999999997
  outer loop
    vertex 9415.927882464171 10064.69824862078 94.03115993917594
    vertex 9412.92348244685 10065.093785386813 94.03115995096421
    vertex 9416.091719157079 10065.093785386813 94.03115995096421
  endloop
endfacet
facet normal 0.0 2.9803266906464065e-08 -0.9999999999999997
  outer loop
    vertex 9416.091719157079 10065.093785386813 94.03115995096421
    vertex 9412.92348244685 10065.093785386813 94.03115995096421
    vertex 9412.867600801965 10065.518248620781 94.0311599636146
  endloop
endfacet
facet normal 0.0 2.9803266906464065e-08 -0.9999999999999997
  outer loop
    vertex 9416.091719157079 10065.093785386813 94.03115995096421
    vertex 9412.867600801965 10065.518248620781 94.0311599636146
    vertex 9416.147600801965 10065.518248620781 94.0311599636146
  endloop
endfacet
facet normal 0.0 2.9803266906464065e-08 -0.9999999999999997
  outer loop
    vertex 9416.147600801965 10065.518248620781 94.0311599636146
    vertex 9412.867600801965 10065.518248620781 94.0311599636146
    vertex 9412.92348244685 10065.942711854748 94.03115997626499
  endloop
endfacet
facet normal 0.0 2.9803266906464065e-08 -0.9999999999999997
  outer loop
    vertex 9416.147600801965 10065.518248620781 94.0311599636146
    vertex 9412.92348244685 10065.942711854748 94.03115997626499
    vertex 9416.091719157079 10065.942711854748 94.03115997626499
  endloop
endfacet
facet normal 0.0 2.9803266906464065e-08 -0.9999999999999997
  outer loop
    vertex 9416.091719157079 10065.942711854748 94.03115997626499
    vertex 9412.92348244685 10065.942711854748 94.03115997626499
    vertex 9413.087319139759 10066.338248620781 94.03115998805328
  endloop
endfacet
facet normal 0.0 2.9803266906464065e-08 -0.9999999999999997
  outer loop
    vertex 9416.091719157079 10065.942711854748 94.03115997626499
    vertex 9413.087319139759 10066.338248620781 94.03115998805328
    vertex 9415.927882464171 10066.338248620781 94.03115998805328
  endloop
endfacet
facet normal 0.0 2.9803266906464065e-08 -0.9999999999999997
  outer loop
    vertex 9415.927882464171 10066.338248620781 94.03115998805328
    vertex 9413.087319139759 10066.338248620781 94.03115998805328
    vertex 9413.347945680818 10066.677903741927 94.03115999817611
  endloop
endfacet
facet normal 0.0 2.9803266906464065e-08 -0.9999999999999997
  outer loop
    vertex 9415.927882464171 10066.338248620781 94.03115998805328
    vertex 9413.347945680818 10066.677903741927 94.03115999817611
    vertex 9415.66725592311 10066.677903741927 94.03115999817611
  endloop
endfacet
facet normal 0.0 2.9803266906464065e-08 -0.9999999999999997
  outer loop
    vertex 9415.66725592311 10066.677903741927 94.03115999817611
    vertex 9413.347945680818 10066.677903741927 94.03115999817611
    vertex 9413.687600801964 10066.938530282987 94.03116000594365
  endloop
endfacet
facet normal 0.0 2.9803266906464065e-08 -0.9999999999999997
  outer loop
    vertex 9415.66725592311 10066.677903741927 94.03115999817611
    vertex 9413.687600801964 10066.938530282987 94.03116000594365
    vertex 9415.327600801964 10066.938530282987 94.03116000594365
  endloop
endfacet
facet normal 0.0 2.9803266906464065e-08 -0.9999999999999997
  outer loop
    vertex 9415.327600801964 10066.938530282987 94.03116000594365
    vertex 9413.687600801964 10066.938530282987 94.03116000594365
    vertex 9414.083137567997 10067.102366975894 94.0311600108265
  endloop
endfacet
facet normal 0.0 2.9803266906464065e-08 -0.9999999999999997
  outer loop
    vertex 9415.327600801964 10066.938530282987 94.03116000594365
    vertex 9414.083137567997 10067.102366975894 94.0311600108265
    vertex 9414.932064035933 10067.102366975894 94.0311600108265
  endloop
endfacet
facet normal 0.0 2.9803266906464065e-08 -0.9999999999999997
  outer loop
    vertex 9414.932064035933 10067.102366975894 94.0311600108265
    vertex 9414.083137567997 10067.102366975894 94.0311600108265
    vertex 9414.507600801966 10067.15824862078 94.03116001249197
  endloop
endfacet
facet normal 0.0 2.9803266906464065e-08 -0.9999999999999997
  outer loop
    vertex 9452.443137618851 10063.934130265667 94.0311599164027
    vertex 9453.292064086787 10063.934130265667 94.0311599164027
    vertex 9452.867600852818 10063.87824862078 94.03115991473724
  endloop
endfacet
facet normal 0.0 2.9803266906464065e-08 -0.9999999999999997
  outer loop
    vertex 9453.292064086787 10063.934130265667 94.0311599164027
    vertex 9452.443137618851 10063.934130265667 94.0311599164027
    vertex 9452.047600852819 10064.097966958574 94.03115992128558
  endloop
endfacet
facet normal 0.0 2.9803266906464065e-08 -0.9999999999999997
  outer loop
    vertex 9453.292064086787 10063.934130265667 94.0311599164027
    vertex 9452.047600852819 10064.097966958574 94.03115992128558
    vertex 9453.687600852818 10064.097966958574 94.03115992128558
  endloop
endfacet
facet normal 0.0 2.9803266906464065e-08 -0.9999999999999997
  outer loop
    vertex 9453.687600852818 10064.097966958574 94.03115992128558
    vertex 9452.047600852819 10064.097966958574 94.03115992128558
    vertex 9451.707945731672 10064.358593499635 94.03115992905309
  endloop
endfacet
facet normal 0.0 2.9803266906464065e-08 -0.9999999999999997
  outer loop
    vertex 9453.687600852818 10064.097966958574 94.03115992128558
    vertex 9451.707945731672 10064.358593499635 94.03115992905309
    vertex 9454.027255973964 10064.358593499635 94.03115992905309
  endloop
endfacet
facet normal 0.0 2.9803266906464065e-08 -0.9999999999999997
  outer loop
    vertex 9454.027255973964 10064.358593499635 94.03115992905309
    vertex 9451.707945731672 10064.358593499635 94.03115992905309
    vertex 9451.447319190613 10064.69824862078 94.03115993917594
  endloop
endfacet
facet normal 0.0 2.9803266906464065e-08 -0.9999999999999997
  outer loop
    vertex 9454.027255973964 10064.358593499635 94.03115992905309
    vertex 9451.447319190613 10064.69824862078 94.03115993917594
    vertex 9454.287882515026 10064.69824862078 94.03115993917594
  endloop
endfacet
facet normal 0.0 2.9803266906464065e-08 -0.9999999999999997
  outer loop
    vertex 9454.287882515026 10064.69824862078 94.03115993917594
    vertex 9451.447319190613 10064.69824862078 94.03115993917594
    vertex 9451.283482497705 10065.093785386813 94.03115995096421
  endloop
endfacet
facet normal 0.0 2.9803266906464065e-08 -0.9999999999999997
  outer loop
    vertex 9454.287882515026 10064.69824862078 94.03115993917594
    vertex 9451.283482497705 10065.093785386813 94.03115995096421
    vertex 9454.451719207931 10065.093785386813 94.03115995096421
  endloop
endfacet
facet normal 0.0 2.9803266906464065e-08 -0.9999999999999997
  outer loop
    vertex 9454.451719207931 10065.093785386813 94.03115995096421
    vertex 9451.283482497705 10065.093785386813 94.03115995096421
    vertex 9451.227600852819 10065.518248620781 94.0311599636146
  endloop
endfacet
facet normal 0.0 2.9803266906464065e-08 -0.9999999999999997
  outer loop
    vertex 9454.451719207931 10065.093785386813 94.03115995096421
    vertex 9451.227600852819 10065.518248620781 94.0311599636146
    vertex 9454.50760085282 10065.518248620781 94.0311599636146
  endloop
endfacet
facet normal 0.0 2.9803266906464065e-08 -0.9999999999999997
  outer loop
    vertex 9454.50760085282 10065.518248620781 94.0311599636146
    vertex 9451.227600852819 10065.518248620781 94.0311599636146
    vertex 9451.283482497705 10065.942711854748 94.03115997626499
  endloop
endfacet
facet normal 0.0 2.9803266906464065e-08 -0.9999999999999997
  outer loop
    vertex 9454.50760085282 10065.518248620781 94.0311599636146
    vertex 9451.283482497705 10065.942711854748 94.03115997626499
    vertex 9454.451719207931 10065.942711854748 94.03115997626499
  endloop
endfacet
facet normal 0.0 2.9803266906464065e-08 -0.9999999999999997
  outer loop
    vertex 9454.451719207931 10065.942711854748 94.03115997626499
    vertex 9451.283482497705 10065.942711854748 94.03115997626499
    vertex 9451.447319190613 10066.338248620781 94.03115998805328
  endloop
endfacet
facet normal 0.0 2.9803266906464065e-08 -0.9999999999999997
  outer loop
    vertex 9454.451719207931 10065.942711854748 94.03115997626499
    vertex 9451.447319190613 10066.338248620781 94.03115998805328
    vertex 9454.287882515026 10066.338248620781 94.03115998805328
  endloop
endfacet
facet normal 0.0 2.9803266906464065e-08 -0.9999999999999997
  outer loop
    vertex 9454.287882515026 10066.338248620781 94.03115998805328
    vertex 9451.447319190613 10066.338248620781 94.03115998805328
    vertex 9451.707945731672 10066.677903741927 94.03115999817611
  endloop
endfacet
facet normal 0.0 2.9803266906464065e-08 -0.9999999999999997
  outer loop
    vertex 9454.287882515026 10066.338248620781 94.03115998805328
    vertex 9451.707945731672 10066.677903741927 94.03115999817611
    vertex 9454.027255973964 10066.677903741927 94.03115999817611
  endloop
endfacet
facet normal 0.0 2.9803266906464065e-08 -0.9999999999999997
  outer loop
    vertex 9454.027255973964 10066.677903741927 94.03115999817611
    vertex 9451.707945731672 10066.677903741927 94.03115999817611
    vertex 9452.047600852819 10066.938530282987 94.03116000594365
  endloop
endfacet
facet normal 0.0 2.9803266906464065e-08 -0.9999999999999997
  outer loop
    vertex 9454.027255973964 10066.677903741927 94.03115999817611
    vertex 9452.047600852819 10066.938530282987 94.03116000594365
    vertex 9453.687600852818 10066.938530282987 94.03116000594365
  endloop
endfacet
facet normal 0.0 2.9803266906464065e-08 -0.9999999999999997
  outer loop
    vertex 9453.687600852818 10066.938530282987 94.03116000594365
    vertex 9452.047600852819 10066.938530282987 94.03116000594365
    vertex 9452.443137618851 10067.102366975894 94.0311600108265
  endloop
endfacet
facet normal 0.0 2.9803266906464065e-08 -0.9999999999999997
  outer loop
    vertex 9453.687600852818 10066.938530282987 94.03116000594365
    vertex 9452.443137618851 10067.102366975894 94.0311600108265
    vertex 9453.292064086787 10067.102366975894 94.0311600108265
  endloop
endfacet
facet normal 0.0 2.9803266906464065e-08 -0.9999999999999997
  outer loop
    vertex 9453.292064086787 10067.102366975894 94.0311600108265
    vertex 9452.443137618851 10067.102366975894 94.0311600108265
    vertex 9452.867600852818 10067.15824862078 94.03116001249197
  endloop
endfacet
facet normal 0.7071067811865469 2.107409211069209e-08 -0.707106781186548
  outer loop
    vertex 9430.887600827391 10047.979281744892 84.03115944089579
    vertex 9433.687600827392 10097.897770058473 86.83116092863061
    vertex 9433.687600827392 10047.979281661443 86.83115944089658
  endloop
endfacet
facet normal 0.7071067811865469 2.107409211069209e-08 -0.707106781186548
  outer loop
    vertex 9433.687600827392 10097.897770058473 86.83116092863061
    vertex 9430.887600827391 10047.979281744892 84.03115944089579
    vertex 9430.887600827391 10097.897770141924 84.03116092862982
  endloop
endfacet
facet normal -0.6305173655515214 -0.2611688223380398 -0.7309163412980523
  outer loop
    vertex 9454.587660539411 10066.511325841893 84.03115999321123
    vertex 9454.994763116343 10066.08822033546 83.83115998060136
    vertex 9454.786078147801 10066.0323033607 84.03115997893481
  endloop
endfacet
facet normal -0.6305173655515214 -0.2611688223380398 -0.7309163412980523
  outer loop
    vertex 9454.994763116343 10066.08822033546 83.83115998060136
    vertex 9454.587660539411 10066.511325841893 84.03115999321123
    vertex 9454.774762363619 10066.619349136423 83.83115999643074
  endloop
endfacet
facet normal -3.405936196661525e-19 -0.7071067601134322 -0.7071068022596624
  outer loop
    vertex 9402.707600801965 10048.179281750854 83.83115944685647
    vertex 9430.887600827391 10047.979281744892 84.03115944089579
    vertex 9402.507600801964 10047.979281744892 84.03115944089579
  endloop
endfacet
facet normal -3.405936196661525e-19 -0.7071067601134322 -0.7071068022596624
  outer loop
    vertex 9430.887600827391 10047.979281744892 84.03115944089579
    vertex 9402.707600801965 10048.179281750854 83.83115944685647
    vertex 9430.404758114917 10048.179281750854 83.83115944685647
  endloop
endfacet
facet normal 0.3826834323653755 2.7534628373075108e-08 -0.923879532511168
  outer loop
    vertex 9430.404758114917 10048.179281750854 83.83115944685647
    vertex 9430.887600827391 10097.897770141924 84.03116092862982
    vertex 9430.887600827391 10047.979281744892 84.03115944089579
  endloop
endfacet
facet normal 0.3826834323653755 2.7534628373075108e-08 -0.923879532511168
  outer loop
    vertex 9430.887600827391 10097.897770141924 84.03116092862982
    vertex 9430.404758114917 10048.179281750854 83.83115944685647
    vertex 9430.404758114917 10097.697770147885 83.83116092266921
  endloop
endfacet
facet normal -4.818020771318747e-20 -0.7071067601159845 -0.7071068022571101
  outer loop
    vertex 9430.404758114917 10113.097770147884 83.83116138163952
    vertex 9419.507600801964 10112.897770141924 84.03116137567882
    vertex 9419.307600801963 10113.097770147884 83.83116138163952
  endloop
endfacet
facet normal -4.818020771318747e-20 -0.7071067601159845 -0.7071068022571101
  outer loop
    vertex 9419.507600801964 10112.897770141924 84.03116137567882
    vertex 9430.404758114917 10113.097770147884 83.83116138163952
    vertex 9430.887600827391 10112.897770141924 84.03116137567882
  endloop
endfacet
facet normal 9.636041542445106e-20 0.7071068022571101 -0.7071067601159845
  outer loop
    vertex 9419.507600801964 10097.897770141924 84.03116092862982
    vertex 9430.404758114917 10097.697770147885 83.83116092266921
    vertex 9419.307600801963 10097.697770147885 83.83116092266921
  endloop
endfacet
facet normal 9.636041542445106e-20 0.7071068022571101 -0.7071067601159845
  outer loop
    vertex 9430.404758114917 10097.697770147885 83.83116092266921
    vertex 9419.507600801964 10097.897770141924 84.03116092862982
    vertex 9430.887600827391 10097.897770141924 84.03116092862982
  endloop
endfacet
facet normal 0.7071067811865477 2.1074092172504113e-08 -0.7071067811865472
  outer loop
    vertex 9419.307600801963 10097.697770147885 83.83116092266921
    vertex 9419.507600801964 10112.897770141924 84.03116137567882
    vertex 9419.507600801964 10097.897770141924 84.03116092862982
  endloop
endfacet
facet normal 0.7071067811865477 2.1074092172504113e-08 -0.7071067811865472
  outer loop
    vertex 9419.507600801964 10112.897770141924 84.03116137567882
    vertex 9419.307600801963 10097.697770147885 83.83116092266921
    vertex 9419.307600801963 10113.097770147884 83.83116138163952
  endloop
endfacet
facet normal 0.5414375364641707 0.41545965581652555 -0.7309163211315124
  outer loop
    vertex 9412.600439291164 10103.417148713132 83.83116109312537
    vertex 9413.103177948871 10103.113826065717 84.03116108408533
    vertex 9412.950409949126 10102.961058071925 83.8311610795324
  endloop
endfacet
facet normal 0.5414375364641707 0.41545965581652555 -0.7309163211315124
  outer loop
    vertex 9413.103177948871 10103.113826065717 84.03116108408533
    vertex 9412.600439291164 10103.417148713132 83.83116109312537
    vertex 9412.787541115371 10103.52517199574 84.03116109634477
  endloop
endfacet
facet normal -0.541437536465801 -0.41545961225098227 -0.7309163458933642
  outer loop
    vertex 9415.912023655066 10066.922671771903 84.03116000547071
    vertex 9416.414762312761 10066.619349136427 83.83115999643074
    vertex 9416.227660488554 10066.511325841899 84.03115999321123
  endloop
endfacet
facet normal -0.541437536465801 -0.41545961225098227 -0.7309163458933642
  outer loop
    vertex 9416.414762312761 10066.619349136427 83.83115999643074
    vertex 9415.912023655066 10066.922671771903 84.03116000547071
    vertex 9416.064791654813 10067.075439777616 83.83116001002371
  endloop
endfacet
facet normal -0.08907982908756552 -0.6766284563777368 -0.7309163536750367
  outer loop
    vertex 9414.507600801966 10067.50440276497 84.03116002280818
    vertex 9415.077572212655 10067.645411188301 83.83116002701074
    vertex 9415.021655243856 10067.4367262138 84.03116002079119
  endloop
endfacet
facet normal -0.08907982908756552 -0.6766284563777368 -0.7309163536750367
  outer loop
    vertex 9415.077572212655 10067.645411188301 83.83116002701074
    vertex 9414.507600801966 10067.50440276497 84.03116002280818
    vertex 9414.507600801966 10067.720449348071 83.83116002924713
  endloop
endfacet
facet normal -0.6766284781589091 -0.08907980730385086 -0.7309163361665051
  outer loop
    vertex 9416.426078096949 10066.032303360698 84.03115997893481
    vertex 9416.699773694207 10065.594415585012 83.83115996588438
    vertex 9416.487407921364 10065.566457094656 84.03115996505106
  endloop
endfacet
facet normal -0.6766284781589091 -0.08907980730385086 -0.7309163361665051
  outer loop
    vertex 9416.699773694207 10065.594415585012 83.83115996588438
    vertex 9416.426078096949 10066.032303360698 84.03115997893481
    vertex 9416.634763065491 10066.08822033546 83.83115998060136
  endloop
endfacet
facet normal 0.2611688441255877 -0.6305173437674336 -0.7309163523048068
  outer loop
    vertex 9413.406500590323 10067.425410435579 83.83116002045399
    vertex 9413.993546360074 10067.4367262138 84.03116002079119
    vertex 9413.514523878895 10067.238308605412 84.0311600148777
  endloop
endfacet
facet normal 0.2611688441255877 -0.6305173437674336 -0.7309163523048068
  outer loop
    vertex 9413.993546360074 10067.4367262138 84.03116002079119
    vertex 9413.406500590323 10067.425410435579 83.83116002045399
    vertex 9413.937629391274 10067.645411188301 83.83116002701074
  endloop
endfacet
facet normal -0.4154596340344392 -0.5414375146794128 -0.7309163496500477
  outer loop
    vertex 9415.500677725033 10067.238308605412 84.0311600148777
    vertex 9416.064791654813 10067.075439777616 83.83116001002371
    vertex 9415.912023655066 10066.922671771903 84.03116000547071
  endloop
endfacet
facet normal -0.4154596340344392 -0.5414375146794128 -0.7309163496500477
  outer loop
    vertex 9416.064791654813 10067.075439777616 83.83116001002371
    vertex 9415.500677725033 10067.238308605412 84.0311600148777
    vertex 9415.608701013607 10067.42541043558 83.83116002045399
  endloop
endfacet
facet normal -0.6766284781579781 0.08907985087139587 -0.7309163308576083
  outer loop
    vertex 9416.426078096949 10065.004194476933 84.03115994829379
    vertex 9416.699773694207 10065.442082264537 83.83115996134433
    vertex 9416.634763065491 10064.948277514093 83.83115994662734
  endloop
endfacet
facet normal -0.6766284781579781 0.08907985087139587 -0.7309163308576083
  outer loop
    vertex 9416.699773694207 10065.442082264537 83.83115996134433
    vertex 9416.426078096949 10065.004194476933 84.03115994829379
    vertex 9416.487407921364 10065.470040742975 84.03115996217754
  endloop
endfacet
facet normal 0.415459634033386 -0.5414375146802207 -0.7309163496500478
  outer loop
    vertex 9412.950409949122 10067.07543977762 83.83116001002371
    vertex 9413.514523878895 10067.238308605412 84.0311600148777
    vertex 9413.10317794887 10066.922671771908 84.03116000547071
  endloop
endfacet
facet normal 0.415459634033386 -0.5414375146802207 -0.7309163496500478
  outer loop
    vertex 9413.514523878895 10067.238308605412 84.0311600148777
    vertex 9412.950409949122 10067.07543977762 83.83116001002371
    vertex 9413.406500590323 10067.425410435579 83.83116002045399
  endloop
endfacet
facet normal 0.0890798290872195 -0.676628456377944 -0.730916353674887
  outer loop
    vertex 9413.937629391274 10067.645411188301 83.83116002701074
    vertex 9414.507600801966 10067.50440276497 84.03116002280818
    vertex 9413.993546360074 10067.4367262138 84.03116002079119
  endloop
endfacet
facet normal 0.0890798290872195 -0.676628456377944 -0.730916353674887
  outer loop
    vertex 9414.507600801966 10067.50440276497 84.03116002280818
    vertex 9413.937629391274 10067.645411188301 83.83116002701074
    vertex 9414.507600801966 10067.720449348071 83.83116002924713
  endloop
endfacet
facet normal -0.6305173655514014 -0.26116882234129535 -0.7309163412969923
  outer loop
    vertex 9416.227660488554 10066.511325841899 84.03115999321123
    vertex 9416.634763065491 10066.08822033546 83.83115998060136
    vertex 9416.426078096949 10066.032303360698 84.03115997893481
  endloop
endfacet
facet normal -0.6305173655514014 -0.26116882234129535 -0.7309163412969923
  outer loop
    vertex 9416.634763065491 10066.08822033546 83.83115998060136
    vertex 9416.227660488554 10066.511325841899 84.03115999321123
    vertex 9416.414762312761 10066.619349136427 83.83115999643074
  endloop
endfacet
facet normal -0.6766284781589388 -0.08907980730289326 -0.7309163361665945
  outer loop
    vertex 9416.49375464812 10065.518248918816 84.0311599636143
    vertex 9416.699773694207 10065.594415585012 83.83115996588438
    vertex 9416.709801225259 10065.518248924776 83.83115996361435
  endloop
endfacet
facet normal -0.6766284781589388 -0.08907980730289326 -0.7309163361665945
  outer loop
    vertex 9416.699773694207 10065.594415585012 83.83115996588438
    vertex 9416.49375464812 10065.518248918816 84.0311599636143
    vertex 9416.487407921364 10065.566457094656 84.03115996505106
  endloop
endfacet
facet normal -0.6766284781582005 0.08907985086703352 -0.7309163308579341
  outer loop
    vertex 9416.487407921364 10065.470040742975 84.03115996217754
    vertex 9416.709801225259 10065.518248924776 83.83115996361435
    vertex 9416.699773694207 10065.442082264537 83.83115996134433
  endloop
endfacet
facet normal -0.6766284781582005 0.08907985086703352 -0.7309163308579341
  outer loop
    vertex 9416.709801225259 10065.518248924776 83.83115996361435
    vertex 9416.487407921364 10065.470040742975 84.03115996217754
    vertex 9416.49375464812 10065.518248918816 84.0311599636143
  endloop
endfacet
facet normal -0.26116884412453484 -0.630517343768379 -0.7309163523043676
  outer loop
    vertex 9415.021655243856 10067.4367262138 84.03116002079119
    vertex 9415.608701013607 10067.42541043558 83.83116002045399
    vertex 9415.500677725033 10067.238308605412 84.0311600148777
  endloop
endfacet
facet normal -0.26116884412453484 -0.630517343768379 -0.7309163523043676
  outer loop
    vertex 9415.608701013607 10067.42541043558 83.83116002045399
    vertex 9415.021655243856 10067.4367262138 84.03116002079119
    vertex 9415.077572212655 10067.645411188301 83.83116002701074
  endloop
endfacet
facet normal -0.4154596340327589 0.5414375582440211 -0.7309163173798477
  outer loop
    vertex 9415.500677725038 10063.79818923222 84.03115991235092
    vertex 9416.064791654808 10063.96105807193 83.83115991720499
    vertex 9415.608701013614 10063.611087413976 83.8311599067747
  endloop
endfacet
facet normal -0.4154596340327589 0.5414375582440211 -0.7309163173798477
  outer loop
    vertex 9416.064791654808 10063.96105807193 83.83115991720499
    vertex 9415.500677725038 10063.79818923222 84.03115991235092
    vertex 9415.91202365506 10064.113826065723 84.0311599217579
  endloop
endfacet
facet normal 0.26116884412208435 0.6305173873332398 -0.7309163147244696
  outer loop
    vertex 9413.406500590316 10063.611087413978 83.8311599067747
    vertex 9413.993546360074 10063.599771623833 84.03115990643742
    vertex 9413.937629391281 10063.39108666125 83.83115990021797
  endloop
endfacet
facet normal 0.26116884412208435 0.6305173873332398 -0.7309163147244696
  outer loop
    vertex 9413.993546360074 10063.599771623833 84.03115990643742
    vertex 9413.406500590316 10063.611087413978 83.8311599067747
    vertex 9413.514523878888 10063.79818923222 84.03115991235092
  endloop
endfacet
facet normal 0.41545963403170455 0.5414375582457727 -0.7309163173791495
  outer loop
    vertex 9412.950409949126 10063.961058071927 83.83115991720499
    vertex 9413.514523878888 10063.79818923222 84.03115991235092
    vertex 9413.406500590316 10063.611087413978 83.8311599067747
  endloop
endfacet
facet normal 0.41545963403170455 0.5414375582457727 -0.7309163173791495
  outer loop
    vertex 9413.514523878888 10063.79818923222 84.03115991235092
    vertex 9412.950409949126 10063.961058071927 83.83115991720499
    vertex 9413.103177948871 10064.113826065717 84.0311599217579
  endloop
endfacet
facet normal 0.08907982908859549 0.6766284999365381 -0.7309163133513831
  outer loop
    vertex 9413.937629391281 10063.39108666125 83.83115990021797
    vertex 9414.507600801966 10063.532095072662 84.03115990442043
    vertex 9414.507600801966 10063.31604850148 83.83115989798156
  endloop
endfacet
facet normal 0.08907982908859549 0.6766284999365381 -0.7309163133513831
  outer loop
    vertex 9414.507600801966 10063.532095072662 84.03115990442043
    vertex 9413.937629391281 10063.39108666125 83.83115990021797
    vertex 9413.993546360074 10063.599771623833 84.03115990643742
  endloop
endfacet
facet normal -0.26116884412115277 0.6305173873336257 -0.7309163147244695
  outer loop
    vertex 9415.021655243856 10063.599771623833 84.03115990643742
    vertex 9415.608701013614 10063.611087413976 83.8311599067747
    vertex 9415.077572212647 10063.39108666125 83.83115990021797
  endloop
endfacet
facet normal -0.26116884412115277 0.6305173873336257 -0.7309163147244695
  outer loop
    vertex 9415.608701013614 10063.611087413976 83.8311599067747
    vertex 9415.021655243856 10063.599771623833 84.03115990643742
    vertex 9415.500677725038 10063.79818923222 84.03115991235092
  endloop
endfacet
facet normal -0.5414375364632004 0.41545965581581595 -0.7309163211326344
  outer loop
    vertex 9415.91202365506 10064.113826065723 84.0311599217579
    vertex 9416.414762312763 10064.417148713128 83.83115993079797
    vertex 9416.064791654808 10063.96105807193 83.83115991720499
  endloop
endfacet
facet normal -0.5414375364632004 0.41545965581581595 -0.7309163211326344
  outer loop
    vertex 9416.414762312763 10064.417148713128 83.83115993079797
    vertex 9415.91202365506 10064.113826065723 84.0311599217579
    vertex 9416.227660488554 10064.525171995734 84.03115993401738
  endloop
endfacet
facet normal 0.5414375364643113 -0.41545961225169464 -0.7309163458940627
  outer loop
    vertex 9412.600439291164 10066.619349136423 83.83115999643074
    vertex 9413.10317794887 10066.922671771908 84.03116000547071
    vertex 9412.787541115373 10066.511325841893 84.03115999321123
  endloop
endfacet
facet normal 0.5414375364643113 -0.41545961225169464 -0.7309163458940627
  outer loop
    vertex 9413.10317794887 10066.922671771908 84.03116000547071
    vertex 9412.600439291164 10066.619349136423 83.83115999643074
    vertex 9412.950409949122 10067.07543977762 83.83116001002371
  endloop
endfacet
facet normal 0.5414375364641707 0.4154596558165257 -0.7309163211315124
  outer loop
    vertex 9412.600439291164 10064.417148713132 83.83115993079797
    vertex 9413.103177948871 10064.113826065717 84.0311599217579
    vertex 9412.950409949126 10063.961058071927 83.83115991720499
  endloop
endfacet
facet normal 0.5414375364641707 0.4154596558165257 -0.7309163211315124
  outer loop
    vertex 9413.103177948871 10064.113826065717 84.0311599217579
    vertex 9412.600439291164 10064.417148713132 83.83115993079797
    vertex 9412.787541115371 10064.52517199574 84.03115993401738
  endloop
endfacet
facet normal 0.6305173655509949 -0.2611688223393109 -0.7309163412980523
  outer loop
    vertex 9412.38043853844 10066.088220335461 83.83115998060136
    vertex 9412.787541115373 10066.511325841893 84.03115999321123
    vertex 9412.589123506981 10066.032303360704 84.03115997893481
  endloop
endfacet
facet normal 0.6305173655509949 -0.2611688223393109 -0.7309163412980523
  outer loop
    vertex 9412.787541115373 10066.511325841893 84.03115999321123
    vertex 9412.38043853844 10066.088220335461 83.83115998060136
    vertex 9412.600439291164 10066.619349136423 83.83115999643074
  endloop
endfacet
facet normal 0.6766284781563402 -0.08907980730541694 -0.7309163361686924
  outer loop
    vertex 9412.315427909722 10065.594415585016 83.83115996588438
    vertex 9412.589123506981 10066.032303360704 84.03115997893481
    vertex 9412.527793682566 10065.56645709466 84.03115996505106
  endloop
endfacet
facet normal 0.6766284781563402 -0.08907980730541694 -0.7309163361686924
  outer loop
    vertex 9412.589123506981 10066.032303360704 84.03115997893481
    vertex 9412.315427909722 10065.594415585016 83.83115996588438
    vertex 9412.38043853844 10066.088220335461 83.83115998060136
  endloop
endfacet
facet normal 0.6305173655505457 0.26116886590640065 -0.7309163257311772
  outer loop
    vertex 9412.38043853844 10064.948277514091 83.83115994662734
    vertex 9412.787541115371 10064.52517199574 84.03115993401738
    vertex 9412.600439291164 10064.417148713132 83.83115993079797
  endloop
endfacet
facet normal 0.6305173655505457 0.26116886590640065 -0.7309163257311772
  outer loop
    vertex 9412.787541115371 10064.52517199574 84.03115993401738
    vertex 9412.38043853844 10064.948277514091 83.83115994662734
    vertex 9412.589123506981 10065.004194476927 84.03115994829379
  endloop
endfacet
facet normal 0.6766284781584766 0.08907985086751231 -0.7309163308576201
  outer loop
    vertex 9412.30540037867 10065.518248924776 83.83115996361435
    vertex 9412.527793682564 10065.470040742974 84.03115996217754
    vertex 9412.315427909722 10065.442082264539 83.83115996134433
  endloop
endfacet
facet normal 0.6766284781584766 0.08907985086751231 -0.7309163308576201
  outer loop
    vertex 9412.527793682564 10065.470040742974 84.03115996217754
    vertex 9412.30540037867 10065.518248924776 83.83115996361435
    vertex 9412.52144695581 10065.518248918816 84.0311599636143
  endloop
endfacet
facet normal 0.6766284781568622 0.08907985087359735 -0.7309163308583729
  outer loop
    vertex 9412.315427909722 10065.442082264539 83.83115996134433
    vertex 9412.589123506981 10065.004194476927 84.03115994829379
    vertex 9412.38043853844 10064.948277514091 83.83115994662734
  endloop
endfacet
facet normal 0.6766284781568622 0.08907985087359735 -0.7309163308583729
  outer loop
    vertex 9412.589123506981 10065.004194476927 84.03115994829379
    vertex 9412.315427909722 10065.442082264539 83.83115996134433
    vertex 9412.527793682564 10065.470040742974 84.03115996217754
  endloop
endfacet
facet normal 0.6766284781575548 -0.08907980730456977 -0.7309163361676714
  outer loop
    vertex 9412.315427909722 10065.594415585016 83.83115996588438
    vertex 9412.52144695581 10065.518248918816 84.0311599636143
    vertex 9412.30540037867 10065.518248924776 83.83115996361435
  endloop
endfacet
facet normal 0.6766284781575548 -0.08907980730456977 -0.7309163361676714
  outer loop
    vertex 9412.52144695581 10065.518248918816 84.0311599636143
    vertex 9412.315427909722 10065.594415585016 83.83115996588438
    vertex 9412.527793682566 10065.56645709466 84.03115996505106
  endloop
endfacet
facet normal -0.08907982908873872 0.6766284999366811 -0.7309163133512333
  outer loop
    vertex 9414.507600801966 10063.532095072662 84.03115990442043
    vertex 9415.077572212647 10063.39108666125 83.83115990021797
    vertex 9414.507600801966 10063.31604850148 83.83115989798156
  endloop
endfacet
facet normal -0.08907982908873872 0.6766284999366811 -0.7309163133512333
  outer loop
    vertex 9415.077572212647 10063.39108666125 83.83115990021797
    vertex 9414.507600801966 10063.532095072662 84.03115990442043
    vertex 9415.021655243856 10063.599771623833 84.03115990643742
  endloop
endfacet
facet normal -0.4154596340348588 -0.5414375146793636 -0.7309163496498454
  outer loop
    vertex 9415.500677725038 10106.238308605412 84.03116117720512
    vertex 9416.064791654808 10106.075439777622 83.83116117235113
    vertex 9415.91202365506 10105.92267177191 84.0311611677981
  endloop
endfacet
facet normal -0.4154596340348588 -0.5414375146793636 -0.7309163496498454
  outer loop
    vertex 9416.064791654808 10106.075439777622 83.83116117235113
    vertex 9415.500677725038 10106.238308605412 84.03116117720512
    vertex 9415.608701013614 10106.425410435577 83.8311611827814
  endloop
endfacet
facet normal 0.08907982908773023 -0.6766284563781902 -0.730916353674597
  outer loop
    vertex 9413.93762939128 10106.645411188301 83.83116118933815
    vertex 9414.507600801966 10106.50440276497 84.0311611851356
    vertex 9413.993546360076 10106.436726213798 84.03116118311861
  endloop
endfacet
facet normal 0.08907982908773023 -0.6766284563781902 -0.730916353674597
  outer loop
    vertex 9414.507600801966 10106.50440276497 84.0311611851356
    vertex 9413.93762939128 10106.645411188301 83.83116118933815
    vertex 9414.507600801966 10106.720449348071 83.83116119157452
  endloop
endfacet
facet normal 0.4154596340338047 -0.5414375146811153 -0.730916349649147
  outer loop
    vertex 9412.950409949126 10106.075439777625 83.83116117235113
    vertex 9413.514523878888 10106.23830860541 84.03116117720512
    vertex 9413.103177948871 10105.922671771914 84.0311611677981
  endloop
endfacet
facet normal 0.4154596340338047 -0.5414375146811153 -0.730916349649147
  outer loop
    vertex 9413.514523878888 10106.23830860541 84.03116117720512
    vertex 9412.950409949126 10106.075439777625 83.83116117235113
    vertex 9413.406500590316 10106.425410435575 83.8311611827814
  endloop
endfacet
facet normal 0.5414375364662805 -0.41545961225074657 -0.730916345893143
  outer loop
    vertex 9412.600439291164 10105.619349136421 83.83116115875812
    vertex 9413.103177948871 10105.922671771914 84.0311611677981
    vertex 9412.787541115371 10105.511325841891 84.03116115553865
  endloop
endfacet
facet normal 0.5414375364662805 -0.41545961225074657 -0.730916345893143
  outer loop
    vertex 9413.103177948871 10105.922671771914 84.0311611677981
    vertex 9412.600439291164 10105.619349136421 83.83116115875812
    vertex 9412.950409949126 10106.075439777625 83.83116117235113
  endloop
endfacet
facet normal 0.6305173655521008 -0.26116882233966116 -0.7309163412969731
  outer loop
    vertex 9412.38043853844 10105.088220335461 83.83116114292876
    vertex 9412.787541115371 10105.511325841891 84.03116115553865
    vertex 9412.589123506981 10105.032303360704 84.03116114126222
  endloop
endfacet
facet normal 0.6305173655521008 -0.26116882233966116 -0.7309163412969731
  outer loop
    vertex 9412.787541115371 10105.511325841891 84.03116115553865
    vertex 9412.38043853844 10105.088220335461 83.83116114292876
    vertex 9412.600439291164 10105.619349136421 83.83116115875812
  endloop
endfacet
facet normal -0.6305173655504426 -0.26116882234069766 -0.7309163412980332
  outer loop
    vertex 9416.227660488554 10105.511325841897 84.03116115553865
    vertex 9416.634763065491 10105.08822033546 83.83116114292876
    vertex 9416.426078096949 10105.032303360698 84.03116114126222
  endloop
endfacet
facet normal -0.6305173655504426 -0.26116882234069766 -0.7309163412980332
  outer loop
    vertex 9416.634763065491 10105.08822033546 83.83116114292876
    vertex 9416.227660488554 10105.511325841897 84.03116115553865
    vertex 9416.414762312763 10105.619349136425 83.83116115875812
  endloop
endfacet
facet normal 0.6766284781572843 -0.08907980730485598 -0.7309163361678866
  outer loop
    vertex 9412.38043853844 10105.088220335461 83.83116114292876
    vertex 9412.521446955812 10104.518248918816 84.03116112594172
    vertex 9412.30540037867 10104.518248924776 83.83116112594178
  endloop
endfacet
facet normal 0.6766284781572843 -0.08907980730485598 -0.7309163361678866
  outer loop
    vertex 9412.521446955812 10104.518248918816 84.03116112594172
    vertex 9412.38043853844 10105.088220335461 83.83116114292876
    vertex 9412.589123506981 10105.032303360704 84.03116114126222
  endloop
endfacet
facet normal -0.676628478158874 -0.08907980730412289 -0.7309163361665046
  outer loop
    vertex 9416.426078096949 10105.032303360698 84.03116114126222
    vertex 9416.699773694207 10104.594415585014 83.83116112821178
    vertex 9416.487407921364 10104.566457094657 84.03116112737848
  endloop
endfacet
facet normal -0.676628478158874 -0.08907980730412289 -0.7309163361665046
  outer loop
    vertex 9416.699773694207 10104.594415585014 83.83116112821178
    vertex 9416.426078096949 10105.032303360698 84.03116114126222
    vertex 9416.634763065491 10105.08822033546 83.83116114292876
  endloop
endfacet
facet normal -0.5414375364653102 -0.4154596122500371 -0.7309163458942649
  outer loop
    vertex 9415.91202365506 10105.92267177191 84.0311611677981
    vertex 9416.414762312763 10105.619349136425 83.83116115875812
    vertex 9416.227660488554 10105.511325841897 84.03116115553865
  endloop
endfacet
facet normal -0.5414375364653102 -0.4154596122500371 -0.7309163458942649
  outer loop
    vertex 9416.414762312763 10105.619349136425 83.83116115875812
    vertex 9415.91202365506 10105.92267177191 84.0311611677981
    vertex 9416.064791654808 10106.075439777622 83.83116117235113
  endloop
endfacet
facet normal -0.6305173655488874 0.26116886590743726 -0.7309163257322372
  outer loop
    vertex 9416.227660488554 10064.525171995734 84.03115993401738
    vertex 9416.634763065491 10064.948277514093 83.83115994662734
    vertex 9416.414762312763 10064.417148713128 83.83115993079797
  endloop
endfacet
facet normal -0.6305173655488874 0.26116886590743726 -0.7309163257322372
  outer loop
    vertex 9416.634763065491 10064.948277514093 83.83115994662734
    vertex 9416.227660488554 10064.525171995734 84.03115993401738
    vertex 9416.426078096949 10065.004194476933 84.03115994829379
  endloop
endfacet
facet normal -0.6766284781581158 0.08907985087154402 -0.7309163308574628
  outer loop
    vertex 9416.426078096949 10104.004194476933 84.03116111062121
    vertex 9416.699773694207 10104.442082264537 83.83116112367175
    vertex 9416.634763065491 10103.948277514093 83.83116110895476
  endloop
endfacet
facet normal -0.6766284781581158 0.08907985087154402 -0.7309163308574628
  outer loop
    vertex 9416.699773694207 10104.442082264537 83.83116112367175
    vertex 9416.426078096949 10104.004194476933 84.03116111062121
    vertex 9416.487407921364 10104.470040742974 84.03116112450496
  endloop
endfacet
facet normal -0.6766284781584321 0.08907985086630035 -0.730916330857809
  outer loop
    vertex 9416.487407921364 10104.470040742974 84.03116112450496
    vertex 9416.709801225259 10104.518248924776 83.83116112594178
    vertex 9416.699773694207 10104.442082264537 83.83116112367175
  endloop
endfacet
facet normal -0.6766284781584321 0.08907985086630035 -0.730916330857809
  outer loop
    vertex 9416.709801225259 10104.518248924776 83.83116112594178
    vertex 9416.487407921364 10104.470040742974 84.03116112450496
    vertex 9416.49375464812 10104.518248918816 84.03116112594172
  endloop
endfacet
facet normal -0.6766284781591254 -0.08907980730094922 -0.7309163361666586
  outer loop
    vertex 9416.49375464812 10104.518248918816 84.03116112594172
    vertex 9416.699773694207 10104.594415585014 83.83116112821178
    vertex 9416.709801225259 10104.518248924776 83.83116112594178
  endloop
endfacet
facet normal -0.6766284781591254 -0.08907980730094922 -0.7309163361666586
  outer loop
    vertex 9416.699773694207 10104.594415585014 83.83116112821178
    vertex 9416.49375464812 10104.518248918816 84.03116112594172
    vertex 9416.487407921364 10104.566457094657 84.03116112737848
  endloop
endfacet
facet normal -0.08907982908816563 -0.6766284563778092 -0.7309163536748965
  outer loop
    vertex 9414.507600801966 10106.50440276497 84.0311611851356
    vertex 9415.077572212651 10106.645411188301 83.83116118933815
    vertex 9415.021655243854 10106.436726213798 84.03116118311861
  endloop
endfacet
facet normal -0.08907982908816563 -0.6766284563778092 -0.7309163536748965
  outer loop
    vertex 9415.077572212651 10106.645411188301 83.83116118933815
    vertex 9414.507600801966 10106.50440276497 84.0311611851356
    vertex 9414.507600801966 10106.720449348071 83.83116119157452
  endloop
endfacet
facet normal -0.2611688441228174 -0.630517343770308 -0.7309163523033172
  outer loop
    vertex 9415.021655243854 10106.436726213798 84.03116118311861
    vertex 9415.608701013614 10106.425410435577 83.8311611827814
    vertex 9415.500677725038 10106.238308605412 84.03116117720512
  endloop
endfacet
facet normal -0.2611688441228174 -0.630517343770308 -0.7309163523033172
  outer loop
    vertex 9415.608701013614 10106.425410435577 83.8311611827814
    vertex 9415.021655243854 10106.436726213798 84.03116118311861
    vertex 9415.077572212651 10106.645411188301 83.83116118933815
  endloop
endfacet
facet normal 0.26116884412423047 -0.6305173437702318 -0.730916352302878
  outer loop
    vertex 9413.406500590316 10106.425410435575 83.8311611827814
    vertex 9413.993546360076 10106.436726213798 84.03116118311861
    vertex 9413.514523878888 10106.23830860541 84.03116117720512
  endloop
endfacet
facet normal 0.26116884412423047 -0.6305173437702318 -0.730916352302878
  outer loop
    vertex 9413.993546360076 10106.436726213798 84.03116118311861
    vertex 9413.406500590316 10106.425410435575 83.8311611827814
    vertex 9413.93762939128 10106.645411188301 83.83116118933815
  endloop
endfacet
facet normal -0.2611688441220403 0.6305173873344758 -0.7309163147234191
  outer loop
    vertex 9415.02165524386 10102.599771623833 84.0311610687648
    vertex 9415.608701013614 10102.611087413976 83.83116106910212
    vertex 9415.077572212651 10102.391086661251 83.83116106254536
  endloop
endfacet
facet normal -0.2611688441220403 0.6305173873344758 -0.7309163147234191
  outer loop
    vertex 9415.608701013614 10102.611087413976 83.83116106910212
    vertex 9415.02165524386 10102.599771623833 84.0311610687648
    vertex 9415.500677725038 10102.798189232219 84.03116107467831
  endloop
endfacet
facet normal 0.26116884412297187 0.6305173873340898 -0.7309163147234192
  outer loop
    vertex 9413.406500590316 10102.611087413978 83.83116106910212
    vertex 9413.99354636007 10102.599771623833 84.0311610687648
    vertex 9413.93762939128 10102.391086661251 83.83116106254536
  endloop
endfacet
facet normal 0.26116884412297187 0.6305173873340898 -0.7309163147234192
  outer loop
    vertex 9413.99354636007 10102.599771623833 84.0311610687648
    vertex 9413.406500590316 10102.611087413978 83.83116106910212
    vertex 9413.514523878888 10102.79818923222 84.03116107467831
  endloop
endfacet
facet normal -0.6305173655488874 0.26116886590743726 -0.7309163257322372
  outer loop
    vertex 9416.227660488554 10103.525171995734 84.03116109634477
    vertex 9416.634763065491 10103.948277514093 83.83116110895476
    vertex 9416.414762312763 10103.417148713128 83.83116109312537
  endloop
endfacet
facet normal -0.6305173655488874 0.26116886590743726 -0.7309163257322372
  outer loop
    vertex 9416.634763065491 10103.948277514093 83.83116110895476
    vertex 9416.227660488554 10103.525171995734 84.03116109634477
    vertex 9416.426078096949 10104.004194476933 84.03116111062121
  endloop
endfacet
facet normal -0.5414375364632003 0.41545965581581584 -0.7309163211326346
  outer loop
    vertex 9415.91202365506 10103.11382606572 84.03116108408533
    vertex 9416.414762312763 10103.417148713128 83.83116109312537
    vertex 9416.064791654808 10102.96105807193 83.8311610795324
  endloop
endfacet
facet normal -0.5414375364632003 0.41545965581581584 -0.7309163211326346
  outer loop
    vertex 9416.414762312763 10103.417148713128 83.83116109312537
    vertex 9415.91202365506 10103.11382606572 84.03116108408533
    vertex 9416.227660488554 10103.525171995734 84.03116109634477
  endloop
endfacet
facet normal -0.7071067811865477 2.1074092172504113e-08 -0.7071067811865472
  outer loop
    vertex 9448.067600852819 10113.097770147884 83.83116138163952
    vertex 9447.86760085282 10097.897770141924 84.03116092862982
    vertex 9447.86760085282 10112.897770141924 84.03116137567882
  endloop
endfacet
facet normal -0.7071067811865477 2.1074092172504113e-08 -0.7071067811865472
  outer loop
    vertex 9447.86760085282 10097.897770141924 84.03116092862982
    vertex 9448.067600852819 10113.097770147884 83.83116138163952
    vertex 9448.067600852819 10097.697770147885 83.83116092266921
  endloop
endfacet
facet normal -3.3726145399222564e-19 -0.7071067601159845 -0.7071068022571101
  outer loop
    vertex 9436.970443539865 10113.097770147884 83.83116138163952
    vertex 9447.86760085282 10112.897770141924 84.03116137567882
    vertex 9436.487600827391 10112.897770141924 84.03116137567882
  endloop
endfacet
facet normal -3.3726145399222564e-19 -0.7071067601159845 -0.7071068022571101
  outer loop
    vertex 9447.86760085282 10112.897770141924 84.03116137567882
    vertex 9436.970443539865 10113.097770147884 83.83116138163952
    vertex 9448.067600852819 10113.097770147884 83.83116138163952
  endloop
endfacet
facet normal -0.0890798290869408 0.6766284999392136 -0.7309163133491079
  outer loop
    vertex 9414.507600801966 10102.532095072662 84.03116106674784
    vertex 9415.077572212651 10102.391086661251 83.83116106254536
    vertex 9414.507600801966 10102.316048501481 83.83116106030899
  endloop
endfacet
facet normal -0.0890798290869408 0.6766284999392136 -0.7309163133491079
  outer loop
    vertex 9415.077572212651 10102.391086661251 83.83116106254536
    vertex 9414.507600801966 10102.532095072662 84.03116106674784
    vertex 9415.02165524386 10102.599771623833 84.0311610687648
  endloop
endfacet
facet normal 0.08907982908659479 0.676628499939421 -0.7309163133489581
  outer loop
    vertex 9413.93762939128 10102.391086661251 83.83116106254536
    vertex 9414.507600801966 10102.532095072662 84.03116106674784
    vertex 9414.507600801966 10102.316048501481 83.83116106030899
  endloop
endfacet
facet normal 0.08907982908659479 0.676628499939421 -0.7309163133489581
  outer loop
    vertex 9414.507600801966 10102.532095072662 84.03116106674784
    vertex 9413.93762939128 10102.391086661251 83.83116106254536
    vertex 9413.99354636007 10102.599771623833 84.0311610687648
  endloop
endfacet
facet normal -4.8180207712213156e-20 0.7071068022571101 -0.7071067601159845
  outer loop
    vertex 9436.487600827391 10097.897770141924 84.03116092862982
    vertex 9448.067600852819 10097.697770147885 83.83116092266921
    vertex 9436.970443539865 10097.697770147885 83.83116092266921
  endloop
endfacet
facet normal -4.8180207712213156e-20 0.7071068022571101 -0.7071067601159845
  outer loop
    vertex 9448.067600852819 10097.697770147885 83.83116092266921
    vertex 9436.487600827391 10097.897770141924 84.03116092862982
    vertex 9447.86760085282 10097.897770141924 84.03116092862982
  endloop
endfacet
facet normal 0.6766284781565614 0.08907985087203454 -0.730916330858842
  outer loop
    vertex 9412.30540037867 10104.518248924776 83.83116112594178
    vertex 9412.589123506981 10104.004194476927 84.03116111062121
    vertex 9412.38043853844 10103.948277514091 83.83116110895476
  endloop
endfacet
facet normal 0.6766284781565614 0.08907985087203454 -0.730916330858842
  outer loop
    vertex 9412.589123506981 10104.004194476927 84.03116111062121
    vertex 9412.30540037867 10104.518248924776 83.83116112594178
    vertex 9412.521446955812 10104.518248918816 84.03116112594172
  endloop
endfacet
facet normal 0.41545963403169267 0.5414375582457689 -0.7309163173791592
  outer loop
    vertex 9412.950409949126 10102.961058071925 83.8311610795324
    vertex 9413.514523878888 10102.79818923222 84.03116107467831
    vertex 9413.406500590316 10102.611087413978 83.83116106910212
  endloop
endfacet
facet normal 0.41545963403169267 0.5414375582457689 -0.7309163173791592
  outer loop
    vertex 9413.514523878888 10102.79818923222 84.03116107467831
    vertex 9412.950409949126 10102.961058071925 83.8311610795324
    vertex 9413.103177948871 10103.113826065717 84.03116108408533
  endloop
endfacet
facet normal 0.6305173655505456 0.26116886590640065 -0.7309163257311773
  outer loop
    vertex 9412.38043853844 10103.948277514091 83.83116110895476
    vertex 9412.787541115371 10103.52517199574 84.03116109634477
    vertex 9412.600439291164 10103.417148713132 83.83116109312537
  endloop
endfacet
facet normal 0.6305173655505456 0.26116886590640065 -0.7309163257311773
  outer loop
    vertex 9412.787541115371 10103.52517199574 84.03116109634477
    vertex 9412.38043853844 10103.948277514091 83.83116110895476
    vertex 9412.589123506981 10104.004194476927 84.03116111062121
  endloop
endfacet
facet normal -0.4154596340327469 0.5414375582440173 -0.7309163173798574
  outer loop
    vertex 9415.500677725038 10102.798189232219 84.03116107467831
    vertex 9416.064791654808 10102.96105807193 83.8311610795324
    vertex 9415.608701013614 10102.611087413976 83.83116106910212
  endloop
endfacet
facet normal -0.4154596340327469 0.5414375582440173 -0.7309163173798574
  outer loop
    vertex 9416.064791654808 10102.96105807193 83.8311610795324
    vertex 9415.500677725038 10102.798189232219 84.03116107467831
    vertex 9415.91202365506 10103.11382606572 84.03116108408533
  endloop
endfacet
facet normal -0.3826834323653755 2.7534628373248366e-08 -0.923879532511168
  outer loop
    vertex 9436.487600827391 10097.897770141924 84.03116092862982
    vertex 9436.970443539865 10048.179281750854 83.83115944685647
    vertex 9436.487600827391 10047.979281744892 84.03115944089579
  endloop
endfacet
facet normal -0.3826834323653755 2.7534628373248366e-08 -0.923879532511168
  outer loop
    vertex 9436.970443539865 10048.179281750854 83.83115944685647
    vertex 9436.487600827391 10097.897770141924 84.03116092862982
    vertex 9436.970443539865 10097.697770147885 83.83116092266921
  endloop
endfacet
facet normal 0.6766284781593122 -0.08907980729900492 -0.7309163361667226
  outer loop
    vertex 9450.675427960576 10065.594415585016 83.83115996588438
    vertex 9450.881447006665 10065.518248918816 84.0311599636143
    vertex 9450.665400429523 10065.518248924776 83.83115996361435
  endloop
endfacet
facet normal 0.6766284781593122 -0.08907980729900492 -0.7309163361667226
  outer loop
    vertex 9450.881447006665 10065.518248918816 84.0311599636143
    vertex 9450.675427960576 10065.594415585016 83.83115996588438
    vertex 9450.887793733418 10065.56645709466 84.03115996505106
  endloop
endfacet
facet normal -1.6255604574973789e-19 -0.7071067601134322 -0.7071068022596624
  outer loop
    vertex 9436.970443539865 10048.179281750854 83.83115944685647
    vertex 9464.867600852818 10047.979281744892 84.03115944089579
    vertex 9436.487600827391 10047.979281744892 84.03115944089579
  endloop
endfacet
facet normal -1.6255604574973789e-19 -0.7071067601134322 -0.7071068022596624
  outer loop
    vertex 9464.867600852818 10047.979281744892 84.03115944089579
    vertex 9436.970443539865 10048.179281750854 83.83115944685647
    vertex 9464.66760085282 10048.179281750854 83.83115944685647
  endloop
endfacet
facet normal 0.6766284781588213 -0.08907980730437497 -0.7309163361665225
  outer loop
    vertex 9450.675427960576 10065.594415585016 83.83115996588438
    vertex 9450.949123557833 10066.032303360698 84.03115997893481
    vertex 9450.887793733418 10065.56645709466 84.03115996505106
  endloop
endfacet
facet normal 0.6766284781588213 -0.08907980730437497 -0.7309163361665225
  outer loop
    vertex 9450.949123557833 10066.032303360698 84.03115997893481
    vertex 9450.675427960576 10065.594415585016 83.83115996588438
    vertex 9450.740438589293 10066.08822033546 83.83115998060136
  endloop
endfacet
facet normal 0.4154596340327588 0.5414375582440211 -0.730916317379848
  outer loop
    vertex 9451.310409999976 10063.96105807193 83.83115991720499
    vertex 9451.874523929744 10063.79818923222 84.03115991235092
    vertex 9451.76650064117 10063.611087413976 83.8311599067747
  endloop
endfacet
facet normal 0.4154596340327588 0.5414375582440211 -0.730916317379848
  outer loop
    vertex 9451.874523929744 10063.79818923222 84.03115991235092
    vertex 9451.310409999976 10063.96105807193 83.83115991720499
    vertex 9451.463177999722 10064.113826065723 84.0311599217579
  endloop
endfacet
facet normal 0.6305173655488875 0.2611688659074373 -0.7309163257322372
  outer loop
    vertex 9450.740438589293 10064.948277514093 83.83115994662734
    vertex 9451.14754116623 10064.525171995734 84.03115993401738
    vertex 9450.960439342021 10064.417148713128 83.83115993079797
  endloop
endfacet
facet normal 0.6305173655488875 0.2611688659074373 -0.7309163257322372
  outer loop
    vertex 9451.14754116623 10064.525171995734 84.03115993401738
    vertex 9450.740438589293 10064.948277514093 83.83115994662734
    vertex 9450.949123557833 10065.004194476933 84.03115994829379
  endloop
endfacet
facet normal 0.08907982908873872 0.6766284999366811 -0.7309163133512333
  outer loop
    vertex 9452.297629442135 10063.39108666125 83.83115990021797
    vertex 9452.867600852818 10063.532095072662 84.03115990442043
    vertex 9452.867600852818 10063.31604850148 83.83115989798156
  endloop
endfacet
facet normal 0.08907982908873872 0.6766284999366811 -0.7309163133512333
  outer loop
    vertex 9452.867600852818 10063.532095072662 84.03115990442043
    vertex 9452.297629442135 10063.39108666125 83.83115990021797
    vertex 9452.353546410926 10063.599771623833 84.03115990643742
  endloop
endfacet
facet normal -0.41545963403196745 0.5414375582458568 -0.7309163173789378
  outer loop
    vertex 9453.860677775894 10063.79818923222 84.03115991235092
    vertex 9454.424791705658 10063.961058071927 83.83115991720499
    vertex 9453.968701064468 10063.611087413978 83.8311599067747
  endloop
endfacet
facet normal -0.41545963403196745 0.5414375582458568 -0.7309163173789378
  outer loop
    vertex 9454.424791705658 10063.961058071927 83.83115991720499
    vertex 9453.860677775894 10063.79818923222 84.03115991235092
    vertex 9454.272023705911 10064.113826065717 84.0311599217579
  endloop
endfacet
facet normal 0.5414375364632004 0.41545965581581606 -0.7309163211326343
  outer loop
    vertex 9450.960439342021 10064.417148713128 83.83115993079797
    vertex 9451.463177999722 10064.113826065723 84.0311599217579
    vertex 9451.310409999976 10063.96105807193 83.83115991720499
  endloop
endfacet
facet normal 0.5414375364632004 0.41545965581581606 -0.7309163211326343
  outer loop
    vertex 9451.463177999722 10064.113826065723 84.0311599217579
    vertex 9450.960439342021 10064.417148713128 83.83115993079797
    vertex 9451.14754116623 10064.525171995734 84.03115993401738
  endloop
endfacet
facet normal -0.6305173655510721 0.26116886590512955 -0.7309163257311772
  outer loop
    vertex 9454.587660539411 10064.52517199574 84.03115993401738
    vertex 9454.994763116343 10064.948277514093 83.83115994662734
    vertex 9454.774762363619 10064.417148713132 83.83115993079797
  endloop
endfacet
facet normal -0.6305173655510721 0.26116886590512955 -0.7309163257311772
  outer loop
    vertex 9454.994763116343 10064.948277514093 83.83115994662734
    vertex 9454.587660539411 10064.52517199574 84.03115993401738
    vertex 9454.786078147801 10065.004194476931 84.03115994829379
  endloop
endfacet
facet normal -0.6766284781569263 0.08907985087224493 -0.7309163308584784
  outer loop
    vertex 9454.786078147801 10065.004194476931 84.03115994829379
    vertex 9455.05977374506 10065.442082264537 83.83115996134433
    vertex 9454.994763116343 10064.948277514093 83.83115994662734
  endloop
endfacet
facet normal -0.6766284781569263 0.08907985087224493 -0.7309163308584784
  outer loop
    vertex 9455.05977374506 10065.442082264537 83.83115996134433
    vertex 9454.786078147801 10065.004194476931 84.03115994829379
    vertex 9454.847407972218 10065.470040742974 84.03115996217754
  endloop
endfacet
facet normal -0.6766284781584319 0.08907985086630085 -0.7309163308578092
  outer loop
    vertex 9454.847407972218 10065.470040742974 84.03115996217754
    vertex 9455.069801276113 10065.518248924776 83.83115996361435
    vertex 9455.05977374506 10065.442082264537 83.83115996134433
  endloop
endfacet
facet normal -0.6766284781584319 0.08907985086630085 -0.7309163308578092
  outer loop
    vertex 9455.069801276113 10065.518248924776 83.83115996361435
    vertex 9454.847407972218 10065.470040742974 84.03115996217754
    vertex 9454.853754698972 10065.518248918816 84.0311599636143
  endloop
endfacet
facet normal 0.6766284781581596 0.08907985087128198 -0.7309163308574541
  outer loop
    vertex 9450.675427960576 10065.442082264539 83.83115996134433
    vertex 9450.949123557833 10065.004194476933 84.03115994829379
    vertex 9450.740438589293 10064.948277514093 83.83115994662734
  endloop
endfacet
facet normal 0.6766284781581596 0.08907985087128198 -0.7309163308574541
  outer loop
    vertex 9450.949123557833 10065.004194476933 84.03115994829379
    vertex 9450.675427960576 10065.442082264539 83.83115996134433
    vertex 9450.887793733418 10065.470040742975 84.03115996217754
  endloop
endfacet
facet normal -0.6766284781589388 -0.08907980730289326 -0.7309163361665945
  outer loop
    vertex 9454.853754698972 10065.518248918816 84.0311599636143
    vertex 9455.05977374506 10065.594415585012 83.83115996588438
    vertex 9455.069801276113 10065.518248924776 83.83115996361435
  endloop
endfacet
facet normal -0.6766284781589388 -0.08907980730289326 -0.7309163361665945
  outer loop
    vertex 9455.05977374506 10065.594415585012 83.83115996588438
    vertex 9454.853754698972 10065.518248918816 84.0311599636143
    vertex 9454.847407972218 10065.566457094656 84.03115996505106
  endloop
endfacet
facet normal 0.6766284781582452 0.08907985086824494 -0.7309163308577449
  outer loop
    vertex 9450.665400429523 10065.518248924776 83.83115996361435
    vertex 9450.887793733418 10065.470040742975 84.03115996217754
    vertex 9450.675427960576 10065.442082264539 83.83115996134433
  endloop
endfacet
facet normal 0.6766284781582452 0.08907985086824494 -0.7309163308577449
  outer loop
    vertex 9450.887793733418 10065.470040742975 84.03115996217754
    vertex 9450.665400429523 10065.518248924776 83.83115996361435
    vertex 9450.881447006665 10065.518248918816 84.0311599636143
  endloop
endfacet
facet normal -0.2611688441217584 0.6305173873346036 -0.7309163147234095
  outer loop
    vertex 9453.38165529471 10063.599771623833 84.03115990643742
    vertex 9453.968701064468 10063.611087413978 83.8311599067747
    vertex 9453.437572263501 10063.39108666125 83.83115990021797
  endloop
endfacet
facet normal -0.2611688441217584 0.6305173873346036 -0.7309163147234095
  outer loop
    vertex 9453.968701064468 10063.611087413978 83.8311599067747
    vertex 9453.38165529471 10063.599771623833 84.03115990643742
    vertex 9453.860677775894 10063.79818923222 84.03115991235092
  endloop
endfacet
facet normal -0.6766284781577198 -0.0890798073045518 -0.7309163361675207
  outer loop
    vertex 9454.786078147801 10066.0323033607 84.03115997893481
    vertex 9455.05977374506 10065.594415585012 83.83115996588438
    vertex 9454.847407972218 10065.566457094656 84.03115996505106
  endloop
endfacet
facet normal -0.6766284781577198 -0.0890798073045518 -0.7309163361675207
  outer loop
    vertex 9455.05977374506 10065.594415585012 83.83115996588438
    vertex 9454.786078147801 10066.0323033607 84.03115997893481
    vertex 9454.994763116343 10066.08822033546 83.83115998060136
  endloop
endfacet
facet normal 0.26116884412115265 0.6305173873336255 -0.7309163147244697
  outer loop
    vertex 9451.76650064117 10063.611087413976 83.8311599067747
    vertex 9452.353546410926 10063.599771623833 84.03115990643742
    vertex 9452.297629442135 10063.39108666125 83.83115990021797
  endloop
endfacet
facet normal 0.26116884412115265 0.6305173873336255 -0.7309163147244697
  outer loop
    vertex 9452.353546410926 10063.599771623833 84.03115990643742
    vertex 9451.76650064117 10063.611087413976 83.8311599067747
    vertex 9451.874523929744 10063.79818923222 84.03115991235092
  endloop
endfacet
facet normal -0.08907982908873872 0.6766284999366811 -0.7309163133512333
  outer loop
    vertex 9452.867600852818 10063.532095072662 84.03115990442043
    vertex 9453.437572263501 10063.39108666125 83.83115990021797
    vertex 9452.867600852818 10063.31604850148 83.83115989798156
  endloop
endfacet
facet normal -0.08907982908873872 0.6766284999366811 -0.7309163133512333
  outer loop
    vertex 9453.437572263501 10063.39108666125 83.83115990021797
    vertex 9452.867600852818 10063.532095072662 84.03115990442043
    vertex 9453.38165529471 10063.599771623833 84.03115990643742
  endloop
endfacet
facet normal -0.5414375364641707 0.4154596558165257 -0.7309163211315124
  outer loop
    vertex 9454.272023705911 10064.113826065717 84.0311599217579
    vertex 9454.774762363619 10064.417148713132 83.83115993079797
    vertex 9454.424791705658 10063.961058071927 83.83115991720499
  endloop
endfacet
facet normal -0.5414375364641707 0.4154596558165257 -0.7309163211315124
  outer loop
    vertex 9454.774762363619 10064.417148713132 83.83115993079797
    vertex 9454.272023705911 10064.113826065717 84.0311599217579
    vertex 9454.587660539411 10064.52517199574 84.03115993401738
  endloop
endfacet
facet normal -0.26116884412514046 -0.6305173437693569 -0.7309163523033076
  outer loop
    vertex 9453.38165529471 10067.4367262138 84.03116002079119
    vertex 9453.968701064461 10067.425410435579 83.83116002045399
    vertex 9453.860677775889 10067.238308605412 84.0311600148777
  endloop
endfacet
facet normal -0.26116884412514046 -0.6305173437693569 -0.7309163523033076
  outer loop
    vertex 9453.968701064461 10067.425410435579 83.83116002045399
    vertex 9453.38165529471 10067.4367262138 84.03116002079119
    vertex 9453.437572263509 10067.645411188301 83.83116002701074
  endloop
endfacet
facet normal 0.5414375364652494 -0.4154596122509558 -0.7309163458937877
  outer loop
    vertex 9450.960439342021 10066.619349136427 83.83115999643074
    vertex 9451.463177999722 10066.922671771907 84.03116000547071
    vertex 9451.14754116623 10066.511325841899 84.03115999321123
  endloop
endfacet
facet normal 0.5414375364652494 -0.4154596122509558 -0.7309163458937877
  outer loop
    vertex 9451.463177999722 10066.922671771907 84.03116000547071
    vertex 9450.960439342021 10066.619349136427 83.83115999643074
    vertex 9451.310409999971 10067.075439777616 83.83116001002371
  endloop
endfacet
facet normal -0.5414375364643115 -0.41545961225169487 -0.7309163458940625
  outer loop
    vertex 9454.272023705915 10066.922671771908 84.03116000547071
    vertex 9454.774762363619 10066.619349136423 83.83115999643074
    vertex 9454.587660539411 10066.511325841893 84.03115999321123
  endloop
endfacet
facet normal -0.5414375364643115 -0.41545961225169487 -0.7309163458940625
  outer loop
    vertex 9454.774762363619 10066.619349136423 83.83115999643074
    vertex 9454.272023705915 10066.922671771908 84.03116000547071
    vertex 9454.424791705662 10067.07543977762 83.83116001002371
  endloop
endfacet
facet normal 0.6305173655514014 -0.2611688223412954 -0.7309163412969923
  outer loop
    vertex 9450.740438589293 10066.08822033546 83.83115998060136
    vertex 9451.14754116623 10066.511325841899 84.03115999321123
    vertex 9450.949123557833 10066.032303360698 84.03115997893481
  endloop
endfacet
facet normal 0.6305173655514014 -0.2611688223412954 -0.7309163412969923
  outer loop
    vertex 9451.14754116623 10066.511325841899 84.03115999321123
    vertex 9450.740438589293 10066.08822033546 83.83115998060136
    vertex 9450.960439342021 10066.619349136427 83.83115999643074
  endloop
endfacet
facet normal -0.4154596340345162 -0.5414375146805827 -0.7309163496491373
  outer loop
    vertex 9453.860677775889 10067.238308605412 84.0311600148777
    vertex 9454.424791705662 10067.07543977762 83.83116001002371
    vertex 9454.272023705915 10066.922671771908 84.03116000547071
  endloop
endfacet
facet normal -0.4154596340345162 -0.5414375146805827 -0.7309163496491373
  outer loop
    vertex 9454.424791705662 10067.07543977762 83.83116001002371
    vertex 9453.860677775889 10067.238308605412 84.0311600148777
    vertex 9453.968701064461 10067.425410435579 83.83116002045399
  endloop
endfacet
facet normal 0.676628478158592 -0.08907980729979795 -0.7309163361672927
  outer loop
    vertex 9450.667122135803 10104.531326582326 83.83116112633151
    vertex 9450.887793733418 10104.56645709466 84.03116112737848
    vertex 9450.881447006665 10104.518248918814 84.03116112594172
  endloop
endfacet
facet normal 0.676628478158592 -0.08907980729979795 -0.7309163361672927
  outer loop
    vertex 9450.887793733418 10104.56645709466 84.03116112737848
    vertex 9450.667122135803 10104.531326582326 83.83116112633151
    vertex 9450.675427960576 10104.594415585016 83.83116112821178
  endloop
endfacet
facet normal 0.6822516195699315 2.178966586560924e-08 -0.7311174512991775
  outer loop
    vertex 9450.667122135803 10104.531326582326 83.83116112633151
    vertex 9450.881447006665 10104.468440152817 84.03116112445726
    vertex 9450.667122135803 10104.453773774008 83.8311611240202
  endloop
endfacet
facet normal 0.6822516195699315 2.178966586560924e-08 -0.7311174512991775
  outer loop
    vertex 9450.881447006665 10104.468440152817 84.03116112445726
    vertex 9450.667122135803 10104.531326582326 83.83116112633151
    vertex 9450.881447006665 10104.518248918814 84.03116112594172
  endloop
endfacet
facet normal 0.6753314016930708 0.09841527056505266 -0.730918553880581
  outer loop
    vertex 9450.667122135803 10104.453773774008 83.8311611240202
    vertex 9450.949088727533 10104.004278564715 84.03116111062373
    vertex 9450.740976897518 10103.946977923075 83.83116110891602
  endloop
endfacet
facet normal 0.6753314016930708 0.09841527056505266 -0.730918553880581
  outer loop
    vertex 9450.949088727533 10104.004278564715 84.03116111062373
    vertex 9450.667122135803 10104.453773774008 83.8311611240202
    vertex 9450.881447006665 10104.468440152817 84.03116112445726
  endloop
endfacet
facet normal 0.08907982908823417 -0.6766284563765818 -0.7309163536760246
  outer loop
    vertex 9452.297629442128 10067.645411188301 83.83116002701074
    vertex 9452.867600852818 10067.50440276497 84.03116002280818
    vertex 9452.353546410926 10067.4367262138 84.03116002079119
  endloop
endfacet
facet normal 0.08907982908823417 -0.6766284563765818 -0.7309163536760246
  outer loop
    vertex 9452.867600852818 10067.50440276497 84.03116002280818
    vertex 9452.297629442128 10067.645411188301 83.83116002701074
    vertex 9452.867600852818 10067.720449348073 83.83116002924713
  endloop
endfacet
facet normal 0.4154596340350698 -0.5414375146801578 -0.7309163496491372
  outer loop
    vertex 9451.310409999971 10067.075439777616 83.83116001002371
    vertex 9451.874523929748 10067.238308605412 84.0311600148777
    vertex 9451.463177999722 10066.922671771907 84.03116000547071
  endloop
endfacet
facet normal 0.4154596340350698 -0.5414375146801578 -0.7309163496491372
  outer loop
    vertex 9451.874523929748 10067.238308605412 84.0311600148777
    vertex 9451.310409999971 10067.075439777616 83.83116001002371
    vertex 9451.766500641177 10067.42541043558 83.83116002045399
  endloop
endfacet
facet normal 0.6305173655485576 0.26116886590732896 -0.7309163257325605
  outer loop
    vertex 9450.740976897518 10103.946977923075 83.83116110891602
    vertex 9451.14754116623 10103.525171995734 84.03116109634477
    vertex 9450.960439342021 10103.417148713128 83.83116109312537
  endloop
endfacet
facet normal 0.6305173655485576 0.26116886590732896 -0.7309163257325605
  outer loop
    vertex 9451.14754116623 10103.525171995734 84.03116109634477
    vertex 9450.740976897518 10103.946977923075 83.83116110891602
    vertex 9450.949088727533 10104.004278564715 84.03116111062373
  endloop
endfacet
facet normal 0.5414375364632005 0.41545965581581606 -0.7309163211326344
  outer loop
    vertex 9450.960439342021 10103.417148713128 83.83116109312537
    vertex 9451.463177999722 10103.11382606572 84.03116108408533
    vertex 9451.310409999976 10102.96105807193 83.8311610795324
  endloop
endfacet
facet normal 0.5414375364632005 0.41545965581581606 -0.7309163211326344
  outer loop
    vertex 9451.463177999722 10103.11382606572 84.03116108408533
    vertex 9450.960439342021 10103.417148713128 83.83116109312537
    vertex 9451.14754116623 10103.525171995734 84.03116109634477
  endloop
endfacet
facet normal -0.08907982908823417 -0.6766284563765816 -0.7309163536760247
  outer loop
    vertex 9452.867600852818 10067.50440276497 84.03116002280818
    vertex 9453.437572263509 10067.645411188301 83.83116002701074
    vertex 9453.38165529471 10067.4367262138 84.03116002079119
  endloop
endfacet
facet normal -0.08907982908823417 -0.6766284563765816 -0.7309163536760247
  outer loop
    vertex 9453.437572263509 10067.645411188301 83.83116002701074
    vertex 9452.867600852818 10067.50440276497 84.03116002280818
    vertex 9452.867600852818 10067.720449348073 83.83116002924713
  endloop
endfacet
facet normal 0.6766284781588301 -0.08907980730438492 -0.7309163361665133
  outer loop
    vertex 9450.675427960576 10104.594415585016 83.83116112821178
    vertex 9450.949123557833 10105.032303360698 84.03116114126222
    vertex 9450.887793733418 10104.56645709466 84.03116112737848
  endloop
endfacet
facet normal 0.6766284781588301 -0.08907980730438492 -0.7309163361665133
  outer loop
    vertex 9450.949123557833 10105.032303360698 84.03116114126222
    vertex 9450.675427960576 10104.594415585016 83.83116112821178
    vertex 9450.740438589293 10105.08822033546 83.83116114292876
  endloop
endfacet
facet normal 0.2611688441245851 -0.6305173437681474 -0.7309163523045494
  outer loop
    vertex 9451.766500641177 10067.42541043558 83.83116002045399
    vertex 9452.353546410926 10067.4367262138 84.03116002079119
    vertex 9451.874523929748 10067.238308605412 84.0311600148777
  endloop
endfacet
facet normal 0.2611688441245851 -0.6305173437681474 -0.7309163523045494
  outer loop
    vertex 9452.353546410926 10067.4367262138 84.03116002079119
    vertex 9451.766500641177 10067.42541043558 83.83116002045399
    vertex 9452.297629442128 10067.645411188301 83.83116002701074
  endloop
endfacet
facet normal -0.5414375364641707 0.4154596558165256 -0.7309163211315123
  outer loop
    vertex 9454.272023705911 10103.113826065717 84.03116108408533
    vertex 9454.774762363619 10103.417148713132 83.83116109312537
    vertex 9454.424791705658 10102.961058071925 83.8311610795324
  endloop
endfacet
facet normal -0.5414375364641707 0.4154596558165256 -0.7309163211315123
  outer loop
    vertex 9454.774762363619 10103.417148713132 83.83116109312537
    vertex 9454.272023705911 10103.113826065717 84.03116108408533
    vertex 9454.587660539411 10103.52517199574 84.03116109634477
  endloop
endfacet
facet normal -0.6305173655508088 0.26116886590576516 -0.7309163257311772
  outer loop
    vertex 9454.587660539411 10103.52517199574 84.03116109634477
    vertex 9454.994763116343 10103.948277514093 83.83116110895476
    vertex 9454.774762363619 10103.417148713132 83.83116109312537
  endloop
endfacet
facet normal -0.6305173655508088 0.26116886590576516 -0.7309163257311772
  outer loop
    vertex 9454.994763116343 10103.948277514093 83.83116110895476
    vertex 9454.587660539411 10103.52517199574 84.03116109634477
    vertex 9454.786078147801 10104.00419447693 84.03116111062121
  endloop
endfacet
facet normal -0.676628478158584 -0.08907980730431855 -0.7309163361667491
  outer loop
    vertex 9454.853754698972 10104.518248918816 84.03116112594172
    vertex 9454.994763116343 10105.08822033546 83.83116114292876
    vertex 9455.069801276113 10104.518248924776 83.83116112594178
  endloop
endfacet
facet normal -0.676628478158584 -0.08907980730431855 -0.7309163361667491
  outer loop
    vertex 9454.994763116343 10105.08822033546 83.83116114292876
    vertex 9454.853754698972 10104.518248918816 84.03116112594172
    vertex 9454.786078147801 10105.032303360702 84.03116114126222
  endloop
endfacet
facet normal 0.2611688441220403 0.6305173873344757 -0.7309163147234192
  outer loop
    vertex 9451.76650064117 10102.611087413976 83.83116106910212
    vertex 9452.353546410925 10102.599771623833 84.0311610687648
    vertex 9452.297629442133 10102.391086661251 83.83116106254536
  endloop
endfacet
facet normal 0.2611688441220403 0.6305173873344757 -0.7309163147234192
  outer loop
    vertex 9452.353546410925 10102.599771623833 84.0311610687648
    vertex 9451.76650064117 10102.611087413976 83.83116106910212
    vertex 9451.874523929744 10102.798189232219 84.03116107467831
  endloop
endfacet
facet normal -0.41545963403195557 0.5414375582458529 -0.7309163173789475
  outer loop
    vertex 9453.860677775894 10102.798189232219 84.03116107467831
    vertex 9454.424791705658 10102.961058071925 83.8311610795324
    vertex 9453.968701064468 10102.611087413978 83.83116106910212
  endloop
endfacet
facet normal -0.41545963403195557 0.5414375582458529 -0.7309163173789475
  outer loop
    vertex 9454.424791705658 10102.961058071925 83.8311610795324
    vertex 9453.860677775894 10102.798189232219 84.03116107467831
    vertex 9454.272023705911 10103.113826065717 84.03116108408533
  endloop
endfacet
facet normal -0.261168844122646 0.6305173873354538 -0.7309163147223591
  outer loop
    vertex 9453.381655294712 10102.599771623833 84.0311610687648
    vertex 9453.968701064468 10102.611087413978 83.83116106910212
    vertex 9453.437572263503 10102.391086661251 83.83116106254536
  endloop
endfacet
facet normal -0.261168844122646 0.6305173873354538 -0.7309163147223591
  outer loop
    vertex 9453.968701064468 10102.611087413978 83.83116106910212
    vertex 9453.381655294712 10102.599771623833 84.0311610687648
    vertex 9453.860677775894 10102.798189232219 84.03116107467831
  endloop
endfacet
facet normal 0.08907982908883427 -0.676628456376654 -0.7309163536758844
  outer loop
    vertex 9452.297629442133 10106.645411188301 83.83116118933815
    vertex 9452.867600852818 10106.50440276497 84.0311611851356
    vertex 9452.35354641093 10106.436726213798 84.03116118311861
  endloop
endfacet
facet normal 0.08907982908883427 -0.676628456376654 -0.7309163536758844
  outer loop
    vertex 9452.867600852818 10106.50440276497 84.0311611851356
    vertex 9452.297629442133 10106.645411188301 83.83116118933815
    vertex 9452.867600852818 10106.720449348071 83.83116119157452
  endloop
endfacet
facet normal -0.5414375364662806 -0.4154596122507466 -0.7309163458931428
  outer loop
    vertex 9454.272023705911 10105.922671771914 84.0311611677981
    vertex 9454.774762363619 10105.619349136421 83.83116115875812
    vertex 9454.587660539411 10105.511325841891 84.03116115553865
  endloop
endfacet
facet normal -0.5414375364662806 -0.4154596122507466 -0.7309163458931428
  outer loop
    vertex 9454.774762363619 10105.619349136421 83.83116115875812
    vertex 9454.272023705911 10105.922671771914 84.0311611677981
    vertex 9454.424791705658 10106.075439777625 83.83116117235113
  endloop
endfacet
facet normal -0.26116884412342317 -0.630517343771286 -0.7309163523022572
  outer loop
    vertex 9453.381655294706 10106.436726213798 84.03116118311861
    vertex 9453.968701064468 10106.425410435575 83.8311611827814
    vertex 9453.860677775894 10106.238308605412 84.03116117720512
  endloop
endfacet
facet normal -0.26116884412342317 -0.630517343771286 -0.7309163523022572
  outer loop
    vertex 9453.968701064468 10106.425410435575 83.8311611827814
    vertex 9453.381655294706 10106.436726213798 84.03116118311861
    vertex 9453.437572263503 10106.645411188301 83.83116118933815
  endloop
endfacet
facet normal 0.4154596340327467 0.5414375582440171 -0.7309163173798576
  outer loop
    vertex 9451.310409999976 10102.96105807193 83.8311610795324
    vertex 9451.874523929744 10102.798189232219 84.03116107467831
    vertex 9451.76650064117 10102.611087413976 83.83116106910212
  endloop
endfacet
facet normal 0.4154596340327467 0.5414375582440171 -0.7309163173798576
  outer loop
    vertex 9451.874523929744 10102.798189232219 84.03116107467831
    vertex 9451.310409999976 10102.96105807193 83.8311610795324
    vertex 9451.463177999722 10103.11382606572 84.03116108408533
  endloop
endfacet
facet normal 0.08907982908760945 0.6766284999380585 -0.7309163133500958
  outer loop
    vertex 9452.297629442133 10102.391086661251 83.83116106254536
    vertex 9452.867600852818 10102.532095072662 84.03116106674784
    vertex 9452.867600852818 10102.31604850148 83.83116106030899
  endloop
endfacet
facet normal 0.08907982908760945 0.6766284999380585 -0.7309163133500958
  outer loop
    vertex 9452.867600852818 10102.532095072662 84.03116106674784
    vertex 9452.297629442133 10102.391086661251 83.83116106254536
    vertex 9452.353546410925 10102.599771623833 84.0311610687648
  endloop
endfacet
facet normal -0.08907982908760946 0.6766284999380585 -0.7309163133500957
  outer loop
    vertex 9452.867600852818 10102.532095072662 84.03116106674784
    vertex 9453.437572263503 10102.391086661251 83.83116106254536
    vertex 9452.867600852818 10102.31604850148 83.83116106030899
  endloop
endfacet
facet normal -0.08907982908760946 0.6766284999380585 -0.7309163133500957
  outer loop
    vertex 9453.437572263503 10102.391086661251 83.83116106254536
    vertex 9452.867600852818 10102.532095072662 84.03116106674784
    vertex 9453.381655294712 10102.599771623833 84.0311610687648
  endloop
endfacet
facet normal -0.41545963403406755 -0.5414375146811994 -0.7309163496489353
  outer loop
    vertex 9453.860677775894 10106.238308605412 84.03116117720512
    vertex 9454.424791705658 10106.075439777625 83.83116117235113
    vertex 9454.272023705911 10105.922671771914 84.0311611677981
  endloop
endfacet
facet normal -0.41545963403406755 -0.5414375146811994 -0.7309163496489353
  outer loop
    vertex 9454.424791705658 10106.075439777625 83.83116117235113
    vertex 9453.860677775894 10106.238308605412 84.03116117720512
    vertex 9453.968701064468 10106.425410435575 83.8311611827814
  endloop
endfacet
facet normal -0.6305173655523639 -0.26116882233902555 -0.7309163412969731
  outer loop
    vertex 9454.587660539411 10105.511325841891 84.03116115553865
    vertex 9454.994763116343 10105.08822033546 83.83116114292876
    vertex 9454.786078147801 10105.032303360702 84.03116114126222
  endloop
endfacet
facet normal -0.6305173655523639 -0.26116882233902555 -0.7309163412969731
  outer loop
    vertex 9454.994763116343 10105.08822033546 83.83116114292876
    vertex 9454.587660539411 10105.511325841891 84.03116115553865
    vertex 9454.774762363619 10105.619349136421 83.83116115875812
  endloop
endfacet
facet normal -0.08907982908883429 -0.6766284563766541 -0.7309163536758844
  outer loop
    vertex 9452.867600852818 10106.50440276497 84.0311611851356
    vertex 9453.437572263503 10106.645411188301 83.83116118933815
    vertex 9453.381655294706 10106.436726213798 84.03116118311861
  endloop
endfacet
facet normal -0.08907982908883429 -0.6766284563766541 -0.7309163536758844
  outer loop
    vertex 9453.437572263503 10106.645411188301 83.83116118933815
    vertex 9452.867600852818 10106.50440276497 84.0311611851356
    vertex 9452.867600852818 10106.720449348071 83.83116119157452
  endloop
endfacet
facet normal -0.6766284781578609 0.08907985087149711 -0.7309163308577044
  outer loop
    vertex 9454.786078147801 10104.00419447693 84.03116111062121
    vertex 9455.069801276113 10104.518248924776 83.83116112594178
    vertex 9454.994763116343 10103.948277514093 83.83116110895476
  endloop
endfacet
facet normal -0.6766284781578609 0.08907985087149711 -0.7309163308577044
  outer loop
    vertex 9455.069801276113 10104.518248924776 83.83116112594178
    vertex 9454.786078147801 10104.00419447693 84.03116111062121
    vertex 9454.853754698972 10104.518248918816 84.03116112594172
  endloop
endfacet
facet normal 0.2611688441227464 -0.6305173437706357 -0.7309163523030598
  outer loop
    vertex 9451.76650064117 10106.425410435577 83.8311611827814
    vertex 9452.35354641093 10106.436726213798 84.03116118311861
    vertex 9451.87452392974 10106.23830860541 84.03116117720512
  endloop
endfacet
facet normal 0.2611688441227464 -0.6305173437706357 -0.7309163523030598
  outer loop
    vertex 9452.35354641093 10106.436726213798 84.03116118311861
    vertex 9451.76650064117 10106.425410435577 83.8311611827814
    vertex 9452.297629442133 10106.645411188301 83.83116118933815
  endloop
endfacet
facet normal 0.6305173655504426 -0.26116882234069766 -0.7309163412980332
  outer loop
    vertex 9450.740438589293 10105.08822033546 83.83116114292876
    vertex 9451.14754116623 10105.511325841897 84.03116115553865
    vertex 9450.949123557833 10105.032303360698 84.03116114126222
  endloop
endfacet
facet normal 0.6305173655504426 -0.26116882234069766 -0.7309163412980332
  outer loop
    vertex 9451.14754116623 10105.511325841897 84.03116115553865
    vertex 9450.740438589293 10105.08822033546 83.83116114292876
    vertex 9450.960439342021 10105.619349136425 83.83116115875812
  endloop
endfacet
facet normal 0.41545963403641345 -0.5414375146815711 -0.7309163496473265
  outer loop
    vertex 9451.310409999976 10106.075439777622 83.83116117235113
    vertex 9451.87452392974 10106.23830860541 84.03116117720512
    vertex 9451.463177999725 10105.922671771914 84.0311611677981
  endloop
endfacet
facet normal 0.41545963403641345 -0.5414375146815711 -0.7309163496473265
  outer loop
    vertex 9451.87452392974 10106.23830860541 84.03116117720512
    vertex 9451.310409999976 10106.075439777622 83.83116117235113
    vertex 9451.76650064117 10106.425410435577 83.8311611827814
  endloop
endfacet
facet normal 0.5414375364656682 -0.41545961225005434 -0.7309163458939901
  outer loop
    vertex 9450.960439342021 10105.619349136425 83.83116115875812
    vertex 9451.463177999725 10105.922671771914 84.0311611677981
    vertex 9451.14754116623 10105.511325841897 84.03116115553865
  endloop
endfacet
facet normal 0.5414375364656682 -0.41545961225005434 -0.7309163458939901
  outer loop
    vertex 9451.463177999725 10105.922671771914 84.0311611677981
    vertex 9450.960439342021 10105.619349136425 83.83116115875812
    vertex 9451.310409999976 10106.075439777622 83.83116117235113
  endloop
endfacet
facet normal -0.6695807158751407 0.22729204672810388 -0.7071067744140794
  outer loop
    vertex 9402.643897496811 10123.214557962092 84.0311616831528
    vertex 9402.997255046688 10123.633314608089 83.83116169563316
    vertex 9402.837497173836 10123.162683090928 83.8311616816068
  endloop
endfacet
facet normal -0.6695807158751407 0.22729204672810388 -0.7071067744140794
  outer loop
    vertex 9402.997255046688 10123.633314608089 83.83116169563316
    vertex 9402.643897496811 10123.214557962092 84.0311616831528
    vertex 9402.812082671917 10123.710015511131 84.03116169791906
  endloop
endfacet
facet normal -0.634184797396761 0.3127453531706081 -0.7071067718676021
  outer loop
    vertex 9402.812082671917 10123.710015511131 84.03116169791906
    vertex 9403.21707590867 10124.079067220553 83.83116170891805
    vertex 9402.997255046688 10123.633314608089 83.83116169563316
  endloop
endfacet
facet normal -0.634184797396761 0.3127453531706081 -0.7071067718676021
  outer loop
    vertex 9403.21707590867 10124.079067220553 83.83116170891805
    vertex 9402.812082671917 10123.710015511131 84.03116169791906
    vertex 9403.043499186824 10124.17928178167 84.03116171190473
  endloop
endfacet
facet normal -0.7055928112881878 0.04624701726415093 -0.7071067798095286
  outer loop
    vertex 9402.507600801964 10122.179281781686 84.0311616522982
    vertex 9402.740535791605 10122.675225304823 83.83116166707897
    vertex 9402.707600801965 10122.17273446556 83.8311616521031
  endloop
endfacet
facet normal -0.7055928112881878 0.04624701726415093 -0.7071067798095286
  outer loop
    vertex 9402.740535791605 10122.675225304823 83.83116166707897
    vertex 9402.507600801964 10122.179281781686 84.0311616522982
    vertex 9402.541821356468 10122.701386550549 84.03116166785863
  endloop
endfacet
facet normal -0.5879378012079028 0.3928475002670636 -0.707106769480208
  outer loop
    vertex 9403.043499186824 10124.17928178167 84.03116171190473
    vertex 9403.493198563876 10124.492313977538 83.83116172123415
    vertex 9403.21707590867 10124.079067220553 83.83116170891805
  endloop
endfacet
facet normal -0.5879378012079028 0.3928475002670636 -0.707106769480208
  outer loop
    vertex 9403.493198563876 10124.492313977538 83.83116172123415
    vertex 9403.043499186824 10124.17928178167 84.03116171190473
    vertex 9403.334187440802 10124.614327497711 84.0311617248705
  endloop
endfacet
facet normal -0.46622789700374484 0.5316310473064219 -0.7071067653440622
  outer loop
    vertex 9403.679173677221 10125.007708906423 84.03116173659456
    vertex 9404.194568612045 10125.193684025713 83.83116174213727
    vertex 9403.820898477134 10124.86598411247 83.83116173237075
  endloop
endfacet
facet normal -0.46622789700374484 0.5316310473064219 -0.7071067653440622
  outer loop
    vertex 9404.194568612045 10125.193684025713 83.83116174213727
    vertex 9403.679173677221 10125.007708906423 84.03116173659456
    vertex 9404.07255508592 10125.352695142832 84.03116174687626
  endloop
endfacet
facet normal -0.22729202565618487 0.6695807369461653 -0.7071067612346374
  outer loop
    vertex 9404.9768670725 10125.874799911719 84.0311617624367
    vertex 9405.524199498677 10125.849385415766 83.83116176167933
    vertex 9405.053567981502 10125.689627542906 83.83116175691801
  endloop
endfacet
facet normal -0.22729202565618487 0.6695807369461653 -0.7071067612346374
  outer loop
    vertex 9405.524199498677 10125.849385415766 83.83116176167933
    vertex 9404.9768670725 10125.874799911719 84.0311617624367
    vertex 9405.472324621554 10126.042985086831 84.03116176744915
  endloop
endfacet
facet normal -0.5316310262322913 0.46622791807653596 -0.707106767294176
  outer loop
    vertex 9403.334187440802 10124.614327497711 84.0311617248705
    vertex 9403.820898477134 10124.86598411247 83.83116173237075
    vertex 9403.493198563876 10124.492313977538 83.83116172123415
  endloop
endfacet
facet normal -0.5316310262322913 0.46622791807653596 -0.707106767294176
  outer loop
    vertex 9403.820898477134 10124.86598411247 83.83116173237075
    vertex 9403.334187440802 10124.614327497711 84.0311617248705
    vertex 9403.679173677221 10125.007708906423 84.03116173659456
  endloop
endfacet
facet normal -0.6935199226611113 0.13794971071524323 -0.7071067770752216
  outer loop
    vertex 9402.541821356468 10122.701386550549 84.03116166785863
    vertex 9402.837497173836 10123.162683090928 83.8311616816068
    vertex 9402.740535791605 10122.675225304823 83.83116166707897
  endloop
endfacet
facet normal -0.6935199226611113 0.13794971071524323 -0.7071067770752216
  outer loop
    vertex 9402.837497173836 10123.162683090928 83.8311616816068
    vertex 9402.541821356468 10122.701386550549 84.03116166785863
    vertex 9402.643897496811 10123.214557962092 84.0311616831528
  endloop
endfacet
facet normal -0.3127453320955441 0.6341848184702422 -0.7071067622886333
  outer loop
    vertex 9404.507600801977 10125.643383396819 84.03116175553974
    vertex 9405.053567981502 10125.689627542906 83.83116175691801
    vertex 9404.60781536906 10125.469806680938 83.83116175036662
  endloop
endfacet
facet normal -0.3127453320955441 0.6341848184702422 -0.7071067622886333
  outer loop
    vertex 9405.053567981502 10125.689627542906 83.83116175691801
    vertex 9404.507600801977 10125.643383396819 84.03116175553974
    vertex 9404.9768670725 10125.874799911719 84.0311617624367
  endloop
endfacet
facet normal -0.3928474791906092 0.5879378222819946 -0.7071067636671916
  outer loop
    vertex 9404.07255508592 10125.352695142832 84.03116174687626
    vertex 9404.60781536906 10125.469806680938 83.83116175036662
    vertex 9404.194568612045 10125.193684025713 83.83116174213727
  endloop
endfacet
facet normal -0.3928474791906092 0.5879378222819946 -0.7071067636671916
  outer loop
    vertex 9404.60781536906 10125.469806680938 83.83116175036662
    vertex 9404.07255508592 10125.352695142832 84.03116174687626
    vertex 9404.507600801977 10125.643383396819 84.03116175553974
  endloop
endfacet
facet normal -0.13794968964116325 0.6935199437333927 -0.7071067605191869
  outer loop
    vertex 9405.472324621554 10126.042985086831 84.03116176744915
    vertex 9406.011657284771 10125.946346797997 83.83116176456909
    vertex 9405.524199498677 10125.849385415766 83.83116176167933
  endloop
endfacet
facet normal -0.13794968964116325 0.6935199437333927 -0.7071067605191869
  outer loop
    vertex 9406.011657284771 10125.946346797997 83.83116176456909
    vertex 9405.472324621554 10126.042985086831 84.03116176744915
    vertex 9405.985496033085 10126.14506122717 84.03116177049135
  endloop
endfacet
facet normal 8.357954007131347e-20 0.7071068022571101 -0.7071067601159845
  outer loop
    vertex 9406.507600801966 10126.179281781673 84.03116177151126
    vertex 9430.404758114917 10125.979281787633 83.83116176555065
    vertex 9406.51414812405 10125.979281787633 83.83116176555065
  endloop
endfacet
facet normal 8.357954007131347e-20 0.7071068022571101 -0.7071067601159845
  outer loop
    vertex 9430.404758114917 10125.979281787633 83.83116176555065
    vertex 9406.507600801966 10126.179281781673 84.03116177151126
    vertex 9430.887600827391 10126.179281781673 84.03116177151126
  endloop
endfacet
facet normal -0.04624699618745711 0.7055928323605336 -0.7071067601607818
  outer loop
    vertex 9405.985496033085 10126.14506122717 84.03116177049135
    vertex 9406.51414812405 10125.979281787633 83.83116176555065
    vertex 9406.011657284771 10125.946346797997 83.83116176456909
  endloop
endfacet
facet normal -0.04624699618745711 0.7055928323605336 -0.7071067601607818
  outer loop
    vertex 9406.51414812405 10125.979281787633 83.83116176555065
    vertex 9405.985496033085 10126.14506122717 84.03116177049135
    vertex 9406.507600801966 10126.179281781673 84.03116177151126
  endloop
endfacet
facet normal 0.04624699618771644 0.7055928323605145 -0.707106760160784
  outer loop
    vertex 9460.861053530734 10125.979281787633 83.83116176555065
    vertex 9461.389705621697 10126.14506122717 84.03116177049135
    vertex 9461.36354437001 10125.946346797997 83.83116176456909
  endloop
endfacet
facet normal 0.04624699618771644 0.7055928323605145 -0.707106760160784
  outer loop
    vertex 9461.389705621697 10126.14506122717 84.03116177049135
    vertex 9460.861053530734 10125.979281787633 83.83116176555065
    vertex 9460.867600852818 10126.179281781673 84.03116177151126
  endloop
endfacet
facet normal -8.357954007130346e-20 0.70710680225711 -0.7071067601159845
  outer loop
    vertex 9436.487600827391 10126.179281781673 84.03116177151126
    vertex 9460.861053530734 10125.979281787633 83.83116176555065
    vertex 9436.970443539865 10125.979281787633 83.83116176555065
  endloop
endfacet
facet normal -8.357954007130346e-20 0.70710680225711 -0.7071067601159845
  outer loop
    vertex 9460.861053530734 10125.979281787633 83.83116176555065
    vertex 9436.487600827391 10126.179281781673 84.03116177151126
    vertex 9460.867600852818 10126.179281781673 84.03116177151126
  endloop
endfacet
facet normal 0.5879378012070359 0.39284750026581755 -0.7071067694816213
  outer loop
    vertex 9463.882003090903 10124.492313977542 83.83116172123415
    vertex 9464.33170246795 10124.17928178168 84.03116171190473
    vertex 9464.15812574611 10124.079067220557 83.83116170891805
  endloop
endfacet
facet normal 0.5879378012070359 0.39284750026581755 -0.7071067694816213
  outer loop
    vertex 9464.33170246795 10124.17928178168 84.03116171190473
    vertex 9463.882003090903 10124.492313977542 83.83116172123415
    vertex 9464.041014213984 10124.614327497708 84.0311617248705
  endloop
endfacet
facet normal 0.22729202565553158 0.6695807369451109 -0.7071067612358458
  outer loop
    vertex 9461.851002156109 10125.849385415764 83.83116176167933
    vertex 9462.398334582283 10125.874799911719 84.0311617624367
    vertex 9462.321633673282 10125.689627542906 83.83116175691801
  endloop
endfacet
facet normal 0.22729202565553158 0.6695807369451109 -0.7071067612358458
  outer loop
    vertex 9462.398334582283 10125.874799911719 84.0311617624367
    vertex 9461.851002156109 10125.849385415764 83.83116176167933
    vertex 9461.90287703323 10126.042985086831 84.03116176744915
  endloop
endfacet
facet normal 0.4662278970037447 0.5316310473064217 -0.7071067653440624
  outer loop
    vertex 9463.180633042737 10125.193684025713 83.83116174213727
    vertex 9463.696027977561 10125.007708906423 84.03116173659456
    vertex 9463.554303177649 10124.86598411247 83.83116173237075
  endloop
endfacet
facet normal 0.4662278970037447 0.5316310473064217 -0.7071067653440624
  outer loop
    vertex 9463.696027977561 10125.007708906423 84.03116173659456
    vertex 9463.180633042737 10125.193684025713 83.83116174213727
    vertex 9463.302646568862 10125.352695142832 84.03116174687626
  endloop
endfacet
facet normal 0.6341847973978526 0.31274535316977653 -0.7071067718669907
  outer loop
    vertex 9464.15812574611 10124.079067220557 83.83116170891805
    vertex 9464.563118982865 10123.710015511127 84.03116169791906
    vertex 9464.377946608092 10123.633314608085 83.83116169563316
  endloop
endfacet
facet normal 0.6341847973978526 0.31274535316977653 -0.7071067718669907
  outer loop
    vertex 9464.563118982865 10123.710015511127 84.03116169791906
    vertex 9464.15812574611 10124.079067220557 83.83116170891805
    vertex 9464.33170246795 10124.17928178168 84.03116171190473
  endloop
endfacet
facet normal 0.3928474791906092 0.5879378222819946 -0.7071067636671916
  outer loop
    vertex 9462.767386285723 10125.469806680938 83.83116175036662
    vertex 9463.302646568862 10125.352695142832 84.03116174687626
    vertex 9463.180633042737 10125.193684025713 83.83116174213727
  endloop
endfacet
facet normal 0.3928474791906092 0.5879378222819946 -0.7071067636671916
  outer loop
    vertex 9463.302646568862 10125.352695142832 84.03116174687626
    vertex 9462.767386285723 10125.469806680938 83.83116175036662
    vertex 9462.867600852807 10125.643383396819 84.03116175553974
  endloop
endfacet
facet normal 0.5316310262329794 0.46622791807613256 -0.7071067672939246
  outer loop
    vertex 9463.554303177649 10124.86598411247 83.83116173237075
    vertex 9464.041014213984 10124.614327497708 84.0311617248705
    vertex 9463.882003090903 10124.492313977542 83.83116172123415
  endloop
endfacet
facet normal 0.5316310262329794 0.46622791807613256 -0.7071067672939246
  outer loop
    vertex 9464.041014213984 10124.614327497708 84.0311617248705
    vertex 9463.554303177649 10124.86598411247 83.83116173237075
    vertex 9463.696027977561 10125.007708906423 84.03116173659456
  endloop
endfacet
facet normal 0.1379496896407082 0.6935199437322069 -0.7071067605204385
  outer loop
    vertex 9461.36354437001 10125.946346797997 83.83116176456909
    vertex 9461.90287703323 10126.042985086831 84.03116176744915
    vertex 9461.851002156109 10125.849385415764 83.83116176167933
  endloop
endfacet
facet normal 0.1379496896407082 0.6935199437322069 -0.7071067605204385
  outer loop
    vertex 9461.90287703323 10126.042985086831 84.03116176744915
    vertex 9461.36354437001 10125.946346797997 83.83116176456909
    vertex 9461.389705621697 10126.14506122717 84.03116177049135
  endloop
endfacet
facet normal 0.3127453320955442 0.6341848184702424 -0.7071067622886332
  outer loop
    vertex 9462.321633673282 10125.689627542906 83.83116175691801
    vertex 9462.867600852807 10125.643383396819 84.03116175553974
    vertex 9462.767386285723 10125.469806680938 83.83116175036662
  endloop
endfacet
facet normal 0.3127453320955442 0.6341848184702424 -0.7071067622886332
  outer loop
    vertex 9462.867600852807 10125.643383396819 84.03116175553974
    vertex 9462.321633673282 10125.689627542906 83.83116175691801
    vertex 9462.398334582283 10125.874799911719 84.0311617624367
  endloop
endfacet
facet normal 0.6935199226600566 0.1379497107154053 -0.7071067770762243
  outer loop
    vertex 9464.537704480948 10123.162683090924 83.8311616816068
    vertex 9464.833380298314 10122.701386550549 84.03116166785863
    vertex 9464.63466586318 10122.675225304823 83.83116166707897
  endloop
endfacet
facet normal 0.6935199226600566 0.1379497107154053 -0.7071067770762243
  outer loop
    vertex 9464.833380298314 10122.701386550549 84.03116166785863
    vertex 9464.537704480948 10123.162683090924 83.8311616816068
    vertex 9464.731304157975 10123.214557962085 84.0311616831528
  endloop
endfacet
facet normal 0.705592811288188 0.04624701726415095 -0.7071067798095285
  outer loop
    vertex 9464.63466586318 10122.675225304823 83.83116166707897
    vertex 9464.867600852818 10122.179281781686 84.0311616522982
    vertex 9464.66760085282 10122.17273446556 83.8311616521031
  endloop
endfacet
facet normal 0.705592811288188 0.04624701726415095 -0.7071067798095285
  outer loop
    vertex 9464.867600852818 10122.179281781686 84.0311616522982
    vertex 9464.63466586318 10122.675225304823 83.83116166707897
    vertex 9464.833380298314 10122.701386550549 84.03116166785863
  endloop
endfacet
facet normal 0.6695807158735697 0.2272920467302482 -0.7071067744148777
  outer loop
    vertex 9464.377946608092 10123.633314608085 83.83116169563316
    vertex 9464.731304157975 10123.214557962085 84.0311616831528
    vertex 9464.537704480948 10123.162683090924 83.8311616816068
  endloop
endfacet
facet normal 0.6695807158735697 0.2272920467302482 -0.7071067744148777
  outer loop
    vertex 9464.731304157975 10123.214557962085 84.0311616831528
    vertex 9464.377946608092 10123.633314608085 83.83116169563316
    vertex 9464.563118982865 10123.710015511127 84.03116169791906
  endloop
endfacet
facet normal -0.7071067811867292 2.107409175141217e-08 -0.7071067811863657
  outer loop
    vertex 9433.687600827392 10126.179281698223 86.83116177151204
    vertex 9436.487600827391 10112.897770141924 84.03116137567882
    vertex 9433.687600827392 10112.897770058473 86.83116137567963
  endloop
endfacet
facet normal -0.7071067811867292 2.107409175141217e-08 -0.7071067811863657
  outer loop
    vertex 9436.487600827391 10112.897770141924 84.03116137567882
    vertex 9433.687600827392 10126.179281698223 86.83116177151204
    vertex 9436.487600827391 10126.179281781673 84.03116177151126
  endloop
endfacet
facet normal 2.772265876954564e-12 -2.991258860827725e-08 0.9999999999999997
  outer loop
    vertex 9416.902090957825 10058.519281484594 94.83115975202062
    vertex 9419.507600801964 10097.897769820045 94.83116092862994
    vertex 9416.902090982452 10112.659281465043 94.831161402592
  endloop
endfacet
facet normal 2.772265876954564e-12 -2.991258860827725e-08 0.9999999999999997
  outer loop
    vertex 9419.507600801964 10097.897769820045 94.83116092862994
    vertex 9416.902090957825 10058.519281484594 94.83115975202062
    vertex 9450.4873439525 10058.519281499719 94.83115973633349
  endloop
endfacet
facet normal 2.772265876954564e-12 -2.991258860827725e-08 0.9999999999999997
  outer loop
    vertex 9419.507600801964 10097.897769820045 94.83116092862994
    vertex 9450.4873439525 10058.519281499719 94.83115973633349
    vertex 9447.86760085282 10097.897769820045 94.83116092862994
  endloop
endfacet
facet normal 2.772265876954564e-12 -2.991258860827725e-08 0.9999999999999997
  outer loop
    vertex 9416.902090982452 10112.659281465043 94.831161402592
    vertex 9419.507600801964 10097.897769820045 94.83116092862994
    vertex 9419.507600801964 10112.897769820047 94.83116137567895
  endloop
endfacet
facet normal 2.772265876954564e-12 -2.991258860827725e-08 0.9999999999999997
  outer loop
    vertex 9416.902090982452 10112.659281465043 94.831161402592
    vertex 9419.507600801964 10112.897769820047 94.83116137567895
    vertex 9414.202090981647 10112.659281465567 94.83116140478228
  endloop
endfacet
facet normal 2.772265876954564e-12 -2.991258860827725e-08 0.9999999999999997
  outer loop
    vertex 9464.867600852818 10047.979281423017 94.8311594408959
    vertex 9453.187343953316 10058.519281500243 94.83115973852377
    vertex 9402.507600801964 10047.979281423017 94.8311594408959
  endloop
endfacet
facet normal 2.772265876954564e-12 -2.991258860827725e-08 0.9999999999999997
  outer loop
    vertex 9453.187343953316 10058.519281500243 94.83115973852377
    vertex 9464.867600852818 10047.979281423017 94.8311594408959
    vertex 9464.867600852818 10122.179281459797 94.8311616522983
  endloop
endfacet
facet normal 2.772265876954564e-12 -2.991258860827725e-08 0.9999999999999997
  outer loop
    vertex 9402.507600801964 10047.979281423017 94.8311594408959
    vertex 9453.187343953316 10058.519281500243 94.83115973852377
    vertex 9416.902090957825 10058.519281484594 94.83115975202062
  endloop
endfacet
facet normal 2.772265876954564e-12 -2.991258860827725e-08 0.9999999999999997
  outer loop
    vertex 9416.902090957825 10058.519281484594 94.83115975202062
    vertex 9453.187343953316 10058.519281500243 94.83115973852377
    vertex 9450.4873439525 10058.519281499719 94.83115973633349
  endloop
endfacet
facet normal 2.772265876954564e-12 -2.991258860827725e-08 0.9999999999999997
  outer loop
    vertex 9453.187343953316 10058.519281500243 94.83115973852377
    vertex 9464.867600852818 10122.179281459797 94.8311616522983
    vertex 9453.187343928692 10112.659281480412 94.83116138908937
  endloop
endfacet
facet normal 2.772265876954564e-12 -2.991258860827725e-08 0.9999999999999997
  outer loop
    vertex 9453.187343928692 10112.659281480412 94.83116138908937
    vertex 9464.867600852818 10122.179281459797 94.8311616522983
    vertex 9447.86760085282 10112.897769820047 94.83116137567895
  endloop
endfacet
facet normal 2.772265876954564e-12 -2.991258860827725e-08 0.9999999999999997
  outer loop
    vertex 9447.86760085282 10112.897769820047 94.83116137567895
    vertex 9464.867600852818 10122.179281459797 94.8311616522983
    vertex 9419.507600801964 10112.897769820047 94.83116137567895
  endloop
endfacet
facet normal 2.772265876954564e-12 -2.991258860827725e-08 0.9999999999999997
  outer loop
    vertex 9402.507600801964 10047.979281423017 94.8311594408959
    vertex 9414.20209095702 10058.519281485118 94.8311597542109
    vertex 9402.507600801964 10122.179281459797 94.8311616522983
  endloop
endfacet
facet normal 2.772265876954564e-12 -2.991258860827725e-08 0.9999999999999997
  outer loop
    vertex 9414.20209095702 10058.519281485118 94.8311597542109
    vertex 9402.507600801964 10047.979281423017 94.8311594408959
    vertex 9416.902090957825 10058.519281484594 94.83115975202062
  endloop
endfacet
facet normal 2.772265876954564e-12 -2.991258860827725e-08 0.9999999999999997
  outer loop
    vertex 9402.507600801964 10122.179281459797 94.8311616522983
    vertex 9414.20209095702 10058.519281485118 94.8311597542109
    vertex 9414.202090981647 10112.659281465567 94.83116140478228
  endloop
endfacet
facet normal 2.772265876954564e-12 -2.991258860827725e-08 0.9999999999999997
  outer loop
    vertex 9402.507600801964 10122.179281459797 94.8311616522983
    vertex 9414.202090981647 10112.659281465567 94.83116140478228
    vertex 9419.507600801964 10112.897769820047 94.83116137567895
  endloop
endfacet
facet normal 2.772265876954564e-12 -2.991258860827725e-08 0.9999999999999997
  outer loop
    vertex 9402.507600801964 10122.179281459797 94.8311616522983
    vertex 9419.507600801964 10112.897769820047 94.83116137567895
    vertex 9464.867600852818 10122.179281459797 94.8311616522983
  endloop
endfacet
facet normal 2.772265876954564e-12 -2.991258860827725e-08 0.9999999999999997
  outer loop
    vertex 9402.507600801964 10122.179281459797 94.8311616522983
    vertex 9464.867600852818 10122.179281459797 94.8311616522983
    vertex 9464.833380298312 10122.701386228677 94.83116166785875
  endloop
endfacet
facet normal 2.772265876954564e-12 -2.991258860827725e-08 0.9999999999999997
  outer loop
    vertex 9402.507600801964 10122.179281459797 94.8311616522983
    vertex 9464.833380298312 10122.701386228677 94.83116166785875
    vertex 9402.54182135647 10122.701386228677 94.83116166785875
  endloop
endfacet
facet normal 2.772265876954564e-12 -2.991258860827725e-08 0.9999999999999997
  outer loop
    vertex 9402.54182135647 10122.701386228677 94.83116166785875
    vertex 9464.833380298312 10122.701386228677 94.83116166785875
    vertex 9464.731304157975 10123.214557640209 94.83116168315291
  endloop
endfacet
facet normal 2.772265876954564e-12 -2.991258860827725e-08 0.9999999999999997
  outer loop
    vertex 9402.54182135647 10122.701386228677 94.83116166785875
    vertex 9464.731304157975 10123.214557640209 94.83116168315291
    vertex 9402.64389749681 10123.214557640209 94.83116168315291
  endloop
endfacet
facet normal 2.772265876954564e-12 -2.991258860827725e-08 0.9999999999999997
  outer loop
    vertex 9402.64389749681 10123.214557640209 94.83116168315291
    vertex 9464.731304157975 10123.214557640209 94.83116168315291
    vertex 9464.563118982864 10123.710015189257 94.83116169791919
  endloop
endfacet
facet normal 2.772265876954564e-12 -2.991258860827725e-08 0.9999999999999997
  outer loop
    vertex 9402.64389749681 10123.214557640209 94.83116168315291
    vertex 9464.563118982864 10123.710015189257 94.83116169791919
    vertex 9402.812082671919 10123.710015189257 94.83116169791919
  endloop
endfacet
facet normal 2.772265876954564e-12 -2.991258860827725e-08 0.9999999999999997
  outer loop
    vertex 9402.812082671919 10123.710015189257 94.83116169791919
    vertex 9464.563118982864 10123.710015189257 94.83116169791919
    vertex 9464.331702467956 10124.179281459797 94.83116171190484
  endloop
endfacet
facet normal 2.772265876954564e-12 -2.991258860827725e-08 0.9999999999999997
  outer loop
    vertex 9402.812082671919 10123.710015189257 94.83116169791919
    vertex 9464.331702467956 10124.179281459797 94.83116171190484
    vertex 9403.043499186826 10124.179281459797 94.83116171190484
  endloop
endfacet
facet normal 2.772265876954564e-12 -2.991258860827725e-08 0.9999999999999997
  outer loop
    vertex 9403.043499186826 10124.179281459797 94.83116171190484
    vertex 9464.331702467956 10124.179281459797 94.83116171190484
    vertex 9464.041014213983 10124.614327175834 94.83116172487063
  endloop
endfacet
facet normal 2.772265876954564e-12 -2.991258860827725e-08 0.9999999999999997
  outer loop
    vertex 9403.043499186826 10124.179281459797 94.83116171190484
    vertex 9464.041014213983 10124.614327175834 94.83116172487063
    vertex 9403.334187440802 10124.614327175834 94.83116172487063
  endloop
endfacet
facet normal 2.772265876954564e-12 -2.991258860827725e-08 0.9999999999999997
  outer loop
    vertex 9403.334187440802 10124.614327175834 94.83116172487063
    vertex 9464.041014213983 10124.614327175834 94.83116172487063
    vertex 9463.696027977565 10125.007708584544 94.83116173659468
  endloop
endfacet
facet normal 2.772265876954564e-12 -2.991258860827725e-08 0.9999999999999997
  outer loop
    vertex 9403.334187440802 10124.614327175834 94.83116172487063
    vertex 9463.696027977565 10125.007708584544 94.83116173659468
    vertex 9403.67917367722 10125.007708584544 94.83116173659468
  endloop
endfacet
facet normal 2.772265876954564e-12 -2.991258860827725e-08 0.9999999999999997
  outer loop
    vertex 9403.67917367722 10125.007708584544 94.83116173659468
    vertex 9463.696027977565 10125.007708584544 94.83116173659468
    vertex 9463.302646568854 10125.352694820962 94.83116174687639
  endloop
endfacet
facet normal 2.772265876954564e-12 -2.991258860827725e-08 0.9999999999999997
  outer loop
    vertex 9403.67917367722 10125.007708584544 94.83116173659468
    vertex 9463.302646568854 10125.352694820962 94.83116174687639
    vertex 9404.07255508593 10125.352694820962 94.83116174687639
  endloop
endfacet
facet normal 2.772265876954564e-12 -2.991258860827725e-08 0.9999999999999997
  outer loop
    vertex 9404.07255508593 10125.352694820962 94.83116174687639
    vertex 9463.302646568854 10125.352694820962 94.83116174687639
    vertex 9462.867600852818 10125.643383074936 94.83116175553985
  endloop
endfacet
facet normal 2.772265876954564e-12 -2.991258860827725e-08 0.9999999999999997
  outer loop
    vertex 9404.07255508593 10125.352694820962 94.83116174687639
    vertex 9462.867600852818 10125.643383074936 94.83116175553985
    vertex 9404.507600801964 10125.643383074936 94.83116175553985
  endloop
endfacet
facet normal 2.772265876954564e-12 -2.991258860827725e-08 0.9999999999999997
  outer loop
    vertex 9404.507600801964 10125.643383074936 94.83116175553985
    vertex 9462.867600852818 10125.643383074936 94.83116175553985
    vertex 9462.398334582278 10125.874799589843 94.8311617624368
  endloop
endfacet
facet normal 2.772265876954564e-12 -2.991258860827725e-08 0.9999999999999997
  outer loop
    vertex 9404.507600801964 10125.643383074936 94.83116175553985
    vertex 9462.398334582278 10125.874799589843 94.8311617624368
    vertex 9404.976867072504 10125.874799589843 94.8311617624368
  endloop
endfacet
facet normal 2.772265876954564e-12 -2.991258860827725e-08 0.9999999999999997
  outer loop
    vertex 9404.976867072504 10125.874799589843 94.8311617624368
    vertex 9462.398334582278 10125.874799589843 94.8311617624368
    vertex 9461.902877033228 10126.042984764954 94.83116176744929
  endloop
endfacet
facet normal 2.772265876954564e-12 -2.991258860827725e-08 0.9999999999999997
  outer loop
    vertex 9404.976867072504 10125.874799589843 94.8311617624368
    vertex 9461.902877033228 10126.042984764954 94.83116176744929
    vertex 9405.472324621554 10126.042984764954 94.83116176744929
  endloop
endfacet
facet normal 2.772265876954564e-12 -2.991258860827725e-08 0.9999999999999997
  outer loop
    vertex 9405.472324621554 10126.042984764954 94.83116176744929
    vertex 9461.902877033228 10126.042984764954 94.83116176744929
    vertex 9461.389705621697 10126.145060905292 94.83116177049148
  endloop
endfacet
facet normal 2.772265876954564e-12 -2.991258860827725e-08 0.9999999999999997
  outer loop
    vertex 9405.472324621554 10126.042984764954 94.83116176744929
    vertex 9461.389705621697 10126.145060905292 94.83116177049148
    vertex 9405.985496033085 10126.145060905292 94.83116177049148
  endloop
endfacet
facet normal 2.772265876954564e-12 -2.991258860827725e-08 0.9999999999999997
  outer loop
    vertex 9405.985496033085 10126.145060905292 94.83116177049148
    vertex 9461.389705621697 10126.145060905292 94.83116177049148
    vertex 9460.867600852818 10126.179281459797 94.83116177151138
  endloop
endfacet
facet normal 2.772265876954564e-12 -2.991258860827725e-08 0.9999999999999997
  outer loop
    vertex 9405.985496033085 10126.145060905292 94.83116177049148
    vertex 9460.867600852818 10126.179281459797 94.83116177151138
    vertex 9406.507600801966 10126.179281459797 94.83116177151138
  endloop
endfacet
facet normal 2.772265876954564e-12 -2.991258860827725e-08 0.9999999999999997
  outer loop
    vertex 9406.507600801966 10126.179281459797 94.83116177151138
    vertex 9460.867600852818 10126.179281459797 94.83116177151138
    vertex 9424.469464359658 10126.179281459797 94.83116177151138
  endloop
endfacet
facet normal 2.772265876954564e-12 -2.991258860827725e-08 0.9999999999999997
  outer loop
    vertex 9406.507600801966 10126.179281459797 94.83116177151138
    vertex 9424.469464359658 10126.179281459797 94.83116177151138
    vertex 9406.769464477064 10126.179281459797 94.83116177151138
  endloop
endfacet
facet normal 2.772265876954564e-12 -2.991258860827725e-08 0.9999999999999997
  outer loop
    vertex 9450.487343927889 10112.659281479886 94.8311613868991
    vertex 9447.86760085282 10097.897769820045 94.83116092862994
    vertex 9450.4873439525 10058.519281499719 94.83115973633349
  endloop
endfacet
facet normal 2.772265876954564e-12 -2.991258860827725e-08 0.9999999999999997
  outer loop
    vertex 9447.86760085282 10097.897769820045 94.83116092862994
    vertex 9450.487343927889 10112.659281479886 94.8311613868991
    vertex 9447.86760085282 10112.897769820047 94.83116137567895
  endloop
endfacet
facet normal 2.772265876954564e-12 -2.991258860827725e-08 0.9999999999999997
  outer loop
    vertex 9447.86760085282 10112.897769820047 94.83116137567895
    vertex 9450.487343927889 10112.659281479886 94.8311613868991
    vertex 9453.187343928692 10112.659281480412 94.83116138908937
  endloop
endfacet
facet normal 3.406369031014471e-17 2.980326695057225e-08 -0.9999999999999997
  outer loop
    vertex 9402.707600801965 10048.179281750854 83.83115944685647
    vertex 9412.950409949126 10063.961058071927 83.83115991720499
    vertex 9430.404758114917 10048.179281750854 83.83115944685647
  endloop
endfacet
facet normal 3.406369031014471e-17 2.980326695057225e-08 -0.9999999999999997
  outer loop
    vertex 9412.950409949126 10063.961058071927 83.83115991720499
    vertex 9402.707600801965 10048.179281750854 83.83115944685647
    vertex 9412.600439291164 10064.417148713132 83.83115993079797
  endloop
endfacet
facet normal 3.406369031014471e-17 2.980326695057225e-08 -0.9999999999999997
  outer loop
    vertex 9412.600439291164 10064.417148713132 83.83115993079797
    vertex 9402.707600801965 10048.179281750854 83.83115944685647
    vertex 9412.38043853844 10064.948277514091 83.83115994662734
  endloop
endfacet
facet normal 3.406369031014471e-17 2.980326695057225e-08 -0.9999999999999997
  outer loop
    vertex 9412.38043853844 10064.948277514091 83.83115994662734
    vertex 9402.707600801965 10048.179281750854 83.83115944685647
    vertex 9402.707600801965 10122.17273446556 83.8311616521031
  endloop
endfacet
facet normal 3.406369031014471e-17 2.980326695057225e-08 -0.9999999999999997
  outer loop
    vertex 9430.404758114917 10048.179281750854 83.83115944685647
    vertex 9412.950409949126 10063.961058071927 83.83115991720499
    vertex 9413.406500590316 10063.611087413978 83.8311599067747
  endloop
endfacet
facet normal 3.406369031014471e-17 2.980326695057225e-08 -0.9999999999999997
  outer loop
    vertex 9430.404758114917 10048.179281750854 83.83115944685647
    vertex 9413.406500590316 10063.611087413978 83.8311599067747
    vertex 9413.937629391281 10063.39108666125 83.83115990021797
  endloop
endfacet
facet normal 3.406369031014471e-17 2.980326695057225e-08 -0.9999999999999997
  outer loop
    vertex 9430.404758114917 10048.179281750854 83.83115944685647
    vertex 9413.937629391281 10063.39108666125 83.83115990021797
    vertex 9414.507600801966 10063.31604850148 83.83115989798156
  endloop
endfacet
facet normal 3.406369031014471e-17 2.980326695057225e-08 -0.9999999999999997
  outer loop
    vertex 9412.38043853844 10064.948277514091 83.83115994662734
    vertex 9402.707600801965 10122.17273446556 83.8311616521031
    vertex 9412.315427909722 10065.442082264539 83.83115996134433
  endloop
endfacet
facet normal 3.406369031014471e-17 2.980326695057225e-08 -0.9999999999999997
  outer loop
    vertex 9412.315427909722 10065.442082264539 83.83115996134433
    vertex 9402.707600801965 10122.17273446556 83.8311616521031
    vertex 9412.30540037867 10065.518248924776 83.83115996361435
  endloop
endfacet
facet normal 3.406369031014471e-17 2.980326695057225e-08 -0.9999999999999997
  outer loop
    vertex 9412.30540037867 10065.518248924776 83.83115996361435
    vertex 9402.707600801965 10122.17273446556 83.8311616521031
    vertex 9412.315427909722 10065.594415585016 83.83115996588438
  endloop
endfacet
facet normal 3.406369031014471e-17 2.980326695057225e-08 -0.9999999999999997
  outer loop
    vertex 9412.315427909722 10065.594415585016 83.83115996588438
    vertex 9402.707600801965 10122.17273446556 83.8311616521031
    vertex 9412.38043853844 10066.088220335461 83.83115998060136
  endloop
endfacet
facet normal 3.406369031014471e-17 2.980326695057225e-08 -0.9999999999999997
  outer loop
    vertex 9412.38043853844 10066.088220335461 83.83115998060136
    vertex 9402.707600801965 10122.17273446556 83.8311616521031
    vertex 9412.600439291164 10066.619349136423 83.83115999643074
  endloop
endfacet
facet normal 3.406369031014471e-17 2.980326695057225e-08 -0.9999999999999997
  outer loop
    vertex 9412.600439291164 10066.619349136423 83.83115999643074
    vertex 9402.707600801965 10122.17273446556 83.8311616521031
    vertex 9412.950409949122 10067.07543977762 83.83116001002371
  endloop
endfacet
facet normal 3.406369031014471e-17 2.980326695057225e-08 -0.9999999999999997
  outer loop
    vertex 9412.950409949122 10067.07543977762 83.83116001002371
    vertex 9402.707600801965 10122.17273446556 83.8311616521031
    vertex 9413.406500590323 10067.425410435579 83.83116002045399
  endloop
endfacet
facet normal 3.406369031014471e-17 2.980326695057225e-08 -0.9999999999999997
  outer loop
    vertex 9413.406500590323 10067.425410435579 83.83116002045399
    vertex 9402.707600801965 10122.17273446556 83.8311616521031
    vertex 9413.937629391274 10067.645411188301 83.83116002701074
  endloop
endfacet
facet normal 3.406369031014471e-17 2.980326695057225e-08 -0.9999999999999997
  outer loop
    vertex 9413.937629391274 10067.645411188301 83.83116002701074
    vertex 9402.707600801965 10122.17273446556 83.8311616521031
    vertex 9414.507600801966 10067.720449348071 83.83116002924713
  endloop
endfacet
facet normal 3.406369031014471e-17 2.980326695057225e-08 -0.9999999999999997
  outer loop
    vertex 9414.507600801966 10067.720449348071 83.83116002924713
    vertex 9402.707600801965 10122.17273446556 83.8311616521031
    vertex 9412.600439291164 10103.417148713132 83.83116109312537
  endloop
endfacet
facet normal 3.406369031014471e-17 2.980326695057225e-08 -0.9999999999999997
  outer loop
    vertex 9414.507600801966 10067.720449348071 83.83116002924713
    vertex 9412.600439291164 10103.417148713132 83.83116109312537
    vertex 9412.950409949126 10102.961058071925 83.8311610795324
  endloop
endfacet
facet normal 3.406369031014471e-17 2.980326695057225e-08 -0.9999999999999997
  outer loop
    vertex 9414.507600801966 10067.720449348071 83.83116002924713
    vertex 9412.950409949126 10102.961058071925 83.8311610795324
    vertex 9419.307600801963 10097.697770147885 83.83116092266921
  endloop
endfacet
facet normal 3.406369031014471e-17 2.980326695057225e-08 -0.9999999999999997
  outer loop
    vertex 9419.307600801963 10097.697770147885 83.83116092266921
    vertex 9412.950409949126 10102.961058071925 83.8311610795324
    vertex 9413.406500590316 10102.611087413978 83.83116106910212
  endloop
endfacet
facet normal 3.406369031014471e-17 2.980326695057225e-08 -0.9999999999999997
  outer loop
    vertex 9419.307600801963 10097.697770147885 83.83116092266921
    vertex 9413.406500590316 10102.611087413978 83.83116106910212
    vertex 9413.93762939128 10102.391086661251 83.83116106254536
  endloop
endfacet
facet normal 3.406369031014471e-17 2.980326695057225e-08 -0.9999999999999997
  outer loop
    vertex 9419.307600801963 10097.697770147885 83.83116092266921
    vertex 9413.93762939128 10102.391086661251 83.83116106254536
    vertex 9414.507600801966 10102.316048501481 83.83116106030899
  endloop
endfacet
facet normal 3.406369031014471e-17 2.980326695057225e-08 -0.9999999999999997
  outer loop
    vertex 9412.600439291164 10103.417148713132 83.83116109312537
    vertex 9402.707600801965 10122.17273446556 83.8311616521031
    vertex 9412.38043853844 10103.948277514091 83.83116110895476
  endloop
endfacet
facet normal 3.406369031014471e-17 2.980326695057225e-08 -0.9999999999999997
  outer loop
    vertex 9412.38043853844 10103.948277514091 83.83116110895476
    vertex 9402.707600801965 10122.17273446556 83.8311616521031
    vertex 9412.30540037867 10104.518248924776 83.83116112594178
  endloop
endfacet
facet normal 3.406369031014471e-17 2.980326695057225e-08 -0.9999999999999997
  outer loop
    vertex 9412.30540037867 10104.518248924776 83.83116112594178
    vertex 9402.707600801965 10122.17273446556 83.8311616521031
    vertex 9412.38043853844 10105.088220335461 83.83116114292876
  endloop
endfacet
facet normal 3.406369031014471e-17 2.980326695057225e-08 -0.9999999999999997
  outer loop
    vertex 9412.38043853844 10105.088220335461 83.83116114292876
    vertex 9402.707600801965 10122.17273446556 83.8311616521031
    vertex 9412.600439291164 10105.619349136421 83.83116115875812
  endloop
endfacet
facet normal 3.406369031014471e-17 2.980326695057225e-08 -0.9999999999999997
  outer loop
    vertex 9412.600439291164 10105.619349136421 83.83116115875812
    vertex 9402.707600801965 10122.17273446556 83.8311616521031
    vertex 9412.950409949126 10106.075439777625 83.83116117235113
  endloop
endfacet
facet normal 3.406369031014471e-17 2.980326695057225e-08 -0.9999999999999997
  outer loop
    vertex 9412.950409949126 10106.075439777625 83.83116117235113
    vertex 9402.707600801965 10122.17273446556 83.8311616521031
    vertex 9413.406500590316 10106.425410435575 83.8311611827814
  endloop
endfacet
facet normal 3.406369031014471e-17 2.980326695057225e-08 -0.9999999999999997
  outer loop
    vertex 9413.406500590316 10106.425410435575 83.8311611827814
    vertex 9402.707600801965 10122.17273446556 83.8311616521031
    vertex 9413.93762939128 10106.645411188301 83.83116118933815
  endloop
endfacet
facet normal 3.406369031014471e-17 2.980326695057225e-08 -0.9999999999999997
  outer loop
    vertex 9413.93762939128 10106.645411188301 83.83116118933815
    vertex 9402.707600801965 10122.17273446556 83.8311616521031
    vertex 9414.507600801966 10106.720449348071 83.83116119157452
  endloop
endfacet
facet normal 3.406369031014471e-17 2.980326695057225e-08 -0.9999999999999997
  outer loop
    vertex 9414.507600801966 10106.720449348071 83.83116119157452
    vertex 9402.707600801965 10122.17273446556 83.8311616521031
    vertex 9419.307600801963 10113.097770147884 83.83116138163952
  endloop
endfacet
facet normal 3.406369031014471e-17 2.980326695057225e-08 -0.9999999999999997
  outer loop
    vertex 9419.307600801963 10113.097770147884 83.83116138163952
    vertex 9402.707600801965 10122.17273446556 83.8311616521031
    vertex 9430.404758114917 10113.097770147884 83.83116138163952
  endloop
endfacet
facet normal 3.406369031014471e-17 2.980326695057225e-08 -0.9999999999999997
  outer loop
    vertex 9430.404758114917 10113.097770147884 83.83116138163952
    vertex 9402.707600801965 10122.17273446556 83.8311616521031
    vertex 9430.404758114917 10125.979281787633 83.83116176555065
  endloop
endfacet
facet normal 3.406369031014471e-17 2.980326695057225e-08 -0.9999999999999997
  outer loop
    vertex 9430.404758114917 10125.979281787633 83.83116176555065
    vertex 9402.707600801965 10122.17273446556 83.8311616521031
    vertex 9402.740535791605 10122.675225304823 83.83116166707897
  endloop
endfacet
facet normal 3.406369031014471e-17 2.980326695057225e-08 -0.9999999999999997
  outer loop
    vertex 9430.404758114917 10125.979281787633 83.83116176555065
    vertex 9402.740535791605 10122.675225304823 83.83116166707897
    vertex 9402.837497173836 10123.162683090928 83.8311616816068
  endloop
endfacet
facet normal 3.406369031014471e-17 2.980326695057225e-08 -0.9999999999999997
  outer loop
    vertex 9430.404758114917 10125.979281787633 83.83116176555065
    vertex 9402.837497173836 10123.162683090928 83.8311616816068
    vertex 9402.997255046688 10123.633314608089 83.83116169563316
  endloop
endfacet
facet normal 3.406369031014471e-17 2.980326695057225e-08 -0.9999999999999997
  outer loop
    vertex 9430.404758114917 10125.979281787633 83.83116176555065
    vertex 9402.997255046688 10123.633314608089 83.83116169563316
    vertex 9403.21707590867 10124.079067220553 83.83116170891805
  endloop
endfacet
facet normal 3.406369031014471e-17 2.980326695057225e-08 -0.9999999999999997
  outer loop
    vertex 9430.404758114917 10125.979281787633 83.83116176555065
    vertex 9403.21707590867 10124.079067220553 83.83116170891805
    vertex 9403.493198563876 10124.492313977538 83.83116172123415
  endloop
endfacet
facet normal 3.406369031014471e-17 2.980326695057225e-08 -0.9999999999999997
  outer loop
    vertex 9430.404758114917 10125.979281787633 83.83116176555065
    vertex 9403.493198563876 10124.492313977538 83.83116172123415
    vertex 9403.820898477134 10124.86598411247 83.83116173237075
  endloop
endfacet
facet normal 3.406369031014471e-17 2.980326695057225e-08 -0.9999999999999997
  outer loop
    vertex 9430.404758114917 10125.979281787633 83.83116176555065
    vertex 9403.820898477134 10124.86598411247 83.83116173237075
    vertex 9404.194568612045 10125.193684025713 83.83116174213727
  endloop
endfacet
facet normal 3.406369031014471e-17 2.980326695057225e-08 -0.9999999999999997
  outer loop
    vertex 9430.404758114917 10125.979281787633 83.83116176555065
    vertex 9404.194568612045 10125.193684025713 83.83116174213727
    vertex 9404.60781536906 10125.469806680938 83.83116175036662
  endloop
endfacet
facet normal 3.406369031014471e-17 2.980326695057225e-08 -0.9999999999999997
  outer loop
    vertex 9430.404758114917 10125.979281787633 83.83116176555065
    vertex 9404.60781536906 10125.469806680938 83.83116175036662
    vertex 9405.053567981502 10125.689627542906 83.83116175691801
  endloop
endfacet
facet normal 3.406369031014471e-17 2.980326695057225e-08 -0.9999999999999997
  outer loop
    vertex 9430.404758114917 10125.979281787633 83.83116176555065
    vertex 9405.053567981502 10125.689627542906 83.83116175691801
    vertex 9405.524199498677 10125.849385415766 83.83116176167933
  endloop
endfacet
facet normal 3.406369031014471e-17 2.980326695057225e-08 -0.9999999999999997
  outer loop
    vertex 9430.404758114917 10125.979281787633 83.83116176555065
    vertex 9405.524199498677 10125.849385415766 83.83116176167933
    vertex 9406.011657284771 10125.946346797997 83.83116176456909
  endloop
endfacet
facet normal 3.406369031014471e-17 2.980326695057225e-08 -0.9999999999999997
  outer loop
    vertex 9430.404758114917 10125.979281787633 83.83116176555065
    vertex 9406.011657284771 10125.946346797997 83.83116176456909
    vertex 9406.51414812405 10125.979281787633 83.83116176555065
  endloop
endfacet
facet normal 3.406369031014471e-17 2.980326695057225e-08 -0.9999999999999997
  outer loop
    vertex 9419.307600801963 10097.697770147885 83.83116092266921
    vertex 9416.634763065491 10103.948277514093 83.83116110895476
    vertex 9419.307600801963 10113.097770147884 83.83116138163952
  endloop
endfacet
facet normal 3.406369031014471e-17 2.980326695057225e-08 -0.9999999999999997
  outer loop
    vertex 9416.634763065491 10103.948277514093 83.83116110895476
    vertex 9419.307600801963 10097.697770147885 83.83116092266921
    vertex 9416.414762312763 10103.417148713128 83.83116109312537
  endloop
endfacet
facet normal 3.406369031014471e-17 2.980326695057225e-08 -0.9999999999999997
  outer loop
    vertex 9416.414762312763 10103.417148713128 83.83116109312537
    vertex 9419.307600801963 10097.697770147885 83.83116092266921
    vertex 9416.064791654808 10102.96105807193 83.8311610795324
  endloop
endfacet
facet normal 3.406369031014471e-17 2.980326695057225e-08 -0.9999999999999997
  outer loop
    vertex 9416.064791654808 10102.96105807193 83.8311610795324
    vertex 9419.307600801963 10097.697770147885 83.83116092266921
    vertex 9415.608701013614 10102.611087413976 83.83116106910212
  endloop
endfacet
facet normal 3.406369031014471e-17 2.980326695057225e-08 -0.9999999999999997
  outer loop
    vertex 9415.608701013614 10102.611087413976 83.83116106910212
    vertex 9419.307600801963 10097.697770147885 83.83116092266921
    vertex 9415.077572212651 10102.391086661251 83.83116106254536
  endloop
endfacet
facet normal 3.406369031014471e-17 2.980326695057225e-08 -0.9999999999999997
  outer loop
    vertex 9415.077572212651 10102.391086661251 83.83116106254536
    vertex 9419.307600801963 10097.697770147885 83.83116092266921
    vertex 9414.507600801966 10102.316048501481 83.83116106030899
  endloop
endfacet
facet normal 3.406369031014471e-17 2.980326695057225e-08 -0.9999999999999997
  outer loop
    vertex 9419.307600801963 10113.097770147884 83.83116138163952
    vertex 9416.634763065491 10103.948277514093 83.83116110895476
    vertex 9416.699773694207 10104.442082264537 83.83116112367175
  endloop
endfacet
facet normal 3.406369031014471e-17 2.980326695057225e-08 -0.9999999999999997
  outer loop
    vertex 9419.307600801963 10113.097770147884 83.83116138163952
    vertex 9416.699773694207 10104.442082264537 83.83116112367175
    vertex 9416.709801225259 10104.518248924776 83.83116112594178
  endloop
endfacet
facet normal 3.406369031014471e-17 2.980326695057225e-08 -0.9999999999999997
  outer loop
    vertex 9419.307600801963 10113.097770147884 83.83116138163952
    vertex 9416.709801225259 10104.518248924776 83.83116112594178
    vertex 9416.699773694207 10104.594415585014 83.83116112821178
  endloop
endfacet
facet normal 3.406369031014471e-17 2.980326695057225e-08 -0.9999999999999997
  outer loop
    vertex 9419.307600801963 10113.097770147884 83.83116138163952
    vertex 9416.699773694207 10104.594415585014 83.83116112821178
    vertex 9416.634763065491 10105.08822033546 83.83116114292876
  endloop
endfacet
facet normal 3.406369031014471e-17 2.980326695057225e-08 -0.9999999999999997
  outer loop
    vertex 9419.307600801963 10113.097770147884 83.83116138163952
    vertex 9416.634763065491 10105.08822033546 83.83116114292876
    vertex 9416.414762312763 10105.619349136425 83.83116115875812
  endloop
endfacet
facet normal 3.406369031014471e-17 2.980326695057225e-08 -0.9999999999999997
  outer loop
    vertex 9419.307600801963 10113.097770147884 83.83116138163952
    vertex 9416.414762312763 10105.619349136425 83.83116115875812
    vertex 9416.064791654808 10106.075439777622 83.83116117235113
  endloop
endfacet
facet normal 3.406369031014471e-17 2.980326695057225e-08 -0.9999999999999997
  outer loop
    vertex 9419.307600801963 10113.097770147884 83.83116138163952
    vertex 9416.064791654808 10106.075439777622 83.83116117235113
    vertex 9415.608701013614 10106.425410435577 83.8311611827814
  endloop
endfacet
facet normal 3.406369031014471e-17 2.980326695057225e-08 -0.9999999999999997
  outer loop
    vertex 9419.307600801963 10113.097770147884 83.83116138163952
    vertex 9415.608701013614 10106.425410435577 83.8311611827814
    vertex 9415.077572212651 10106.645411188301 83.83116118933815
  endloop
endfacet
facet normal 3.406369031014471e-17 2.980326695057225e-08 -0.9999999999999997
  outer loop
    vertex 9419.307600801963 10113.097770147884 83.83116138163952
    vertex 9415.077572212651 10106.645411188301 83.83116118933815
    vertex 9414.507600801966 10106.720449348071 83.83116119157452
  endloop
endfacet
facet normal 3.406369031014471e-17 2.980326695057225e-08 -0.9999999999999997
  outer loop
    vertex 9430.404758114917 10048.179281750854 83.83115944685647
    vertex 9416.414762312763 10064.417148713128 83.83115993079797
    vertex 9430.404758114917 10097.697770147885 83.83116092266921
  endloop
endfacet
facet normal 3.406369031014471e-17 2.980326695057225e-08 -0.9999999999999997
  outer loop
    vertex 9416.414762312763 10064.417148713128 83.83115993079797
    vertex 9430.404758114917 10048.179281750854 83.83115944685647
    vertex 9416.064791654808 10063.96105807193 83.83115991720499
  endloop
endfacet
facet normal 3.406369031014471e-17 2.980326695057225e-08 -0.9999999999999997
  outer loop
    vertex 9416.064791654808 10063.96105807193 83.83115991720499
    vertex 9430.404758114917 10048.179281750854 83.83115944685647
    vertex 9415.608701013614 10063.611087413976 83.8311599067747
  endloop
endfacet
facet normal 3.406369031014471e-17 2.980326695057225e-08 -0.9999999999999997
  outer loop
    vertex 9415.608701013614 10063.611087413976 83.8311599067747
    vertex 9430.404758114917 10048.179281750854 83.83115944685647
    vertex 9415.077572212647 10063.39108666125 83.83115990021797
  endloop
endfacet
facet normal 3.406369031014471e-17 2.980326695057225e-08 -0.9999999999999997
  outer loop
    vertex 9415.077572212647 10063.39108666125 83.83115990021797
    vertex 9430.404758114917 10048.179281750854 83.83115944685647
    vertex 9414.507600801966 10063.31604850148 83.83115989798156
  endloop
endfacet
facet normal 3.406369031014471e-17 2.980326695057225e-08 -0.9999999999999997
  outer loop
    vertex 9430.404758114917 10097.697770147885 83.83116092266921
    vertex 9416.414762312763 10064.417148713128 83.83115993079797
    vertex 9416.634763065491 10064.948277514093 83.83115994662734
  endloop
endfacet
facet normal 3.406369031014471e-17 2.980326695057225e-08 -0.9999999999999997
  outer loop
    vertex 9430.404758114917 10097.697770147885 83.83116092266921
    vertex 9416.634763065491 10064.948277514093 83.83115994662734
    vertex 9416.699773694207 10065.442082264537 83.83115996134433
  endloop
endfacet
facet normal 3.406369031014471e-17 2.980326695057225e-08 -0.9999999999999997
  outer loop
    vertex 9430.404758114917 10097.697770147885 83.83116092266921
    vertex 9416.699773694207 10065.442082264537 83.83115996134433
    vertex 9416.709801225259 10065.518248924776 83.83115996361435
  endloop
endfacet
facet normal 3.406369031014471e-17 2.980326695057225e-08 -0.9999999999999997
  outer loop
    vertex 9430.404758114917 10097.697770147885 83.83116092266921
    vertex 9416.709801225259 10065.518248924776 83.83115996361435
    vertex 9416.699773694207 10065.594415585012 83.83115996588438
  endloop
endfacet
facet normal 3.406369031014471e-17 2.980326695057225e-08 -0.9999999999999997
  outer loop
    vertex 9430.404758114917 10097.697770147885 83.83116092266921
    vertex 9416.699773694207 10065.594415585012 83.83115996588438
    vertex 9416.634763065491 10066.08822033546 83.83115998060136
  endloop
endfacet
facet normal 3.406369031014471e-17 2.980326695057225e-08 -0.9999999999999997
  outer loop
    vertex 9430.404758114917 10097.697770147885 83.83116092266921
    vertex 9416.634763065491 10066.08822033546 83.83115998060136
    vertex 9416.414762312761 10066.619349136427 83.83115999643074
  endloop
endfacet
facet normal 3.406369031014471e-17 2.980326695057225e-08 -0.9999999999999997
  outer loop
    vertex 9430.404758114917 10097.697770147885 83.83116092266921
    vertex 9416.414762312761 10066.619349136427 83.83115999643074
    vertex 9416.064791654813 10067.075439777616 83.83116001002371
  endloop
endfacet
facet normal 3.406369031014471e-17 2.980326695057225e-08 -0.9999999999999997
  outer loop
    vertex 9430.404758114917 10097.697770147885 83.83116092266921
    vertex 9416.064791654813 10067.075439777616 83.83116001002371
    vertex 9415.608701013607 10067.42541043558 83.83116002045399
  endloop
endfacet
facet normal 3.406369031014471e-17 2.980326695057225e-08 -0.9999999999999997
  outer loop
    vertex 9430.404758114917 10097.697770147885 83.83116092266921
    vertex 9415.608701013607 10067.42541043558 83.83116002045399
    vertex 9415.077572212655 10067.645411188301 83.83116002701074
  endloop
endfacet
facet normal 3.406369031014471e-17 2.980326695057225e-08 -0.9999999999999997
  outer loop
    vertex 9430.404758114917 10097.697770147885 83.83116092266921
    vertex 9415.077572212655 10067.645411188301 83.83116002701074
    vertex 9414.507600801966 10067.720449348071 83.83116002924713
  endloop
endfacet
facet normal 3.406369031014471e-17 2.980326695057225e-08 -0.9999999999999997
  outer loop
    vertex 9430.404758114917 10097.697770147885 83.83116092266921
    vertex 9414.507600801966 10067.720449348071 83.83116002924713
    vertex 9419.307600801963 10097.697770147885 83.83116092266921
  endloop
endfacet
facet normal 0.707106781186547 2.107409175141712e-08 -0.7071067811865479
  outer loop
    vertex 9430.887600827391 10112.897770141924 84.03116137567882
    vertex 9433.687600827392 10126.179281698223 86.83116177151204
    vertex 9433.687600827392 10112.897770058473 86.83116137567963
  endloop
endfacet
facet normal 0.707106781186547 2.107409175141712e-08 -0.7071067811865479
  outer loop
    vertex 9433.687600827392 10126.179281698223 86.83116177151204
    vertex 9430.887600827391 10112.897770141924 84.03116137567882
    vertex 9430.887600827391 10126.179281781673 84.03116177151126
  endloop
endfacet
facet normal -3.406355632714918e-17 2.9803266950572254e-08 -0.9999999999999997
  outer loop
    vertex 9436.970443539865 10048.179281750854 83.83115944685647
    vertex 9451.310409999976 10063.96105807193 83.83115991720499
    vertex 9464.66760085282 10048.179281750854 83.83115944685647
  endloop
endfacet
facet normal -3.406355632714918e-17 2.9803266950572254e-08 -0.9999999999999997
  outer loop
    vertex 9451.310409999976 10063.96105807193 83.83115991720499
    vertex 9436.970443539865 10048.179281750854 83.83115944685647
    vertex 9450.960439342021 10064.417148713128 83.83115993079797
  endloop
endfacet
facet normal -3.406355632714918e-17 2.9803266950572254e-08 -0.9999999999999997
  outer loop
    vertex 9450.960439342021 10064.417148713128 83.83115993079797
    vertex 9436.970443539865 10048.179281750854 83.83115944685647
    vertex 9436.970443539865 10097.697770147885 83.83116092266921
  endloop
endfacet
facet normal -3.406355632714918e-17 2.9803266950572254e-08 -0.9999999999999997
  outer loop
    vertex 9464.66760085282 10048.179281750854 83.83115944685647
    vertex 9451.310409999976 10063.96105807193 83.83115991720499
    vertex 9451.76650064117 10063.611087413976 83.8311599067747
  endloop
endfacet
facet normal -3.406355632714918e-17 2.9803266950572254e-08 -0.9999999999999997
  outer loop
    vertex 9464.66760085282 10048.179281750854 83.83115944685647
    vertex 9451.76650064117 10063.611087413976 83.8311599067747
    vertex 9452.297629442135 10063.39108666125 83.83115990021797
  endloop
endfacet
facet normal -3.406355632714918e-17 2.9803266950572254e-08 -0.9999999999999997
  outer loop
    vertex 9464.66760085282 10048.179281750854 83.83115944685647
    vertex 9452.297629442135 10063.39108666125 83.83115990021797
    vertex 9452.867600852818 10063.31604850148 83.83115989798156
  endloop
endfacet
facet normal -3.406355632714918e-17 2.9803266950572254e-08 -0.9999999999999997
  outer loop
    vertex 9450.960439342021 10064.417148713128 83.83115993079797
    vertex 9436.970443539865 10097.697770147885 83.83116092266921
    vertex 9450.740438589293 10064.948277514093 83.83115994662734
  endloop
endfacet
facet normal -3.406355632714918e-17 2.9803266950572254e-08 -0.9999999999999997
  outer loop
    vertex 9450.740438589293 10064.948277514093 83.83115994662734
    vertex 9436.970443539865 10097.697770147885 83.83116092266921
    vertex 9450.675427960576 10065.442082264539 83.83115996134433
  endloop
endfacet
facet normal -3.406355632714918e-17 2.9803266950572254e-08 -0.9999999999999997
  outer loop
    vertex 9450.675427960576 10065.442082264539 83.83115996134433
    vertex 9436.970443539865 10097.697770147885 83.83116092266921
    vertex 9450.665400429523 10065.518248924776 83.83115996361435
  endloop
endfacet
facet normal -3.406355632714918e-17 2.9803266950572254e-08 -0.9999999999999997
  outer loop
    vertex 9450.665400429523 10065.518248924776 83.83115996361435
    vertex 9436.970443539865 10097.697770147885 83.83116092266921
    vertex 9450.675427960576 10065.594415585016 83.83115996588438
  endloop
endfacet
facet normal -3.406355632714918e-17 2.9803266950572254e-08 -0.9999999999999997
  outer loop
    vertex 9450.675427960576 10065.594415585016 83.83115996588438
    vertex 9436.970443539865 10097.697770147885 83.83116092266921
    vertex 9450.740438589293 10066.08822033546 83.83115998060136
  endloop
endfacet
facet normal -3.406355632714918e-17 2.9803266950572254e-08 -0.9999999999999997
  outer loop
    vertex 9450.740438589293 10066.08822033546 83.83115998060136
    vertex 9436.970443539865 10097.697770147885 83.83116092266921
    vertex 9450.960439342021 10066.619349136427 83.83115999643074
  endloop
endfacet
facet normal -3.406355632714918e-17 2.9803266950572254e-08 -0.9999999999999997
  outer loop
    vertex 9450.960439342021 10066.619349136427 83.83115999643074
    vertex 9436.970443539865 10097.697770147885 83.83116092266921
    vertex 9451.310409999971 10067.075439777616 83.83116001002371
  endloop
endfacet
facet normal -3.406355632714918e-17 2.9803266950572254e-08 -0.9999999999999997
  outer loop
    vertex 9451.310409999971 10067.075439777616 83.83116001002371
    vertex 9436.970443539865 10097.697770147885 83.83116092266921
    vertex 9451.766500641177 10067.42541043558 83.83116002045399
  endloop
endfacet
facet normal -3.406355632714918e-17 2.9803266950572254e-08 -0.9999999999999997
  outer loop
    vertex 9451.766500641177 10067.42541043558 83.83116002045399
    vertex 9436.970443539865 10097.697770147885 83.83116092266921
    vertex 9452.297629442128 10067.645411188301 83.83116002701074
  endloop
endfacet
facet normal -3.406355632714918e-17 2.9803266950572254e-08 -0.9999999999999997
  outer loop
    vertex 9452.297629442128 10067.645411188301 83.83116002701074
    vertex 9436.970443539865 10097.697770147885 83.83116092266921
    vertex 9452.867600852818 10067.720449348073 83.83116002924713
  endloop
endfacet
facet normal -3.406355632714918e-17 2.9803266950572254e-08 -0.9999999999999997
  outer loop
    vertex 9448.067600852819 10097.697770147885 83.83116092266921
    vertex 9452.297629442133 10102.391086661251 83.83116106254536
    vertex 9452.867600852818 10102.31604850148 83.83116106030899
  endloop
endfacet
facet normal -3.406355632714918e-17 2.9803266950572254e-08 -0.9999999999999997
  outer loop
    vertex 9452.297629442133 10102.391086661251 83.83116106254536
    vertex 9448.067600852819 10097.697770147885 83.83116092266921
    vertex 9451.76650064117 10102.611087413976 83.83116106910212
  endloop
endfacet
facet normal -3.406355632714918e-17 2.9803266950572254e-08 -0.9999999999999997
  outer loop
    vertex 9451.76650064117 10102.611087413976 83.83116106910212
    vertex 9448.067600852819 10097.697770147885 83.83116092266921
    vertex 9451.310409999976 10102.96105807193 83.8311610795324
  endloop
endfacet
facet normal -3.406355632714918e-17 2.9803266950572254e-08 -0.9999999999999997
  outer loop
    vertex 9451.310409999976 10102.96105807193 83.8311610795324
    vertex 9448.067600852819 10097.697770147885 83.83116092266921
    vertex 9450.960439342021 10103.417148713128 83.83116109312537
  endloop
endfacet
facet normal -3.406355632714918e-17 2.9803266950572254e-08 -0.9999999999999997
  outer loop
    vertex 9450.960439342021 10103.417148713128 83.83116109312537
    vertex 9448.067600852819 10097.697770147885 83.83116092266921
    vertex 9450.740976897518 10103.946977923075 83.83116110891602
  endloop
endfacet
facet normal -3.406355632714918e-17 2.9803266950572254e-08 -0.9999999999999997
  outer loop
    vertex 9450.740976897518 10103.946977923075 83.83116110891602
    vertex 9448.067600852819 10097.697770147885 83.83116092266921
    vertex 9448.067600852819 10113.097770147884 83.83116138163952
  endloop
endfacet
facet normal -3.406355632714918e-17 2.9803266950572254e-08 -0.9999999999999997
  outer loop
    vertex 9450.740976897518 10103.946977923075 83.83116110891602
    vertex 9448.067600852819 10113.097770147884 83.83116138163952
    vertex 9450.667122135803 10104.453773774008 83.8311611240202
  endloop
endfacet
facet normal -3.406355632714918e-17 2.9803266950572254e-08 -0.9999999999999997
  outer loop
    vertex 9450.667122135803 10104.453773774008 83.8311611240202
    vertex 9448.067600852819 10113.097770147884 83.83116138163952
    vertex 9450.667122135803 10104.531326582326 83.83116112633151
  endloop
endfacet
facet normal -3.406355632714918e-17 2.9803266950572254e-08 -0.9999999999999997
  outer loop
    vertex 9450.667122135803 10104.531326582326 83.83116112633151
    vertex 9448.067600852819 10113.097770147884 83.83116138163952
    vertex 9450.675427960576 10104.594415585016 83.83116112821178
  endloop
endfacet
facet normal -3.406355632714918e-17 2.9803266950572254e-08 -0.9999999999999997
  outer loop
    vertex 9450.675427960576 10104.594415585016 83.83116112821178
    vertex 9448.067600852819 10113.097770147884 83.83116138163952
    vertex 9450.740438589293 10105.08822033546 83.83116114292876
  endloop
endfacet
facet normal -3.406355632714918e-17 2.9803266950572254e-08 -0.9999999999999997
  outer loop
    vertex 9450.740438589293 10105.08822033546 83.83116114292876
    vertex 9448.067600852819 10113.097770147884 83.83116138163952
    vertex 9450.960439342021 10105.619349136425 83.83116115875812
  endloop
endfacet
facet normal -3.406355632714918e-17 2.9803266950572254e-08 -0.9999999999999997
  outer loop
    vertex 9450.960439342021 10105.619349136425 83.83116115875812
    vertex 9448.067600852819 10113.097770147884 83.83116138163952
    vertex 9451.310409999976 10106.075439777622 83.83116117235113
  endloop
endfacet
facet normal -3.406355632714918e-17 2.9803266950572254e-08 -0.9999999999999997
  outer loop
    vertex 9451.310409999976 10106.075439777622 83.83116117235113
    vertex 9448.067600852819 10113.097770147884 83.83116138163952
    vertex 9451.76650064117 10106.425410435577 83.8311611827814
  endloop
endfacet
facet normal -3.406355632714918e-17 2.9803266950572254e-08 -0.9999999999999997
  outer loop
    vertex 9451.76650064117 10106.425410435577 83.8311611827814
    vertex 9448.067600852819 10113.097770147884 83.83116138163952
    vertex 9452.297629442133 10106.645411188301 83.83116118933815
  endloop
endfacet
facet normal -3.406355632714918e-17 2.9803266950572254e-08 -0.9999999999999997
  outer loop
    vertex 9452.297629442133 10106.645411188301 83.83116118933815
    vertex 9448.067600852819 10113.097770147884 83.83116138163952
    vertex 9452.867600852818 10106.720449348071 83.83116119157452
  endloop
endfacet
facet normal -3.406355632714918e-17 2.9803266950572254e-08 -0.9999999999999997
  outer loop
    vertex 9436.970443539865 10125.979281787633 83.83116176555065
    vertex 9448.067600852819 10113.097770147884 83.83116138163952
    vertex 9436.970443539865 10113.097770147884 83.83116138163952
  endloop
endfacet
facet normal -3.406355632714918e-17 2.9803266950572254e-08 -0.9999999999999997
  outer loop
    vertex 9448.067600852819 10113.097770147884 83.83116138163952
    vertex 9436.970443539865 10125.979281787633 83.83116176555065
    vertex 9464.66760085282 10122.17273446556 83.8311616521031
  endloop
endfacet
facet normal -3.406355632714918e-17 2.9803266950572254e-08 -0.9999999999999997
  outer loop
    vertex 9464.66760085282 10122.17273446556 83.8311616521031
    vertex 9436.970443539865 10125.979281787633 83.83116176555065
    vertex 9464.63466586318 10122.675225304823 83.83116166707897
  endloop
endfacet
facet normal -3.406355632714918e-17 2.9803266950572254e-08 -0.9999999999999997
  outer loop
    vertex 9464.63466586318 10122.675225304823 83.83116166707897
    vertex 9436.970443539865 10125.979281787633 83.83116176555065
    vertex 9464.537704480948 10123.162683090924 83.8311616816068
  endloop
endfacet
facet normal -3.406355632714918e-17 2.9803266950572254e-08 -0.9999999999999997
  outer loop
    vertex 9464.537704480948 10123.162683090924 83.8311616816068
    vertex 9436.970443539865 10125.979281787633 83.83116176555065
    vertex 9464.377946608092 10123.633314608085 83.83116169563316
  endloop
endfacet
facet normal -3.406355632714918e-17 2.9803266950572254e-08 -0.9999999999999997
  outer loop
    vertex 9464.377946608092 10123.633314608085 83.83116169563316
    vertex 9436.970443539865 10125.979281787633 83.83116176555065
    vertex 9464.15812574611 10124.079067220557 83.83116170891805
  endloop
endfacet
facet normal -3.406355632714918e-17 2.9803266950572254e-08 -0.9999999999999997
  outer loop
    vertex 9464.15812574611 10124.079067220557 83.83116170891805
    vertex 9436.970443539865 10125.979281787633 83.83116176555065
    vertex 9463.882003090903 10124.492313977542 83.83116172123415
  endloop
endfacet
facet normal -3.406355632714918e-17 2.9803266950572254e-08 -0.9999999999999997
  outer loop
    vertex 9463.882003090903 10124.492313977542 83.83116172123415
    vertex 9436.970443539865 10125.979281787633 83.83116176555065
    vertex 9463.554303177649 10124.86598411247 83.83116173237075
  endloop
endfacet
facet normal -3.406355632714918e-17 2.9803266950572254e-08 -0.9999999999999997
  outer loop
    vertex 9463.554303177649 10124.86598411247 83.83116173237075
    vertex 9436.970443539865 10125.979281787633 83.83116176555065
    vertex 9463.180633042737 10125.193684025713 83.83116174213727
  endloop
endfacet
facet normal -3.406355632714918e-17 2.9803266950572254e-08 -0.9999999999999997
  outer loop
    vertex 9463.180633042737 10125.193684025713 83.83116174213727
    vertex 9436.970443539865 10125.979281787633 83.83116176555065
    vertex 9462.767386285723 10125.469806680938 83.83116175036662
  endloop
endfacet
facet normal -3.406355632714918e-17 2.9803266950572254e-08 -0.9999999999999997
  outer loop
    vertex 9462.767386285723 10125.469806680938 83.83116175036662
    vertex 9436.970443539865 10125.979281787633 83.83116176555065
    vertex 9462.321633673282 10125.689627542906 83.83116175691801
  endloop
endfacet
facet normal -3.406355632714918e-17 2.9803266950572254e-08 -0.9999999999999997
  outer loop
    vertex 9462.321633673282 10125.689627542906 83.83116175691801
    vertex 9436.970443539865 10125.979281787633 83.83116176555065
    vertex 9461.851002156109 10125.849385415764 83.83116176167933
  endloop
endfacet
facet normal -3.406355632714918e-17 2.9803266950572254e-08 -0.9999999999999997
  outer loop
    vertex 9461.851002156109 10125.849385415764 83.83116176167933
    vertex 9436.970443539865 10125.979281787633 83.83116176555065
    vertex 9461.36354437001 10125.946346797997 83.83116176456909
  endloop
endfacet
facet normal -3.406355632714918e-17 2.9803266950572254e-08 -0.9999999999999997
  outer loop
    vertex 9461.36354437001 10125.946346797997 83.83116176456909
    vertex 9436.970443539865 10125.979281787633 83.83116176555065
    vertex 9460.861053530734 10125.979281787633 83.83116176555065
  endloop
endfacet
facet normal -3.406355632714918e-17 2.9803266950572254e-08 -0.9999999999999997
  outer loop
    vertex 9464.66760085282 10048.179281750854 83.83115944685647
    vertex 9454.994763116343 10064.948277514093 83.83115994662734
    vertex 9464.66760085282 10122.17273446556 83.8311616521031
  endloop
endfacet
facet normal -3.406355632714918e-17 2.9803266950572254e-08 -0.9999999999999997
  outer loop
    vertex 9454.994763116343 10064.948277514093 83.83115994662734
    vertex 9464.66760085282 10048.179281750854 83.83115944685647
    vertex 9454.774762363619 10064.417148713132 83.83115993079797
  endloop
endfacet
facet normal -3.406355632714918e-17 2.9803266950572254e-08 -0.9999999999999997
  outer loop
    vertex 9454.774762363619 10064.417148713132 83.83115993079797
    vertex 9464.66760085282 10048.179281750854 83.83115944685647
    vertex 9454.424791705658 10063.961058071927 83.83115991720499
  endloop
endfacet
facet normal -3.406355632714918e-17 2.9803266950572254e-08 -0.9999999999999997
  outer loop
    vertex 9454.424791705658 10063.961058071927 83.83115991720499
    vertex 9464.66760085282 10048.179281750854 83.83115944685647
    vertex 9453.968701064468 10063.611087413978 83.8311599067747
  endloop
endfacet
facet normal -3.406355632714918e-17 2.9803266950572254e-08 -0.9999999999999997
  outer loop
    vertex 9453.968701064468 10063.611087413978 83.8311599067747
    vertex 9464.66760085282 10048.179281750854 83.83115944685647
    vertex 9453.437572263501 10063.39108666125 83.83115990021797
  endloop
endfacet
facet normal -3.406355632714918e-17 2.9803266950572254e-08 -0.9999999999999997
  outer loop
    vertex 9453.437572263501 10063.39108666125 83.83115990021797
    vertex 9464.66760085282 10048.179281750854 83.83115944685647
    vertex 9452.867600852818 10063.31604850148 83.83115989798156
  endloop
endfacet
facet normal -3.406355632714918e-17 2.9803266950572254e-08 -0.9999999999999997
  outer loop
    vertex 9464.66760085282 10122.17273446556 83.8311616521031
    vertex 9454.994763116343 10064.948277514093 83.83115994662734
    vertex 9455.05977374506 10065.442082264537 83.83115996134433
  endloop
endfacet
facet normal -3.406355632714918e-17 2.9803266950572254e-08 -0.9999999999999997
  outer loop
    vertex 9464.66760085282 10122.17273446556 83.8311616521031
    vertex 9455.05977374506 10065.442082264537 83.83115996134433
    vertex 9455.069801276113 10065.518248924776 83.83115996361435
  endloop
endfacet
facet normal -3.406355632714918e-17 2.9803266950572254e-08 -0.9999999999999997
  outer loop
    vertex 9464.66760085282 10122.17273446556 83.8311616521031
    vertex 9455.069801276113 10065.518248924776 83.83115996361435
    vertex 9455.05977374506 10065.594415585012 83.83115996588438
  endloop
endfacet
facet normal -3.406355632714918e-17 2.9803266950572254e-08 -0.9999999999999997
  outer loop
    vertex 9464.66760085282 10122.17273446556 83.8311616521031
    vertex 9455.05977374506 10065.594415585012 83.83115996588438
    vertex 9454.994763116343 10066.08822033546 83.83115998060136
  endloop
endfacet
facet normal -3.406355632714918e-17 2.9803266950572254e-08 -0.9999999999999997
  outer loop
    vertex 9464.66760085282 10122.17273446556 83.8311616521031
    vertex 9454.994763116343 10066.08822033546 83.83115998060136
    vertex 9454.774762363619 10066.619349136423 83.83115999643074
  endloop
endfacet
facet normal -3.406355632714918e-17 2.9803266950572254e-08 -0.9999999999999997
  outer loop
    vertex 9464.66760085282 10122.17273446556 83.8311616521031
    vertex 9454.774762363619 10066.619349136423 83.83115999643074
    vertex 9454.424791705662 10067.07543977762 83.83116001002371
  endloop
endfacet
facet normal -3.406355632714918e-17 2.9803266950572254e-08 -0.9999999999999997
  outer loop
    vertex 9464.66760085282 10122.17273446556 83.8311616521031
    vertex 9454.424791705662 10067.07543977762 83.83116001002371
    vertex 9453.968701064461 10067.425410435579 83.83116002045399
  endloop
endfacet
facet normal -3.406355632714918e-17 2.9803266950572254e-08 -0.9999999999999997
  outer loop
    vertex 9464.66760085282 10122.17273446556 83.8311616521031
    vertex 9453.968701064461 10067.425410435579 83.83116002045399
    vertex 9453.437572263509 10067.645411188301 83.83116002701074
  endloop
endfacet
facet normal -3.406355632714918e-17 2.9803266950572254e-08 -0.9999999999999997
  outer loop
    vertex 9464.66760085282 10122.17273446556 83.8311616521031
    vertex 9453.437572263509 10067.645411188301 83.83116002701074
    vertex 9452.867600852818 10067.720449348073 83.83116002924713
  endloop
endfacet
facet normal -3.406355632714918e-17 2.9803266950572254e-08 -0.9999999999999997
  outer loop
    vertex 9464.66760085282 10122.17273446556 83.8311616521031
    vertex 9452.867600852818 10067.720449348073 83.83116002924713
    vertex 9454.774762363619 10103.417148713132 83.83116109312537
  endloop
endfacet
facet normal -3.406355632714918e-17 2.9803266950572254e-08 -0.9999999999999997
  outer loop
    vertex 9454.774762363619 10103.417148713132 83.83116109312537
    vertex 9452.867600852818 10067.720449348073 83.83116002924713
    vertex 9454.424791705658 10102.961058071925 83.8311610795324
  endloop
endfacet
facet normal -3.406355632714918e-17 2.9803266950572254e-08 -0.9999999999999997
  outer loop
    vertex 9454.424791705658 10102.961058071925 83.8311610795324
    vertex 9452.867600852818 10067.720449348073 83.83116002924713
    vertex 9448.067600852819 10097.697770147885 83.83116092266921
  endloop
endfacet
facet normal -3.406355632714918e-17 2.9803266950572254e-08 -0.9999999999999997
  outer loop
    vertex 9448.067600852819 10097.697770147885 83.83116092266921
    vertex 9452.867600852818 10067.720449348073 83.83116002924713
    vertex 9436.970443539865 10097.697770147885 83.83116092266921
  endloop
endfacet
facet normal -3.406355632714918e-17 2.9803266950572254e-08 -0.9999999999999997
  outer loop
    vertex 9454.424791705658 10102.961058071925 83.8311610795324
    vertex 9448.067600852819 10097.697770147885 83.83116092266921
    vertex 9453.968701064468 10102.611087413978 83.83116106910212
  endloop
endfacet
facet normal -3.406355632714918e-17 2.9803266950572254e-08 -0.9999999999999997
  outer loop
    vertex 9453.968701064468 10102.611087413978 83.83116106910212
    vertex 9448.067600852819 10097.697770147885 83.83116092266921
    vertex 9453.437572263503 10102.391086661251 83.83116106254536
  endloop
endfacet
facet normal -3.406355632714918e-17 2.9803266950572254e-08 -0.9999999999999997
  outer loop
    vertex 9453.437572263503 10102.391086661251 83.83116106254536
    vertex 9448.067600852819 10097.697770147885 83.83116092266921
    vertex 9452.867600852818 10102.31604850148 83.83116106030899
  endloop
endfacet
facet normal -3.406355632714918e-17 2.9803266950572254e-08 -0.9999999999999997
  outer loop
    vertex 9464.66760085282 10122.17273446556 83.8311616521031
    vertex 9454.774762363619 10103.417148713132 83.83116109312537
    vertex 9454.994763116343 10103.948277514093 83.83116110895476
  endloop
endfacet
facet normal -3.406355632714918e-17 2.9803266950572254e-08 -0.9999999999999997
  outer loop
    vertex 9464.66760085282 10122.17273446556 83.8311616521031
    vertex 9454.994763116343 10103.948277514093 83.83116110895476
    vertex 9455.069801276113 10104.518248924776 83.83116112594178
  endloop
endfacet
facet normal -3.406355632714918e-17 2.9803266950572254e-08 -0.9999999999999997
  outer loop
    vertex 9464.66760085282 10122.17273446556 83.8311616521031
    vertex 9455.069801276113 10104.518248924776 83.83116112594178
    vertex 9454.994763116343 10105.08822033546 83.83116114292876
  endloop
endfacet
facet normal -3.406355632714918e-17 2.9803266950572254e-08 -0.9999999999999997
  outer loop
    vertex 9464.66760085282 10122.17273446556 83.8311616521031
    vertex 9454.994763116343 10105.08822033546 83.83116114292876
    vertex 9454.774762363619 10105.619349136421 83.83116115875812
  endloop
endfacet
facet normal -3.406355632714918e-17 2.9803266950572254e-08 -0.9999999999999997
  outer loop
    vertex 9464.66760085282 10122.17273446556 83.8311616521031
    vertex 9454.774762363619 10105.619349136421 83.83116115875812
    vertex 9454.424791705658 10106.075439777625 83.83116117235113
  endloop
endfacet
facet normal -3.406355632714918e-17 2.9803266950572254e-08 -0.9999999999999997
  outer loop
    vertex 9464.66760085282 10122.17273446556 83.8311616521031
    vertex 9454.424791705658 10106.075439777625 83.83116117235113
    vertex 9453.968701064468 10106.425410435575 83.8311611827814
  endloop
endfacet
facet normal -3.406355632714918e-17 2.9803266950572254e-08 -0.9999999999999997
  outer loop
    vertex 9464.66760085282 10122.17273446556 83.8311616521031
    vertex 9453.968701064468 10106.425410435575 83.8311611827814
    vertex 9453.437572263503 10106.645411188301 83.83116118933815
  endloop
endfacet
facet normal -3.406355632714918e-17 2.9803266950572254e-08 -0.9999999999999997
  outer loop
    vertex 9464.66760085282 10122.17273446556 83.8311616521031
    vertex 9453.437572263503 10106.645411188301 83.83116118933815
    vertex 9452.867600852818 10106.720449348071 83.83116119157452
  endloop
endfacet
facet normal -3.406355632714918e-17 2.9803266950572254e-08 -0.9999999999999997
  outer loop
    vertex 9464.66760085282 10122.17273446556 83.8311616521031
    vertex 9452.867600852818 10106.720449348071 83.83116119157452
    vertex 9448.067600852819 10113.097770147884 83.83116138163952
  endloop
endfacet
facet normal -0.7071067811865466 2.1074092168115285e-08 -0.7071067811865482
  outer loop
    vertex 9402.507600801964 10122.179281781686 84.0311616522982
    vertex 9402.707600801965 10048.179281750854 83.83115944685647
    vertex 9402.507600801964 10047.979281744892 84.03115944089579
  endloop
endfacet
facet normal -0.7071067811865466 2.1074092168115285e-08 -0.7071067811865482
  outer loop
    vertex 9402.707600801965 10048.179281750854 83.83115944685647
    vertex 9402.507600801964 10122.179281781686 84.0311616522982
    vertex 9402.707600801965 10122.17273446556 83.8311616521031
  endloop
endfacet
facet normal 0.3826834323653755 2.7534628191057306e-08 -0.923879532511168
  outer loop
    vertex 9430.404758114917 10113.097770147884 83.83116138163952
    vertex 9430.887600827391 10126.179281781673 84.03116177151126
    vertex 9430.887600827391 10112.897770141924 84.03116137567882
  endloop
endfacet
facet normal 0.3826834323653755 2.7534628191057306e-08 -0.923879532511168
  outer loop
    vertex 9430.887600827391 10126.179281781673 84.03116177151126
    vertex 9430.404758114917 10113.097770147884 83.83116138163952
    vertex 9430.404758114917 10125.979281787633 83.83116176555065
  endloop
endfacet
facet normal -0.3826834323653755 2.7534628191057306e-08 -0.923879532511168
  outer loop
    vertex 9436.487600827391 10126.179281781673 84.03116177151126
    vertex 9436.970443539865 10113.097770147884 83.83116138163952
    vertex 9436.487600827391 10112.897770141924 84.03116137567882
  endloop
endfacet
facet normal -0.3826834323653755 2.7534628191057306e-08 -0.923879532511168
  outer loop
    vertex 9436.970443539865 10113.097770147884 83.83116138163952
    vertex 9436.487600827391 10126.179281781673 84.03116177151126
    vertex 9436.970443539865 10125.979281787633 83.83116176555065
  endloop
endfacet
facet normal 0.7071067811865466 2.1074092168115288e-08 -0.7071067811865482
  outer loop
    vertex 9464.66760085282 10048.179281750854 83.83115944685647
    vertex 9464.867600852818 10122.179281781686 84.0311616522982
    vertex 9464.867600852818 10047.979281744892 84.03115944089579
  endloop
endfacet
facet normal 0.7071067811865466 2.1074092168115288e-08 -0.7071067811865482
  outer loop
    vertex 9464.867600852818 10122.179281781686 84.0311616522982
    vertex 9464.66760085282 10048.179281750854 83.83115944685647
    vertex 9464.66760085282 10122.17273446556 83.8311616521031
  endloop
endfacet
facet normal 0.9233359351054001 -0.38245826592680043 -0.03429906365050105
  outer loop
    vertex 9450.949123557833 10066.032303360698 84.03115997893481
    vertex 9451.447319190613 10066.338248620781 94.03115998805328
    vertex 9451.283482497705 10065.942711854748 94.03115997626499
  endloop
endfacet
facet normal 0.9233359351054001 -0.38245826592680043 -0.03429906365050105
  outer loop
    vertex 9451.447319190613 10066.338248620781 94.03115998805328
    vertex 9450.949123557833 10066.032303360698 84.03115997893481
    vertex 9451.14754116623 10066.511325841899 84.03115999321123
  endloop
endfacet
facet normal 0.9908615095024614 -0.13044939146819742 -0.03429905613979492
  outer loop
    vertex 9412.52144695581 10065.518248918816 84.0311599636143
    vertex 9412.92348244685 10065.942711854748 94.03115997626499
    vertex 9412.867600801965 10065.518248620781 94.0311599636146
  endloop
endfacet
facet normal 0.9908615095024614 -0.13044939146819742 -0.03429905613979492
  outer loop
    vertex 9412.92348244685 10065.942711854748 94.03115997626499
    vertex 9412.52144695581 10065.518248918816 84.0311599636143
    vertex 9412.527793682566 10065.56645709466 84.03115996505106
  endloop
endfacet
facet normal 0.9908615095024614 -0.13044939146819742 -0.03429905613979492
  outer loop
    vertex 9412.589123506981 10066.032303360704 84.03115997893481
    vertex 9412.92348244685 10065.942711854748 94.03115997626499
    vertex 9412.527793682566 10065.56645709466 84.03115996505106
  endloop
endfacet
facet normal -0.7928865426169127 -0.6084032415329109 -0.03429907038456262
  outer loop
    vertex 9415.912023655066 10066.922671771903 84.03116000547071
    vertex 9415.927882464171 10066.338248620781 94.03115998805328
    vertex 9415.66725592311 10066.677903741927 94.03115999817611
  endloop
endfacet
facet normal -0.7928865426169127 -0.6084032415329109 -0.03429907038456262
  outer loop
    vertex 9415.927882464171 10066.338248620781 94.03115998805328
    vertex 9415.912023655066 10066.922671771903 84.03116000547071
    vertex 9416.227660488554 10066.511325841899 84.03115999321123
  endloop
endfacet
facet normal 0.7928865426170874 0.6084032435771491 -0.034299034119431755
  outer loop
    vertex 9413.347945680818 10064.358593499635 94.03115992905309
    vertex 9412.787541115371 10064.52517199574 84.03115993401738
    vertex 9413.087319139759 10064.69824862078 94.03115993917594
  endloop
endfacet
facet normal 0.7928865426170874 0.6084032435771491 -0.034299034119431755
  outer loop
    vertex 9412.787541115371 10064.52517199574 84.03115993401738
    vertex 9413.347945680818 10064.358593499635 94.03115992905309
    vertex 9413.103177948871 10064.113826065717 84.0311599217579
  endloop
endfacet
facet normal 0.608403242555968 0.7928865436385132 -0.03429902862117331
  outer loop
    vertex 9451.707945731672 10064.358593499635 94.03115992905309
    vertex 9451.874523929744 10063.79818923222 84.03115991235092
    vertex 9451.463177999722 10064.113826065723 84.0311599217579
  endloop
endfacet
facet normal 0.608403242555968 0.7928865436385132 -0.03429902862117331
  outer loop
    vertex 9451.874523929744 10063.79818923222 84.03115991235092
    vertex 9451.707945731672 10064.358593499635 94.03115992905309
    vertex 9452.047600852819 10064.097966958574 94.03115992128558
  endloop
endfacet
facet normal -0.3824582669489755 -0.9233359340831814 -0.03429907977081779
  outer loop
    vertex 9415.021655243856 10067.4367262138 84.03116002079119
    vertex 9415.327600801964 10066.938530282987 94.03116000594365
    vertex 9414.932064035933 10067.102366975894 94.0311600108265
  endloop
endfacet
facet normal -0.3824582669489755 -0.9233359340831814 -0.03429907977081779
  outer loop
    vertex 9415.327600801964 10066.938530282987 94.03116000594365
    vertex 9415.021655243856 10067.4367262138 84.03116002079119
    vertex 9415.500677725033 10067.238308605412 84.0311600148777
  endloop
endfacet
facet normal 0.9233359351061922 0.382458267969351 -0.034299040853323255
  outer loop
    vertex 9412.787541115371 10064.52517199574 84.03115993401738
    vertex 9412.92348244685 10065.093785386813 94.03115995096421
    vertex 9413.087319139759 10064.69824862078 94.03115993917594
  endloop
endfacet
facet normal 0.9233359351061922 0.382458267969351 -0.034299040853323255
  outer loop
    vertex 9412.92348244685 10065.093785386813 94.03115995096421
    vertex 9412.787541115371 10064.52517199574 84.03115993401738
    vertex 9412.589123506981 10065.004194476927 84.03115994829379
  endloop
endfacet
facet normal 0.38245826694873536 -0.9233359340832825 -0.03429907977077879
  outer loop
    vertex 9452.353546410926 10067.4367262138 84.03116002079119
    vertex 9452.047600852819 10066.938530282987 94.03116000594365
    vertex 9451.874523929748 10067.238308605412 84.0311600148777
  endloop
endfacet
facet normal 0.38245826694873536 -0.9233359340832825 -0.03429907977077879
  outer loop
    vertex 9452.047600852819 10066.938530282987 94.03116000594365
    vertex 9452.353546410926 10067.4367262138 84.03116002079119
    vertex 9452.443137618851 10067.102366975894 94.0311600108265
  endloop
endfacet
facet normal 0.13044939249150259 0.9908615105245486 -0.03429902272088645
  outer loop
    vertex 9414.083137567997 10063.934130265667 94.0311599164027
    vertex 9414.507600801966 10063.532095072662 84.03115990442043
    vertex 9413.993546360074 10063.599771623833 84.03115990643742
  endloop
endfacet
facet normal 0.13044939249150259 0.9908615105245486 -0.03429902272088645
  outer loop
    vertex 9414.507600801966 10063.532095072662 84.03115990442043
    vertex 9414.083137567997 10063.934130265667 94.0311599164027
    vertex 9414.507600801966 10063.87824862078 94.03115991473724
  endloop
endfacet
facet normal 0.7928865426164146 -0.608403241533569 -0.03429907038440439
  outer loop
    vertex 9412.787541115373 10066.511325841893 84.03115999321123
    vertex 9413.347945680818 10066.677903741927 94.03115999817611
    vertex 9413.087319139759 10066.338248620781 94.03115998805328
  endloop
endfacet
facet normal 0.7928865426164146 -0.608403241533569 -0.03429907038440439
  outer loop
    vertex 9413.347945680818 10066.677903741927 94.03115999817611
    vertex 9412.787541115373 10066.511325841893 84.03115999321123
    vertex 9413.10317794887 10066.922671771908 84.03116000547071
  endloop
endfacet
facet normal -0.6084032425547169 -0.7928865415950154 -0.034299075882632306
  outer loop
    vertex 9415.500677725033 10067.238308605412 84.0311600148777
    vertex 9415.66725592311 10066.677903741927 94.03115999817611
    vertex 9415.327600801964 10066.938530282987 94.03116000594365
  endloop
endfacet
facet normal -0.6084032425547169 -0.7928865415950154 -0.034299075882632306
  outer loop
    vertex 9415.66725592311 10066.677903741927 94.03115999817611
    vertex 9415.500677725033 10067.238308605412 84.0311600148777
    vertex 9415.912023655066 10066.922671771903 84.03116000547071
  endloop
endfacet
facet normal -0.9908615095024068 -0.13044939146861248 -0.03429905613979071
  outer loop
    vertex 9454.786078147801 10066.0323033607 84.03115997893481
    vertex 9454.50760085282 10065.518248620781 94.0311599636146
    vertex 9454.451719207931 10065.942711854748 94.03115997626499
  endloop
endfacet
facet normal -0.9908615095024068 -0.13044939146861248 -0.03429905613979071
  outer loop
    vertex 9454.50760085282 10065.518248620781 94.0311599636146
    vertex 9454.786078147801 10066.0323033607 84.03115997893481
    vertex 9454.847407972218 10065.566457094656 84.03115996505106
  endloop
endfacet
facet normal -0.9908615095024068 -0.13044939146861248 -0.03429905613979071
  outer loop
    vertex 9454.50760085282 10065.518248620781 94.0311599636146
    vertex 9454.847407972218 10065.566457094656 84.03115996505106
    vertex 9454.853754698972 10065.518248918816 84.0311599636143
  endloop
endfacet
facet normal -0.6084032425559663 0.7928865436385109 -0.03429902862126106
  outer loop
    vertex 9415.66725592311 10064.358593499635 94.03115992905309
    vertex 9415.500677725038 10063.79818923222 84.03115991235092
    vertex 9415.327600801964 10064.097966958574 94.03115992128558
  endloop
endfacet
facet normal -0.6084032425559663 0.7928865436385109 -0.03429902862126106
  outer loop
    vertex 9415.500677725038 10063.79818923222 84.03115991235092
    vertex 9415.66725592311 10064.358593499635 94.03115992905309
    vertex 9415.91202365506 10064.113826065723 84.0311599217579
  endloop
endfacet
facet normal -0.9233359351054001 -0.38245826592680043 -0.03429906365050105
  outer loop
    vertex 9416.227660488554 10066.511325841899 84.03115999321123
    vertex 9416.091719157079 10065.942711854748 94.03115997626499
    vertex 9415.927882464171 10066.338248620781 94.03115998805328
  endloop
endfacet
facet normal -0.9233359351054001 -0.38245826592680043 -0.03429906365050105
  outer loop
    vertex 9416.091719157079 10065.942711854748 94.03115997626499
    vertex 9416.227660488554 10066.511325841899 84.03115999321123
    vertex 9416.426078096949 10066.032303360698 84.03115997893481
  endloop
endfacet
facet normal 0.13044939248853119 -0.9908615084804738 -0.034299081783238025
  outer loop
    vertex 9414.507600801966 10067.50440276497 84.03116002280818
    vertex 9414.083137567997 10067.102366975894 94.0311600108265
    vertex 9413.993546360074 10067.4367262138 84.03116002079119
  endloop
endfacet
facet normal 0.13044939248853119 -0.9908615084804738 -0.034299081783238025
  outer loop
    vertex 9414.083137567997 10067.102366975894 94.0311600108265
    vertex 9414.507600801966 10067.50440276497 84.03116002280818
    vertex 9414.507600801966 10067.15824862078 94.03116001249197
  endloop
endfacet
facet normal 0.7928865426172029 -0.6084032415325372 -0.03429907038447883
  outer loop
    vertex 9451.14754116623 10066.511325841899 84.03115999321123
    vertex 9451.707945731672 10066.677903741927 94.03115999817611
    vertex 9451.447319190613 10066.338248620781 94.03115998805328
  endloop
endfacet
facet normal 0.7928865426172029 -0.6084032415325372 -0.03429907038447883
  outer loop
    vertex 9451.707945731672 10066.677903741927 94.03115999817611
    vertex 9451.14754116623 10066.511325841899 84.03115999321123
    vertex 9451.463177999722 10066.922671771907 84.03116000547071
  endloop
endfacet
facet normal 0.7928865426182502 0.6084032435756345 -0.03429903411941845
  outer loop
    vertex 9451.707945731672 10064.358593499635 94.03115992905309
    vertex 9451.14754116623 10064.525171995734 84.03115993401738
    vertex 9451.447319190613 10064.69824862078 94.03115993917594
  endloop
endfacet
facet normal 0.7928865426182502 0.6084032435756345 -0.03429903411941845
  outer loop
    vertex 9451.14754116623 10064.525171995734 84.03115993401738
    vertex 9451.707945731672 10064.358593499635 94.03115992905309
    vertex 9451.463177999722 10064.113826065723 84.0311599217579
  endloop
endfacet
facet normal 0.9908615095028085 0.13044939350999077 -0.034299048364222255
  outer loop
    vertex 9450.949123557833 10065.004194476933 84.03115994829379
    vertex 9451.227600852819 10065.518248620781 94.0311599636146
    vertex 9451.283482497705 10065.093785386813 94.03115995096421
  endloop
endfacet
facet normal 0.9908615095028085 0.13044939350999077 -0.034299048364222255
  outer loop
    vertex 9451.227600852819 10065.518248620781 94.0311599636146
    vertex 9450.949123557833 10065.004194476933 84.03115994829379
    vertex 9450.881447006665 10065.518248918816 84.0311599636143
  endloop
endfacet
facet normal 0.9908615095028085 0.13044939350999077 -0.034299048364222255
  outer loop
    vertex 9450.881447006665 10065.518248918816 84.0311599636143
    vertex 9450.949123557833 10065.004194476933 84.03115994829379
    vertex 9450.887793733418 10065.470040742975 84.03115996217754
  endloop
endfacet
facet normal 0.6084032425549964 0.7928865436392539 -0.034299028621287656
  outer loop
    vertex 9413.347945680818 10064.358593499635 94.03115992905309
    vertex 9413.514523878888 10063.79818923222 84.03115991235092
    vertex 9413.103177948871 10064.113826065717 84.0311599217579
  endloop
endfacet
facet normal 0.6084032425549964 0.7928865436392539 -0.034299028621287656
  outer loop
    vertex 9413.514523878888 10063.79818923222 84.03115991235092
    vertex 9413.347945680818 10064.358593499635 94.03115992905309
    vertex 9413.687600801964 10064.097966958574 94.03115992128558
  endloop
endfacet
facet normal -0.9233359351049646 0.3824582679723183 -0.03429904085328425
  outer loop
    vertex 9416.091719157079 10065.093785386813 94.03115995096421
    vertex 9416.227660488554 10064.525171995734 84.03115993401738
    vertex 9415.927882464171 10064.69824862078 94.03115993917594
  endloop
endfacet
facet normal -0.9233359351049646 0.3824582679723183 -0.03429904085328425
  outer loop
    vertex 9416.227660488554 10064.525171995734 84.03115993401738
    vertex 9416.091719157079 10065.093785386813 94.03115995096421
    vertex 9416.426078096949 10065.004194476933 84.03115994829379
  endloop
endfacet
facet normal -0.130449392488708 -0.9908615084804503 -0.03429908178324744
  outer loop
    vertex 9415.021655243856 10067.4367262138 84.03116002079119
    vertex 9414.507600801966 10067.15824862078 94.03116001249197
    vertex 9414.507600801966 10067.50440276497 84.03116002280818
  endloop
endfacet
facet normal -0.130449392488708 -0.9908615084804503 -0.03429908178324744
  outer loop
    vertex 9414.507600801966 10067.15824862078 94.03116001249197
    vertex 9415.021655243856 10067.4367262138 84.03116002079119
    vertex 9414.932064035933 10067.102366975894 94.0311600108265
  endloop
endfacet
facet normal 0.6084032425537488 -0.7928865415957609 -0.03429907588257117
  outer loop
    vertex 9413.514523878895 10067.238308605412 84.0311600148777
    vertex 9413.347945680818 10066.677903741927 94.03115999817611
    vertex 9413.10317794887 10066.922671771908 84.03116000547071
  endloop
endfacet
facet normal 0.6084032425537488 -0.7928865415957609 -0.03429907588257117
  outer loop
    vertex 9413.347945680818 10066.677903741927 94.03115999817611
    vertex 9413.514523878895 10067.238308605412 84.0311600148777
    vertex 9413.687600801964 10066.938530282987 94.03116000594365
  endloop
endfacet
facet normal -0.7928865426170875 0.608403243577149 -0.034299034119431755
  outer loop
    vertex 9454.587660539411 10064.52517199574 84.03115993401738
    vertex 9454.027255973964 10064.358593499635 94.03115992905309
    vertex 9454.287882515026 10064.69824862078 94.03115993917594
  endloop
endfacet
facet normal -0.7928865426170875 0.608403243577149 -0.034299034119431755
  outer loop
    vertex 9454.027255973964 10064.358593499635 94.03115992905309
    vertex 9454.587660539411 10064.52517199574 84.03115993401738
    vertex 9454.272023705911 10064.113826065717 84.0311599217579
  endloop
endfacet
facet normal -0.7928865426175887 0.6084032435764932 -0.03429903411947562
  outer loop
    vertex 9416.227660488554 10064.525171995734 84.03115993401738
    vertex 9415.66725592311 10064.358593499635 94.03115992905309
    vertex 9415.927882464171 10064.69824862078 94.03115993917594
  endloop
endfacet
facet normal -0.7928865426175887 0.6084032435764932 -0.03429903411947562
  outer loop
    vertex 9415.66725592311 10064.358593499635 94.03115992905309
    vertex 9416.227660488554 10064.525171995734 84.03115993401738
    vertex 9415.91202365506 10064.113826065723 84.0311599217579
  endloop
endfacet
facet normal 0.38245826694980434 -0.9233359340828418 -0.03429907977072364
  outer loop
    vertex 9413.993546360074 10067.4367262138 84.03116002079119
    vertex 9413.687600801964 10066.938530282987 94.03116000594365
    vertex 9413.514523878895 10067.238308605412 84.0311600148777
  endloop
endfacet
facet normal 0.38245826694980434 -0.9233359340828418 -0.03429907977072364
  outer loop
    vertex 9413.687600801964 10066.938530282987 94.03116000594365
    vertex 9413.993546360074 10067.4367262138 84.03116002079119
    vertex 9414.083137567997 10067.102366975894 94.0311600108265
  endloop
endfacet
facet normal -0.38245826694547547 0.9233359361290956 -0.03429902473351161
  outer loop
    vertex 9415.327600801964 10064.097966958574 94.03115992128558
    vertex 9415.021655243856 10063.599771623833 84.03115990643742
    vertex 9414.932064035933 10063.934130265667 94.0311599164027
  endloop
endfacet
facet normal -0.38245826694547547 0.9233359361290956 -0.03429902473351161
  outer loop
    vertex 9415.021655243856 10063.599771623833 84.03115990643742
    vertex 9415.327600801964 10064.097966958574 94.03115992128558
    vertex 9415.500677725038 10063.79818923222 84.03115991235092
  endloop
endfacet
facet normal -0.9908615095027677 -0.1304493914658368 -0.034299056139923144
  outer loop
    vertex 9416.426078096949 10066.032303360698 84.03115997893481
    vertex 9416.147600801965 10065.518248620781 94.0311599636146
    vertex 9416.091719157079 10065.942711854748 94.03115997626499
  endloop
endfacet
facet normal -0.9908615095027677 -0.1304493914658368 -0.034299056139923144
  outer loop
    vertex 9416.147600801965 10065.518248620781 94.0311599636146
    vertex 9416.426078096949 10066.032303360698 84.03115997893481
    vertex 9416.487407921364 10065.566457094656 84.03115996505106
  endloop
endfacet
facet normal -0.9908615095027677 -0.1304493914658368 -0.034299056139923144
  outer loop
    vertex 9416.147600801965 10065.518248620781 94.0311599636146
    vertex 9416.487407921364 10065.566457094656 84.03115996505106
    vertex 9416.49375464812 10065.518248918816 84.0311599636143
  endloop
endfacet
facet normal -1.8687773196491304e-27 -0.9999999999999997 -2.9803436295593474e-08
  outer loop
    vertex 9430.887600827391 10112.897770141924 84.03116137567882
    vertex 9419.507600801964 10112.897769820047 94.83116137567895
    vertex 9419.507600801964 10112.897770141924 84.03116137567882
  endloop
endfacet
facet normal -1.8687773196491304e-27 -0.9999999999999997 -2.9803436295593474e-08
  outer loop
    vertex 9419.507600801964 10112.897769820047 94.83116137567895
    vertex 9430.887600827391 10112.897770141924 84.03116137567882
    vertex 9433.687600827392 10112.897770058473 86.83116137567963
  endloop
endfacet
facet normal -1.8687773196491304e-27 -0.9999999999999997 -2.9803436295593474e-08
  outer loop
    vertex 9419.507600801964 10112.897769820047 94.83116137567895
    vertex 9433.687600827392 10112.897770058473 86.83116137567963
    vertex 9447.86760085282 10112.897769820047 94.83116137567895
  endloop
endfacet
facet normal -1.8687773196491304e-27 -0.9999999999999997 -2.9803436295593474e-08
  outer loop
    vertex 9447.86760085282 10112.897769820047 94.83116137567895
    vertex 9433.687600827392 10112.897770058473 86.83116137567963
    vertex 9436.487600827391 10112.897770141924 84.03116137567882
  endloop
endfacet
facet normal -1.8687773196491304e-27 -0.9999999999999997 -2.9803436295593474e-08
  outer loop
    vertex 9447.86760085282 10112.897769820047 94.83116137567895
    vertex 9436.487600827391 10112.897770141924 84.03116137567882
    vertex 9447.86760085282 10112.897770141924 84.03116137567882
  endloop
endfacet
facet normal -0.659345815099953 0.7518398074790789 2.2407391259966974e-08
  outer loop
    vertex 9404.07255508593 10125.352694820962 94.83116174687639
    vertex 9403.679173677221 10125.007708906423 84.03116173659456
    vertex 9403.67917367722 10125.007708584544 94.83116173659468
  endloop
endfacet
facet normal -0.659345815099953 0.7518398074790789 2.2407391259966974e-08
  outer loop
    vertex 9403.679173677221 10125.007708906423 84.03116173659456
    vertex 9404.07255508593 10125.352694820962 94.83116174687639
    vertex 9404.07255508592 10125.352695142832 84.03116174687626
  endloop
endfacet
facet normal 0.659345815099953 0.7518398074790789 2.2407391259176163e-08
  outer loop
    vertex 9463.696027977565 10125.007708584544 94.83116173659468
    vertex 9463.302646568862 10125.352695142832 84.03116174687626
    vertex 9463.302646568854 10125.352694820962 94.83116174687639
  endloop
endfacet
facet normal 0.659345815099953 0.7518398074790789 2.2407391259176163e-08
  outer loop
    vertex 9463.302646568862 10125.352695142832 84.03116174687626
    vertex 9463.696027977565 10125.007708584544 94.83116173659468
    vertex 9463.696027977561 10125.007708906423 84.03116173659456
  endloop
endfacet
facet normal -0.8314696123016606 0.5555702330209261 1.6557850787010644e-08
  outer loop
    vertex 9403.334187440802 10124.614327497711 84.0311617248705
    vertex 9403.043499186826 10124.179281459797 94.83116171190484
    vertex 9403.334187440802 10124.614327175834 94.83116172487063
  endloop
endfacet
facet normal -0.8314696123016606 0.5555702330209261 1.6557850787010644e-08
  outer loop
    vertex 9403.043499186826 10124.179281459797 94.83116171190484
    vertex 9403.334187440802 10124.614327497711 84.0311617248705
    vertex 9403.043499186824 10124.17928178167 84.03116171190473
  endloop
endfacet
facet normal -0.44228869021809647 0.8968727415331341 2.6729869071847525e-08
  outer loop
    vertex 9404.976867072504 10125.874799589843 94.8311617624368
    vertex 9404.507600801977 10125.643383396819 84.03116175553974
    vertex 9404.507600801964 10125.643383074936 94.83116175553985
  endloop
endfacet
facet normal -0.44228869021809647 0.8968727415331341 2.6729869071847525e-08
  outer loop
    vertex 9404.507600801977 10125.643383396819 84.03116175553974
    vertex 9404.976867072504 10125.874799589843 94.8311617624368
    vertex 9404.9768670725 10125.874799911719 84.0311617624367
  endloop
endfacet
facet normal -0.1950903220159747 0.9807852804032607 2.923077968963188e-08
  outer loop
    vertex 9405.985496033085 10126.145060905292 94.83116177049148
    vertex 9405.472324621554 10126.042985086831 84.03116176744915
    vertex 9405.472324621554 10126.042984764954 94.83116176744929
  endloop
endfacet
facet normal -0.1950903220159747 0.9807852804032607 2.923077968963188e-08
  outer loop
    vertex 9405.472324621554 10126.042985086831 84.03116176744915
    vertex 9405.985496033085 10126.145060905292 94.83116177049148
    vertex 9405.985496033085 10126.14506122717 84.03116177049135
  endloop
endfacet
facet normal -0.0654031292295337 0.9978589232386431 2.9739566355850817e-08
  outer loop
    vertex 9406.507600801966 10126.179281459797 94.83116177151138
    vertex 9405.985496033085 10126.14506122717 84.03116177049135
    vertex 9405.985496033085 10126.145060905292 94.83116177049148
  endloop
endfacet
facet normal -0.0654031292295337 0.9978589232386431 2.9739566355850817e-08
  outer loop
    vertex 9405.985496033085 10126.14506122717 84.03116177049135
    vertex 9406.507600801966 10126.179281459797 94.83116177151138
    vertex 9406.507600801966 10126.179281781673 84.03116177151126
  endloop
endfacet
facet normal 0.9469301294948205 0.3214394653040015 9.580000945304714e-09
  outer loop
    vertex 9464.731304157975 10123.214557640209 94.83116168315291
    vertex 9464.563118982865 10123.710015511127 84.03116169791906
    vertex 9464.563118982864 10123.710015189257 94.83116169791919
  endloop
endfacet
facet normal 0.9469301294948205 0.3214394653040015 9.580000945304714e-09
  outer loop
    vertex 9464.563118982865 10123.710015511127 84.03116169791906
    vertex 9464.731304157975 10123.214557640209 94.83116168315291
    vertex 9464.731304157975 10123.214557962085 84.0311616831528
  endloop
endfacet
facet normal -0.5555702330199597 0.8314696123023062 2.4780473030911507e-08
  outer loop
    vertex 9404.07255508593 10125.352694820962 94.83116174687639
    vertex 9404.507600801977 10125.643383396819 84.03116175553974
    vertex 9404.07255508592 10125.352695142832 84.03116174687626
  endloop
endfacet
facet normal -0.5555702330199597 0.8314696123023062 2.4780473030911507e-08
  outer loop
    vertex 9404.507600801977 10125.643383396819 84.03116175553974
    vertex 9404.07255508593 10125.352694820962 94.83116174687639
    vertex 9404.507600801964 10125.643383074936 94.83116175553985
  endloop
endfacet
facet normal 0.5555702330199597 0.831469612302306 2.4780473029247908e-08
  outer loop
    vertex 9462.867600852818 10125.643383074936 94.83116175553985
    vertex 9463.302646568862 10125.352695142832 84.03116174687626
    vertex 9462.867600852807 10125.643383396819 84.03116175553974
  endloop
endfacet
facet normal 0.5555702330199597 0.831469612302306 2.4780473029247908e-08
  outer loop
    vertex 9463.302646568862 10125.352695142832 84.03116174687626
    vertex 9462.867600852818 10125.643383074936 94.83116175553985
    vertex 9463.302646568854 10125.352694820962 94.83116174687639
  endloop
endfacet
facet normal -0.9469301294959379 0.32143946530071 9.580088052779386e-09
  outer loop
    vertex 9402.812082671917 10123.710015511131 84.03116169791906
    vertex 9402.64389749681 10123.214557640209 94.83116168315291
    vertex 9402.812082671919 10123.710015189257 94.83116169791919
  endloop
endfacet
facet normal -0.9469301294959379 0.32143946530071 9.580088052779386e-09
  outer loop
    vertex 9402.64389749681 10123.214557640209 94.83116168315291
    vertex 9402.812082671917 10123.710015511131 84.03116169791906
    vertex 9402.643897496811 10123.214557962092 84.0311616831528
  endloop
endfacet
facet normal -0.3214394653039337 0.9469301294948432 2.8221780739917577e-08
  outer loop
    vertex 9404.976867072504 10125.874799589843 94.8311617624368
    vertex 9405.472324621554 10126.042985086831 84.03116176744915
    vertex 9404.9768670725 10125.874799911719 84.0311617624367
  endloop
endfacet
facet normal -0.3214394653039337 0.9469301294948432 2.8221780739917577e-08
  outer loop
    vertex 9405.472324621554 10126.042985086831 84.03116176744915
    vertex 9404.976867072504 10125.874799589843 94.8311617624368
    vertex 9405.472324621554 10126.042984764954 94.83116176744929
  endloop
endfacet
facet normal -0.7518398074790901 0.6593458150999403 1.965071379783356e-08
  outer loop
    vertex 9403.679173677221 10125.007708906423 84.03116173659456
    vertex 9403.334187440802 10124.614327175834 94.83116172487063
    vertex 9403.67917367722 10125.007708584544 94.83116173659468
  endloop
endfacet
facet normal -0.7518398074790901 0.6593458150999403 1.965071379783356e-08
  outer loop
    vertex 9403.334187440802 10124.614327175834 94.83116172487063
    vertex 9403.679173677221 10125.007708906423 84.03116173659456
    vertex 9403.334187440802 10124.614327497711 84.0311617248705
  endloop
endfacet
facet normal 0.06540312922980383 0.9978589232386255 2.973956198417636e-08
  outer loop
    vertex 9461.389705621697 10126.145060905292 94.83116177049148
    vertex 9460.867600852818 10126.179281781673 84.03116177151126
    vertex 9460.867600852818 10126.179281459797 94.83116177151138
  endloop
endfacet
facet normal 0.06540312922980383 0.9978589232386255 2.973956198417636e-08
  outer loop
    vertex 9460.867600852818 10126.179281781673 84.03116177151126
    vertex 9461.389705621697 10126.145060905292 94.83116177049148
    vertex 9461.389705621697 10126.14506122717 84.03116177049135
  endloop
endfacet
facet normal -0.9978589232385608 0.06540312923079425 1.9493227208472296e-09
  outer loop
    vertex 9402.541821356468 10122.701386550549 84.03116166785863
    vertex 9402.507600801964 10122.179281459797 94.8311616522983
    vertex 9402.54182135647 10122.701386228677 94.83116166785875
  endloop
endfacet
facet normal -0.9978589232385608 0.06540312923079425 1.9493227208472296e-09
  outer loop
    vertex 9402.507600801964 10122.179281459797 94.8311616522983
    vertex 9402.541821356468 10122.701386550549 84.03116166785863
    vertex 9402.507600801964 10122.179281781686 84.0311616522982
  endloop
endfacet
facet normal -0.9807852804032582 0.19509032201598897 5.814363587854598e-09
  outer loop
    vertex 9402.64389749681 10123.214557640209 94.83116168315291
    vertex 9402.541821356468 10122.701386550549 84.03116166785863
    vertex 9402.54182135647 10122.701386228677 94.83116166785875
  endloop
endfacet
facet normal -0.9807852804032582 0.19509032201598897 5.814363587854598e-09
  outer loop
    vertex 9402.541821356468 10122.701386550549 84.03116166785863
    vertex 9402.64389749681 10123.214557640209 94.83116168315291
    vertex 9402.643897496811 10123.214557962092 84.0311616831528
  endloop
endfacet
facet normal 0.8314696123027123 0.5555702330193522 1.655786973082167e-08
  outer loop
    vertex 9464.33170246795 10124.17928178168 84.03116171190473
    vertex 9464.041014213983 10124.614327175834 94.83116172487063
    vertex 9464.331702467956 10124.179281459797 94.83116171190484
  endloop
endfacet
facet normal 0.8314696123027123 0.5555702330193522 1.655786973082167e-08
  outer loop
    vertex 9464.041014213983 10124.614327175834 94.83116172487063
    vertex 9464.33170246795 10124.17928178168 84.03116171190473
    vertex 9464.041014213984 10124.614327497708 84.0311617248705
  endloop
endfacet
facet normal 4.7072572781353e-16 0.9999999999999997 2.980330348888505e-08
  outer loop
    vertex 9406.769464477064 10126.179281459797 94.83116177151138
    vertex 9406.507600801966 10126.179281781673 84.03116177151126
    vertex 9406.507600801966 10126.179281459797 94.83116177151138
  endloop
endfacet
facet normal 4.7072572781353e-16 0.9999999999999997 2.980330348888505e-08
  outer loop
    vertex 9406.507600801966 10126.179281781673 84.03116177151126
    vertex 9406.769464477064 10126.179281459797 94.83116177151138
    vertex 9430.887600827391 10126.179281781673 84.03116177151126
  endloop
endfacet
facet normal 4.7072572781353e-16 0.9999999999999997 2.980330348888505e-08
  outer loop
    vertex 9430.887600827391 10126.179281781673 84.03116177151126
    vertex 9406.769464477064 10126.179281459797 94.83116177151138
    vertex 9424.469464359658 10126.179281459797 94.83116177151138
  endloop
endfacet
facet normal 4.7072572781353e-16 0.9999999999999997 2.980330348888505e-08
  outer loop
    vertex 9430.887600827391 10126.179281781673 84.03116177151126
    vertex 9424.469464359658 10126.179281459797 94.83116177151138
    vertex 9433.687600827392 10126.179281698223 86.83116177151204
  endloop
endfacet
facet normal 4.7072572781353e-16 0.9999999999999997 2.980330348888505e-08
  outer loop
    vertex 9433.687600827392 10126.179281698223 86.83116177151204
    vertex 9424.469464359658 10126.179281459797 94.83116177151138
    vertex 9460.867600852818 10126.179281459797 94.83116177151138
  endloop
endfacet
facet normal 4.7072572781353e-16 0.9999999999999997 2.980330348888505e-08
  outer loop
    vertex 9433.687600827392 10126.179281698223 86.83116177151204
    vertex 9460.867600852818 10126.179281459797 94.83116177151138
    vertex 9436.487600827391 10126.179281781673 84.03116177151126
  endloop
endfacet
facet normal 4.7072572781353e-16 0.9999999999999997 2.980330348888505e-08
  outer loop
    vertex 9436.487600827391 10126.179281781673 84.03116177151126
    vertex 9460.867600852818 10126.179281459797 94.83116177151138
    vertex 9460.867600852818 10126.179281781673 84.03116177151126
  endloop
endfacet
facet normal 0.9807852804033123 0.1950903220157178 5.814376985409361e-09
  outer loop
    vertex 9464.833380298314 10122.701386550549 84.03116166785863
    vertex 9464.731304157975 10123.214557640209 94.83116168315291
    vertex 9464.833380298312 10122.701386228677 94.83116166785875
  endloop
endfacet
facet normal 0.9807852804033123 0.1950903220157178 5.814376985409361e-09
  outer loop
    vertex 9464.731304157975 10123.214557640209 94.83116168315291
    vertex 9464.833380298314 10122.701386550549 84.03116166785863
    vertex 9464.731304157975 10123.214557962085 84.0311616831528
  endloop
endfacet
facet normal 0.3214394653043537 0.9469301294947007 2.8221802225560092e-08
  outer loop
    vertex 9462.398334582278 10125.874799589843 94.8311617624368
    vertex 9461.90287703323 10126.042985086831 84.03116176744915
    vertex 9461.902877033228 10126.042984764954 94.83116176744929
  endloop
endfacet
facet normal 0.3214394653043537 0.9469301294947007 2.8221802225560092e-08
  outer loop
    vertex 9461.90287703323 10126.042985086831 84.03116176744915
    vertex 9462.398334582278 10125.874799589843 94.8311617624368
    vertex 9462.398334582283 10125.874799911719 84.0311617624367
  endloop
endfacet
facet normal 0.44228869021809647 0.8968727415331341 2.6729869072385374e-08
  outer loop
    vertex 9462.867600852818 10125.643383074936 94.83116175553985
    vertex 9462.398334582283 10125.874799911719 84.0311617624367
    vertex 9462.398334582278 10125.874799589843 94.8311617624368
  endloop
endfacet
facet normal 0.44228869021809647 0.8968727415331341 2.6729869072385374e-08
  outer loop
    vertex 9462.398334582283 10125.874799911719 84.0311617624367
    vertex 9462.867600852818 10125.643383074936 94.83116175553985
    vertex 9462.867600852807 10125.643383396819 84.03116175553974
  endloop
endfacet
facet normal 0.1950903220149187 0.9807852804034707 2.923077968917014e-08
  outer loop
    vertex 9461.389705621697 10126.145060905292 94.83116177049148
    vertex 9461.90287703323 10126.042985086831 84.03116176744915
    vertex 9461.389705621697 10126.14506122717 84.03116177049135
  endloop
endfacet
facet normal 0.1950903220149187 0.9807852804034707 2.923077968917014e-08
  outer loop
    vertex 9461.90287703323 10126.042985086831 84.03116176744915
    vertex 9461.389705621697 10126.145060905292 94.83116177049148
    vertex 9461.902877033228 10126.042984764954 94.83116176744929
  endloop
endfacet
facet normal 0.7518398074795216 0.6593458150994481 1.9650682089558762e-08
  outer loop
    vertex 9464.041014213983 10124.614327175834 94.83116172487063
    vertex 9463.696027977561 10125.007708906423 84.03116173659456
    vertex 9463.696027977565 10125.007708584544 94.83116173659468
  endloop
endfacet
facet normal 0.7518398074795216 0.6593458150994481 1.9650682089558762e-08
  outer loop
    vertex 9463.696027977561 10125.007708906423 84.03116173659456
    vertex 9464.041014213983 10124.614327175834 94.83116172487063
    vertex 9464.041014213984 10124.614327497708 84.0311617248705
  endloop
endfacet
facet normal 0.9978589232385608 0.06540312923079425 1.949322720847229e-09
  outer loop
    vertex 9464.867600852818 10122.179281459797 94.8311616522983
    vertex 9464.833380298314 10122.701386550549 84.03116166785863
    vertex 9464.833380298312 10122.701386228677 94.83116166785875
  endloop
endfacet
facet normal 0.9978589232385608 0.06540312923079425 1.949322720847229e-09
  outer loop
    vertex 9464.833380298314 10122.701386550549 84.03116166785863
    vertex 9464.867600852818 10122.179281459797 94.8311616522983
    vertex 9464.867600852818 10122.179281781686 84.0311616522982
  endloop
endfacet
facet normal -0.8968727415325499 0.44228869021928197 1.3181759292325204e-08
  outer loop
    vertex 9403.043499186826 10124.179281459797 94.83116171190484
    vertex 9402.812082671917 10123.710015511131 84.03116169791906
    vertex 9402.812082671919 10123.710015189257 94.83116169791919
  endloop
endfacet
facet normal -0.8968727415325499 0.44228869021928197 1.3181759292325204e-08
  outer loop
    vertex 9402.812082671917 10123.710015511131 84.03116169791906
    vertex 9403.043499186826 10124.179281459797 94.83116171190484
    vertex 9403.043499186824 10124.17928178167 84.03116171190473
  endloop
endfacet
facet normal 0.8968727415327822 0.4422886902188106 1.3181607361499e-08
  outer loop
    vertex 9464.563118982865 10123.710015511127 84.03116169791906
    vertex 9464.331702467956 10124.179281459797 94.83116171190484
    vertex 9464.563118982864 10123.710015189257 94.83116169791919
  endloop
endfacet
facet normal 0.8968727415327822 0.4422886902188106 1.3181607361499e-08
  outer loop
    vertex 9464.331702467956 10124.179281459797 94.83116171190484
    vertex 9464.563118982865 10123.710015511127 84.03116169791906
    vertex 9464.33170246795 10124.17928178168 84.03116171190473
  endloop
endfacet
facet normal -1.0 0.0 0.0
  outer loop
    vertex 9402.507600801964 10122.179281781686 84.0311616522982
    vertex 9402.507600801964 10047.979281423017 94.8311594408959
    vertex 9402.507600801964 10122.179281459797 94.8311616522983
  endloop
endfacet
facet normal -1.0 0.0 0.0
  outer loop
    vertex 9402.507600801964 10047.979281423017 94.8311594408959
    vertex 9402.507600801964 10122.179281781686 84.0311616522982
    vertex 9402.507600801964 10047.979281744892 84.03115944089579
  endloop
endfacet
facet normal 1.0 0.0 0.0
  outer loop
    vertex 9464.867600852818 10047.979281744892 84.03115944089579
    vertex 9464.867600852818 10122.179281459797 94.8311616522983
    vertex 9464.867600852818 10047.979281423017 94.8311594408959
  endloop
endfacet
facet normal 1.0 0.0 0.0
  outer loop
    vertex 9464.867600852818 10122.179281459797 94.8311616522983
    vertex 9464.867600852818 10047.979281744892 84.03115944089579
    vertex 9464.867600852818 10122.179281781686 84.0311616522982
  endloop
endfacet
facet normal 1.0 0.0 0.0
  outer loop
    vertex 9419.507600801964 10097.897769820045 94.83116092862994
    vertex 9419.507600801964 10112.897770141924 84.03116137567882
    vertex 9419.507600801964 10112.897769820047 94.83116137567895
  endloop
endfacet
facet normal 1.0 0.0 0.0
  outer loop
    vertex 9419.507600801964 10112.897770141924 84.03116137567882
    vertex 9419.507600801964 10097.897769820045 94.83116092862994
    vertex 9419.507600801964 10097.897770141924 84.03116092862982
  endloop
endfacet
facet normal -1.0 0.0 0.0
  outer loop
    vertex 9447.86760085282 10112.897770141924 84.03116137567882
    vertex 9447.86760085282 10097.897769820045 94.83116092862994
    vertex 9447.86760085282 10112.897769820047 94.83116137567895
  endloop
endfacet
facet normal -1.0 0.0 0.0
  outer loop
    vertex 9447.86760085282 10097.897769820045 94.83116092862994
    vertex 9447.86760085282 10112.897770141924 84.03116137567882
    vertex 9447.86760085282 10097.897770141924 84.03116092862982
  endloop
endfacet
facet normal -3.1348436816733217e-25 0.9999999999999997 2.9803571627552634e-08
  outer loop
    vertex 9447.86760085282 10097.897769820045 94.83116092862994
    vertex 9419.507600801964 10097.897770141924 84.03116092862982
    vertex 9419.507600801964 10097.897769820045 94.83116092862994
  endloop
endfacet
facet normal -3.1348436816733217e-25 0.9999999999999997 2.9803571627552634e-08
  outer loop
    vertex 9419.507600801964 10097.897770141924 84.03116092862982
    vertex 9447.86760085282 10097.897769820045 94.83116092862994
    vertex 9433.687600827392 10097.897770058473 86.83116092863061
  endloop
endfacet
facet normal -3.1348436816733217e-25 0.9999999999999997 2.9803571627552634e-08
  outer loop
    vertex 9419.507600801964 10097.897770141924 84.03116092862982
    vertex 9433.687600827392 10097.897770058473 86.83116092863061
    vertex 9430.887600827391 10097.897770141924 84.03116092862982
  endloop
endfacet
facet normal -3.1348436816733217e-25 0.9999999999999997 2.9803571627552634e-08
  outer loop
    vertex 9433.687600827392 10097.897770058473 86.83116092863061
    vertex 9447.86760085282 10097.897769820045 94.83116092862994
    vertex 9436.487600827391 10097.897770141924 84.03116092862982
  endloop
endfacet
facet normal -3.1348436816733217e-25 0.9999999999999997 2.9803571627552634e-08
  outer loop
    vertex 9436.487600827391 10097.897770141924 84.03116092862982
    vertex 9447.86760085282 10097.897769820045 94.83116092862994
    vertex 9447.86760085282 10097.897770141924 84.03116092862982
  endloop
endfacet
facet normal -1.3541333233468607e-25 -0.9999999999999997 -2.980330730731992e-08
  outer loop
    vertex 9430.887600827391 10047.979281744892 84.03115944089579
    vertex 9402.507600801964 10047.979281423017 94.8311594408959
    vertex 9402.507600801964 10047.979281744892 84.03115944089579
  endloop
endfacet
facet normal -1.3541333233468607e-25 -0.9999999999999997 -2.980330730731992e-08
  outer loop
    vertex 9402.507600801964 10047.979281423017 94.8311594408959
    vertex 9430.887600827391 10047.979281744892 84.03115944089579
    vertex 9433.687600827392 10047.979281661443 86.83115944089658
  endloop
endfacet
facet normal -1.3541333233468607e-25 -0.9999999999999997 -2.980330730731992e-08
  outer loop
    vertex 9402.507600801964 10047.979281423017 94.8311594408959
    vertex 9433.687600827392 10047.979281661443 86.83115944089658
    vertex 9464.867600852818 10047.979281423017 94.8311594408959
  endloop
endfacet
facet normal -1.3541333233468607e-25 -0.9999999999999997 -2.980330730731992e-08
  outer loop
    vertex 9464.867600852818 10047.979281423017 94.8311594408959
    vertex 9433.687600827392 10047.979281661443 86.83115944089658
    vertex 9436.487600827391 10047.979281744892 84.03115944089579
  endloop
endfacet
facet normal -1.3541333233468607e-25 -0.9999999999999997 -2.980330730731992e-08
  outer loop
    vertex 9464.867600852818 10047.979281423017 94.8311594408959
    vertex 9436.487600827391 10047.979281744892 84.03115944089579
    vertex 9464.867600852818 10047.979281744892 84.03115944089579
  endloop
endfacet
facet normal 0.9908615095026575 0.13044939351118512 -0.03429904836404747
  outer loop
    vertex 9412.589123506981 10104.004194476927 84.03116111062121
    vertex 9412.867600801965 10104.518248620781 94.031161125942
    vertex 9412.92348244685 10104.093785386813 94.03116111329162
  endloop
endfacet
facet normal 0.9908615095026575 0.13044939351118512 -0.03429904836404747
  outer loop
    vertex 9412.867600801965 10104.518248620781 94.031161125942
    vertex 9412.589123506981 10104.004194476927 84.03116111062121
    vertex 9412.521446955812 10104.518248918816 84.03116112594172
  endloop
endfacet
facet normal -0.38245826694512824 -0.9233359340847791 -0.03429907977071223
  outer loop
    vertex 9453.381655294706 10106.436726213798 84.03116118311861
    vertex 9453.687600852818 10105.938530282989 94.03116116827104
    vertex 9453.292064086787 10106.102366975894 94.03116117315392
  endloop
endfacet
facet normal -0.38245826694512824 -0.9233359340847791 -0.03429907977071223
  outer loop
    vertex 9453.687600852818 10105.938530282989 94.03116116827104
    vertex 9453.381655294706 10106.436726213798 84.03116118311861
    vertex 9453.860677775894 10106.238308605412 84.03116117720512
  endloop
endfacet
facet normal -0.13044939248828175 0.9908615105249717 -0.03429902272091465
  outer loop
    vertex 9414.932064035933 10102.934130265667 94.03116107873012
    vertex 9414.507600801966 10102.532095072662 84.03116106674784
    vertex 9414.507600801966 10102.878248620782 94.03116107706465
  endloop
endfacet
facet normal -0.13044939248828175 0.9908615105249717 -0.03429902272091465
  outer loop
    vertex 9414.507600801966 10102.532095072662 84.03116106674784
    vertex 9414.932064035933 10102.934130265667 94.03116107873012
    vertex 9415.02165524386 10102.599771623833 84.0311610687648
  endloop
endfacet
facet normal 0.608403242554996 0.7928865436392541 -0.034299028621287635
  outer loop
    vertex 9413.347945680818 10103.358593499634 94.03116109138051
    vertex 9413.514523878888 10102.79818923222 84.03116107467831
    vertex 9413.103177948871 10103.113826065717 84.03116108408533
  endloop
endfacet
facet normal 0.608403242554996 0.7928865436392541 -0.034299028621287635
  outer loop
    vertex 9413.514523878888 10102.79818923222 84.03116107467831
    vertex 9413.347945680818 10103.358593499634 94.03116109138051
    vertex 9413.687600801964 10103.097966958574 94.03116108361297
  endloop
endfacet
facet normal 0.13044939248810497 0.9908615105249954 -0.034299022720905244
  outer loop
    vertex 9414.083137567997 10102.934130265667 94.03116107873012
    vertex 9414.507600801966 10102.532095072662 84.03116106674784
    vertex 9413.99354636007 10102.599771623833 84.0311610687648
  endloop
endfacet
facet normal 0.13044939248810497 0.9908615105249954 -0.034299022720905244
  outer loop
    vertex 9414.507600801966 10102.532095072662 84.03116106674784
    vertex 9414.083137567997 10102.934130265667 94.03116107873012
    vertex 9414.507600801966 10102.878248620782 94.03116107706465
  endloop
endfacet
facet normal 0.6084032425559677 0.7928865436385134 -0.03429902862117328
  outer loop
    vertex 9451.707945731672 10103.358593499634 94.03116109138051
    vertex 9451.874523929744 10102.798189232219 84.03116107467831
    vertex 9451.463177999722 10103.11382606572 84.03116108408533
  endloop
endfacet
facet normal 0.6084032425559677 0.7928865436385134 -0.03429902862117328
  outer loop
    vertex 9451.874523929744 10102.798189232219 84.03116107467831
    vertex 9451.707945731672 10103.358593499634 94.03116109138051
    vertex 9452.047600852819 10103.097966958574 94.03116108361297
  endloop
endfacet
facet normal -0.7928865426175825 -0.6084032415320404 -0.034299070384522706
  outer loop
    vertex 9415.91202365506 10105.92267177191 84.0311611677981
    vertex 9415.927882464171 10105.338248620781 94.03116115038068
    vertex 9415.66725592311 10105.677903741927 94.03116116050352
  endloop
endfacet
facet normal -0.7928865426175825 -0.6084032415320404 -0.034299070384522706
  outer loop
    vertex 9415.927882464171 10105.338248620781 94.03116115038068
    vertex 9415.91202365506 10105.92267177191 84.0311611677981
    vertex 9416.227660488554 10105.511325841897 84.03116115553865
  endloop
endfacet
facet normal 0.7928865426170812 -0.6084032415326961 -0.034299070384478846
  outer loop
    vertex 9412.787541115371 10105.511325841891 84.03116115553865
    vertex 9413.347945680818 10105.677903741927 94.03116116050352
    vertex 9413.087319139759 10105.338248620781 94.03116115038068
  endloop
endfacet
facet normal 0.7928865426170812 -0.6084032415326961 -0.034299070384478846
  outer loop
    vertex 9413.347945680818 10105.677903741927 94.03116116050352
    vertex 9412.787541115371 10105.511325841891 84.03116115553865
    vertex 9413.103177948871 10105.922671771914 84.0311611677981
  endloop
endfacet
facet normal 0.38245826694616203 0.9233359361288102 -0.03429902473353915
  outer loop
    vertex 9452.047600852819 10103.097966958574 94.03116108361297
    vertex 9452.353546410925 10102.599771623833 84.0311610687648
    vertex 9451.874523929744 10102.798189232219 84.03116107467831
  endloop
endfacet
facet normal 0.38245826694616203 0.9233359361288102 -0.03429902473353915
  outer loop
    vertex 9452.353546410925 10102.599771623833 84.0311610687648
    vertex 9452.047600852819 10103.097966958574 94.03116108361297
    vertex 9452.443137618851 10102.934130265667 94.03116107873012
  endloop
endfacet
facet normal 0.9908615095027978 -0.13044939146560958 -0.03429905613991534
  outer loop
    vertex 9451.227600852819 10104.518248620781 94.031161125942
    vertex 9450.949123557833 10105.032303360698 84.03116114126222
    vertex 9451.283482497705 10104.94271185475 94.03116113859241
  endloop
endfacet
facet normal 0.9908615095027978 -0.13044939146560958 -0.03429905613991534
  outer loop
    vertex 9450.949123557833 10105.032303360698 84.03116114126222
    vertex 9451.227600852819 10104.518248620781 94.031161125942
    vertex 9450.881447006665 10104.518248918814 84.03116112594172
  endloop
endfacet
facet normal 0.9908615095027978 -0.13044939146560958 -0.03429905613991534
  outer loop
    vertex 9450.949123557833 10105.032303360698 84.03116114126222
    vertex 9450.881447006665 10104.518248918814 84.03116112594172
    vertex 9450.887793733418 10104.56645709466 84.03116112737848
  endloop
endfacet
facet normal -0.7928865426175887 0.608403243576493 -0.03429903411947564
  outer loop
    vertex 9415.927882464171 10103.69824862078 94.03116110150333
    vertex 9415.91202365506 10103.11382606572 84.03116108408533
    vertex 9415.66725592311 10103.358593499634 94.03116109138051
  endloop
endfacet
facet normal -0.7928865426175887 0.608403243576493 -0.03429903411947564
  outer loop
    vertex 9415.91202365506 10103.11382606572 84.03116108408533
    vertex 9415.927882464171 10103.69824862078 94.03116110150333
    vertex 9416.227660488554 10103.525171995734 84.03116109634477
  endloop
endfacet
facet normal -0.1304493924891356 -0.9908615084803944 -0.03429908178322864
  outer loop
    vertex 9415.021655243854 10106.436726213798 84.03116118311861
    vertex 9414.507600801966 10106.15824862078 94.03116117481936
    vertex 9414.507600801966 10106.50440276497 84.0311611851356
  endloop
endfacet
facet normal -0.1304493924891356 -0.9908615084803944 -0.03429908178322864
  outer loop
    vertex 9414.507600801966 10106.15824862078 94.03116117481936
    vertex 9415.021655243854 10106.436726213798 84.03116118311861
    vertex 9414.932064035933 10106.102366975894 94.03116117315392
  endloop
endfacet
facet normal -0.9908615095027948 0.1304493935100933 -0.0342990483642278
  outer loop
    vertex 9416.49375464812 10104.518248918816 84.03116112594172
    vertex 9416.091719157079 10104.093785386813 94.03116111329162
    vertex 9416.147600801965 10104.518248620781 94.031161125942
  endloop
endfacet
facet normal -0.9908615095027948 0.1304493935100933 -0.0342990483642278
  outer loop
    vertex 9416.091719157079 10104.093785386813 94.03116111329162
    vertex 9416.49375464812 10104.518248918816 84.03116112594172
    vertex 9416.487407921364 10104.470040742974 84.03116112450496
  endloop
endfacet
facet normal -0.9908615095027948 0.1304493935100933 -0.0342990483642278
  outer loop
    vertex 9416.091719157079 10104.093785386813 94.03116111329162
    vertex 9416.487407921364 10104.470040742974 84.03116112450496
    vertex 9416.426078096949 10104.004194476933 84.03116111062121
  endloop
endfacet
facet normal -0.13044939248895884 -0.9908615084804182 -0.03429908178321924
  outer loop
    vertex 9453.381655294706 10106.436726213798 84.03116118311861
    vertex 9452.867600852818 10106.15824862078 94.03116117481936
    vertex 9452.867600852818 10106.50440276497 84.0311611851356
  endloop
endfacet
facet normal -0.13044939248895884 -0.9908615084804182 -0.03429908178321924
  outer loop
    vertex 9452.867600852818 10106.15824862078 94.03116117481936
    vertex 9453.381655294706 10106.436726213798 84.03116118311861
    vertex 9453.292064086787 10106.102366975894 94.03116117315392
  endloop
endfacet
facet normal 0.923335935106192 0.3824582679693513 -0.03429904085332327
  outer loop
    vertex 9412.787541115371 10103.52517199574 84.03116109634477
    vertex 9412.92348244685 10104.093785386813 94.03116111329162
    vertex 9413.087319139759 10103.69824862078 94.03116110150333
  endloop
endfacet
facet normal 0.923335935106192 0.3824582679693513 -0.03429904085332327
  outer loop
    vertex 9412.92348244685 10104.093785386813 94.03116111329162
    vertex 9412.787541115371 10103.52517199574 84.03116109634477
    vertex 9412.589123506981 10104.004194476927 84.03116111062121
  endloop
endfacet
facet normal 0.7928865426178265 -0.6084032415317278 -0.03429907038442563
  outer loop
    vertex 9451.14754116623 10105.511325841897 84.03116115553865
    vertex 9451.707945731672 10105.677903741927 94.03116116050352
    vertex 9451.44731919061 10105.338248620781 94.03116115038068
  endloop
endfacet
facet normal 0.7928865426178265 -0.6084032415317278 -0.03429907038442563
  outer loop
    vertex 9451.707945731672 10105.677903741927 94.03116116050352
    vertex 9451.14754116623 10105.511325841897 84.03116115553865
    vertex 9451.463177999725 10105.922671771914 84.0311611677981
  endloop
endfacet
facet normal -0.3824582669460603 0.9233359361288526 -0.03429902473353916
  outer loop
    vertex 9453.687600852818 10103.097966958574 94.03116108361297
    vertex 9453.381655294712 10102.599771623833 84.0311610687648
    vertex 9453.292064086787 10102.934130265667 94.03116107873012
  endloop
endfacet
facet normal -0.3824582669460603 0.9233359361288526 -0.03429902473353916
  outer loop
    vertex 9453.381655294712 10102.599771623833 84.0311610687648
    vertex 9453.687600852818 10103.097966958574 94.03116108361297
    vertex 9453.860677775894 10102.798189232219 84.03116107467831
  endloop
endfacet
facet normal -0.9233359351069163 0.3824582679675993 -0.03429904085336228
  outer loop
    vertex 9454.786078147801 10104.00419447693 84.03116111062121
    vertex 9454.287882515026 10103.69824862078 94.03116110150333
    vertex 9454.451719207931 10104.093785386813 94.03116111329162
  endloop
endfacet
facet normal -0.9233359351069163 0.3824582679675993 -0.03429904085336228
  outer loop
    vertex 9454.287882515026 10103.69824862078 94.03116110150333
    vertex 9454.786078147801 10104.00419447693 84.03116111062121
    vertex 9454.587660539411 10103.52517199574 84.03116109634477
  endloop
endfacet
facet normal 0.38245826694488727 -0.9233359340848784 -0.03429907977072839
  outer loop
    vertex 9452.35354641093 10106.436726213798 84.03116118311861
    vertex 9452.047600852819 10105.938530282989 94.03116116827104
    vertex 9451.87452392974 10106.23830860541 84.03116117720512
  endloop
endfacet
facet normal 0.38245826694488727 -0.9233359340848784 -0.03429907977072839
  outer loop
    vertex 9452.047600852819 10105.938530282989 94.03116116827104
    vertex 9452.35354641093 10106.436726213798 84.03116118311861
    vertex 9452.443137618851 10106.102366975894 94.03116117315392
  endloop
endfacet
facet normal 0.38245826694688795 0.9233359361285111 -0.03429902473350015
  outer loop
    vertex 9413.687600801964 10103.097966958574 94.03116108361297
    vertex 9413.99354636007 10102.599771623833 84.0311610687648
    vertex 9413.514523878888 10102.79818923222 84.03116107467831
  endloop
endfacet
facet normal 0.38245826694688795 0.9233359361285111 -0.03429902473350015
  outer loop
    vertex 9413.99354636007 10102.599771623833 84.0311610687648
    vertex 9413.687600801964 10103.097966958574 94.03116108361297
    vertex 9414.083137567997 10102.934130265667 94.03116107873012
  endloop
endfacet
facet normal 0.6084032425549899 -0.7928865415947979 -0.03429907588281713
  outer loop
    vertex 9413.514523878888 10106.23830860541 84.03116117720512
    vertex 9413.347945680818 10105.677903741927 94.03116116050352
    vertex 9413.103177948871 10105.922671771914 84.0311611677981
  endloop
endfacet
facet normal 0.6084032425549899 -0.7928865415947979 -0.03429907588281713
  outer loop
    vertex 9413.347945680818 10105.677903741927 94.03116116050352
    vertex 9413.514523878888 10106.23830860541 84.03116117720512
    vertex 9413.687600801964 10105.938530282989 94.03116116827104
  endloop
endfacet
facet normal 0.13044939248913553 -0.9908615084803944 -0.03429908178322863
  outer loop
    vertex 9452.867600852818 10106.50440276497 84.0311611851356
    vertex 9452.443137618851 10106.102366975894 94.03116117315392
    vertex 9452.35354641093 10106.436726213798 84.03116118311861
  endloop
endfacet
facet normal 0.13044939248913553 -0.9908615084803944 -0.03429908178322863
  outer loop
    vertex 9452.443137618851 10106.102366975894 94.03116117315392
    vertex 9452.867600852818 10106.50440276497 84.0311611851356
    vertex 9452.867600852818 10106.15824862078 94.03116117481936
  endloop
endfacet
facet normal -0.6084032425552381 0.7928865436390677 -0.034299028621300943
  outer loop
    vertex 9454.027255973964 10103.358593499634 94.03116109138051
    vertex 9453.860677775894 10102.798189232219 84.03116107467831
    vertex 9453.687600852818 10103.097966958574 94.03116108361297
  endloop
endfacet
facet normal -0.6084032425552381 0.7928865436390677 -0.034299028621300943
  outer loop
    vertex 9453.860677775894 10102.798189232219 84.03116107467831
    vertex 9454.027255973964 10103.358593499634 94.03116109138051
    vertex 9454.272023705911 10103.113826065717 84.03116108408533
  endloop
endfacet
facet normal -0.382458266945713 -0.9233359340845358 -0.034299079770739815
  outer loop
    vertex 9415.021655243854 10106.436726213798 84.03116118311861
    vertex 9415.327600801964 10105.938530282989 94.03116116827104
    vertex 9414.932064035933 10106.102366975894 94.03116117315392
  endloop
endfacet
facet normal -0.382458266945713 -0.9233359340845358 -0.034299079770739815
  outer loop
    vertex 9415.327600801964 10105.938530282989 94.03116116827104
    vertex 9415.021655243854 10106.436726213798 84.03116118311861
    vertex 9415.500677725038 10106.238308605412 84.03116117720512
  endloop
endfacet
facet normal 0.9889634263576527 0.14412047490670982 -0.034360297431717805
  outer loop
    vertex 9450.881447006665 10104.468440152817 84.03116112445726
    vertex 9451.283482497705 10104.093785386813 94.03116111329162
    vertex 9450.949088727533 10104.004278564715 84.03116111062373
  endloop
endfacet
facet normal 0.990839218865295 0.13044645891199058 -0.034948014474849756
  outer loop
    vertex 9450.881447006665 10104.468440152817 84.03116112445726
    vertex 9451.227600852819 10104.518248620781 94.031161125942
    vertex 9451.283482497705 10104.093785386813 94.03116111329162
  endloop
endfacet
facet normal 0.9994014254404675 1.0310341408625061e-09 -0.034594664726831946
  outer loop
    vertex 9450.881447006665 10104.518248918814 84.03116112594172
    vertex 9451.227600852819 10104.518248620781 94.031161125942
    vertex 9450.881447006665 10104.468440152817 84.03116112445726
  endloop
endfacet
facet normal -0.608403242555966 0.7928865436385111 -0.03429902862126104
  outer loop
    vertex 9415.66725592311 10103.358593499634 94.03116109138051
    vertex 9415.500677725038 10102.798189232219 84.03116107467831
    vertex 9415.327600801964 10103.097966958574 94.03116108361297
  endloop
endfacet
facet normal -0.608403242555966 0.7928865436385111 -0.03429902862126104
  outer loop
    vertex 9415.500677725038 10102.798189232219 84.03116107467831
    vertex 9415.66725592311 10103.358593499634 94.03116109138051
    vertex 9415.91202365506 10103.11382606572 84.03116108408533
  endloop
endfacet
facet normal -0.7928865426170812 -0.6084032415326959 -0.034299070384478825
  outer loop
    vertex 9454.272023705911 10105.922671771914 84.0311611677981
    vertex 9454.287882515026 10105.338248620781 94.03116115038068
    vertex 9454.027255973964 10105.677903741927 94.03116116050352
  endloop
endfacet
facet normal -0.7928865426170812 -0.6084032415326959 -0.034299070384478825
  outer loop
    vertex 9454.287882515026 10105.338248620781 94.03116115038068
    vertex 9454.272023705911 10105.922671771914 84.0311611677981
    vertex 9454.587660539411 10105.511325841891 84.03116115553865
  endloop
endfacet
facet normal 0.6084032425557884 -0.7928865415941833 -0.034299075882861
  outer loop
    vertex 9451.87452392974 10106.23830860541 84.03116117720512
    vertex 9451.707945731672 10105.677903741927 94.03116116050352
    vertex 9451.463177999725 10105.922671771914 84.0311611677981
  endloop
endfacet
facet normal 0.6084032425557884 -0.7928865415941833 -0.034299075882861
  outer loop
    vertex 9451.707945731672 10105.677903741927 94.03116116050352
    vertex 9451.87452392974 10106.23830860541 84.03116117720512
    vertex 9452.047600852819 10105.938530282989 94.03116116827104
  endloop
endfacet
facet normal 0.7928865426170877 0.6084032435771488 -0.03429903411943178
  outer loop
    vertex 9413.103177948871 10103.113826065717 84.03116108408533
    vertex 9413.087319139759 10103.69824862078 94.03116110150333
    vertex 9413.347945680818 10103.358593499634 94.03116109138051
  endloop
endfacet
facet normal 0.7928865426170877 0.6084032435771488 -0.03429903411943178
  outer loop
    vertex 9413.087319139759 10103.69824862078 94.03116110150333
    vertex 9413.103177948871 10103.113826065717 84.03116108408533
    vertex 9412.787541115371 10103.52517199574 84.03116109634477
  endloop
endfacet
facet normal 0.7928865426175922 0.6084032435764953 -0.034299034119361305
  outer loop
    vertex 9451.463177999722 10103.11382606572 84.03116108408533
    vertex 9451.44731919061 10103.69824862078 94.03116110150333
    vertex 9451.707945731672 10103.358593499634 94.03116109138051
  endloop
endfacet
facet normal 0.7928865426175922 0.6084032435764953 -0.034299034119361305
  outer loop
    vertex 9451.44731919061 10103.69824862078 94.03116110150333
    vertex 9451.463177999722 10103.11382606572 84.03116108408533
    vertex 9451.14754116623 10103.525171995734 84.03116109634477
  endloop
endfacet
facet normal -0.60840324255596 -0.7928865415940545 -0.03429907588279054
  outer loop
    vertex 9415.500677725038 10106.238308605412 84.03116117720512
    vertex 9415.66725592311 10105.677903741927 94.03116116050352
    vertex 9415.327600801964 10105.938530282989 94.03116116827104
  endloop
endfacet
facet normal -0.60840324255596 -0.7928865415940545 -0.03429907588279054
  outer loop
    vertex 9415.66725592311 10105.677903741927 94.03116116050352
    vertex 9415.500677725038 10106.238308605412 84.03116117720512
    vertex 9415.91202365506 10105.92267177191 84.0311611677981
  endloop
endfacet
facet normal -0.9908615095024503 0.13044939351274204 -0.03429904836410951
  outer loop
    vertex 9454.853754698972 10104.518248918816 84.03116112594172
    vertex 9454.451719207931 10104.093785386813 94.03116111329162
    vertex 9454.50760085282 10104.518248620781 94.031161125942
  endloop
endfacet
facet normal -0.9908615095024503 0.13044939351274204 -0.03429904836410951
  outer loop
    vertex 9454.451719207931 10104.093785386813 94.03116111329162
    vertex 9454.853754698972 10104.518248918816 84.03116112594172
    vertex 9454.786078147801 10104.00419447693 84.03116111062121
  endloop
endfacet
facet normal -0.9233359351049595 -0.3824582659278693 -0.034299063650445896
  outer loop
    vertex 9415.927882464171 10105.338248620781 94.03116115038068
    vertex 9416.426078096949 10105.032303360698 84.03116114126222
    vertex 9416.091719157079 10104.94271185475 94.03116113859241
  endloop
endfacet
facet normal -0.9233359351049595 -0.3824582659278693 -0.034299063650445896
  outer loop
    vertex 9416.426078096949 10105.032303360698 84.03116114126222
    vertex 9415.927882464171 10105.338248620781 94.03116115038068
    vertex 9416.227660488554 10105.511325841897 84.03116115553865
  endloop
endfacet
facet normal -0.990861509502775 -0.13044939146578308 -0.03429905613992039
  outer loop
    vertex 9416.426078096949 10105.032303360698 84.03116114126222
    vertex 9416.147600801965 10104.518248620781 94.031161125942
    vertex 9416.091719157079 10104.94271185475 94.03116113859241
  endloop
endfacet
facet normal -0.990861509502775 -0.13044939146578308 -0.03429905613992039
  outer loop
    vertex 9416.147600801965 10104.518248620781 94.031161125942
    vertex 9416.426078096949 10105.032303360698 84.03116114126222
    vertex 9416.49375464812 10104.518248918816 84.03116112594172
  endloop
endfacet
facet normal -0.990861509502775 -0.13044939146578308 -0.03429905613992039
  outer loop
    vertex 9416.49375464812 10104.518248918816 84.03116112594172
    vertex 9416.426078096949 10105.032303360698 84.03116114126222
    vertex 9416.487407921364 10104.566457094657 84.03116112737848
  endloop
endfacet
facet normal 0.3824582669465408 -0.9233359340841943 -0.034299079770700805
  outer loop
    vertex 9413.993546360076 10106.436726213798 84.03116118311861
    vertex 9413.687600801964 10105.938530282989 94.03116116827104
    vertex 9413.514523878888 10106.23830860541 84.03116117720512
  endloop
endfacet
facet normal 0.3824582669465408 -0.9233359340841943 -0.034299079770700805
  outer loop
    vertex 9413.687600801964 10105.938530282989 94.03116116827104
    vertex 9413.993546360076 10106.436726213798 84.03116118311861
    vertex 9414.083137567997 10106.102366975894 94.03116117315392
  endloop
endfacet
facet normal -0.7928865426170877 0.6084032435771487 -0.03429903411943178
  outer loop
    vertex 9454.287882515026 10103.69824862078 94.03116110150333
    vertex 9454.272023705911 10103.113826065717 84.03116108408533
    vertex 9454.027255973964 10103.358593499634 94.03116109138051
  endloop
endfacet
facet normal -0.7928865426170877 0.6084032435771487 -0.03429903411943178
  outer loop
    vertex 9454.272023705911 10103.113826065717 84.03116108408533
    vertex 9454.287882515026 10103.69824862078 94.03116110150333
    vertex 9454.587660539411 10103.52517199574 84.03116109634477
  endloop
endfacet
facet normal 0.13044939248828177 0.9908615105249717 -0.03429902272091465
  outer loop
    vertex 9452.443137618851 10102.934130265667 94.03116107873012
    vertex 9452.867600852818 10102.532095072662 84.03116106674784
    vertex 9452.353546410925 10102.599771623833 84.0311610687648
  endloop
endfacet
facet normal 0.13044939248828177 0.9908615105249717 -0.03429902272091465
  outer loop
    vertex 9452.867600852818 10102.532095072662 84.03116106674784
    vertex 9452.443137618851 10102.934130265667 94.03116107873012
    vertex 9452.867600852818 10102.878248620782 94.03116107706465
  endloop
endfacet
facet normal 0.13044939248874454 -0.990861508480446 -0.03429908178322863
  outer loop
    vertex 9414.507600801966 10106.50440276497 84.0311611851356
    vertex 9414.083137567997 10106.102366975894 94.03116117315392
    vertex 9413.993546360076 10106.436726213798 84.03116118311861
  endloop
endfacet
facet normal 0.13044939248874454 -0.990861508480446 -0.03429908178322863
  outer loop
    vertex 9414.083137567997 10106.102366975894 94.03116117315392
    vertex 9414.507600801966 10106.50440276497 84.0311611851356
    vertex 9414.507600801966 10106.15824862078 94.03116117481936
  endloop
endfacet
facet normal -0.9233359351069114 -0.38245826592314996 -0.034299063650523896
  outer loop
    vertex 9454.287882515026 10105.338248620781 94.03116115038068
    vertex 9454.786078147801 10105.032303360702 84.03116114126222
    vertex 9454.451719207931 10104.94271185475 94.03116113859241
  endloop
endfacet
facet normal -0.9233359351069114 -0.38245826592314996 -0.034299063650523896
  outer loop
    vertex 9454.786078147801 10105.032303360702 84.03116114126222
    vertex 9454.287882515026 10105.338248620781 94.03116115038068
    vertex 9454.587660539411 10105.511325841891 84.03116115553865
  endloop
endfacet
facet normal 0.9233359351061873 -0.38245826592490195 -0.03429906365048491
  outer loop
    vertex 9412.589123506981 10105.032303360704 84.03116114126222
    vertex 9413.087319139759 10105.338248620781 94.03116115038068
    vertex 9412.92348244685 10104.94271185475 94.03116113859241
  endloop
endfacet
facet normal 0.9233359351061873 -0.38245826592490195 -0.03429906365048491
  outer loop
    vertex 9413.087319139759 10105.338248620781 94.03116115038068
    vertex 9412.589123506981 10105.032303360704 84.03116114126222
    vertex 9412.787541115371 10105.511325841891 84.03116115553865
  endloop
endfacet
facet normal -0.6084032425552323 -0.7928865415946115 -0.03429907588283045
  outer loop
    vertex 9453.860677775894 10106.238308605412 84.03116117720512
    vertex 9454.027255973964 10105.677903741927 94.03116116050352
    vertex 9453.687600852818 10105.938530282989 94.03116116827104
  endloop
endfacet
facet normal -0.6084032425552323 -0.7928865415946115 -0.03429907588283045
  outer loop
    vertex 9454.027255973964 10105.677903741927 94.03116116050352
    vertex 9453.860677775894 10106.238308605412 84.03116117720512
    vertex 9454.272023705911 10105.922671771914 84.0311611677981
  endloop
endfacet
facet normal -0.13044939248810491 0.9908615105249954 -0.03429902272090524
  outer loop
    vertex 9453.292064086787 10102.934130265667 94.03116107873012
    vertex 9452.867600852818 10102.532095072662 84.03116106674784
    vertex 9452.867600852818 10102.878248620782 94.03116107706465
  endloop
endfacet
facet normal -0.13044939248810491 0.9908615105249954 -0.03429902272090524
  outer loop
    vertex 9452.867600852818 10102.532095072662 84.03116106674784
    vertex 9453.292064086787 10102.934130265667 94.03116107873012
    vertex 9453.381655294712 10102.599771623833 84.0311610687648
  endloop
endfacet
facet normal -0.38245826694489066 0.9233359361293388 -0.03429902473348403
  outer loop
    vertex 9453.687600852818 10064.097966958574 94.03115992128558
    vertex 9453.38165529471 10063.599771623833 84.03115990643742
    vertex 9453.292064086787 10063.934130265667 94.0311599164027
  endloop
endfacet
facet normal -0.38245826694489066 0.9233359361293388 -0.03429902473348403
  outer loop
    vertex 9453.38165529471 10063.599771623833 84.03115990643742
    vertex 9453.687600852818 10064.097966958574 94.03115992128558
    vertex 9453.860677775894 10063.79818923222 84.03115991235092
  endloop
endfacet
facet normal -0.990861509502434 0.1304493935128689 -0.03429904836409537
  outer loop
    vertex 9454.853754698972 10065.518248918816 84.0311599636143
    vertex 9454.451719207931 10065.093785386813 94.03115995096421
    vertex 9454.50760085282 10065.518248620781 94.0311599636146
  endloop
endfacet
facet normal -0.990861509502434 0.1304493935128689 -0.03429904836409537
  outer loop
    vertex 9454.451719207931 10065.093785386813 94.03115995096421
    vertex 9454.853754698972 10065.518248918816 84.0311599636143
    vertex 9454.786078147801 10065.004194476931 84.03115994829379
  endloop
endfacet
facet normal -0.990861509502434 0.1304493935128689 -0.03429904836409537
  outer loop
    vertex 9454.786078147801 10065.004194476931 84.03115994829379
    vertex 9454.853754698972 10065.518248918816 84.0311599636143
    vertex 9454.847407972218 10065.470040742974 84.03115996217754
  endloop
endfacet
facet normal -0.9233359351071596 0.3824582679670144 -0.03429904085333468
  outer loop
    vertex 9454.451719207931 10065.093785386813 94.03115995096421
    vertex 9454.587660539411 10064.52517199574 84.03115993401738
    vertex 9454.287882515026 10064.69824862078 94.03115993917594
  endloop
endfacet
facet normal -0.9233359351071596 0.3824582679670144 -0.03429904085333468
  outer loop
    vertex 9454.587660539411 10064.52517199574 84.03115993401738
    vertex 9454.451719207931 10065.093785386813 94.03115995096421
    vertex 9454.786078147801 10065.004194476931 84.03115994829379
  endloop
endfacet
facet normal 0.9233359351055389 0.382458267970938 -0.03429904085320753
  outer loop
    vertex 9451.14754116623 10103.525171995734 84.03116109634477
    vertex 9451.283482497705 10104.093785386813 94.03116111329162
    vertex 9451.44731919061 10103.69824862078 94.03116110150333
  endloop
endfacet
facet normal 0.9233359351055389 0.382458267970938 -0.03429904085320753
  outer loop
    vertex 9451.283482497705 10104.093785386813 94.03116111329162
    vertex 9451.14754116623 10103.525171995734 84.03116109634477
    vertex 9450.949088727533 10104.004278564715 84.03116111062373
  endloop
endfacet
facet normal -0.6084032425547892 -0.7928865415949601 -0.03429907588262835
  outer loop
    vertex 9453.860677775889 10067.238308605412 84.0311600148777
    vertex 9454.027255973964 10066.677903741927 94.03115999817611
    vertex 9453.687600852818 10066.938530282987 94.03116000594365
  endloop
endfacet
facet normal -0.6084032425547892 -0.7928865415949601 -0.03429907588262835
  outer loop
    vertex 9454.027255973964 10066.677903741927 94.03115999817611
    vertex 9453.860677775889 10067.238308605412 84.0311600148777
    vertex 9454.272023705915 10066.922671771908 84.03116000547071
  endloop
endfacet
facet normal -0.99086150950242 -0.13044939146850795 -0.034299056139806196
  outer loop
    vertex 9454.786078147801 10105.032303360702 84.03116114126222
    vertex 9454.50760085282 10104.518248620781 94.031161125942
    vertex 9454.451719207931 10104.94271185475 94.03116113859241
  endloop
endfacet
facet normal -0.99086150950242 -0.13044939146850795 -0.034299056139806196
  outer loop
    vertex 9454.50760085282 10104.518248620781 94.031161125942
    vertex 9454.786078147801 10105.032303360702 84.03116114126222
    vertex 9454.853754698972 10104.518248918816 84.03116112594172
  endloop
endfacet
facet normal -0.13044939249150259 0.9908615105245486 -0.03429902272088645
  outer loop
    vertex 9453.292064086787 10063.934130265667 94.0311599164027
    vertex 9452.867600852818 10063.532095072662 84.03115990442043
    vertex 9452.867600852818 10063.87824862078 94.03115991473724
  endloop
endfacet
facet normal -0.13044939249150259 0.9908615105245486 -0.03429902272088645
  outer loop
    vertex 9452.867600852818 10063.532095072662 84.03115990442043
    vertex 9453.292064086787 10063.934130265667 94.0311599164027
    vertex 9453.38165529471 10063.599771623833 84.03115990643742
  endloop
endfacet
facet normal 0.13044939249167933 0.9908615105245251 -0.03429902272089586
  outer loop
    vertex 9452.443137618851 10063.934130265667 94.0311599164027
    vertex 9452.867600852818 10063.532095072662 84.03115990442043
    vertex 9452.353546410926 10063.599771623833 84.03115990643742
  endloop
endfacet
facet normal 0.13044939249167933 0.9908615105245251 -0.03429902272089586
  outer loop
    vertex 9452.867600852818 10063.532095072662 84.03115990442043
    vertex 9452.443137618851 10063.934130265667 94.0311599164027
    vertex 9452.867600852818 10063.87824862078 94.03115991473724
  endloop
endfacet
facet normal -0.6084032425552384 0.7928865436390675 -0.03429902862130095
  outer loop
    vertex 9454.027255973964 10064.358593499635 94.03115992905309
    vertex 9453.860677775894 10063.79818923222 84.03115991235092
    vertex 9453.687600852818 10064.097966958574 94.03115992128558
  endloop
endfacet
facet normal -0.6084032425552384 0.7928865436390675 -0.03429902862130095
  outer loop
    vertex 9453.860677775894 10063.79818923222 84.03115991235092
    vertex 9454.027255973964 10064.358593499635 94.03115992905309
    vertex 9454.272023705911 10064.113826065717 84.0311599217579
  endloop
endfacet
facet normal -0.38245826694839097 -0.9233359340834246 -0.03429907977079021
  outer loop
    vertex 9453.38165529471 10067.4367262138 84.03116002079119
    vertex 9453.687600852818 10066.938530282987 94.03116000594365
    vertex 9453.292064086787 10067.102366975894 94.0311600108265
  endloop
endfacet
facet normal -0.38245826694839097 -0.9233359340834246 -0.03429907977079021
  outer loop
    vertex 9453.687600852818 10066.938530282987 94.03116000594365
    vertex 9453.38165529471 10067.4367262138 84.03116002079119
    vertex 9453.860677775889 10067.238308605412 84.0311600148777
  endloop
endfacet
facet normal -0.1304493924885312 -0.9908615084804738 -0.03429908178323803
  outer loop
    vertex 9453.38165529471 10067.4367262138 84.03116002079119
    vertex 9452.867600852818 10067.15824862078 94.03116001249197
    vertex 9452.867600852818 10067.50440276497 84.03116002280818
  endloop
endfacet
facet normal -0.1304493924885312 -0.9908615084804738 -0.03429908178323803
  outer loop
    vertex 9452.867600852818 10067.15824862078 94.03116001249197
    vertex 9453.38165529471 10067.4367262138 84.03116002079119
    vertex 9453.292064086787 10067.102366975894 94.0311600108265
  endloop
endfacet
facet normal 0.923335935106045 -0.3824582659252463 -0.03429906365047347
  outer loop
    vertex 9412.589123506981 10066.032303360704 84.03115997893481
    vertex 9413.087319139759 10066.338248620781 94.03115998805328
    vertex 9412.92348244685 10065.942711854748 94.03115997626499
  endloop
endfacet
facet normal 0.923335935106045 -0.3824582659252463 -0.03429906365047347
  outer loop
    vertex 9413.087319139759 10066.338248620781 94.03115998805328
    vertex 9412.589123506981 10066.032303360704 84.03115997893481
    vertex 9412.787541115373 10066.511325841893 84.03115999321123
  endloop
endfacet
facet normal -0.9233359351049644 0.38245826797231874 -0.03429904085328427
  outer loop
    vertex 9416.426078096949 10104.004194476933 84.03116111062121
    vertex 9415.927882464171 10103.69824862078 94.03116110150333
    vertex 9416.091719157079 10104.093785386813 94.03116111329162
  endloop
endfacet
facet normal -0.9233359351049644 0.38245826797231874 -0.03429904085328427
  outer loop
    vertex 9415.927882464171 10103.69824862078 94.03116110150333
    vertex 9416.426078096949 10104.004194476933 84.03116111062121
    vertex 9416.227660488554 10103.525171995734 84.03116109634477
  endloop
endfacet
facet normal 0.9233359351054446 -0.3824582659267039 -0.034299063650379324
  outer loop
    vertex 9450.949123557833 10105.032303360698 84.03116114126222
    vertex 9451.44731919061 10105.338248620781 94.03116115038068
    vertex 9451.283482497705 10104.94271185475 94.03116113859241
  endloop
endfacet
facet normal 0.9233359351054446 -0.3824582659267039 -0.034299063650379324
  outer loop
    vertex 9451.44731919061 10105.338248620781 94.03116115038068
    vertex 9450.949123557833 10105.032303360698 84.03116114126222
    vertex 9451.14754116623 10105.511325841897 84.03116115553865
  endloop
endfacet
facet normal -0.3824582669466449 0.9233359361286093 -0.03429902473356673
  outer loop
    vertex 9415.327600801964 10103.097966958574 94.03116108361297
    vertex 9415.02165524386 10102.599771623833 84.0311610687648
    vertex 9414.932064035933 10102.934130265667 94.03116107873012
  endloop
endfacet
facet normal -0.3824582669466449 0.9233359361286093 -0.03429902473356673
  outer loop
    vertex 9415.02165524386 10102.599771623833 84.0311610687648
    vertex 9415.327600801964 10103.097966958574 94.03116108361297
    vertex 9415.500677725038 10102.798189232219 84.03116107467831
  endloop
endfacet
facet normal 0.9908615095026272 -0.13044939146695092 -0.03429905613974415
  outer loop
    vertex 9412.867600801965 10104.518248620781 94.031161125942
    vertex 9412.589123506981 10105.032303360704 84.03116114126222
    vertex 9412.92348244685 10104.94271185475 94.03116113859241
  endloop
endfacet
facet normal 0.9908615095026272 -0.13044939146695092 -0.03429905613974415
  outer loop
    vertex 9412.589123506981 10105.032303360704 84.03116114126222
    vertex 9412.867600801965 10104.518248620781 94.031161125942
    vertex 9412.521446955812 10104.518248918816 84.03116112594172
  endloop
endfacet
facet normal 0.9233359351049644 0.3824582679723183 -0.03429904085328425
  outer loop
    vertex 9451.14754116623 10064.525171995734 84.03115993401738
    vertex 9451.283482497705 10065.093785386813 94.03115995096421
    vertex 9451.447319190613 10064.69824862078 94.03115993917594
  endloop
endfacet
facet normal 0.9233359351049644 0.3824582679723183 -0.03429904085328425
  outer loop
    vertex 9451.283482497705 10065.093785386813 94.03115995096421
    vertex 9451.14754116623 10064.525171995734 84.03115993401738
    vertex 9450.949123557833 10065.004194476933 84.03115994829379
  endloop
endfacet
facet normal 0.990861509502412 0.13044939351302767 -0.034299048364130606
  outer loop
    vertex 9412.589123506981 10065.004194476927 84.03115994829379
    vertex 9412.867600801965 10065.518248620781 94.0311599636146
    vertex 9412.92348244685 10065.093785386813 94.03115995096421
  endloop
endfacet
facet normal 0.990861509502412 0.13044939351302767 -0.034299048364130606
  outer loop
    vertex 9412.867600801965 10065.518248620781 94.0311599636146
    vertex 9412.589123506981 10065.004194476927 84.03115994829379
    vertex 9412.52144695581 10065.518248918816 84.0311599636143
  endloop
endfacet
facet normal 0.990861509502412 0.13044939351302767 -0.034299048364130606
  outer loop
    vertex 9412.52144695581 10065.518248918816 84.0311599636143
    vertex 9412.589123506981 10065.004194476927 84.03115994829379
    vertex 9412.527793682564 10065.470040742974 84.03115996217754
  endloop
endfacet
facet normal -0.7928865426164146 -0.6084032415335691 -0.0342990703844044
  outer loop
    vertex 9454.272023705915 10066.922671771908 84.03116000547071
    vertex 9454.287882515026 10066.338248620781 94.03115998805328
    vertex 9454.027255973964 10066.677903741927 94.03115999817611
  endloop
endfacet
facet normal -0.7928865426164146 -0.6084032415335691 -0.0342990703844044
  outer loop
    vertex 9454.287882515026 10066.338248620781 94.03115998805328
    vertex 9454.272023705915 10066.922671771908 84.03116000547071
    vertex 9454.587660539411 10066.511325841893 84.03115999321123
  endloop
endfacet
facet normal 0.130449392488708 -0.9908615084804503 -0.03429908178324744
  outer loop
    vertex 9452.867600852818 10067.50440276497 84.03116002280818
    vertex 9452.443137618851 10067.102366975894 94.0311600108265
    vertex 9452.353546410926 10067.4367262138 84.03116002079119
  endloop
endfacet
facet normal 0.130449392488708 -0.9908615084804503 -0.03429908178324744
  outer loop
    vertex 9452.443137618851 10067.102366975894 94.0311600108265
    vertex 9452.867600852818 10067.50440276497 84.03116002280818
    vertex 9452.867600852818 10067.15824862078 94.03116001249197
  endloop
endfacet
facet normal 0.9908615095027403 -0.1304493914660418 -0.034299056139934225
  outer loop
    vertex 9450.881447006665 10065.518248918816 84.0311599636143
    vertex 9451.283482497705 10065.942711854748 94.03115997626499
    vertex 9451.227600852819 10065.518248620781 94.0311599636146
  endloop
endfacet
facet normal 0.9908615095027403 -0.1304493914660418 -0.034299056139934225
  outer loop
    vertex 9451.283482497705 10065.942711854748 94.03115997626499
    vertex 9450.881447006665 10065.518248918816 84.0311599636143
    vertex 9450.887793733418 10065.56645709466 84.03115996505106
  endloop
endfacet
facet normal 0.9908615095027403 -0.1304493914660418 -0.034299056139934225
  outer loop
    vertex 9450.949123557833 10066.032303360698 84.03115997893481
    vertex 9451.283482497705 10065.942711854748 94.03115997626499
    vertex 9450.887793733418 10065.56645709466 84.03115996505106
  endloop
endfacet
facet normal 0.3824582669449927 0.9233359361292967 -0.034299024733484035
  outer loop
    vertex 9452.047600852819 10064.097966958574 94.03115992128558
    vertex 9452.353546410926 10063.599771623833 84.03115990643742
    vertex 9451.874523929744 10063.79818923222 84.03115991235092
  endloop
endfacet
facet normal 0.3824582669449927 0.9233359361292967 -0.034299024733484035
  outer loop
    vertex 9452.353546410926 10063.599771623833 84.03115990643742
    vertex 9452.047600852819 10064.097966958574 94.03115992128558
    vertex 9452.443137618851 10063.934130265667 94.0311599164027
  endloop
endfacet
facet normal 0.6084032425547896 -0.792886541594961 -0.03429907588260173
  outer loop
    vertex 9451.874523929748 10067.238308605412 84.0311600148777
    vertex 9451.707945731672 10066.677903741927 94.03115999817611
    vertex 9451.463177999722 10066.922671771907 84.03116000547071
  endloop
endfacet
facet normal 0.6084032425547896 -0.792886541594961 -0.03429907588260173
  outer loop
    vertex 9451.707945731672 10066.677903741927 94.03115999817611
    vertex 9451.874523929748 10067.238308605412 84.0311600148777
    vertex 9452.047600852819 10066.938530282987 94.03116000594365
  endloop
endfacet
facet normal -0.13044939249167933 0.9908615105245251 -0.03429902272089586
  outer loop
    vertex 9414.932064035933 10063.934130265667 94.0311599164027
    vertex 9414.507600801966 10063.532095072662 84.03115990442043
    vertex 9414.507600801966 10063.87824862078 94.03115991473724
  endloop
endfacet
facet normal -0.13044939249167933 0.9908615105245251 -0.03429902272089586
  outer loop
    vertex 9414.507600801966 10063.532095072662 84.03115990442043
    vertex 9414.932064035933 10063.934130265667 94.0311599164027
    vertex 9415.021655243856 10063.599771623833 84.03115990643742
  endloop
endfacet
facet normal -0.9908615095028085 0.13044939350999074 -0.03429904836422225
  outer loop
    vertex 9416.49375464812 10065.518248918816 84.0311599636143
    vertex 9416.091719157079 10065.093785386813 94.03115995096421
    vertex 9416.147600801965 10065.518248620781 94.0311599636146
  endloop
endfacet
facet normal -0.9908615095028085 0.13044939350999074 -0.03429904836422225
  outer loop
    vertex 9416.091719157079 10065.093785386813 94.03115995096421
    vertex 9416.49375464812 10065.518248918816 84.0311599636143
    vertex 9416.426078096949 10065.004194476933 84.03115994829379
  endloop
endfacet
facet normal -0.9908615095028085 0.13044939350999074 -0.03429904836422225
  outer loop
    vertex 9416.426078096949 10065.004194476933 84.03115994829379
    vertex 9416.49375464812 10065.518248918816 84.0311599636143
    vertex 9416.487407921364 10065.470040742975 84.03115996217754
  endloop
endfacet
facet normal 0.3824582669457187 0.9233359361289976 -0.03429902473344503
  outer loop
    vertex 9413.687600801964 10064.097966958574 94.03115992128558
    vertex 9413.993546360074 10063.599771623833 84.03115990643742
    vertex 9413.514523878888 10063.79818923222 84.03115991235092
  endloop
endfacet
facet normal 0.3824582669457187 0.9233359361289976 -0.03429902473344503
  outer loop
    vertex 9413.993546360074 10063.599771623833 84.03115990643742
    vertex 9413.687600801964 10064.097966958574 94.03115992128558
    vertex 9414.083137567997 10063.934130265667 94.0311599164027
  endloop
endfacet
facet normal -0.9233359351070123 -0.38245826592290966 -0.03429906365048489
  outer loop
    vertex 9454.587660539411 10066.511325841893 84.03115999321123
    vertex 9454.451719207931 10065.942711854748 94.03115997626499
    vertex 9454.287882515026 10066.338248620781 94.03115998805328
  endloop
endfacet
facet normal -0.9233359351070123 -0.38245826592290966 -0.03429906365048489
  outer loop
    vertex 9454.451719207931 10065.942711854748 94.03115997626499
    vertex 9454.587660539411 10066.511325841893 84.03115999321123
    vertex 9454.786078147801 10066.0323033607 84.03115997893481
  endloop
endfacet
endsolid xyplotter2_without4pi
