solid xyplotter2_without4pi
facet normal -0.7071067811867328 2.1074092029384854e-08 -0.707106781186362
  outer loop
    vertex 9644.86760082739 10097.89777014193 84.03116092862983
    vertex 9642.067600827391 10047.979281661446 86.83115944089663
    vertex 9642.067600827391 10097.897770058475 86.83116092863067
  endloop
endfacet
facet normal -0.7071067811867328 2.1074092029384854e-08 -0.707106781186362
  outer loop
    vertex 9642.067600827391 10047.979281661446 86.83115944089663
    vertex 9644.86760082739 10097.89777014193 84.03116092862983
    vertex 9644.86760082739 10047.979281744898 84.03115944089583
  endloop
endfacet
facet normal -3.536341369409515e-10 -0.9999999999999997 -3.039537459912922e-08
  outer loop
    vertex 9622.382090943905 10058.519281380248 98.38532924869706
    vertex 9620.082090928741 10058.519281260196 102.23115941987076
    vertex 9620.082090928741 10058.519281334446 99.88532924810559
  endloop
endfacet
facet normal -3.536341369409515e-10 -0.9999999999999997 -3.039537459912922e-08
  outer loop
    vertex 9620.082090928741 10058.519281260196 102.23115941987076
    vertex 9622.382090943905 10058.519281380248 98.38532924869706
    vertex 9625.482090929585 10058.519281259643 102.23115941728696
  endloop
endfacet
facet normal -3.536341369409515e-10 -0.9999999999999997 -3.039537459912922e-08
  outer loop
    vertex 9625.482090929585 10058.519281259643 102.23115941728696
    vertex 9622.382090943905 10058.519281380248 98.38532924869706
    vertex 9622.38209095702 10058.519281485136 94.83115975502227
  endloop
endfacet
facet normal -3.536341369409515e-10 -0.9999999999999997 -3.039537459912922e-08
  outer loop
    vertex 9625.482090929585 10058.519281259643 102.23115941728696
    vertex 9622.38209095702 10058.519281485136 94.83115975502227
    vertex 9625.482090957825 10058.519281484989 94.83115975502227
  endloop
endfacet
facet normal 0.7071067811865505 2.107409203066059e-08 -0.7071067811865445
  outer loop
    vertex 9642.067600827391 10047.979281661446 86.83115944089663
    vertex 9639.26760082739 10097.89777014193 84.03116092862983
    vertex 9642.067600827391 10097.897770058475 86.83116092863067
  endloop
endfacet
facet normal 0.7071067811865505 2.107409203066059e-08 -0.7071067811865445
  outer loop
    vertex 9639.26760082739 10097.89777014193 84.03116092862983
    vertex 9642.067600827391 10047.979281661446 86.83115944089663
    vertex 9639.26760082739 10047.979281744898 84.03115944089583
  endloop
endfacet
facet normal -0.6305173655532341 -0.2611688223387663 -0.7309163412963151
  outer loop
    vertex 9662.96766053941 10066.511325841899 84.03115999321125
    vertex 9663.374763116344 10066.088220335461 83.83115998060141
    vertex 9663.1660781478 10066.032303360706 84.03115997893482
  endloop
endfacet
facet normal -0.6305173655532341 -0.2611688223387663 -0.7309163412963151
  outer loop
    vertex 9663.374763116344 10066.088220335461 83.83115998060141
    vertex 9662.96766053941 10066.511325841899 84.03115999321125
    vertex 9663.154762363618 10066.619349136425 83.83115999643076
  endloop
endfacet
facet normal 9.67595510436134e-20 -0.7071067601185568 -0.7071068022545378
  outer loop
    vertex 9611.087600801964 10048.179281750858 83.83115944685653
    vertex 9639.26760082739 10047.979281744898 84.03115944089583
    vertex 9610.887600801965 10047.979281744898 84.03115944089583
  endloop
endfacet
facet normal 9.67595510436134e-20 -0.7071067601185568 -0.7071068022545378
  outer loop
    vertex 9639.26760082739 10047.979281744898 84.03115944089583
    vertex 9611.087600801964 10048.179281750858 83.83115944685653
    vertex 9638.784758114916 10048.179281750858 83.83115944685653
  endloop
endfacet
facet normal 0.3826834323653755 2.753462795307296e-08 -0.923879532511168
  outer loop
    vertex 9638.784758114916 10048.179281750858 83.83115944685653
    vertex 9639.26760082739 10097.89777014193 84.03116092862983
    vertex 9639.26760082739 10047.979281744898 84.03115944089583
  endloop
endfacet
facet normal 0.3826834323653755 2.753462795307296e-08 -0.923879532511168
  outer loop
    vertex 9639.26760082739 10097.89777014193 84.03116092862983
    vertex 9638.784758114916 10048.179281750858 83.83115944685653
    vertex 9638.784758114916 10097.697770147886 83.83116092266924
  endloop
endfacet
facet normal -2.8908124628541e-19 -0.7071067601210294 -0.7071068022520651
  outer loop
    vertex 9638.784758114916 10113.097770147886 83.83116138163957
    vertex 9627.887600801963 10112.89777014193 84.03116137567885
    vertex 9627.687600801964 10113.097770147886 83.83116138163957
  endloop
endfacet
facet normal -2.8908124628541e-19 -0.7071067601210294 -0.7071068022520651
  outer loop
    vertex 9627.887600801963 10112.89777014193 84.03116137567885
    vertex 9638.784758114916 10113.097770147886 83.83116138163957
    vertex 9639.26760082739 10112.89777014193 84.03116137567885
  endloop
endfacet
facet normal 0.0 0.7071068022519854 -0.7071067601211091
  outer loop
    vertex 9627.887600801963 10097.89777014193 84.03116092862983
    vertex 9638.784758114916 10097.697770147886 83.83116092266924
    vertex 9627.687600801964 10097.697770147886 83.83116092266924
  endloop
endfacet
facet normal 0.0 0.7071068022519854 -0.7071067601211091
  outer loop
    vertex 9638.784758114916 10097.697770147886 83.83116092266924
    vertex 9627.887600801963 10097.89777014193 84.03116092862983
    vertex 9639.26760082739 10097.89777014193 84.03116092862983
  endloop
endfacet
facet normal 0.7071067811865078 2.107409322901989e-08 -0.7071067811865871
  outer loop
    vertex 9627.687600801964 10113.097770147886 83.83116138163957
    vertex 9627.887600801963 10097.89777014193 84.03116092862983
    vertex 9627.687600801964 10097.697770147886 83.83116092266924
  endloop
endfacet
facet normal 0.7071067811865078 2.107409322901989e-08 -0.7071067811865871
  outer loop
    vertex 9627.887600801963 10097.89777014193 84.03116092862983
    vertex 9627.687600801964 10113.097770147886 83.83116138163957
    vertex 9627.887600801963 10112.89777014193 84.03116137567885
  endloop
endfacet
facet normal 0.5414375364618184 0.41545965581472666 -0.7309163211342774
  outer loop
    vertex 9620.980439291165 10103.417148713135 83.83116109312537
    vertex 9621.483177948872 10103.113826065723 84.03116108408534
    vertex 9621.330409949125 10102.961058071929 83.83116107953242
  endloop
endfacet
facet normal 0.5414375364618184 0.41545965581472666 -0.7309163211342774
  outer loop
    vertex 9621.483177948872 10103.113826065723 84.03116108408534
    vertex 9620.980439291165 10103.417148713135 83.83116109312537
    vertex 9621.16754111537 10103.525171995745 84.03116109634483
  endloop
endfacet
facet normal -0.541437536468168 -0.4154596122527788 -0.7309163458905896
  outer loop
    vertex 9624.292023655065 10066.92267177191 84.03116000547072
    vertex 9624.794762312762 10066.61934913643 83.83115999643076
    vertex 9624.607660488553 10066.511325841904 84.03115999321125
  endloop
endfacet
facet normal -0.541437536468168 -0.4154596122527788 -0.7309163458905896
  outer loop
    vertex 9624.794762312762 10066.61934913643 83.83115999643076
    vertex 9624.292023655065 10066.92267177191 84.03116000547072
    vertex 9624.444791654812 10067.07543977762 83.83116001002375
  endloop
endfacet
facet normal -0.08907982908819659 -0.6766284563825482 -0.7309163536705058
  outer loop
    vertex 9622.887600801965 10067.504402764976 84.03116002280822
    vertex 9623.457572212654 10067.645411188305 83.8311600270108
    vertex 9623.401655243857 10067.436726213806 84.0311600207912
  endloop
endfacet
facet normal -0.08907982908819659 -0.6766284563825482 -0.7309163536705058
  outer loop
    vertex 9623.457572212654 10067.645411188305 83.8311600270108
    vertex 9622.887600801965 10067.504402764976 84.03116002280822
    vertex 9622.887600801967 10067.720449348073 83.83116002924714
  endloop
endfacet
facet normal -0.6766284781595189 -0.08907980730390515 -0.730916336165934
  outer loop
    vertex 9624.80607809695 10066.032303360706 84.03115997893482
    vertex 9625.079773694208 10065.594415585016 83.8311599658844
    vertex 9624.867407921365 10065.566457094661 84.03115996505109
  endloop
endfacet
facet normal -0.6766284781595189 -0.08907980730390515 -0.730916336165934
  outer loop
    vertex 9625.079773694208 10065.594415585016 83.8311599658844
    vertex 9624.80607809695 10066.032303360706 84.03115997893482
    vertex 9625.01476306549 10066.088220335461 83.83115998060141
  endloop
endfacet
facet normal 0.2611688441273398 -0.6305173437716346 -0.7309163523005568
  outer loop
    vertex 9621.786500590322 10067.425410435582 83.83116002045399
    vertex 9622.373546360073 10067.436726213806 84.0311600207912
    vertex 9621.894523878895 10067.238308605418 84.03116001487776
  endloop
endfacet
facet normal 0.2611688441273398 -0.6305173437716346 -0.7309163523005568
  outer loop
    vertex 9622.373546360073 10067.436726213806 84.0311600207912
    vertex 9621.786500590322 10067.425410435582 83.83116002045399
    vertex 9622.317629391273 10067.645411188305 83.8311600270108
  endloop
endfacet
facet normal -0.41545963403682373 -0.5414375146825373 -0.7309163496463777
  outer loop
    vertex 9623.880677725034 10067.23830860542 84.03116001487776
    vertex 9624.444791654812 10067.07543977762 83.83116001002375
    vertex 9624.292023655065 10066.92267177191 84.03116000547072
  endloop
endfacet
facet normal -0.41545963403682373 -0.5414375146825373 -0.7309163496463777
  outer loop
    vertex 9624.444791654812 10067.07543977762 83.83116001002375
    vertex 9623.880677725034 10067.23830860542 84.03116001487776
    vertex 9623.988701013606 10067.425410435582 83.83116002045399
  endloop
endfacet
facet normal -0.6766284781573422 0.0890798508713117 -0.7309163308582072
  outer loop
    vertex 9624.80607809695 10065.004194476938 84.03115994829385
    vertex 9625.079773694208 10065.44208226454 83.83115996134437
    vertex 9625.01476306549 10064.948277514097 83.8311599466274
  endloop
endfacet
facet normal -0.6766284781573422 0.0890798508713117 -0.7309163308582072
  outer loop
    vertex 9625.079773694208 10065.44208226454 83.83115996134437
    vertex 9624.80607809695 10065.004194476938 84.03115994829385
    vertex 9624.867407921365 10065.470040742981 84.03115996217758
  endloop
endfacet
facet normal 0.4154596340357705 -0.5414375146833452 -0.7309163496463779
  outer loop
    vertex 9621.330409949122 10067.075439777624 83.83116001002375
    vertex 9621.894523878895 10067.238308605418 84.03116001487776
    vertex 9621.483177948869 10066.922671771914 84.03116000547072
  endloop
endfacet
facet normal 0.4154596340357705 -0.5414375146833452 -0.7309163496463779
  outer loop
    vertex 9621.894523878895 10067.238308605418 84.03116001487776
    vertex 9621.330409949122 10067.075439777624 83.83116001002375
    vertex 9621.786500590322 10067.425410435582 83.83116002045399
  endloop
endfacet
facet normal 0.08907982908785059 -0.6766284563827555 -0.730916353670356
  outer loop
    vertex 9622.317629391273 10067.645411188305 83.8311600270108
    vertex 9622.887600801965 10067.504402764976 84.03116002280822
    vertex 9622.373546360073 10067.436726213806 84.0311600207912
  endloop
endfacet
facet normal 0.08907982908785059 -0.6766284563827555 -0.730916353670356
  outer loop
    vertex 9622.887600801965 10067.504402764976 84.03116002280822
    vertex 9622.317629391273 10067.645411188305 83.8311600270108
    vertex 9622.887600801967 10067.720449348073 83.83116002924714
  endloop
endfacet
facet normal -0.6305173655531142 -0.26116882234202204 -0.7309163412952553
  outer loop
    vertex 9624.607660488553 10066.511325841904 84.03115999321125
    vertex 9625.01476306549 10066.088220335461 83.83115998060141
    vertex 9624.80607809695 10066.032303360706 84.03115997893482
  endloop
endfacet
facet normal -0.6305173655531142 -0.26116882234202204 -0.7309163412952553
  outer loop
    vertex 9625.01476306549 10066.088220335461 83.83115998060141
    vertex 9624.607660488553 10066.511325841904 84.03115999321125
    vertex 9624.794762312762 10066.61934913643 83.83115999643076
  endloop
endfacet
facet normal -0.676628478159548 -0.08907980730314856 -0.7309163361659993
  outer loop
    vertex 9624.873754648119 10065.518248918823 84.03115996361433
    vertex 9625.079773694208 10065.594415585016 83.8311599658844
    vertex 9625.08980122526 10065.51824892478 83.83115996361437
  endloop
endfacet
facet normal -0.676628478159548 -0.08907980730314856 -0.7309163361659993
  outer loop
    vertex 9625.079773694208 10065.594415585016 83.8311599658844
    vertex 9624.873754648119 10065.518248918823 84.03115996361433
    vertex 9624.867407921365 10065.566457094661 84.03115996505109
  endloop
endfacet
facet normal -0.6766284781575913 0.08907985086677794 -0.7309163308585291
  outer loop
    vertex 9624.867407921365 10065.470040742981 84.03115996217758
    vertex 9625.08980122526 10065.51824892478 83.83115996361437
    vertex 9625.079773694208 10065.44208226454 83.83115996134437
  endloop
endfacet
facet normal -0.6766284781575913 0.08907985086677794 -0.7309163308585291
  outer loop
    vertex 9625.08980122526 10065.51824892478 83.83115996361437
    vertex 9624.867407921365 10065.470040742981 84.03115996217758
    vertex 9624.873754648119 10065.518248918823 84.03115996361433
  endloop
endfacet
facet normal -0.2611688441262867 -0.6305173437725796 -0.730916352300118
  outer loop
    vertex 9623.401655243857 10067.436726213806 84.0311600207912
    vertex 9623.988701013606 10067.425410435582 83.83116002045399
    vertex 9623.880677725034 10067.23830860542 84.03116001487776
  endloop
endfacet
facet normal -0.2611688441262867 -0.6305173437725796 -0.730916352300118
  outer loop
    vertex 9623.988701013606 10067.425410435582 83.83116002045399
    vertex 9623.401655243857 10067.436726213806 84.0311600207912
    vertex 9623.457572212654 10067.645411188305 83.8311600270108
  endloop
endfacet
facet normal -0.41545963403040986 0.54143755824096 -0.7309163173834505
  outer loop
    vertex 9623.88067772504 10063.798189232226 84.03115991235096
    vertex 9624.444791654807 10063.961058071935 83.83115991720501
    vertex 9623.988701013614 10063.61108741398 83.83115990677473
  endloop
endfacet
facet normal -0.41545963403040986 0.54143755824096 -0.7309163173834505
  outer loop
    vertex 9624.444791654807 10063.961058071935 83.83115991720501
    vertex 9623.88067772504 10063.798189232226 84.03115991235096
    vertex 9624.292023655062 10064.113826065728 84.03115992175795
  endloop
endfacet
facet normal 0.261168844120369 0.6305173873290573 -0.7309163147286906
  outer loop
    vertex 9621.786500590315 10063.61108741398 83.83115990677473
    vertex 9622.373546360073 10063.59977162384 84.03115990643747
    vertex 9622.31762939128 10063.391086661253 83.83115990021801
  endloop
endfacet
facet normal 0.261168844120369 0.6305173873290573 -0.7309163147286906
  outer loop
    vertex 9622.373546360073 10063.59977162384 84.03115990643747
    vertex 9621.786500590315 10063.61108741398 83.83115990677473
    vertex 9621.894523878887 10063.798189232226 84.03115991235096
  endloop
endfacet
facet normal 0.4154596340293558 0.5414375582427118 -0.7309163173827521
  outer loop
    vertex 9621.330409949125 10063.961058071929 83.83115991720501
    vertex 9621.894523878887 10063.798189232226 84.03115991235096
    vertex 9621.786500590315 10063.61108741398 83.83115990677473
  endloop
endfacet
facet normal 0.4154596340293558 0.5414375582427118 -0.7309163173827521
  outer loop
    vertex 9621.894523878887 10063.798189232226 84.03115991235096
    vertex 9621.330409949125 10063.961058071929 83.83115991720501
    vertex 9621.483177948872 10064.113826065723 84.03115992175795
  endloop
endfacet
facet normal 0.08907982908793416 0.6766284999316788 -0.7309163133559619
  outer loop
    vertex 9622.31762939128 10063.391086661253 83.83115990021801
    vertex 9622.887600801965 10063.532095072667 84.03115990442045
    vertex 9622.887600801965 10063.316048501481 83.8311598979816
  endloop
endfacet
facet normal 0.08907982908793416 0.6766284999316788 -0.7309163133559619
  outer loop
    vertex 9622.887600801965 10063.532095072667 84.03115990442045
    vertex 9622.31762939128 10063.391086661253 83.83115990021801
    vertex 9622.373546360073 10063.59977162384 84.03115990643747
  endloop
endfacet
facet normal -0.26116884411943747 0.6305173873294432 -0.7309163147286905
  outer loop
    vertex 9623.401655243857 10063.59977162384 84.03115990643747
    vertex 9623.988701013614 10063.61108741398 83.83115990677473
    vertex 9623.457572212646 10063.391086661253 83.83115990021801
  endloop
endfacet
facet normal -0.26116884411943747 0.6305173873294432 -0.7309163147286905
  outer loop
    vertex 9623.988701013614 10063.61108741398 83.83115990677473
    vertex 9623.401655243857 10063.59977162384 84.03115990643747
    vertex 9623.88067772504 10063.798189232226 84.03115991235096
  endloop
endfacet
facet normal -0.5414375364608462 0.4154596558140195 -0.7309163211353995
  outer loop
    vertex 9624.292023655062 10064.113826065728 84.03115992175795
    vertex 9624.794762312762 10064.417148713132 83.83115993079801
    vertex 9624.444791654807 10063.961058071935 83.83115991720501
  endloop
endfacet
facet normal -0.5414375364608462 0.4154596558140195 -0.7309163211353995
  outer loop
    vertex 9624.794762312762 10064.417148713132 83.83115993079801
    vertex 9624.292023655062 10064.113826065728 84.03115992175795
    vertex 9624.607660488553 10064.52517199574 84.03115993401742
  endloop
endfacet
facet normal 0.5414375364666784 -0.41545961225349115 -0.7309163458912882
  outer loop
    vertex 9620.980439291165 10066.619349136425 83.83115999643076
    vertex 9621.483177948869 10066.922671771914 84.03116000547072
    vertex 9621.167541115372 10066.511325841899 84.03115999321125
  endloop
endfacet
facet normal 0.5414375364666784 -0.41545961225349115 -0.7309163458912882
  outer loop
    vertex 9621.483177948869 10066.922671771914 84.03116000547072
    vertex 9620.980439291165 10066.619349136425 83.83115999643076
    vertex 9621.330409949122 10067.075439777624 83.83116001002375
  endloop
endfacet
facet normal 0.5414375364618165 0.41545965581472927 -0.7309163211342774
  outer loop
    vertex 9620.980439291165 10064.417148713135 83.83115993079801
    vertex 9621.483177948872 10064.113826065723 84.03115992175795
    vertex 9621.330409949125 10063.961058071929 83.83115991720501
  endloop
endfacet
facet normal 0.5414375364618165 0.41545965581472927 -0.7309163211342774
  outer loop
    vertex 9621.483177948872 10064.113826065723 84.03115992175795
    vertex 9620.980439291165 10064.417148713135 83.83115993079801
    vertex 9621.16754111537 10064.525171995745 84.03115993401742
  endloop
endfacet
facet normal 0.6305173655527078 -0.2611688223400376 -0.730916341296315
  outer loop
    vertex 9620.76043853844 10066.088220335465 83.83115998060141
    vertex 9621.167541115372 10066.511325841899 84.03115999321125
    vertex 9620.969123506982 10066.03230336071 84.03115997893482
  endloop
endfacet
facet normal 0.6305173655527078 -0.2611688223400376 -0.730916341296315
  outer loop
    vertex 9621.167541115372 10066.511325841899 84.03115999321125
    vertex 9620.76043853844 10066.088220335465 83.83115998060141
    vertex 9620.980439291165 10066.619349136425 83.83115999643076
  endloop
endfacet
facet normal 0.6766284781569498 -0.08907980730547119 -0.7309163361681213
  outer loop
    vertex 9620.69542790972 10065.594415585017 83.8311599658844
    vertex 9620.969123506982 10066.03230336071 84.03115997893482
    vertex 9620.907793682565 10065.566457094665 84.03115996505109
  endloop
endfacet
facet normal 0.6766284781569498 -0.08907980730547119 -0.7309163361681213
  outer loop
    vertex 9620.969123506982 10066.03230336071 84.03115997893482
    vertex 9620.69542790972 10065.594415585017 83.8311599658844
    vertex 9620.76043853844 10066.088220335465 83.83115998060141
  endloop
endfacet
facet normal 0.6305173655488018 0.26116886590569555 -0.7309163257329334
  outer loop
    vertex 9620.76043853844 10064.948277514093 83.8311599466274
    vertex 9621.16754111537 10064.525171995745 84.03115993401742
    vertex 9620.980439291165 10064.417148713135 83.83115993079801
  endloop
endfacet
facet normal 0.6305173655488018 0.26116886590569555 -0.7309163257329334
  outer loop
    vertex 9621.16754111537 10064.525171995745 84.03115993401742
    vertex 9620.76043853844 10064.948277514093 83.8311599466274
    vertex 9620.969123506982 10065.004194476933 84.03115994829385
  endloop
endfacet
facet normal 0.6766284781578674 0.08907985086725684 -0.7309163308582152
  outer loop
    vertex 9620.685400378668 10065.51824892478 83.83115996361437
    vertex 9620.907793682563 10065.47004074298 84.03115996217758
    vertex 9620.69542790972 10065.442082264542 83.83115996134437
  endloop
endfacet
facet normal 0.6766284781578674 0.08907985086725684 -0.7309163308582152
  outer loop
    vertex 9620.907793682563 10065.47004074298 84.03115996217758
    vertex 9620.685400378668 10065.51824892478 83.83115996361437
    vertex 9620.90144695581 10065.518248918823 84.03115996361433
  endloop
endfacet
facet normal 0.6766284781562262 0.08907985087351308 -0.7309163308589719
  outer loop
    vertex 9620.69542790972 10065.442082264542 83.83115996134437
    vertex 9620.969123506982 10065.004194476933 84.03115994829385
    vertex 9620.76043853844 10064.948277514093 83.8311599466274
  endloop
endfacet
facet normal 0.6766284781562262 0.08907985087351308 -0.7309163308589719
  outer loop
    vertex 9620.969123506982 10065.004194476933 84.03115994829385
    vertex 9620.69542790972 10065.442082264542 83.83115996134437
    vertex 9620.907793682563 10065.47004074298 84.03115996217758
  endloop
endfacet
facet normal 0.6766284781581638 -0.08907980730482509 -0.7309163361670763
  outer loop
    vertex 9620.69542790972 10065.594415585017 83.8311599658844
    vertex 9620.90144695581 10065.518248918823 84.03115996361433
    vertex 9620.685400378668 10065.51824892478 83.83115996361437
  endloop
endfacet
facet normal 0.6766284781581638 -0.08907980730482509 -0.7309163361670763
  outer loop
    vertex 9620.90144695581 10065.518248918823 84.03115996361433
    vertex 9620.69542790972 10065.594415585017 83.8311599658844
    vertex 9620.907793682565 10065.566457094665 84.03115996505109
  endloop
endfacet
facet normal -0.0890798290880774 0.6766284999318218 -0.7309163133558122
  outer loop
    vertex 9622.887600801965 10063.532095072667 84.03115990442045
    vertex 9623.457572212646 10063.391086661253 83.83115990021801
    vertex 9622.887600801965 10063.316048501481 83.8311598979816
  endloop
endfacet
facet normal -0.0890798290880774 0.6766284999318218 -0.7309163133558122
  outer loop
    vertex 9623.457572212646 10063.391086661253 83.83115990021801
    vertex 9622.887600801965 10063.532095072667 84.03115990442045
    vertex 9623.401655243857 10063.59977162384 84.03115990643747
  endloop
endfacet
facet normal -0.4154596340372937 -0.5414375146824626 -0.730916349646166
  outer loop
    vertex 9623.88067772504 10106.238308605418 84.03116117720519
    vertex 9624.444791654807 10106.075439777625 83.83116117235116
    vertex 9624.292023655062 10105.922671771916 84.03116116779813
  endloop
endfacet
facet normal -0.4154596340372937 -0.5414375146824626 -0.730916349646166
  outer loop
    vertex 9624.444791654807 10106.075439777625 83.83116117235116
    vertex 9623.88067772504 10106.238308605418 84.03116117720519
    vertex 9623.988701013614 10106.42541043558 83.83116118278144
  endloop
endfacet
facet normal 0.08907982908834988 -0.6766284563830548 -0.7309163536700181
  outer loop
    vertex 9622.317629391278 10106.645411188305 83.83116118933818
    vertex 9622.887600801965 10106.504402764976 84.03116118513562
    vertex 9622.373546360075 10106.436726213806 84.03116118311868
  endloop
endfacet
facet normal 0.08907982908834988 -0.6766284563830548 -0.7309163536700181
  outer loop
    vertex 9622.887600801965 10106.504402764976 84.03116118513562
    vertex 9622.317629391278 10106.645411188305 83.83116118933818
    vertex 9622.887600801967 10106.720449348073 83.83116119157457
  endloop
endfacet
facet normal 0.4154596340362395 -0.5414375146842142 -0.7309163496454677
  outer loop
    vertex 9621.330409949125 10106.075439777629 83.83116117235116
    vertex 9621.894523878887 10106.238308605416 84.03116117720519
    vertex 9621.483177948872 10105.92267177192 84.03116116779813
  endloop
endfacet
facet normal 0.4154596340362395 -0.5414375146842142 -0.7309163496454677
  outer loop
    vertex 9621.894523878887 10106.238308605416 84.03116117720519
    vertex 9621.330409949125 10106.075439777629 83.83116117235116
    vertex 9621.786500590315 10106.425410435579 83.83116118278144
  endloop
endfacet
facet normal 0.5414375364686482 -0.41545961225259337 -0.7309163458903394
  outer loop
    vertex 9620.980439291165 10105.619349136423 83.83116115875818
    vertex 9621.483177948872 10105.92267177192 84.03116116779813
    vertex 9621.16754111537 10105.511325841897 84.0311611555387
  endloop
endfacet
facet normal 0.5414375364686482 -0.41545961225259337 -0.7309163458903394
  outer loop
    vertex 9621.483177948872 10105.92267177192 84.03116116779813
    vertex 9620.980439291165 10105.619349136423 83.83116115875818
    vertex 9621.330409949125 10106.075439777629 83.83116117235116
  endloop
endfacet
facet normal 0.6305173655537946 -0.26116882234037986 -0.7309163412952552
  outer loop
    vertex 9620.76043853844 10105.088220335465 83.83116114292883
    vertex 9621.16754111537 10105.511325841897 84.0311611555387
    vertex 9620.969123506982 10105.03230336071 84.03116114126226
  endloop
endfacet
facet normal 0.6305173655537946 -0.26116882234037986 -0.7309163412952552
  outer loop
    vertex 9621.16754111537 10105.511325841897 84.0311611555387
    vertex 9620.76043853844 10105.088220335465 83.83116114292883
    vertex 9620.980439291165 10105.619349136423 83.83116115875818
  endloop
endfacet
facet normal -0.6305173655521364 -0.2611688223414165 -0.7309163412963151
  outer loop
    vertex 9624.607660488553 10105.511325841902 84.0311611555387
    vertex 9625.01476306549 10105.088220335461 83.83116114292883
    vertex 9624.80607809695 10105.032303360706 84.03116114126226
  endloop
endfacet
facet normal -0.6305173655521364 -0.2611688223414165 -0.7309163412963151
  outer loop
    vertex 9625.01476306549 10105.088220335461 83.83116114292883
    vertex 9624.607660488553 10105.511325841902 84.0311611555387
    vertex 9624.794762312762 10105.619349136428 83.83116115875818
  endloop
endfacet
facet normal 0.6766284781578911 -0.08907980730492707 -0.7309163361673164
  outer loop
    vertex 9620.76043853844 10105.088220335465 83.83116114292883
    vertex 9620.901446955811 10104.518248918823 84.03116112594176
    vertex 9620.685400378668 10104.51824892478 83.83116112594182
  endloop
endfacet
facet normal 0.6766284781578911 -0.08907980730492707 -0.7309163361673164
  outer loop
    vertex 9620.901446955811 10104.518248918823 84.03116112594176
    vertex 9620.76043853844 10105.088220335465 83.83116114292883
    vertex 9620.969123506982 10105.03230336071 84.03116114126226
  endloop
endfacet
facet normal -0.676628478159475 -0.08907980730416719 -0.7309163361659426
  outer loop
    vertex 9624.80607809695 10105.032303360706 84.03116114126226
    vertex 9625.079773694208 10104.594415585017 83.8311611282118
    vertex 9624.867407921365 10104.566457094663 84.0311611273785
  endloop
endfacet
facet normal -0.676628478159475 -0.08907980730416719 -0.7309163361659426
  outer loop
    vertex 9625.079773694208 10104.594415585017 83.8311611282118
    vertex 9624.80607809695 10105.032303360706 84.03116114126226
    vertex 9625.01476306549 10105.088220335461 83.83116114292883
  endloop
endfacet
facet normal -0.541437536467678 -0.4154596122518838 -0.7309163458914613
  outer loop
    vertex 9624.292023655062 10105.922671771916 84.03116116779813
    vertex 9624.794762312762 10105.619349136428 83.83116115875818
    vertex 9624.607660488553 10105.511325841902 84.0311611555387
  endloop
endfacet
facet normal -0.541437536467678 -0.4154596122518838 -0.7309163458914613
  outer loop
    vertex 9624.794762312762 10105.619349136428 83.83116115875818
    vertex 9624.292023655062 10105.922671771916 84.03116116779813
    vertex 9624.444791654807 10106.075439777625 83.83116117235116
  endloop
endfacet
facet normal -0.6305173655471437 0.2611688659067321 -0.7309163257339935
  outer loop
    vertex 9624.607660488553 10064.52517199574 84.03115993401742
    vertex 9625.01476306549 10064.948277514097 83.8311599466274
    vertex 9624.794762312762 10064.417148713132 83.83115993079801
  endloop
endfacet
facet normal -0.6305173655471437 0.2611688659067321 -0.7309163257339935
  outer loop
    vertex 9625.01476306549 10064.948277514097 83.8311599466274
    vertex 9624.607660488553 10064.52517199574 84.03115993401742
    vertex 9624.80607809695 10065.004194476938 84.03115994829385
  endloop
endfacet
facet normal -0.676628478157491 0.0890798508713926 -0.7309163308580594
  outer loop
    vertex 9624.80607809695 10104.004194476938 84.03116111062126
    vertex 9625.079773694208 10104.44208226454 83.83116112367176
    vertex 9625.01476306549 10103.948277514097 83.83116110895482
  endloop
endfacet
facet normal -0.676628478157491 0.0890798508713926 -0.7309163308580594
  outer loop
    vertex 9625.079773694208 10104.44208226454 83.83116112367176
    vertex 9624.80607809695 10104.004194476938 84.03116111062126
    vertex 9624.867407921365 10104.47004074298 84.03116112450499
  endloop
endfacet
facet normal -0.6766284781577748 0.08907985086654376 -0.7309163308583878
  outer loop
    vertex 9624.867407921365 10104.47004074298 84.03116112450499
    vertex 9625.08980122526 10104.51824892478 83.83116112594182
    vertex 9625.079773694208 10104.44208226454 83.83116112367176
  endloop
endfacet
facet normal -0.6766284781577748 0.08907985086654376 -0.7309163308583878
  outer loop
    vertex 9625.08980122526 10104.51824892478 83.83116112594182
    vertex 9624.867407921365 10104.47004074298 84.03116112450499
    vertex 9624.873754648119 10104.518248918823 84.03116112594176
  endloop
endfacet
facet normal -0.6766284781597347 -0.08907980730120453 -0.7309163361660634
  outer loop
    vertex 9624.873754648119 10104.518248918823 84.03116112594176
    vertex 9625.079773694208 10104.594415585017 83.8311611282118
    vertex 9625.08980122526 10104.51824892478 83.83116112594182
  endloop
endfacet
facet normal -0.6766284781597347 -0.08907980730120453 -0.7309163361660634
  outer loop
    vertex 9625.079773694208 10104.594415585017 83.8311611282118
    vertex 9624.873754648119 10104.518248918823 84.03116112594176
    vertex 9624.867407921365 10104.566457094663 84.0311611273785
  endloop
endfacet
facet normal -0.08907982908878528 -0.676628456382674 -0.7309163536703176
  outer loop
    vertex 9622.887600801965 10106.504402764976 84.03116118513562
    vertex 9623.45757221265 10106.645411188305 83.83116118933818
    vertex 9623.401655243853 10106.436726213806 84.03116118311868
  endloop
endfacet
facet normal -0.08907982908878528 -0.676628456382674 -0.7309163536703176
  outer loop
    vertex 9623.45757221265 10106.645411188305 83.83116118933818
    vertex 9622.887600801965 10106.504402764976 84.03116118513562
    vertex 9622.887600801967 10106.720449348073 83.83116119157457
  endloop
endfacet
facet normal -0.2611688441245642 -0.6305173437745664 -0.7309163522990196
  outer loop
    vertex 9623.401655243853 10106.436726213806 84.03116118311868
    vertex 9623.988701013614 10106.42541043558 83.83116118278144
    vertex 9623.88067772504 10106.238308605418 84.03116117720519
  endloop
endfacet
facet normal -0.2611688441245642 -0.6305173437745664 -0.7309163522990196
  outer loop
    vertex 9623.988701013614 10106.42541043558 83.83116118278144
    vertex 9623.401655243853 10106.436726213806 84.03116118311868
    vertex 9623.45757221265 10106.645411188305 83.83116118933818
  endloop
endfacet
facet normal 0.26116884412597713 -0.6305173437744902 -0.7309163522985803
  outer loop
    vertex 9621.786500590315 10106.425410435579 83.83116118278144
    vertex 9622.373546360075 10106.436726213806 84.03116118311868
    vertex 9621.894523878887 10106.238308605416 84.03116117720519
  endloop
endfacet
facet normal 0.26116884412597713 -0.6305173437744902 -0.7309163522985803
  outer loop
    vertex 9622.373546360075 10106.436726213806 84.03116118311868
    vertex 9621.786500590315 10106.425410435579 83.83116118278144
    vertex 9622.317629391278 10106.645411188305 83.83116118933818
  endloop
endfacet
facet normal -0.2611688441203227 0.6305173873303498 -0.7309163147275921
  outer loop
    vertex 9623.401655243859 10102.599771623838 84.03116106876487
    vertex 9623.988701013614 10102.611087413978 83.83116106910215
    vertex 9623.45757221265 10102.391086661253 83.83116106254538
  endloop
endfacet
facet normal -0.2611688441203227 0.6305173873303498 -0.7309163147275921
  outer loop
    vertex 9623.988701013614 10102.611087413978 83.83116106910215
    vertex 9623.401655243859 10102.599771623838 84.03116106876487
    vertex 9623.88067772504 10102.798189232226 84.03116107467838
  endloop
endfacet
facet normal 0.2611688441212543 0.630517387329964 -0.730916314727592
  outer loop
    vertex 9621.786500590315 10102.61108741398 83.83116106910215
    vertex 9622.373546360071 10102.599771623838 84.03116106876487
    vertex 9622.317629391278 10102.391086661253 83.83116106254538
  endloop
endfacet
facet normal 0.2611688441212543 0.630517387329964 -0.730916314727592
  outer loop
    vertex 9622.373546360071 10102.599771623838 84.03116106876487
    vertex 9621.786500590315 10102.61108741398 83.83116106910215
    vertex 9621.894523878887 10102.798189232226 84.03116107467838
  endloop
endfacet
facet normal -0.6305173655471694 0.261168865906777 -0.730916325733955
  outer loop
    vertex 9624.607660488553 10103.52517199574 84.03116109634483
    vertex 9625.01476306549 10103.948277514097 83.83116110895482
    vertex 9624.794762312762 10103.41714871313 83.83116109312537
  endloop
endfacet
facet normal -0.6305173655471694 0.261168865906777 -0.730916325733955
  outer loop
    vertex 9625.01476306549 10103.948277514097 83.83116110895482
    vertex 9624.607660488553 10103.52517199574 84.03116109634483
    vertex 9624.80607809695 10104.004194476938 84.03116111062126
  endloop
endfacet
facet normal -0.541437536460848 0.41545965581401706 -0.7309163211353996
  outer loop
    vertex 9624.292023655062 10103.113826065728 84.03116108408534
    vertex 9624.794762312762 10103.41714871313 83.83116109312537
    vertex 9624.444791654807 10102.961058071933 83.83116107953242
  endloop
endfacet
facet normal -0.541437536460848 0.41545965581401706 -0.7309163211353996
  outer loop
    vertex 9624.794762312762 10103.41714871313 83.83116109312537
    vertex 9624.292023655062 10103.113826065728 84.03116108408534
    vertex 9624.607660488553 10103.52517199574 84.03116109634483
  endloop
endfacet
facet normal -0.7071067811865078 2.1074093229019892e-08 -0.7071067811865871
  outer loop
    vertex 9656.24760085282 10097.89777014193 84.03116092862983
    vertex 9656.44760085282 10113.097770147886 83.83116138163957
    vertex 9656.44760085282 10097.697770147886 83.83116092266924
  endloop
endfacet
facet normal -0.7071067811865078 2.1074093229019892e-08 -0.7071067811865871
  outer loop
    vertex 9656.44760085282 10113.097770147886 83.83116138163957
    vertex 9656.24760085282 10097.89777014193 84.03116092862983
    vertex 9656.24760085282 10112.89777014193 84.03116137567885
  endloop
endfacet
facet normal -9.636041542844525e-20 -0.7071067601210294 -0.7071068022520652
  outer loop
    vertex 9645.350443539865 10113.097770147886 83.83116138163957
    vertex 9656.24760085282 10112.89777014193 84.03116137567885
    vertex 9644.86760082739 10112.89777014193 84.03116137567885
  endloop
endfacet
facet normal -9.636041542844525e-20 -0.7071067601210294 -0.7071068022520652
  outer loop
    vertex 9656.24760085282 10112.89777014193 84.03116137567885
    vertex 9645.350443539865 10113.097770147886 83.83116138163957
    vertex 9656.44760085282 10113.097770147886 83.83116138163957
  endloop
endfacet
facet normal -0.08907982908630127 0.6766284999343929 -0.7309163133536485
  outer loop
    vertex 9622.887600801965 10102.53209507267 84.03116106674787
    vertex 9623.45757221265 10102.391086661253 83.83116106254538
    vertex 9622.887600801967 10102.316048501485 83.83116106030906
  endloop
endfacet
facet normal -0.08907982908630127 0.6766284999343929 -0.7309163133536485
  outer loop
    vertex 9623.45757221265 10102.391086661253 83.83116106254538
    vertex 9622.887600801965 10102.53209507267 84.03116106674787
    vertex 9623.401655243859 10102.599771623838 84.03116106876487
  endloop
endfacet
facet normal 0.08907982908595527 0.6766284999346003 -0.7309163133534987
  outer loop
    vertex 9622.317629391278 10102.391086661253 83.83116106254538
    vertex 9622.887600801965 10102.53209507267 84.03116106674787
    vertex 9622.887600801967 10102.316048501485 83.83116106030906
  endloop
endfacet
facet normal 0.08907982908595527 0.6766284999346003 -0.7309163133534987
  outer loop
    vertex 9622.887600801965 10102.53209507267 84.03116106674787
    vertex 9622.317629391278 10102.391086661253 83.83116106254538
    vertex 9622.373546360071 10102.599771623838 84.03116106876487
  endloop
endfacet
facet normal -3.854416616949553e-19 0.7071068022519854 -0.7071067601211091
  outer loop
    vertex 9644.86760082739 10097.89777014193 84.03116092862983
    vertex 9656.44760085282 10097.697770147886 83.83116092266924
    vertex 9645.350443539865 10097.697770147886 83.83116092266924
  endloop
endfacet
facet normal -3.854416616949553e-19 0.7071068022519854 -0.7071067601211091
  outer loop
    vertex 9656.44760085282 10097.697770147886 83.83116092266924
    vertex 9644.86760082739 10097.89777014193 84.03116092862983
    vertex 9656.24760085282 10097.89777014193 84.03116092862983
  endloop
endfacet
facet normal 0.6766284781559181 0.08907985087192673 -0.7309163308594505
  outer loop
    vertex 9620.685400378668 10104.51824892478 83.83116112594182
    vertex 9620.969123506982 10104.004194476933 84.03116111062126
    vertex 9620.76043853844 10103.948277514093 83.83116110895482
  endloop
endfacet
facet normal 0.6766284781559181 0.08907985087192673 -0.7309163308594505
  outer loop
    vertex 9620.969123506982 10104.004194476933 84.03116111062126
    vertex 9620.685400378668 10104.51824892478 83.83116112594182
    vertex 9620.901446955811 10104.518248918823 84.03116112594176
  endloop
endfacet
facet normal 0.4154596340293534 0.5414375582426617 -0.7309163173827905
  outer loop
    vertex 9621.330409949125 10102.961058071929 83.83116107953242
    vertex 9621.894523878887 10102.798189232226 84.03116107467838
    vertex 9621.786500590315 10102.61108741398 83.83116106910215
  endloop
endfacet
facet normal 0.4154596340293534 0.5414375582426617 -0.7309163173827905
  outer loop
    vertex 9621.894523878887 10102.798189232226 84.03116107467838
    vertex 9621.330409949125 10102.961058071929 83.83116107953242
    vertex 9621.483177948872 10103.113826065723 84.03116108408534
  endloop
endfacet
facet normal 0.6305173655488276 0.2611688659057404 -0.7309163257328951
  outer loop
    vertex 9620.76043853844 10103.948277514093 83.83116110895482
    vertex 9621.16754111537 10103.525171995745 84.03116109634483
    vertex 9620.980439291165 10103.417148713135 83.83116109312537
  endloop
endfacet
facet normal 0.6305173655488276 0.2611688659057404 -0.7309163257328951
  outer loop
    vertex 9621.16754111537 10103.525171995745 84.03116109634483
    vertex 9620.76043853844 10103.948277514093 83.83116110895482
    vertex 9620.969123506982 10104.004194476933 84.03116111062126
  endloop
endfacet
facet normal -0.4154596340304077 0.5414375582409101 -0.7309163173834888
  outer loop
    vertex 9623.88067772504 10102.798189232226 84.03116107467838
    vertex 9624.444791654807 10102.961058071933 83.83116107953242
    vertex 9623.988701013614 10102.611087413978 83.83116106910215
  endloop
endfacet
facet normal -0.4154596340304077 0.5414375582409101 -0.7309163173834888
  outer loop
    vertex 9624.444791654807 10102.961058071933 83.83116107953242
    vertex 9623.88067772504 10102.798189232226 84.03116107467838
    vertex 9624.292023655062 10103.113826065728 84.03116108408534
  endloop
endfacet
facet normal -0.38268343236537555 2.753462795307296e-08 -0.923879532511168
  outer loop
    vertex 9644.86760082739 10097.89777014193 84.03116092862983
    vertex 9645.350443539865 10048.179281750858 83.83115944685653
    vertex 9644.86760082739 10047.979281744898 84.03115944089583
  endloop
endfacet
facet normal -0.38268343236537555 2.753462795307296e-08 -0.923879532511168
  outer loop
    vertex 9645.350443539865 10048.179281750858 83.83115944685653
    vertex 9644.86760082739 10097.89777014193 84.03116092862983
    vertex 9645.350443539865 10097.697770147886 83.83116092266924
  endloop
endfacet
facet normal 0.6766284781599214 -0.08907980729926042 -0.7309163361661275
  outer loop
    vertex 9659.055427960577 10065.594415585017 83.8311599658844
    vertex 9659.261447006664 10065.518248918823 84.03115996361433
    vertex 9659.045400429524 10065.51824892478 83.83115996361437
  endloop
endfacet
facet normal 0.6766284781599214 -0.08907980729926042 -0.7309163361661275
  outer loop
    vertex 9659.261447006664 10065.518248918823 84.03115996361433
    vertex 9659.055427960577 10065.594415585017 83.8311599658844
    vertex 9659.267793733417 10065.566457094665 84.03115996505109
  endloop
endfacet
facet normal -9.675955104360345e-20 -0.7071067601185568 -0.7071068022545378
  outer loop
    vertex 9645.350443539865 10048.179281750858 83.83115944685653
    vertex 9673.247600852817 10047.979281744898 84.03115944089583
    vertex 9644.86760082739 10047.979281744898 84.03115944089583
  endloop
endfacet
facet normal -9.675955104360345e-20 -0.7071067601185568 -0.7071068022545378
  outer loop
    vertex 9673.247600852817 10047.979281744898 84.03115944089583
    vertex 9645.350443539865 10048.179281750858 83.83115944685653
    vertex 9673.047600852819 10048.179281750858 83.83115944685653
  endloop
endfacet
facet normal 0.6766284781594312 -0.08907980730442924 -0.7309163361659513
  outer loop
    vertex 9659.055427960577 10065.594415585017 83.8311599658844
    vertex 9659.329123557833 10066.032303360706 84.03115997893482
    vertex 9659.267793733417 10065.566457094665 84.03115996505109
  endloop
endfacet
facet normal 0.6766284781594312 -0.08907980730442924 -0.7309163361659513
  outer loop
    vertex 9659.329123557833 10066.032303360706 84.03115997893482
    vertex 9659.055427960577 10065.594415585017 83.8311599658844
    vertex 9659.120438589292 10066.088220335461 83.83115998060141
  endloop
endfacet
facet normal 0.41545963403041 0.5414375582409601 -0.7309163173834504
  outer loop
    vertex 9659.690409999976 10063.961058071935 83.83115991720501
    vertex 9660.254523929743 10063.798189232226 84.03115991235096
    vertex 9660.146500641169 10063.61108741398 83.83115990677473
  endloop
endfacet
facet normal 0.41545963403041 0.5414375582409601 -0.7309163173834504
  outer loop
    vertex 9660.254523929743 10063.798189232226 84.03115991235096
    vertex 9659.690409999976 10063.961058071935 83.83115991720501
    vertex 9659.843177999723 10064.113826065728 84.03115992175795
  endloop
endfacet
facet normal 0.6305173655471435 0.261168865906732 -0.7309163257339936
  outer loop
    vertex 9659.120438589292 10064.948277514097 83.8311599466274
    vertex 9659.52754116623 10064.52517199574 84.03115993401742
    vertex 9659.34043934202 10064.417148713132 83.83115993079801
  endloop
endfacet
facet normal 0.6305173655471435 0.261168865906732 -0.7309163257339936
  outer loop
    vertex 9659.52754116623 10064.52517199574 84.03115993401742
    vertex 9659.120438589292 10064.948277514097 83.8311599466274
    vertex 9659.329123557833 10065.004194476938 84.03115994829385
  endloop
endfacet
facet normal 0.08907982908807742 0.6766284999318218 -0.7309163133558121
  outer loop
    vertex 9660.677629442136 10063.391086661253 83.83115990021801
    vertex 9661.247600852817 10063.532095072667 84.03115990442045
    vertex 9661.247600852817 10063.316048501481 83.8311598979816
  endloop
endfacet
facet normal 0.08907982908807742 0.6766284999318218 -0.7309163133558121
  outer loop
    vertex 9661.247600852817 10063.532095072667 84.03115990442045
    vertex 9660.677629442136 10063.391086661253 83.83115990021801
    vertex 9660.733546410927 10063.59977162384 84.03115990643747
  endloop
endfacet
facet normal -0.4154596340296188 0.5414375582427959 -0.7309163173825404
  outer loop
    vertex 9662.240677775893 10063.798189232226 84.03115991235096
    vertex 9662.804791705657 10063.961058071929 83.83115991720501
    vertex 9662.348701064468 10063.61108741398 83.83115990677473
  endloop
endfacet
facet normal -0.4154596340296188 0.5414375582427959 -0.7309163173825404
  outer loop
    vertex 9662.804791705657 10063.961058071929 83.83115991720501
    vertex 9662.240677775893 10063.798189232226 84.03115991235096
    vertex 9662.65202370591 10064.113826065723 84.03115992175795
  endloop
endfacet
facet normal 0.5414375364608462 0.41545965581401956 -0.7309163211353994
  outer loop
    vertex 9659.34043934202 10064.417148713132 83.83115993079801
    vertex 9659.843177999723 10064.113826065728 84.03115992175795
    vertex 9659.690409999976 10063.961058071935 83.83115991720501
  endloop
endfacet
facet normal 0.5414375364608462 0.41545965581401956 -0.7309163211353994
  outer loop
    vertex 9659.843177999723 10064.113826065728 84.03115992175795
    vertex 9659.34043934202 10064.417148713132 83.83115993079801
    vertex 9659.52754116623 10064.52517199574 84.03115993401742
  endloop
endfacet
facet normal -0.6305173655493282 0.26116886590442434 -0.7309163257329336
  outer loop
    vertex 9662.967660539412 10064.525171995745 84.03115993401742
    vertex 9663.374763116344 10064.948277514097 83.8311599466274
    vertex 9663.154762363618 10064.417148713135 83.83115993079801
  endloop
endfacet
facet normal -0.6305173655493282 0.26116886590442434 -0.7309163257329336
  outer loop
    vertex 9663.374763116344 10064.948277514097 83.8311599466274
    vertex 9662.967660539412 10064.525171995745 84.03115993401742
    vertex 9663.1660781478 10065.004194476936 84.03115994829385
  endloop
endfacet
facet normal -0.6766284781562903 0.08907985087216068 -0.7309163308590774
  outer loop
    vertex 9663.1660781478 10065.004194476936 84.03115994829385
    vertex 9663.43977374506 10065.44208226454 83.83115996134437
    vertex 9663.374763116344 10064.948277514097 83.8311599466274
  endloop
endfacet
facet normal -0.6766284781562903 0.08907985087216068 -0.7309163308590774
  outer loop
    vertex 9663.43977374506 10065.44208226454 83.83115996134437
    vertex 9663.1660781478 10065.004194476936 84.03115994829385
    vertex 9663.227407972217 10065.47004074298 84.03115996217758
  endloop
endfacet
facet normal -0.6766284781578226 0.08907985086604538 -0.7309163308584042
  outer loop
    vertex 9663.227407972217 10065.47004074298 84.03115996217758
    vertex 9663.449801276112 10065.51824892478 83.83115996361437
    vertex 9663.43977374506 10065.44208226454 83.83115996134437
  endloop
endfacet
facet normal -0.6766284781578226 0.08907985086604538 -0.7309163308584042
  outer loop
    vertex 9663.449801276112 10065.51824892478 83.83115996361437
    vertex 9663.227407972217 10065.47004074298 84.03115996217758
    vertex 9663.233754698971 10065.518248918823 84.03115996361433
  endloop
endfacet
facet normal 0.6766284781575236 0.08907985087119774 -0.7309163308580532
  outer loop
    vertex 9659.055427960577 10065.442082264542 83.83115996134437
    vertex 9659.329123557833 10065.004194476938 84.03115994829385
    vertex 9659.120438589292 10064.948277514097 83.8311599466274
  endloop
endfacet
facet normal 0.6766284781575236 0.08907985087119774 -0.7309163308580532
  outer loop
    vertex 9659.329123557833 10065.004194476938 84.03115994829385
    vertex 9659.055427960577 10065.442082264542 83.83115996134437
    vertex 9659.267793733417 10065.470040742981 84.03115996217758
  endloop
endfacet
facet normal -0.676628478159548 -0.08907980730314856 -0.7309163361659993
  outer loop
    vertex 9663.233754698971 10065.518248918823 84.03115996361433
    vertex 9663.43977374506 10065.594415585016 83.8311599658844
    vertex 9663.449801276112 10065.51824892478 83.83115996361437
  endloop
endfacet
facet normal -0.676628478159548 -0.08907980730314856 -0.7309163361659993
  outer loop
    vertex 9663.43977374506 10065.594415585016 83.8311599658844
    vertex 9663.233754698971 10065.518248918823 84.03115996361433
    vertex 9663.227407972217 10065.566457094661 84.03115996505109
  endloop
endfacet
facet normal 0.6766284781576359 0.08907985086798939 -0.7309163308583401
  outer loop
    vertex 9659.045400429524 10065.51824892478 83.83115996361437
    vertex 9659.267793733417 10065.470040742981 84.03115996217758
    vertex 9659.055427960577 10065.442082264542 83.83115996134437
  endloop
endfacet
facet normal 0.6766284781576359 0.08907985086798939 -0.7309163308583401
  outer loop
    vertex 9659.267793733417 10065.470040742981 84.03115996217758
    vertex 9659.045400429524 10065.51824892478 83.83115996361437
    vertex 9659.261447006664 10065.518248918823 84.03115996361433
  endloop
endfacet
facet normal -0.2611688441200431 0.6305173873304212 -0.7309163147276303
  outer loop
    vertex 9661.76165529471 10063.59977162384 84.03115990643747
    vertex 9662.348701064468 10063.61108741398 83.83115990677473
    vertex 9661.8175722635 10063.391086661253 83.83115990021801
  endloop
endfacet
facet normal -0.2611688441200431 0.6305173873304212 -0.7309163147276303
  outer loop
    vertex 9662.348701064468 10063.61108741398 83.83115990677473
    vertex 9661.76165529471 10063.59977162384 84.03115990643747
    vertex 9662.240677775893 10063.798189232226 84.03115991235096
  endloop
endfacet
facet normal -0.6766284781583295 -0.08907980730460605 -0.7309163361669497
  outer loop
    vertex 9663.1660781478 10066.032303360706 84.03115997893482
    vertex 9663.43977374506 10065.594415585016 83.8311599658844
    vertex 9663.227407972217 10065.566457094661 84.03115996505109
  endloop
endfacet
facet normal -0.6766284781583295 -0.08907980730460605 -0.7309163361669497
  outer loop
    vertex 9663.43977374506 10065.594415585016 83.8311599658844
    vertex 9663.1660781478 10066.032303360706 84.03115997893482
    vertex 9663.374763116344 10066.088220335461 83.83115998060141
  endloop
endfacet
facet normal 0.26116884411943736 0.6305173873294433 -0.7309163147286903
  outer loop
    vertex 9660.146500641169 10063.61108741398 83.83115990677473
    vertex 9660.733546410927 10063.59977162384 84.03115990643747
    vertex 9660.677629442136 10063.391086661253 83.83115990021801
  endloop
endfacet
facet normal 0.26116884411943736 0.6305173873294433 -0.7309163147286903
  outer loop
    vertex 9660.733546410927 10063.59977162384 84.03115990643747
    vertex 9660.146500641169 10063.61108741398 83.83115990677473
    vertex 9660.254523929743 10063.798189232226 84.03115991235096
  endloop
endfacet
facet normal -0.0890798290880774 0.6766284999318217 -0.7309163133558122
  outer loop
    vertex 9661.247600852817 10063.532095072667 84.03115990442045
    vertex 9661.8175722635 10063.391086661253 83.83115990021801
    vertex 9661.247600852817 10063.316048501481 83.8311598979816
  endloop
endfacet
facet normal -0.0890798290880774 0.6766284999318217 -0.7309163133558122
  outer loop
    vertex 9661.8175722635 10063.391086661253 83.83115990021801
    vertex 9661.247600852817 10063.532095072667 84.03115990442045
    vertex 9661.76165529471 10063.59977162384 84.03115990643747
  endloop
endfacet
facet normal -0.5414375364618165 0.41545965581472916 -0.7309163211342774
  outer loop
    vertex 9662.65202370591 10064.113826065723 84.03115992175795
    vertex 9663.154762363618 10064.417148713135 83.83115993079801
    vertex 9662.804791705657 10063.961058071929 83.83115991720501
  endloop
endfacet
facet normal -0.5414375364618165 0.41545965581472916 -0.7309163211342774
  outer loop
    vertex 9663.154762363618 10064.417148713135 83.83115993079801
    vertex 9662.65202370591 10064.113826065723 84.03115992175795
    vertex 9662.967660539412 10064.525171995745 84.03115993401742
  endloop
endfacet
facet normal -0.26116884412689234 -0.6305173437735576 -0.7309163522990579
  outer loop
    vertex 9661.76165529471 10067.436726213806 84.0311600207912
    vertex 9662.34870106446 10067.425410435582 83.83116002045399
    vertex 9662.240677775888 10067.23830860542 84.03116001487776
  endloop
endfacet
facet normal -0.26116884412689234 -0.6305173437735576 -0.7309163522990579
  outer loop
    vertex 9662.34870106446 10067.425410435582 83.83116002045399
    vertex 9661.76165529471 10067.436726213806 84.0311600207912
    vertex 9661.817572263508 10067.645411188305 83.8311600270108
  endloop
endfacet
facet normal 0.5414375364676165 -0.41545961225275224 -0.7309163458910132
  outer loop
    vertex 9659.340439342022 10066.61934913643 83.83115999643076
    vertex 9659.84317799972 10066.922671771912 84.03116000547072
    vertex 9659.52754116623 10066.511325841904 84.03115999321125
  endloop
endfacet
facet normal 0.5414375364676165 -0.41545961225275224 -0.7309163458910132
  outer loop
    vertex 9659.84317799972 10066.922671771912 84.03116000547072
    vertex 9659.340439342022 10066.61934913643 83.83115999643076
    vertex 9659.69040999997 10067.07543977762 83.83116001002375
  endloop
endfacet
facet normal -0.5414375364666785 -0.4154596122534912 -0.7309163458912881
  outer loop
    vertex 9662.652023705914 10066.922671771914 84.03116000547072
    vertex 9663.154762363618 10066.619349136425 83.83115999643076
    vertex 9662.96766053941 10066.511325841899 84.03115999321125
  endloop
endfacet
facet normal -0.5414375364666785 -0.4154596122534912 -0.7309163458912881
  outer loop
    vertex 9663.154762363618 10066.619349136425 83.83115999643076
    vertex 9662.652023705914 10066.922671771914 84.03116000547072
    vertex 9662.804791705661 10067.075439777624 83.83116001002375
  endloop
endfacet
facet normal 0.6305173655531141 -0.26116882234202193 -0.7309163412952554
  outer loop
    vertex 9659.120438589292 10066.088220335461 83.83115998060141
    vertex 9659.52754116623 10066.511325841904 84.03115999321125
    vertex 9659.329123557833 10066.032303360706 84.03115997893482
  endloop
endfacet
facet normal 0.6305173655531141 -0.26116882234202193 -0.7309163412952554
  outer loop
    vertex 9659.52754116623 10066.511325841904 84.03115999321125
    vertex 9659.120438589292 10066.088220335461 83.83115998060141
    vertex 9659.340439342022 10066.61934913643 83.83115999643076
  endloop
endfacet
facet normal -0.41545963403690067 -0.5414375146837069 -0.7309163496454675
  outer loop
    vertex 9662.240677775888 10067.23830860542 84.03116001487776
    vertex 9662.804791705661 10067.075439777624 83.83116001002375
    vertex 9662.652023705914 10066.922671771914 84.03116000547072
  endloop
endfacet
facet normal -0.41545963403690067 -0.5414375146837069 -0.7309163496454675
  outer loop
    vertex 9662.804791705661 10067.075439777624 83.83116001002375
    vertex 9662.240677775888 10067.23830860542 84.03116001487776
    vertex 9662.34870106446 10067.425410435582 83.83116002045399
  endloop
endfacet
facet normal 0.676628478159214 -0.08907980730000586 -0.7309163361666914
  outer loop
    vertex 9659.047122135802 10104.53132658233 83.83116112633154
    vertex 9659.267793733417 10104.566457094665 84.0311611273785
    vertex 9659.261447006664 10104.51824891882 84.03116112594176
  endloop
endfacet
facet normal 0.676628478159214 -0.08907980730000586 -0.7309163361666914
  outer loop
    vertex 9659.267793733417 10104.566457094665 84.0311611273785
    vertex 9659.047122135802 10104.53132658233 83.83116112633154
    vertex 9659.055427960577 10104.594415585017 83.8311611282118
  endloop
endfacet
facet normal 0.6822516195699517 2.1789789418592966e-08 -0.7311174512991585
  outer loop
    vertex 9659.047122135802 10104.53132658233 83.83116112633154
    vertex 9659.261447006664 10104.468440152823 84.0311611244573
    vertex 9659.047122135802 10104.45377377401 83.83116112402023
  endloop
endfacet
facet normal 0.6822516195699517 2.1789789418592966e-08 -0.7311174512991585
  outer loop
    vertex 9659.261447006664 10104.468440152823 84.0311611244573
    vertex 9659.047122135802 10104.53132658233 83.83116112633154
    vertex 9659.261447006664 10104.51824891882 84.03116112594176
  endloop
endfacet
facet normal 0.6753314016924065 0.09841527056491385 -0.7309185538812136
  outer loop
    vertex 9659.047122135802 10104.45377377401 83.83116112402023
    vertex 9659.329088727534 10104.00427856472 84.03116111062378
    vertex 9659.120976897519 10103.946977923079 83.83116110891606
  endloop
endfacet
facet normal 0.6753314016924065 0.09841527056491385 -0.7309185538812136
  outer loop
    vertex 9659.329088727534 10104.00427856472 84.03116111062378
    vertex 9659.047122135802 10104.45377377401 83.83116112402023
    vertex 9659.261447006664 10104.468440152823 84.0311611244573
  endloop
endfacet
facet normal 0.08907982908886528 -0.6766284563813931 -0.7309163536714937
  outer loop
    vertex 9660.677629442129 10067.645411188305 83.8311600270108
    vertex 9661.247600852817 10067.504402764976 84.03116002280822
    vertex 9660.733546410927 10067.436726213806 84.0311600207912
  endloop
endfacet
facet normal 0.08907982908886528 -0.6766284563813931 -0.7309163536714937
  outer loop
    vertex 9661.247600852817 10067.504402764976 84.03116002280822
    vertex 9660.677629442129 10067.645411188305 83.8311600270108
    vertex 9661.247600852817 10067.720449348075 83.83116002924714
  endloop
endfacet
facet normal 0.41545963403745434 -0.541437514683282 -0.7309163496454676
  outer loop
    vertex 9659.69040999997 10067.07543977762 83.83116001002375
    vertex 9660.254523929747 10067.238308605418 84.03116001487776
    vertex 9659.84317799972 10066.922671771912 84.03116000547072
  endloop
endfacet
facet normal 0.41545963403745434 -0.541437514683282 -0.7309163496454676
  outer loop
    vertex 9660.254523929747 10067.238308605418 84.03116001487776
    vertex 9659.69040999997 10067.07543977762 83.83116001002375
    vertex 9660.146500641176 10067.425410435582 83.83116002045399
  endloop
endfacet
facet normal 0.6305173655468712 0.2611688659066724 -0.7309163257342498
  outer loop
    vertex 9659.120976897519 10103.946977923079 83.83116110891606
    vertex 9659.52754116623 10103.52517199574 84.03116109634483
    vertex 9659.34043934202 10103.41714871313 83.83116109312537
  endloop
endfacet
facet normal 0.6305173655468712 0.2611688659066724 -0.7309163257342498
  outer loop
    vertex 9659.52754116623 10103.52517199574 84.03116109634483
    vertex 9659.120976897519 10103.946977923079 83.83116110891606
    vertex 9659.329088727534 10104.00427856472 84.03116111062378
  endloop
endfacet
facet normal 0.5414375364608481 0.41545965581401706 -0.7309163211353995
  outer loop
    vertex 9659.34043934202 10103.41714871313 83.83116109312537
    vertex 9659.843177999723 10103.113826065728 84.03116108408534
    vertex 9659.690409999976 10102.961058071933 83.83116107953242
  endloop
endfacet
facet normal 0.5414375364608481 0.41545965581401706 -0.7309163211353995
  outer loop
    vertex 9659.843177999723 10103.113826065728 84.03116108408534
    vertex 9659.34043934202 10103.41714871313 83.83116109312537
    vertex 9659.52754116623 10103.52517199574 84.03116109634483
  endloop
endfacet
facet normal -0.08907982908886526 -0.6766284563813932 -0.7309163536714935
  outer loop
    vertex 9661.247600852817 10067.504402764976 84.03116002280822
    vertex 9661.817572263508 10067.645411188305 83.8311600270108
    vertex 9661.76165529471 10067.436726213806 84.0311600207912
  endloop
endfacet
facet normal -0.08907982908886526 -0.6766284563813932 -0.7309163536714935
  outer loop
    vertex 9661.817572263508 10067.645411188305 83.8311600270108
    vertex 9661.247600852817 10067.504402764976 84.03116002280822
    vertex 9661.247600852817 10067.720449348075 83.83116002924714
  endloop
endfacet
facet normal 0.6766284781594312 -0.08907980730442924 -0.7309163361659513
  outer loop
    vertex 9659.055427960577 10104.594415585017 83.8311611282118
    vertex 9659.329123557833 10105.032303360706 84.03116114126226
    vertex 9659.267793733417 10104.566457094665 84.0311611273785
  endloop
endfacet
facet normal 0.6766284781594312 -0.08907980730442924 -0.7309163361659513
  outer loop
    vertex 9659.329123557833 10105.032303360706 84.03116114126226
    vertex 9659.055427960577 10104.594415585017 83.8311611282118
    vertex 9659.120438589292 10105.088220335461 83.83116114292883
  endloop
endfacet
facet normal 0.26116884412633695 -0.6305173437723479 -0.7309163523002998
  outer loop
    vertex 9660.146500641176 10067.425410435582 83.83116002045399
    vertex 9660.733546410927 10067.436726213806 84.0311600207912
    vertex 9660.254523929747 10067.238308605418 84.03116001487776
  endloop
endfacet
facet normal 0.26116884412633695 -0.6305173437723479 -0.7309163523002998
  outer loop
    vertex 9660.733546410927 10067.436726213806 84.0311600207912
    vertex 9660.146500641176 10067.425410435582 83.83116002045399
    vertex 9660.677629442129 10067.645411188305 83.8311600270108
  endloop
endfacet
facet normal -0.5414375364618182 0.41545965581472666 -0.7309163211342775
  outer loop
    vertex 9662.65202370591 10103.113826065723 84.03116108408534
    vertex 9663.154762363618 10103.417148713135 83.83116109312537
    vertex 9662.804791705657 10102.961058071929 83.83116107953242
  endloop
endfacet
facet normal -0.5414375364618182 0.41545965581472666 -0.7309163211342775
  outer loop
    vertex 9663.154762363618 10103.417148713135 83.83116109312537
    vertex 9662.65202370591 10103.113826065723 84.03116108408534
    vertex 9662.967660539412 10103.525171995745 84.03116109634483
  endloop
endfacet
facet normal -0.630517365549091 0.2611688659051049 -0.730916325732895
  outer loop
    vertex 9662.967660539412 10103.525171995745 84.03116109634483
    vertex 9663.374763116344 10103.948277514095 83.83116110895482
    vertex 9663.154762363618 10103.417148713135 83.83116109312537
  endloop
endfacet
facet normal -0.630517365549091 0.2611688659051049 -0.730916325732895
  outer loop
    vertex 9663.374763116344 10103.948277514095 83.83116110895482
    vertex 9662.967660539412 10103.525171995745 84.03116109634483
    vertex 9663.1660781478 10104.004194476935 84.03116111062126
  endloop
endfacet
facet normal -0.6766284781591907 -0.08907980730438964 -0.7309163361661789
  outer loop
    vertex 9663.233754698971 10104.518248918823 84.03116112594176
    vertex 9663.374763116344 10105.088220335463 83.83116114292883
    vertex 9663.449801276112 10104.51824892478 83.83116112594182
  endloop
endfacet
facet normal -0.6766284781591907 -0.08907980730438964 -0.7309163361661789
  outer loop
    vertex 9663.374763116344 10105.088220335463 83.83116114292883
    vertex 9663.233754698971 10104.518248918823 84.03116112594176
    vertex 9663.1660781478 10105.032303360707 84.03116114126226
  endloop
endfacet
facet normal 0.2611688441203227 0.6305173873303499 -0.7309163147275919
  outer loop
    vertex 9660.146500641169 10102.611087413978 83.83116106910215
    vertex 9660.733546410924 10102.599771623838 84.03116106876487
    vertex 9660.677629442132 10102.391086661253 83.83116106254538
  endloop
endfacet
facet normal 0.2611688441203227 0.6305173873303499 -0.7309163147275919
  outer loop
    vertex 9660.733546410924 10102.599771623838 84.03116106876487
    vertex 9660.146500641169 10102.611087413978 83.83116106910215
    vertex 9660.254523929743 10102.798189232226 84.03116107467838
  endloop
endfacet
facet normal -0.41545963402961633 0.5414375582427459 -0.7309163173825788
  outer loop
    vertex 9662.240677775893 10102.798189232226 84.03116107467838
    vertex 9662.804791705657 10102.961058071929 83.83116107953242
    vertex 9662.348701064468 10102.61108741398 83.83116106910215
  endloop
endfacet
facet normal -0.41545963402961633 0.5414375582427459 -0.7309163173825788
  outer loop
    vertex 9662.804791705657 10102.961058071929 83.83116107953242
    vertex 9662.240677775893 10102.798189232226 84.03116107467838
    vertex 9662.65202370591 10103.113826065723 84.03116108408534
  endloop
endfacet
facet normal -0.2611688441209284 0.6305173873313278 -0.7309163147265318
  outer loop
    vertex 9661.761655294713 10102.599771623838 84.03116106876487
    vertex 9662.348701064468 10102.61108741398 83.83116106910215
    vertex 9661.817572263504 10102.391086661253 83.83116106254538
  endloop
endfacet
facet normal -0.2611688441209284 0.6305173873313278 -0.7309163147265318
  outer loop
    vertex 9662.348701064468 10102.61108741398 83.83116106910215
    vertex 9661.761655294713 10102.599771623838 84.03116106876487
    vertex 9662.240677775893 10102.798189232226 84.03116107467838
  endloop
endfacet
facet normal 0.08907982908945393 -0.6766284563815188 -0.7309163536713054
  outer loop
    vertex 9660.677629442132 10106.645411188305 83.83116118933818
    vertex 9661.247600852817 10106.504402764976 84.03116118513562
    vertex 9660.73354641093 10106.436726213806 84.03116118311868
  endloop
endfacet
facet normal 0.08907982908945393 -0.6766284563815188 -0.7309163536713054
  outer loop
    vertex 9661.247600852817 10106.504402764976 84.03116118513562
    vertex 9660.677629442132 10106.645411188305 83.83116118933818
    vertex 9661.247600852817 10106.720449348075 83.83116119157457
  endloop
endfacet
facet normal -0.5414375364686481 -0.41545961225259326 -0.7309163458903395
  outer loop
    vertex 9662.65202370591 10105.92267177192 84.03116116779813
    vertex 9663.154762363618 10105.619349136423 83.83116115875818
    vertex 9662.967660539412 10105.511325841897 84.0311611555387
  endloop
endfacet
facet normal -0.5414375364686481 -0.41545961225259326 -0.7309163458903395
  outer loop
    vertex 9663.154762363618 10105.619349136423 83.83116115875818
    vertex 9662.65202370591 10105.92267177192 84.03116116779813
    vertex 9662.804791705657 10106.075439777629 83.83116117235116
  endloop
endfacet
facet normal -0.2611688441251699 -0.6305173437755444 -0.7309163522979596
  outer loop
    vertex 9661.761655294706 10106.436726213806 84.03116118311868
    vertex 9662.348701064468 10106.425410435579 83.83116118278144
    vertex 9662.240677775893 10106.238308605418 84.03116117720519
  endloop
endfacet
facet normal -0.2611688441251699 -0.6305173437755444 -0.7309163522979596
  outer loop
    vertex 9662.348701064468 10106.425410435579 83.83116118278144
    vertex 9661.761655294706 10106.436726213806 84.03116118311868
    vertex 9661.817572263504 10106.645411188305 83.83116118933818
  endloop
endfacet
facet normal 0.4154596340304075 0.5414375582409099 -0.730916317383489
  outer loop
    vertex 9659.690409999976 10102.961058071933 83.83116107953242
    vertex 9660.254523929743 10102.798189232226 84.03116107467838
    vertex 9660.146500641169 10102.611087413978 83.83116106910215
  endloop
endfacet
facet normal 0.4154596340304075 0.5414375582409099 -0.730916317383489
  outer loop
    vertex 9660.254523929743 10102.798189232226 84.03116107467838
    vertex 9659.690409999976 10102.961058071933 83.83116107953242
    vertex 9659.843177999723 10103.113826065728 84.03116108408534
  endloop
endfacet
facet normal 0.08907982908696994 0.6766284999332379 -0.7309163133546361
  outer loop
    vertex 9660.677629442132 10102.391086661253 83.83116106254538
    vertex 9661.247600852817 10102.53209507267 84.03116106674787
    vertex 9661.247600852817 10102.316048501483 83.83116106030906
  endloop
endfacet
facet normal 0.08907982908696994 0.6766284999332379 -0.7309163133546361
  outer loop
    vertex 9661.247600852817 10102.53209507267 84.03116106674787
    vertex 9660.677629442132 10102.391086661253 83.83116106254538
    vertex 9660.733546410924 10102.599771623838 84.03116106876487
  endloop
endfacet
facet normal -0.08907982908696996 0.6766284999332379 -0.7309163133546361
  outer loop
    vertex 9661.247600852817 10102.53209507267 84.03116106674787
    vertex 9661.817572263504 10102.391086661253 83.83116106254538
    vertex 9661.247600852817 10102.316048501483 83.83116106030906
  endloop
endfacet
facet normal -0.08907982908696996 0.6766284999332379 -0.7309163133546361
  outer loop
    vertex 9661.817572263504 10102.391086661253 83.83116106254538
    vertex 9661.247600852817 10102.53209507267 84.03116106674787
    vertex 9661.761655294713 10102.599771623838 84.03116106876487
  endloop
endfacet
facet normal -0.4154596340365025 -0.5414375146842983 -0.7309163496452559
  outer loop
    vertex 9662.240677775893 10106.238308605418 84.03116117720519
    vertex 9662.804791705657 10106.075439777629 83.83116117235116
    vertex 9662.65202370591 10105.92267177192 84.03116116779813
  endloop
endfacet
facet normal -0.4154596340365025 -0.5414375146842983 -0.7309163496452559
  outer loop
    vertex 9662.804791705657 10106.075439777629 83.83116117235116
    vertex 9662.240677775893 10106.238308605418 84.03116117720519
    vertex 9662.348701064468 10106.425410435579 83.83116118278144
  endloop
endfacet
facet normal -0.6305173655540578 -0.26116882233974426 -0.7309163412952551
  outer loop
    vertex 9662.967660539412 10105.511325841897 84.0311611555387
    vertex 9663.374763116344 10105.088220335463 83.83116114292883
    vertex 9663.1660781478 10105.032303360707 84.03116114126226
  endloop
endfacet
facet normal -0.6305173655540578 -0.26116882233974426 -0.7309163412952551
  outer loop
    vertex 9663.374763116344 10105.088220335463 83.83116114292883
    vertex 9662.967660539412 10105.511325841897 84.0311611555387
    vertex 9663.154762363618 10105.619349136423 83.83116115875818
  endloop
endfacet
facet normal -0.08907982908945396 -0.676628456381519 -0.7309163536713054
  outer loop
    vertex 9661.247600852817 10106.504402764976 84.03116118513562
    vertex 9661.817572263504 10106.645411188305 83.83116118933818
    vertex 9661.761655294706 10106.436726213806 84.03116118311868
  endloop
endfacet
facet normal -0.08907982908945396 -0.676628456381519 -0.7309163536713054
  outer loop
    vertex 9661.817572263504 10106.645411188305 83.83116118933818
    vertex 9661.247600852817 10106.504402764976 84.03116118513562
    vertex 9661.247600852817 10106.720449348075 83.83116119157457
  endloop
endfacet
facet normal -0.6766284781572176 0.08907985087138934 -0.7309163308583131
  outer loop
    vertex 9663.1660781478 10104.004194476935 84.03116111062126
    vertex 9663.449801276112 10104.51824892478 83.83116112594182
    vertex 9663.374763116344 10103.948277514095 83.83116110895482
  endloop
endfacet
facet normal -0.6766284781572176 0.08907985087138934 -0.7309163308583131
  outer loop
    vertex 9663.449801276112 10104.51824892478 83.83116112594182
    vertex 9663.1660781478 10104.004194476935 84.03116111062126
    vertex 9663.233754698971 10104.518248918823 84.03116112594176
  endloop
endfacet
facet normal 0.2611688441244931 -0.6305173437748941 -0.7309163522987623
  outer loop
    vertex 9660.146500641169 10106.42541043558 83.83116118278144
    vertex 9660.73354641093 10106.436726213806 84.03116118311868
    vertex 9660.25452392974 10106.238308605416 84.03116117720519
  endloop
endfacet
facet normal 0.2611688441244931 -0.6305173437748941 -0.7309163522987623
  outer loop
    vertex 9660.73354641093 10106.436726213806 84.03116118311868
    vertex 9660.146500641169 10106.42541043558 83.83116118278144
    vertex 9660.677629442132 10106.645411188305 83.83116118933818
  endloop
endfacet
facet normal 0.6305173655521364 -0.2611688223414165 -0.7309163412963151
  outer loop
    vertex 9659.120438589292 10105.088220335461 83.83116114292883
    vertex 9659.52754116623 10105.511325841902 84.0311611555387
    vertex 9659.329123557833 10105.032303360706 84.03116114126226
  endloop
endfacet
facet normal 0.6305173655521364 -0.2611688223414165 -0.7309163412963151
  outer loop
    vertex 9659.52754116623 10105.511325841902 84.0311611555387
    vertex 9659.120438589292 10105.088220335461 83.83116114292883
    vertex 9659.34043934202 10105.619349136428 83.83116115875818
  endloop
endfacet
facet normal 0.4154596340388483 -0.5414375146846702 -0.730916349643647
  outer loop
    vertex 9659.690409999976 10106.075439777625 83.83116117235116
    vertex 9660.25452392974 10106.238308605416 84.03116117720519
    vertex 9659.843177999725 10105.92267177192 84.03116116779813
  endloop
endfacet
facet normal 0.4154596340388483 -0.5414375146846702 -0.730916349643647
  outer loop
    vertex 9660.25452392974 10106.238308605416 84.03116117720519
    vertex 9659.690409999976 10106.075439777625 83.83116117235116
    vertex 9660.146500641169 10106.42541043558 83.83116118278144
  endloop
endfacet
facet normal 0.5414375364680358 -0.4154596122519009 -0.7309163458911865
  outer loop
    vertex 9659.34043934202 10105.619349136428 83.83116115875818
    vertex 9659.843177999725 10105.92267177192 84.03116116779813
    vertex 9659.52754116623 10105.511325841902 84.0311611555387
  endloop
endfacet
facet normal 0.5414375364680358 -0.4154596122519009 -0.7309163458911865
  outer loop
    vertex 9659.843177999725 10105.92267177192 84.03116116779813
    vertex 9659.34043934202 10105.619349136428 83.83116115875818
    vertex 9659.690409999976 10106.075439777625 83.83116117235116
  endloop
endfacet
facet normal -0.6695807158735303 0.22729204672755682 -0.7071067744157802
  outer loop
    vertex 9611.02389749681 10123.214557962097 84.03116168315282
    vertex 9611.37725504669 10123.633314608092 83.83116169563323
    vertex 9611.217497173835 10123.162683090932 83.83116168160684
  endloop
endfacet
facet normal -0.6695807158735303 0.22729204672755682 -0.7071067744157802
  outer loop
    vertex 9611.37725504669 10123.633314608092 83.83116169563323
    vertex 9611.02389749681 10123.214557962097 84.03116168315282
    vertex 9611.192082671916 10123.710015511137 84.03116169791907
  endloop
endfacet
facet normal -0.6341847973946698 0.3127453531695857 -0.7071067718699298
  outer loop
    vertex 9611.192082671916 10123.710015511137 84.03116169791907
    vertex 9611.597075908669 10124.079067220557 83.83116170891812
    vertex 9611.37725504669 10123.633314608092 83.83116169563323
  endloop
endfacet
facet normal -0.6341847973946698 0.3127453531695857 -0.7071067718699298
  outer loop
    vertex 9611.597075908669 10124.079067220557 83.83116170891812
    vertex 9611.192082671916 10123.710015511137 84.03116169791907
    vertex 9611.423499186823 10124.179281781675 84.03116171190476
  endloop
endfacet
facet normal -0.7055928112878045 0.04624701726413375 -0.7071067798099123
  outer loop
    vertex 9610.887600801965 10122.179281781691 84.03116165229821
    vertex 9611.120535791604 10122.675225304825 83.83116166707902
    vertex 9611.087600801964 10122.172734465563 83.83116165210315
  endloop
endfacet
facet normal -0.7055928112878045 0.04624701726413375 -0.7071067798099123
  outer loop
    vertex 9611.120535791604 10122.675225304825 83.83116166707902
    vertex 9610.887600801965 10122.179281781691 84.03116165229821
    vertex 9610.921821356469 10122.701386550554 84.03116166785864
  endloop
endfacet
facet normal -0.5879378012055124 0.39284750026542875 -0.7071067694831039
  outer loop
    vertex 9611.423499186823 10124.179281781675 84.03116171190476
    vertex 9611.873198563875 10124.492313977542 83.8311617212342
    vertex 9611.597075908669 10124.079067220557 83.83116170891812
  endloop
endfacet
facet normal -0.5879378012055124 0.39284750026542875 -0.7071067694831039
  outer loop
    vertex 9611.873198563875 10124.492313977542 83.8311617212342
    vertex 9611.423499186823 10124.179281781675 84.03116171190476
    vertex 9611.714187440803 10124.614327497718 84.0311617248705
  endloop
endfacet
facet normal -0.4662278970011786 0.5316310473035545 -0.70710676534791
  outer loop
    vertex 9612.05917367722 10125.007708906429 84.03116173659458
    vertex 9612.574568612046 10125.193684025715 83.83116174213733
    vertex 9612.200898477135 10124.865984112474 83.83116173237077
  endloop
endfacet
facet normal -0.4662278970011786 0.5316310473035545 -0.70710676534791
  outer loop
    vertex 9612.574568612046 10125.193684025715 83.83116174213733
    vertex 9612.05917367722 10125.007708906429 84.03116173659458
    vertex 9612.45255508592 10125.352695142838 84.03116174687632
  endloop
endfacet
facet normal -0.22729202565465192 0.6695807369416021 -0.7071067612394513
  outer loop
    vertex 9613.3568670725 10125.874799911724 84.03116176243674
    vertex 9613.904199498676 10125.84938541577 83.83116176167934
    vertex 9613.433567981501 10125.689627542908 83.83116175691805
  endloop
endfacet
facet normal -0.22729202565465192 0.6695807369416021 -0.7071067612394513
  outer loop
    vertex 9613.904199498676 10125.84938541577 83.83116176167934
    vertex 9613.3568670725 10125.874799911724 84.03116176243674
    vertex 9613.852324621554 10126.042985086837 84.0311617674492
  endloop
endfacet
facet normal -0.5316310262297431 0.46622791807429165 -0.7071067672975715
  outer loop
    vertex 9611.714187440803 10124.614327497718 84.0311617248705
    vertex 9612.200898477135 10124.865984112474 83.83116173237077
    vertex 9611.873198563875 10124.492313977542 83.8311617212342
  endloop
endfacet
facet normal -0.5316310262297431 0.46622791807429165 -0.7071067672975715
  outer loop
    vertex 9612.200898477135 10124.865984112474 83.83116173237077
    vertex 9611.714187440803 10124.614327497718 84.0311617248705
    vertex 9612.05917367722 10125.007708906429 84.03116173659458
  endloop
endfacet
facet normal -0.6935199226600923 0.1379497107150565 -0.7071067770762574
  outer loop
    vertex 9610.921821356469 10122.701386550554 84.03116166785864
    vertex 9611.217497173835 10123.162683090932 83.83116168160684
    vertex 9611.120535791604 10122.675225304825 83.83116166707902
  endloop
endfacet
facet normal -0.6935199226600923 0.1379497107150565 -0.7071067770762574
  outer loop
    vertex 9611.217497173835 10123.162683090932 83.83116168160684
    vertex 9610.921821356469 10122.701386550554 84.03116166785864
    vertex 9611.02389749681 10123.214557962097 84.03116168315282
  endloop
endfacet
facet normal -0.3127453320934845 0.63418481846612 -0.7071067622932414
  outer loop
    vertex 9612.887600801976 10125.643383396824 84.03116175553974
    vertex 9613.433567981501 10125.689627542908 83.83116175691805
    vertex 9612.987815369059 10125.46980668094 83.83116175036666
  endloop
endfacet
facet normal -0.3127453320934845 0.63418481846612 -0.7071067622932414
  outer loop
    vertex 9613.433567981501 10125.689627542908 83.83116175691805
    vertex 9612.887600801976 10125.643383396824 84.03116175553974
    vertex 9613.3568670725 10125.874799911724 84.03116176243674
  endloop
endfacet
facet normal -0.39284747918825536 0.5879378222784151 -0.7071067636714758
  outer loop
    vertex 9612.45255508592 10125.352695142838 84.03116174687632
    vertex 9612.987815369059 10125.46980668094 83.83116175036666
    vertex 9612.574568612046 10125.193684025715 83.83116174213733
  endloop
endfacet
facet normal -0.39284747918825536 0.5879378222784151 -0.7071067636714758
  outer loop
    vertex 9612.987815369059 10125.46980668094 83.83116175036666
    vertex 9612.45255508592 10125.352695142838 84.03116174687632
    vertex 9612.887600801976 10125.643383396824 84.03116175553974
  endloop
endfacet
facet normal -0.13794968964018245 0.6935199437285441 -0.7071067605241336
  outer loop
    vertex 9613.852324621554 10126.042985086837 84.0311617674492
    vertex 9614.39165728477 10125.946346797999 83.83116176456912
    vertex 9613.904199498676 10125.84938541577 83.83116176167934
  endloop
endfacet
facet normal -0.13794968964018245 0.6935199437285441 -0.7071067605241336
  outer loop
    vertex 9614.39165728477 10125.946346797999 83.83116176456912
    vertex 9613.852324621554 10126.042985086837 84.0311617674492
    vertex 9614.365496033084 10126.145061227175 84.03116177049142
  endloop
endfacet
facet normal -7.31320975618528e-20 0.7071068022520652 -0.7071067601210294
  outer loop
    vertex 9614.887600801965 10126.179281781679 84.03116177151132
    vertex 9638.784758114916 10125.979281787637 83.83116176555068
    vertex 9614.894148124049 10125.979281787637 83.83116176555068
  endloop
endfacet
facet normal -7.31320975618528e-20 0.7071068022520652 -0.7071067601210294
  outer loop
    vertex 9638.784758114916 10125.979281787637 83.83116176555068
    vertex 9614.887600801965 10126.179281781679 84.03116177151132
    vertex 9639.26760082739 10126.179281781679 84.03116177151132
  endloop
endfacet
facet normal -0.04624699618713643 0.70559283235552 -0.7071067601658056
  outer loop
    vertex 9614.365496033084 10126.145061227175 84.03116177049142
    vertex 9614.894148124049 10125.979281787637 83.83116176555068
    vertex 9614.39165728477 10125.946346797999 83.83116176456912
  endloop
endfacet
facet normal -0.04624699618713643 0.70559283235552 -0.7071067601658056
  outer loop
    vertex 9614.894148124049 10125.979281787637 83.83116176555068
    vertex 9614.365496033084 10126.145061227175 84.03116177049142
    vertex 9614.887600801965 10126.179281781679 84.03116177151132
  endloop
endfacet
facet normal 0.046246996187395736 0.7055928323555006 -0.707106760165808
  outer loop
    vertex 9669.241053530734 10125.979281787637 83.83116176555068
    vertex 9669.769705621697 10126.145061227175 84.03116177049142
    vertex 9669.743544370009 10125.946346797999 83.83116176456912
  endloop
endfacet
facet normal 0.046246996187395736 0.7055928323555006 -0.707106760165808
  outer loop
    vertex 9669.769705621697 10126.145061227175 84.03116177049142
    vertex 9669.241053530734 10125.979281787637 83.83116176555068
    vertex 9669.247600852817 10126.179281781679 84.03116177151132
  endloop
endfacet
facet normal 7.313209756184404e-20 0.7071068022520651 -0.7071067601210294
  outer loop
    vertex 9644.86760082739 10126.179281781679 84.03116177151132
    vertex 9669.241053530734 10125.979281787637 83.83116176555068
    vertex 9645.350443539865 10125.979281787637 83.83116176555068
  endloop
endfacet
facet normal 7.313209756184404e-20 0.7071068022520651 -0.7071067601210294
  outer loop
    vertex 9669.241053530734 10125.979281787637 83.83116176555068
    vertex 9644.86760082739 10126.179281781679 84.03116177151132
    vertex 9669.247600852817 10126.179281781679 84.03116177151132
  endloop
endfacet
facet normal 0.5879378012046456 0.39284750026418275 -0.707106769484517
  outer loop
    vertex 9672.262003090902 10124.492313977546 83.8311617212342
    vertex 9672.71170246795 10124.179281781688 84.03116171190476
    vertex 9672.53812574611 10124.07906722056 83.83116170891812
  endloop
endfacet
facet normal 0.5879378012046456 0.39284750026418275 -0.707106769484517
  outer loop
    vertex 9672.71170246795 10124.179281781688 84.03116171190476
    vertex 9672.262003090902 10124.492313977546 83.8311617212342
    vertex 9672.421014213984 10124.614327497713 84.0311617248705
  endloop
endfacet
facet normal 0.22729202565399867 0.6695807369405478 -0.7071067612406595
  outer loop
    vertex 9670.231002156108 10125.849385415768 83.83116176167934
    vertex 9670.778334582283 10125.874799911724 84.03116176243674
    vertex 9670.701633673281 10125.689627542908 83.83116175691805
  endloop
endfacet
facet normal 0.22729202565399867 0.6695807369405478 -0.7071067612406595
  outer loop
    vertex 9670.778334582283 10125.874799911724 84.03116176243674
    vertex 9670.231002156108 10125.849385415768 83.83116176167934
    vertex 9670.28287703323 10126.042985086837 84.0311617674492
  endloop
endfacet
facet normal 0.4662278970011786 0.5316310473035545 -0.70710676534791
  outer loop
    vertex 9671.560633042738 10125.193684025715 83.83116174213733
    vertex 9672.076027977562 10125.007708906429 84.03116173659458
    vertex 9671.93430317765 10124.865984112474 83.83116173237077
  endloop
endfacet
facet normal 0.4662278970011786 0.5316310473035545 -0.70710676534791
  outer loop
    vertex 9672.076027977562 10125.007708906429 84.03116173659458
    vertex 9671.560633042738 10125.193684025715 83.83116174213733
    vertex 9671.682646568863 10125.352695142838 84.03116174687632
  endloop
endfacet
facet normal 0.6341847973957616 0.31274535316875435 -0.7071067718693181
  outer loop
    vertex 9672.53812574611 10124.07906722056 83.83116170891812
    vertex 9672.943118982865 10123.710015511133 84.03116169791907
    vertex 9672.757946608093 10123.633314608089 83.83116169563323
  endloop
endfacet
facet normal 0.6341847973957616 0.31274535316875435 -0.7071067718693181
  outer loop
    vertex 9672.943118982865 10123.710015511133 84.03116169791907
    vertex 9672.53812574611 10124.07906722056 83.83116170891812
    vertex 9672.71170246795 10124.179281781688 84.03116171190476
  endloop
endfacet
facet normal 0.3928474791882553 0.5879378222784148 -0.7071067636714758
  outer loop
    vertex 9671.147386285724 10125.46980668094 83.83116175036666
    vertex 9671.682646568863 10125.352695142838 84.03116174687632
    vertex 9671.560633042738 10125.193684025715 83.83116174213733
  endloop
endfacet
facet normal 0.3928474791882553 0.5879378222784148 -0.7071067636714758
  outer loop
    vertex 9671.682646568863 10125.352695142838 84.03116174687632
    vertex 9671.147386285724 10125.46980668094 83.83116175036666
    vertex 9671.247600852806 10125.643383396824 84.03116175553974
  endloop
endfacet
facet normal 0.531631026230431 0.4662279180738882 -0.7071067672973204
  outer loop
    vertex 9671.93430317765 10124.865984112474 83.83116173237077
    vertex 9672.421014213984 10124.614327497713 84.0311617248705
    vertex 9672.262003090902 10124.492313977546 83.8311617212342
  endloop
endfacet
facet normal 0.531631026230431 0.4662279180738882 -0.7071067672973204
  outer loop
    vertex 9672.421014213984 10124.614327497713 84.0311617248705
    vertex 9671.93430317765 10124.865984112474 83.83116173237077
    vertex 9672.076027977562 10125.007708906429 84.03116173659458
  endloop
endfacet
facet normal 0.13794968963972742 0.6935199437273584 -0.7071067605253853
  outer loop
    vertex 9669.743544370009 10125.946346797999 83.83116176456912
    vertex 9670.28287703323 10126.042985086837 84.0311617674492
    vertex 9670.231002156108 10125.849385415768 83.83116176167934
  endloop
endfacet
facet normal 0.13794968963972742 0.6935199437273584 -0.7071067605253853
  outer loop
    vertex 9670.28287703323 10126.042985086837 84.0311617674492
    vertex 9669.743544370009 10125.946346797999 83.83116176456912
    vertex 9669.769705621697 10126.145061227175 84.03116177049142
  endloop
endfacet
facet normal 0.3127453320934845 0.6341848184661201 -0.7071067622932414
  outer loop
    vertex 9670.701633673281 10125.689627542908 83.83116175691805
    vertex 9671.247600852806 10125.643383396824 84.03116175553974
    vertex 9671.147386285724 10125.46980668094 83.83116175036666
  endloop
endfacet
facet normal 0.3127453320934845 0.6341848184661201 -0.7071067622932414
  outer loop
    vertex 9671.247600852806 10125.643383396824 84.03116175553974
    vertex 9670.701633673281 10125.689627542908 83.83116175691805
    vertex 9670.778334582283 10125.874799911724 84.03116176243674
  endloop
endfacet
facet normal 0.6935199226590378 0.13794971071521853 -0.70710677707726
  outer loop
    vertex 9672.917704480948 10123.162683090928 83.83116168160684
    vertex 9673.213380298313 10122.701386550554 84.03116166785864
    vertex 9673.014665863178 10122.675225304825 83.83116166707902
  endloop
endfacet
facet normal 0.6935199226590378 0.13794971071521853 -0.70710677707726
  outer loop
    vertex 9673.213380298313 10122.701386550554 84.03116166785864
    vertex 9672.917704480948 10123.162683090928 83.83116168160684
    vertex 9673.111304157974 10123.214557962092 84.03116168315282
  endloop
endfacet
facet normal 0.7055928112878046 0.04624701726413375 -0.7071067798099122
  outer loop
    vertex 9673.014665863178 10122.675225304825 83.83116166707902
    vertex 9673.247600852817 10122.179281781691 84.03116165229821
    vertex 9673.047600852819 10122.172734465563 83.83116165210315
  endloop
endfacet
facet normal 0.7055928112878046 0.04624701726413375 -0.7071067798099122
  outer loop
    vertex 9673.247600852817 10122.179281781691 84.03116165229821
    vertex 9673.014665863178 10122.675225304825 83.83116166707902
    vertex 9673.213380298313 10122.701386550554 84.03116166785864
  endloop
endfacet
facet normal 0.6695807158719596 0.22729204672970116 -0.7071067744165782
  outer loop
    vertex 9672.757946608093 10123.633314608089 83.83116169563323
    vertex 9673.111304157974 10123.214557962092 84.03116168315282
    vertex 9672.917704480948 10123.162683090928 83.83116168160684
  endloop
endfacet
facet normal 0.6695807158719596 0.22729204672970116 -0.7071067744165782
  outer loop
    vertex 9673.111304157974 10123.214557962092 84.03116168315282
    vertex 9672.757946608093 10123.633314608089 83.83116169563323
    vertex 9672.943118982865 10123.710015511133 84.03116169791907
  endloop
endfacet
facet normal -0.7071067811867326 2.1074092653157055e-08 -0.707106781186362
  outer loop
    vertex 9642.067600827391 10126.179281698227 86.83116177151211
    vertex 9644.86760082739 10112.89777014193 84.03116137567885
    vertex 9642.067600827391 10112.897770058475 86.83116137567968
  endloop
endfacet
facet normal -0.7071067811867326 2.1074092653157055e-08 -0.707106781186362
  outer loop
    vertex 9644.86760082739 10112.89777014193 84.03116137567885
    vertex 9642.067600827391 10126.179281698227 86.83116177151211
    vertex 9644.86760082739 10126.179281781679 84.03116177151132
  endloop
endfacet
facet normal -2.9238124276299267e-16 2.980326702975824e-08 -0.9999999999999997
  outer loop
    vertex 9611.087600801964 10048.179281750858 83.83115944685653
    vertex 9621.330409949125 10063.961058071929 83.83115991720501
    vertex 9638.784758114916 10048.179281750858 83.83115944685653
  endloop
endfacet
facet normal -2.9238124276299267e-16 2.980326702975824e-08 -0.9999999999999997
  outer loop
    vertex 9621.330409949125 10063.961058071929 83.83115991720501
    vertex 9611.087600801964 10048.179281750858 83.83115944685653
    vertex 9620.980439291165 10064.417148713135 83.83115993079801
  endloop
endfacet
facet normal -2.9238124276299267e-16 2.980326702975824e-08 -0.9999999999999997
  outer loop
    vertex 9620.980439291165 10064.417148713135 83.83115993079801
    vertex 9611.087600801964 10048.179281750858 83.83115944685653
    vertex 9620.76043853844 10064.948277514093 83.8311599466274
  endloop
endfacet
facet normal -2.9238124276299267e-16 2.980326702975824e-08 -0.9999999999999997
  outer loop
    vertex 9620.76043853844 10064.948277514093 83.8311599466274
    vertex 9611.087600801964 10048.179281750858 83.83115944685653
    vertex 9611.087600801964 10122.172734465563 83.83116165210315
  endloop
endfacet
facet normal -2.9238124276299267e-16 2.980326702975824e-08 -0.9999999999999997
  outer loop
    vertex 9638.784758114916 10048.179281750858 83.83115944685653
    vertex 9621.330409949125 10063.961058071929 83.83115991720501
    vertex 9621.786500590315 10063.61108741398 83.83115990677473
  endloop
endfacet
facet normal -2.9238124276299267e-16 2.980326702975824e-08 -0.9999999999999997
  outer loop
    vertex 9638.784758114916 10048.179281750858 83.83115944685653
    vertex 9621.786500590315 10063.61108741398 83.83115990677473
    vertex 9622.31762939128 10063.391086661253 83.83115990021801
  endloop
endfacet
facet normal -2.9238124276299267e-16 2.980326702975824e-08 -0.9999999999999997
  outer loop
    vertex 9638.784758114916 10048.179281750858 83.83115944685653
    vertex 9622.31762939128 10063.391086661253 83.83115990021801
    vertex 9622.887600801965 10063.316048501481 83.8311598979816
  endloop
endfacet
facet normal -2.9238124276299267e-16 2.980326702975824e-08 -0.9999999999999997
  outer loop
    vertex 9620.76043853844 10064.948277514093 83.8311599466274
    vertex 9611.087600801964 10122.172734465563 83.83116165210315
    vertex 9620.69542790972 10065.442082264542 83.83115996134437
  endloop
endfacet
facet normal -2.9238124276299267e-16 2.980326702975824e-08 -0.9999999999999997
  outer loop
    vertex 9620.69542790972 10065.442082264542 83.83115996134437
    vertex 9611.087600801964 10122.172734465563 83.83116165210315
    vertex 9620.685400378668 10065.51824892478 83.83115996361437
  endloop
endfacet
facet normal -2.9238124276299267e-16 2.980326702975824e-08 -0.9999999999999997
  outer loop
    vertex 9620.685400378668 10065.51824892478 83.83115996361437
    vertex 9611.087600801964 10122.172734465563 83.83116165210315
    vertex 9620.69542790972 10065.594415585017 83.8311599658844
  endloop
endfacet
facet normal -2.9238124276299267e-16 2.980326702975824e-08 -0.9999999999999997
  outer loop
    vertex 9620.69542790972 10065.594415585017 83.8311599658844
    vertex 9611.087600801964 10122.172734465563 83.83116165210315
    vertex 9620.76043853844 10066.088220335465 83.83115998060141
  endloop
endfacet
facet normal -2.9238124276299267e-16 2.980326702975824e-08 -0.9999999999999997
  outer loop
    vertex 9620.76043853844 10066.088220335465 83.83115998060141
    vertex 9611.087600801964 10122.172734465563 83.83116165210315
    vertex 9620.980439291165 10066.619349136425 83.83115999643076
  endloop
endfacet
facet normal -2.9238124276299267e-16 2.980326702975824e-08 -0.9999999999999997
  outer loop
    vertex 9620.980439291165 10066.619349136425 83.83115999643076
    vertex 9611.087600801964 10122.172734465563 83.83116165210315
    vertex 9621.330409949122 10067.075439777624 83.83116001002375
  endloop
endfacet
facet normal -2.9238124276299267e-16 2.980326702975824e-08 -0.9999999999999997
  outer loop
    vertex 9621.330409949122 10067.075439777624 83.83116001002375
    vertex 9611.087600801964 10122.172734465563 83.83116165210315
    vertex 9621.786500590322 10067.425410435582 83.83116002045399
  endloop
endfacet
facet normal -2.9238124276299267e-16 2.980326702975824e-08 -0.9999999999999997
  outer loop
    vertex 9621.786500590322 10067.425410435582 83.83116002045399
    vertex 9611.087600801964 10122.172734465563 83.83116165210315
    vertex 9622.317629391273 10067.645411188305 83.8311600270108
  endloop
endfacet
facet normal -2.9238124276299267e-16 2.980326702975824e-08 -0.9999999999999997
  outer loop
    vertex 9622.317629391273 10067.645411188305 83.8311600270108
    vertex 9611.087600801964 10122.172734465563 83.83116165210315
    vertex 9622.887600801967 10067.720449348073 83.83116002924714
  endloop
endfacet
facet normal -2.9238124276299267e-16 2.980326702975824e-08 -0.9999999999999997
  outer loop
    vertex 9622.887600801967 10067.720449348073 83.83116002924714
    vertex 9611.087600801964 10122.172734465563 83.83116165210315
    vertex 9620.980439291165 10103.417148713135 83.83116109312537
  endloop
endfacet
facet normal -2.9238124276299267e-16 2.980326702975824e-08 -0.9999999999999997
  outer loop
    vertex 9622.887600801967 10067.720449348073 83.83116002924714
    vertex 9620.980439291165 10103.417148713135 83.83116109312537
    vertex 9621.330409949125 10102.961058071929 83.83116107953242
  endloop
endfacet
facet normal -2.9238124276299267e-16 2.980326702975824e-08 -0.9999999999999997
  outer loop
    vertex 9622.887600801967 10067.720449348073 83.83116002924714
    vertex 9621.330409949125 10102.961058071929 83.83116107953242
    vertex 9627.687600801964 10097.697770147886 83.83116092266924
  endloop
endfacet
facet normal -2.9238124276299267e-16 2.980326702975824e-08 -0.9999999999999997
  outer loop
    vertex 9627.687600801964 10097.697770147886 83.83116092266924
    vertex 9621.330409949125 10102.961058071929 83.83116107953242
    vertex 9621.786500590315 10102.61108741398 83.83116106910215
  endloop
endfacet
facet normal -2.9238124276299267e-16 2.980326702975824e-08 -0.9999999999999997
  outer loop
    vertex 9627.687600801964 10097.697770147886 83.83116092266924
    vertex 9621.786500590315 10102.61108741398 83.83116106910215
    vertex 9622.317629391278 10102.391086661253 83.83116106254538
  endloop
endfacet
facet normal -2.9238124276299267e-16 2.980326702975824e-08 -0.9999999999999997
  outer loop
    vertex 9627.687600801964 10097.697770147886 83.83116092266924
    vertex 9622.317629391278 10102.391086661253 83.83116106254538
    vertex 9622.887600801967 10102.316048501485 83.83116106030906
  endloop
endfacet
facet normal -2.9238124276299267e-16 2.980326702975824e-08 -0.9999999999999997
  outer loop
    vertex 9620.980439291165 10103.417148713135 83.83116109312537
    vertex 9611.087600801964 10122.172734465563 83.83116165210315
    vertex 9620.76043853844 10103.948277514093 83.83116110895482
  endloop
endfacet
facet normal -2.9238124276299267e-16 2.980326702975824e-08 -0.9999999999999997
  outer loop
    vertex 9620.76043853844 10103.948277514093 83.83116110895482
    vertex 9611.087600801964 10122.172734465563 83.83116165210315
    vertex 9620.685400378668 10104.51824892478 83.83116112594182
  endloop
endfacet
facet normal -2.9238124276299267e-16 2.980326702975824e-08 -0.9999999999999997
  outer loop
    vertex 9620.685400378668 10104.51824892478 83.83116112594182
    vertex 9611.087600801964 10122.172734465563 83.83116165210315
    vertex 9620.76043853844 10105.088220335465 83.83116114292883
  endloop
endfacet
facet normal -2.9238124276299267e-16 2.980326702975824e-08 -0.9999999999999997
  outer loop
    vertex 9620.76043853844 10105.088220335465 83.83116114292883
    vertex 9611.087600801964 10122.172734465563 83.83116165210315
    vertex 9620.980439291165 10105.619349136423 83.83116115875818
  endloop
endfacet
facet normal -2.9238124276299267e-16 2.980326702975824e-08 -0.9999999999999997
  outer loop
    vertex 9620.980439291165 10105.619349136423 83.83116115875818
    vertex 9611.087600801964 10122.172734465563 83.83116165210315
    vertex 9621.330409949125 10106.075439777629 83.83116117235116
  endloop
endfacet
facet normal -2.9238124276299267e-16 2.980326702975824e-08 -0.9999999999999997
  outer loop
    vertex 9621.330409949125 10106.075439777629 83.83116117235116
    vertex 9611.087600801964 10122.172734465563 83.83116165210315
    vertex 9621.786500590315 10106.425410435579 83.83116118278144
  endloop
endfacet
facet normal -2.9238124276299267e-16 2.980326702975824e-08 -0.9999999999999997
  outer loop
    vertex 9621.786500590315 10106.425410435579 83.83116118278144
    vertex 9611.087600801964 10122.172734465563 83.83116165210315
    vertex 9622.317629391278 10106.645411188305 83.83116118933818
  endloop
endfacet
facet normal -2.9238124276299267e-16 2.980326702975824e-08 -0.9999999999999997
  outer loop
    vertex 9622.317629391278 10106.645411188305 83.83116118933818
    vertex 9611.087600801964 10122.172734465563 83.83116165210315
    vertex 9622.887600801967 10106.720449348073 83.83116119157457
  endloop
endfacet
facet normal -2.9238124276299267e-16 2.980326702975824e-08 -0.9999999999999997
  outer loop
    vertex 9622.887600801967 10106.720449348073 83.83116119157457
    vertex 9611.087600801964 10122.172734465563 83.83116165210315
    vertex 9627.687600801964 10113.097770147886 83.83116138163957
  endloop
endfacet
facet normal -2.9238124276299267e-16 2.980326702975824e-08 -0.9999999999999997
  outer loop
    vertex 9627.687600801964 10113.097770147886 83.83116138163957
    vertex 9611.087600801964 10122.172734465563 83.83116165210315
    vertex 9638.784758114916 10113.097770147886 83.83116138163957
  endloop
endfacet
facet normal -2.9238124276299267e-16 2.980326702975824e-08 -0.9999999999999997
  outer loop
    vertex 9638.784758114916 10113.097770147886 83.83116138163957
    vertex 9611.087600801964 10122.172734465563 83.83116165210315
    vertex 9638.784758114916 10125.979281787637 83.83116176555068
  endloop
endfacet
facet normal -2.9238124276299267e-16 2.980326702975824e-08 -0.9999999999999997
  outer loop
    vertex 9638.784758114916 10125.979281787637 83.83116176555068
    vertex 9611.087600801964 10122.172734465563 83.83116165210315
    vertex 9611.120535791604 10122.675225304825 83.83116166707902
  endloop
endfacet
facet normal -2.9238124276299267e-16 2.980326702975824e-08 -0.9999999999999997
  outer loop
    vertex 9638.784758114916 10125.979281787637 83.83116176555068
    vertex 9611.120535791604 10122.675225304825 83.83116166707902
    vertex 9611.217497173835 10123.162683090932 83.83116168160684
  endloop
endfacet
facet normal -2.9238124276299267e-16 2.980326702975824e-08 -0.9999999999999997
  outer loop
    vertex 9638.784758114916 10125.979281787637 83.83116176555068
    vertex 9611.217497173835 10123.162683090932 83.83116168160684
    vertex 9611.37725504669 10123.633314608092 83.83116169563323
  endloop
endfacet
facet normal -2.9238124276299267e-16 2.980326702975824e-08 -0.9999999999999997
  outer loop
    vertex 9638.784758114916 10125.979281787637 83.83116176555068
    vertex 9611.37725504669 10123.633314608092 83.83116169563323
    vertex 9611.597075908669 10124.079067220557 83.83116170891812
  endloop
endfacet
facet normal -2.9238124276299267e-16 2.980326702975824e-08 -0.9999999999999997
  outer loop
    vertex 9638.784758114916 10125.979281787637 83.83116176555068
    vertex 9611.597075908669 10124.079067220557 83.83116170891812
    vertex 9611.873198563875 10124.492313977542 83.8311617212342
  endloop
endfacet
facet normal -2.9238124276299267e-16 2.980326702975824e-08 -0.9999999999999997
  outer loop
    vertex 9638.784758114916 10125.979281787637 83.83116176555068
    vertex 9611.873198563875 10124.492313977542 83.8311617212342
    vertex 9612.200898477135 10124.865984112474 83.83116173237077
  endloop
endfacet
facet normal -2.9238124276299267e-16 2.980326702975824e-08 -0.9999999999999997
  outer loop
    vertex 9638.784758114916 10125.979281787637 83.83116176555068
    vertex 9612.200898477135 10124.865984112474 83.83116173237077
    vertex 9612.574568612046 10125.193684025715 83.83116174213733
  endloop
endfacet
facet normal -2.9238124276299267e-16 2.980326702975824e-08 -0.9999999999999997
  outer loop
    vertex 9638.784758114916 10125.979281787637 83.83116176555068
    vertex 9612.574568612046 10125.193684025715 83.83116174213733
    vertex 9612.987815369059 10125.46980668094 83.83116175036666
  endloop
endfacet
facet normal -2.9238124276299267e-16 2.980326702975824e-08 -0.9999999999999997
  outer loop
    vertex 9638.784758114916 10125.979281787637 83.83116176555068
    vertex 9612.987815369059 10125.46980668094 83.83116175036666
    vertex 9613.433567981501 10125.689627542908 83.83116175691805
  endloop
endfacet
facet normal -2.9238124276299267e-16 2.980326702975824e-08 -0.9999999999999997
  outer loop
    vertex 9638.784758114916 10125.979281787637 83.83116176555068
    vertex 9613.433567981501 10125.689627542908 83.83116175691805
    vertex 9613.904199498676 10125.84938541577 83.83116176167934
  endloop
endfacet
facet normal -2.9238124276299267e-16 2.980326702975824e-08 -0.9999999999999997
  outer loop
    vertex 9638.784758114916 10125.979281787637 83.83116176555068
    vertex 9613.904199498676 10125.84938541577 83.83116176167934
    vertex 9614.39165728477 10125.946346797999 83.83116176456912
  endloop
endfacet
facet normal -2.9238124276299267e-16 2.980326702975824e-08 -0.9999999999999997
  outer loop
    vertex 9638.784758114916 10125.979281787637 83.83116176555068
    vertex 9614.39165728477 10125.946346797999 83.83116176456912
    vertex 9614.894148124049 10125.979281787637 83.83116176555068
  endloop
endfacet
facet normal -2.9238124276299267e-16 2.980326702975824e-08 -0.9999999999999997
  outer loop
    vertex 9627.687600801964 10097.697770147886 83.83116092266924
    vertex 9625.01476306549 10103.948277514097 83.83116110895482
    vertex 9627.687600801964 10113.097770147886 83.83116138163957
  endloop
endfacet
facet normal -2.9238124276299267e-16 2.980326702975824e-08 -0.9999999999999997
  outer loop
    vertex 9625.01476306549 10103.948277514097 83.83116110895482
    vertex 9627.687600801964 10097.697770147886 83.83116092266924
    vertex 9624.794762312762 10103.41714871313 83.83116109312537
  endloop
endfacet
facet normal -2.9238124276299267e-16 2.980326702975824e-08 -0.9999999999999997
  outer loop
    vertex 9624.794762312762 10103.41714871313 83.83116109312537
    vertex 9627.687600801964 10097.697770147886 83.83116092266924
    vertex 9624.444791654807 10102.961058071933 83.83116107953242
  endloop
endfacet
facet normal -2.9238124276299267e-16 2.980326702975824e-08 -0.9999999999999997
  outer loop
    vertex 9624.444791654807 10102.961058071933 83.83116107953242
    vertex 9627.687600801964 10097.697770147886 83.83116092266924
    vertex 9623.988701013614 10102.611087413978 83.83116106910215
  endloop
endfacet
facet normal -2.9238124276299267e-16 2.980326702975824e-08 -0.9999999999999997
  outer loop
    vertex 9623.988701013614 10102.611087413978 83.83116106910215
    vertex 9627.687600801964 10097.697770147886 83.83116092266924
    vertex 9623.45757221265 10102.391086661253 83.83116106254538
  endloop
endfacet
facet normal -2.9238124276299267e-16 2.980326702975824e-08 -0.9999999999999997
  outer loop
    vertex 9623.45757221265 10102.391086661253 83.83116106254538
    vertex 9627.687600801964 10097.697770147886 83.83116092266924
    vertex 9622.887600801967 10102.316048501485 83.83116106030906
  endloop
endfacet
facet normal -2.9238124276299267e-16 2.980326702975824e-08 -0.9999999999999997
  outer loop
    vertex 9627.687600801964 10113.097770147886 83.83116138163957
    vertex 9625.01476306549 10103.948277514097 83.83116110895482
    vertex 9625.079773694208 10104.44208226454 83.83116112367176
  endloop
endfacet
facet normal -2.9238124276299267e-16 2.980326702975824e-08 -0.9999999999999997
  outer loop
    vertex 9627.687600801964 10113.097770147886 83.83116138163957
    vertex 9625.079773694208 10104.44208226454 83.83116112367176
    vertex 9625.08980122526 10104.51824892478 83.83116112594182
  endloop
endfacet
facet normal -2.9238124276299267e-16 2.980326702975824e-08 -0.9999999999999997
  outer loop
    vertex 9627.687600801964 10113.097770147886 83.83116138163957
    vertex 9625.08980122526 10104.51824892478 83.83116112594182
    vertex 9625.079773694208 10104.594415585017 83.8311611282118
  endloop
endfacet
facet normal -2.9238124276299267e-16 2.980326702975824e-08 -0.9999999999999997
  outer loop
    vertex 9627.687600801964 10113.097770147886 83.83116138163957
    vertex 9625.079773694208 10104.594415585017 83.8311611282118
    vertex 9625.01476306549 10105.088220335461 83.83116114292883
  endloop
endfacet
facet normal -2.9238124276299267e-16 2.980326702975824e-08 -0.9999999999999997
  outer loop
    vertex 9627.687600801964 10113.097770147886 83.83116138163957
    vertex 9625.01476306549 10105.088220335461 83.83116114292883
    vertex 9624.794762312762 10105.619349136428 83.83116115875818
  endloop
endfacet
facet normal -2.9238124276299267e-16 2.980326702975824e-08 -0.9999999999999997
  outer loop
    vertex 9627.687600801964 10113.097770147886 83.83116138163957
    vertex 9624.794762312762 10105.619349136428 83.83116115875818
    vertex 9624.444791654807 10106.075439777625 83.83116117235116
  endloop
endfacet
facet normal -2.9238124276299267e-16 2.980326702975824e-08 -0.9999999999999997
  outer loop
    vertex 9627.687600801964 10113.097770147886 83.83116138163957
    vertex 9624.444791654807 10106.075439777625 83.83116117235116
    vertex 9623.988701013614 10106.42541043558 83.83116118278144
  endloop
endfacet
facet normal -2.9238124276299267e-16 2.980326702975824e-08 -0.9999999999999997
  outer loop
    vertex 9627.687600801964 10113.097770147886 83.83116138163957
    vertex 9623.988701013614 10106.42541043558 83.83116118278144
    vertex 9623.45757221265 10106.645411188305 83.83116118933818
  endloop
endfacet
facet normal -2.9238124276299267e-16 2.980326702975824e-08 -0.9999999999999997
  outer loop
    vertex 9627.687600801964 10113.097770147886 83.83116138163957
    vertex 9623.45757221265 10106.645411188305 83.83116118933818
    vertex 9622.887600801967 10106.720449348073 83.83116119157457
  endloop
endfacet
facet normal -2.9238124276299267e-16 2.980326702975824e-08 -0.9999999999999997
  outer loop
    vertex 9638.784758114916 10048.179281750858 83.83115944685653
    vertex 9624.794762312762 10064.417148713132 83.83115993079801
    vertex 9638.784758114916 10097.697770147886 83.83116092266924
  endloop
endfacet
facet normal -2.9238124276299267e-16 2.980326702975824e-08 -0.9999999999999997
  outer loop
    vertex 9624.794762312762 10064.417148713132 83.83115993079801
    vertex 9638.784758114916 10048.179281750858 83.83115944685653
    vertex 9624.444791654807 10063.961058071935 83.83115991720501
  endloop
endfacet
facet normal -2.9238124276299267e-16 2.980326702975824e-08 -0.9999999999999997
  outer loop
    vertex 9624.444791654807 10063.961058071935 83.83115991720501
    vertex 9638.784758114916 10048.179281750858 83.83115944685653
    vertex 9623.988701013614 10063.61108741398 83.83115990677473
  endloop
endfacet
facet normal -2.9238124276299267e-16 2.980326702975824e-08 -0.9999999999999997
  outer loop
    vertex 9623.988701013614 10063.61108741398 83.83115990677473
    vertex 9638.784758114916 10048.179281750858 83.83115944685653
    vertex 9623.457572212646 10063.391086661253 83.83115990021801
  endloop
endfacet
facet normal -2.9238124276299267e-16 2.980326702975824e-08 -0.9999999999999997
  outer loop
    vertex 9623.457572212646 10063.391086661253 83.83115990021801
    vertex 9638.784758114916 10048.179281750858 83.83115944685653
    vertex 9622.887600801965 10063.316048501481 83.8311598979816
  endloop
endfacet
facet normal -2.9238124276299267e-16 2.980326702975824e-08 -0.9999999999999997
  outer loop
    vertex 9638.784758114916 10097.697770147886 83.83116092266924
    vertex 9624.794762312762 10064.417148713132 83.83115993079801
    vertex 9625.01476306549 10064.948277514097 83.8311599466274
  endloop
endfacet
facet normal -2.9238124276299267e-16 2.980326702975824e-08 -0.9999999999999997
  outer loop
    vertex 9638.784758114916 10097.697770147886 83.83116092266924
    vertex 9625.01476306549 10064.948277514097 83.8311599466274
    vertex 9625.079773694208 10065.44208226454 83.83115996134437
  endloop
endfacet
facet normal -2.9238124276299267e-16 2.980326702975824e-08 -0.9999999999999997
  outer loop
    vertex 9638.784758114916 10097.697770147886 83.83116092266924
    vertex 9625.079773694208 10065.44208226454 83.83115996134437
    vertex 9625.08980122526 10065.51824892478 83.83115996361437
  endloop
endfacet
facet normal -2.9238124276299267e-16 2.980326702975824e-08 -0.9999999999999997
  outer loop
    vertex 9638.784758114916 10097.697770147886 83.83116092266924
    vertex 9625.08980122526 10065.51824892478 83.83115996361437
    vertex 9625.079773694208 10065.594415585016 83.8311599658844
  endloop
endfacet
facet normal -2.9238124276299267e-16 2.980326702975824e-08 -0.9999999999999997
  outer loop
    vertex 9638.784758114916 10097.697770147886 83.83116092266924
    vertex 9625.079773694208 10065.594415585016 83.8311599658844
    vertex 9625.01476306549 10066.088220335461 83.83115998060141
  endloop
endfacet
facet normal -2.9238124276299267e-16 2.980326702975824e-08 -0.9999999999999997
  outer loop
    vertex 9638.784758114916 10097.697770147886 83.83116092266924
    vertex 9625.01476306549 10066.088220335461 83.83115998060141
    vertex 9624.794762312762 10066.61934913643 83.83115999643076
  endloop
endfacet
facet normal -2.9238124276299267e-16 2.980326702975824e-08 -0.9999999999999997
  outer loop
    vertex 9638.784758114916 10097.697770147886 83.83116092266924
    vertex 9624.794762312762 10066.61934913643 83.83115999643076
    vertex 9624.444791654812 10067.07543977762 83.83116001002375
  endloop
endfacet
facet normal -2.9238124276299267e-16 2.980326702975824e-08 -0.9999999999999997
  outer loop
    vertex 9638.784758114916 10097.697770147886 83.83116092266924
    vertex 9624.444791654812 10067.07543977762 83.83116001002375
    vertex 9623.988701013606 10067.425410435582 83.83116002045399
  endloop
endfacet
facet normal -2.9238124276299267e-16 2.980326702975824e-08 -0.9999999999999997
  outer loop
    vertex 9638.784758114916 10097.697770147886 83.83116092266924
    vertex 9623.988701013606 10067.425410435582 83.83116002045399
    vertex 9623.457572212654 10067.645411188305 83.8311600270108
  endloop
endfacet
facet normal -2.9238124276299267e-16 2.980326702975824e-08 -0.9999999999999997
  outer loop
    vertex 9638.784758114916 10097.697770147886 83.83116092266924
    vertex 9623.457572212654 10067.645411188305 83.8311600270108
    vertex 9622.887600801967 10067.720449348073 83.83116002924714
  endloop
endfacet
facet normal -2.9238124276299267e-16 2.980326702975824e-08 -0.9999999999999997
  outer loop
    vertex 9638.784758114916 10097.697770147886 83.83116092266924
    vertex 9622.887600801967 10067.720449348073 83.83116002924714
    vertex 9627.687600801964 10097.697770147886 83.83116092266924
  endloop
endfacet
facet normal 0.7071067811865505 2.1074092653162005e-08 -0.7071067811865444
  outer loop
    vertex 9639.26760082739 10112.89777014193 84.03116137567885
    vertex 9642.067600827391 10126.179281698227 86.83116177151211
    vertex 9642.067600827391 10112.897770058475 86.83116137567968
  endloop
endfacet
facet normal 0.7071067811865505 2.1074092653162005e-08 -0.7071067811865444
  outer loop
    vertex 9642.067600827391 10126.179281698227 86.83116177151211
    vertex 9639.26760082739 10112.89777014193 84.03116137567885
    vertex 9639.26760082739 10126.179281781679 84.03116177151132
  endloop
endfacet
facet normal 2.923813808060672e-16 2.980326702975824e-08 -0.9999999999999997
  outer loop
    vertex 9645.350443539865 10048.179281750858 83.83115944685653
    vertex 9659.690409999976 10063.961058071935 83.83115991720501
    vertex 9673.047600852819 10048.179281750858 83.83115944685653
  endloop
endfacet
facet normal 2.923813808060672e-16 2.980326702975824e-08 -0.9999999999999997
  outer loop
    vertex 9659.690409999976 10063.961058071935 83.83115991720501
    vertex 9645.350443539865 10048.179281750858 83.83115944685653
    vertex 9659.34043934202 10064.417148713132 83.83115993079801
  endloop
endfacet
facet normal 2.923813808060672e-16 2.980326702975824e-08 -0.9999999999999997
  outer loop
    vertex 9659.34043934202 10064.417148713132 83.83115993079801
    vertex 9645.350443539865 10048.179281750858 83.83115944685653
    vertex 9645.350443539865 10097.697770147886 83.83116092266924
  endloop
endfacet
facet normal 2.923813808060672e-16 2.980326702975824e-08 -0.9999999999999997
  outer loop
    vertex 9673.047600852819 10048.179281750858 83.83115944685653
    vertex 9659.690409999976 10063.961058071935 83.83115991720501
    vertex 9660.146500641169 10063.61108741398 83.83115990677473
  endloop
endfacet
facet normal 2.923813808060672e-16 2.980326702975824e-08 -0.9999999999999997
  outer loop
    vertex 9673.047600852819 10048.179281750858 83.83115944685653
    vertex 9660.146500641169 10063.61108741398 83.83115990677473
    vertex 9660.677629442136 10063.391086661253 83.83115990021801
  endloop
endfacet
facet normal 2.923813808060672e-16 2.980326702975824e-08 -0.9999999999999997
  outer loop
    vertex 9673.047600852819 10048.179281750858 83.83115944685653
    vertex 9660.677629442136 10063.391086661253 83.83115990021801
    vertex 9661.247600852817 10063.316048501481 83.8311598979816
  endloop
endfacet
facet normal 2.923813808060672e-16 2.980326702975824e-08 -0.9999999999999997
  outer loop
    vertex 9659.34043934202 10064.417148713132 83.83115993079801
    vertex 9645.350443539865 10097.697770147886 83.83116092266924
    vertex 9659.120438589292 10064.948277514097 83.8311599466274
  endloop
endfacet
facet normal 2.923813808060672e-16 2.980326702975824e-08 -0.9999999999999997
  outer loop
    vertex 9659.120438589292 10064.948277514097 83.8311599466274
    vertex 9645.350443539865 10097.697770147886 83.83116092266924
    vertex 9659.055427960577 10065.442082264542 83.83115996134437
  endloop
endfacet
facet normal 2.923813808060672e-16 2.980326702975824e-08 -0.9999999999999997
  outer loop
    vertex 9659.055427960577 10065.442082264542 83.83115996134437
    vertex 9645.350443539865 10097.697770147886 83.83116092266924
    vertex 9659.045400429524 10065.51824892478 83.83115996361437
  endloop
endfacet
facet normal 2.923813808060672e-16 2.980326702975824e-08 -0.9999999999999997
  outer loop
    vertex 9659.045400429524 10065.51824892478 83.83115996361437
    vertex 9645.350443539865 10097.697770147886 83.83116092266924
    vertex 9659.055427960577 10065.594415585017 83.8311599658844
  endloop
endfacet
facet normal 2.923813808060672e-16 2.980326702975824e-08 -0.9999999999999997
  outer loop
    vertex 9659.055427960577 10065.594415585017 83.8311599658844
    vertex 9645.350443539865 10097.697770147886 83.83116092266924
    vertex 9659.120438589292 10066.088220335461 83.83115998060141
  endloop
endfacet
facet normal 2.923813808060672e-16 2.980326702975824e-08 -0.9999999999999997
  outer loop
    vertex 9659.120438589292 10066.088220335461 83.83115998060141
    vertex 9645.350443539865 10097.697770147886 83.83116092266924
    vertex 9659.340439342022 10066.61934913643 83.83115999643076
  endloop
endfacet
facet normal 2.923813808060672e-16 2.980326702975824e-08 -0.9999999999999997
  outer loop
    vertex 9659.340439342022 10066.61934913643 83.83115999643076
    vertex 9645.350443539865 10097.697770147886 83.83116092266924
    vertex 9659.69040999997 10067.07543977762 83.83116001002375
  endloop
endfacet
facet normal 2.923813808060672e-16 2.980326702975824e-08 -0.9999999999999997
  outer loop
    vertex 9659.69040999997 10067.07543977762 83.83116001002375
    vertex 9645.350443539865 10097.697770147886 83.83116092266924
    vertex 9660.146500641176 10067.425410435582 83.83116002045399
  endloop
endfacet
facet normal 2.923813808060672e-16 2.980326702975824e-08 -0.9999999999999997
  outer loop
    vertex 9660.146500641176 10067.425410435582 83.83116002045399
    vertex 9645.350443539865 10097.697770147886 83.83116092266924
    vertex 9660.677629442129 10067.645411188305 83.8311600270108
  endloop
endfacet
facet normal 2.923813808060672e-16 2.980326702975824e-08 -0.9999999999999997
  outer loop
    vertex 9660.677629442129 10067.645411188305 83.8311600270108
    vertex 9645.350443539865 10097.697770147886 83.83116092266924
    vertex 9661.247600852817 10067.720449348075 83.83116002924714
  endloop
endfacet
facet normal 2.923813808060672e-16 2.980326702975824e-08 -0.9999999999999997
  outer loop
    vertex 9656.44760085282 10097.697770147886 83.83116092266924
    vertex 9660.677629442132 10102.391086661253 83.83116106254538
    vertex 9661.247600852817 10102.316048501483 83.83116106030906
  endloop
endfacet
facet normal 2.923813808060672e-16 2.980326702975824e-08 -0.9999999999999997
  outer loop
    vertex 9660.677629442132 10102.391086661253 83.83116106254538
    vertex 9656.44760085282 10097.697770147886 83.83116092266924
    vertex 9660.146500641169 10102.611087413978 83.83116106910215
  endloop
endfacet
facet normal 2.923813808060672e-16 2.980326702975824e-08 -0.9999999999999997
  outer loop
    vertex 9660.146500641169 10102.611087413978 83.83116106910215
    vertex 9656.44760085282 10097.697770147886 83.83116092266924
    vertex 9659.690409999976 10102.961058071933 83.83116107953242
  endloop
endfacet
facet normal 2.923813808060672e-16 2.980326702975824e-08 -0.9999999999999997
  outer loop
    vertex 9659.690409999976 10102.961058071933 83.83116107953242
    vertex 9656.44760085282 10097.697770147886 83.83116092266924
    vertex 9659.34043934202 10103.41714871313 83.83116109312537
  endloop
endfacet
facet normal 2.923813808060672e-16 2.980326702975824e-08 -0.9999999999999997
  outer loop
    vertex 9659.34043934202 10103.41714871313 83.83116109312537
    vertex 9656.44760085282 10097.697770147886 83.83116092266924
    vertex 9659.120976897519 10103.946977923079 83.83116110891606
  endloop
endfacet
facet normal 2.923813808060672e-16 2.980326702975824e-08 -0.9999999999999997
  outer loop
    vertex 9659.120976897519 10103.946977923079 83.83116110891606
    vertex 9656.44760085282 10097.697770147886 83.83116092266924
    vertex 9656.44760085282 10113.097770147886 83.83116138163957
  endloop
endfacet
facet normal 2.923813808060672e-16 2.980326702975824e-08 -0.9999999999999997
  outer loop
    vertex 9659.120976897519 10103.946977923079 83.83116110891606
    vertex 9656.44760085282 10113.097770147886 83.83116138163957
    vertex 9659.047122135802 10104.45377377401 83.83116112402023
  endloop
endfacet
facet normal 2.923813808060672e-16 2.980326702975824e-08 -0.9999999999999997
  outer loop
    vertex 9659.047122135802 10104.45377377401 83.83116112402023
    vertex 9656.44760085282 10113.097770147886 83.83116138163957
    vertex 9659.047122135802 10104.53132658233 83.83116112633154
  endloop
endfacet
facet normal 2.923813808060672e-16 2.980326702975824e-08 -0.9999999999999997
  outer loop
    vertex 9659.047122135802 10104.53132658233 83.83116112633154
    vertex 9656.44760085282 10113.097770147886 83.83116138163957
    vertex 9659.055427960577 10104.594415585017 83.8311611282118
  endloop
endfacet
facet normal 2.923813808060672e-16 2.980326702975824e-08 -0.9999999999999997
  outer loop
    vertex 9659.055427960577 10104.594415585017 83.8311611282118
    vertex 9656.44760085282 10113.097770147886 83.83116138163957
    vertex 9659.120438589292 10105.088220335461 83.83116114292883
  endloop
endfacet
facet normal 2.923813808060672e-16 2.980326702975824e-08 -0.9999999999999997
  outer loop
    vertex 9659.120438589292 10105.088220335461 83.83116114292883
    vertex 9656.44760085282 10113.097770147886 83.83116138163957
    vertex 9659.34043934202 10105.619349136428 83.83116115875818
  endloop
endfacet
facet normal 2.923813808060672e-16 2.980326702975824e-08 -0.9999999999999997
  outer loop
    vertex 9659.34043934202 10105.619349136428 83.83116115875818
    vertex 9656.44760085282 10113.097770147886 83.83116138163957
    vertex 9659.690409999976 10106.075439777625 83.83116117235116
  endloop
endfacet
facet normal 2.923813808060672e-16 2.980326702975824e-08 -0.9999999999999997
  outer loop
    vertex 9659.690409999976 10106.075439777625 83.83116117235116
    vertex 9656.44760085282 10113.097770147886 83.83116138163957
    vertex 9660.146500641169 10106.42541043558 83.83116118278144
  endloop
endfacet
facet normal 2.923813808060672e-16 2.980326702975824e-08 -0.9999999999999997
  outer loop
    vertex 9660.146500641169 10106.42541043558 83.83116118278144
    vertex 9656.44760085282 10113.097770147886 83.83116138163957
    vertex 9660.677629442132 10106.645411188305 83.83116118933818
  endloop
endfacet
facet normal 2.923813808060672e-16 2.980326702975824e-08 -0.9999999999999997
  outer loop
    vertex 9660.677629442132 10106.645411188305 83.83116118933818
    vertex 9656.44760085282 10113.097770147886 83.83116138163957
    vertex 9661.247600852817 10106.720449348075 83.83116119157457
  endloop
endfacet
facet normal 2.923813808060672e-16 2.980326702975824e-08 -0.9999999999999997
  outer loop
    vertex 9645.350443539865 10125.979281787637 83.83116176555068
    vertex 9656.44760085282 10113.097770147886 83.83116138163957
    vertex 9645.350443539865 10113.097770147886 83.83116138163957
  endloop
endfacet
facet normal 2.923813808060672e-16 2.980326702975824e-08 -0.9999999999999997
  outer loop
    vertex 9656.44760085282 10113.097770147886 83.83116138163957
    vertex 9645.350443539865 10125.979281787637 83.83116176555068
    vertex 9673.047600852819 10122.172734465563 83.83116165210315
  endloop
endfacet
facet normal 2.923813808060672e-16 2.980326702975824e-08 -0.9999999999999997
  outer loop
    vertex 9673.047600852819 10122.172734465563 83.83116165210315
    vertex 9645.350443539865 10125.979281787637 83.83116176555068
    vertex 9673.014665863178 10122.675225304825 83.83116166707902
  endloop
endfacet
facet normal 2.923813808060672e-16 2.980326702975824e-08 -0.9999999999999997
  outer loop
    vertex 9673.014665863178 10122.675225304825 83.83116166707902
    vertex 9645.350443539865 10125.979281787637 83.83116176555068
    vertex 9672.917704480948 10123.162683090928 83.83116168160684
  endloop
endfacet
facet normal 2.923813808060672e-16 2.980326702975824e-08 -0.9999999999999997
  outer loop
    vertex 9672.917704480948 10123.162683090928 83.83116168160684
    vertex 9645.350443539865 10125.979281787637 83.83116176555068
    vertex 9672.757946608093 10123.633314608089 83.83116169563323
  endloop
endfacet
facet normal 2.923813808060672e-16 2.980326702975824e-08 -0.9999999999999997
  outer loop
    vertex 9672.757946608093 10123.633314608089 83.83116169563323
    vertex 9645.350443539865 10125.979281787637 83.83116176555068
    vertex 9672.53812574611 10124.07906722056 83.83116170891812
  endloop
endfacet
facet normal 2.923813808060672e-16 2.980326702975824e-08 -0.9999999999999997
  outer loop
    vertex 9672.53812574611 10124.07906722056 83.83116170891812
    vertex 9645.350443539865 10125.979281787637 83.83116176555068
    vertex 9672.262003090902 10124.492313977546 83.8311617212342
  endloop
endfacet
facet normal 2.923813808060672e-16 2.980326702975824e-08 -0.9999999999999997
  outer loop
    vertex 9672.262003090902 10124.492313977546 83.8311617212342
    vertex 9645.350443539865 10125.979281787637 83.83116176555068
    vertex 9671.93430317765 10124.865984112474 83.83116173237077
  endloop
endfacet
facet normal 2.923813808060672e-16 2.980326702975824e-08 -0.9999999999999997
  outer loop
    vertex 9671.93430317765 10124.865984112474 83.83116173237077
    vertex 9645.350443539865 10125.979281787637 83.83116176555068
    vertex 9671.560633042738 10125.193684025715 83.83116174213733
  endloop
endfacet
facet normal 2.923813808060672e-16 2.980326702975824e-08 -0.9999999999999997
  outer loop
    vertex 9671.560633042738 10125.193684025715 83.83116174213733
    vertex 9645.350443539865 10125.979281787637 83.83116176555068
    vertex 9671.147386285724 10125.46980668094 83.83116175036666
  endloop
endfacet
facet normal 2.923813808060672e-16 2.980326702975824e-08 -0.9999999999999997
  outer loop
    vertex 9671.147386285724 10125.46980668094 83.83116175036666
    vertex 9645.350443539865 10125.979281787637 83.83116176555068
    vertex 9670.701633673281 10125.689627542908 83.83116175691805
  endloop
endfacet
facet normal 2.923813808060672e-16 2.980326702975824e-08 -0.9999999999999997
  outer loop
    vertex 9670.701633673281 10125.689627542908 83.83116175691805
    vertex 9645.350443539865 10125.979281787637 83.83116176555068
    vertex 9670.231002156108 10125.849385415768 83.83116176167934
  endloop
endfacet
facet normal 2.923813808060672e-16 2.980326702975824e-08 -0.9999999999999997
  outer loop
    vertex 9670.231002156108 10125.849385415768 83.83116176167934
    vertex 9645.350443539865 10125.979281787637 83.83116176555068
    vertex 9669.743544370009 10125.946346797999 83.83116176456912
  endloop
endfacet
facet normal 2.923813808060672e-16 2.980326702975824e-08 -0.9999999999999997
  outer loop
    vertex 9669.743544370009 10125.946346797999 83.83116176456912
    vertex 9645.350443539865 10125.979281787637 83.83116176555068
    vertex 9669.241053530734 10125.979281787637 83.83116176555068
  endloop
endfacet
facet normal 2.923813808060672e-16 2.980326702975824e-08 -0.9999999999999997
  outer loop
    vertex 9673.047600852819 10048.179281750858 83.83115944685653
    vertex 9663.374763116344 10064.948277514097 83.8311599466274
    vertex 9673.047600852819 10122.172734465563 83.83116165210315
  endloop
endfacet
facet normal 2.923813808060672e-16 2.980326702975824e-08 -0.9999999999999997
  outer loop
    vertex 9663.374763116344 10064.948277514097 83.8311599466274
    vertex 9673.047600852819 10048.179281750858 83.83115944685653
    vertex 9663.154762363618 10064.417148713135 83.83115993079801
  endloop
endfacet
facet normal 2.923813808060672e-16 2.980326702975824e-08 -0.9999999999999997
  outer loop
    vertex 9663.154762363618 10064.417148713135 83.83115993079801
    vertex 9673.047600852819 10048.179281750858 83.83115944685653
    vertex 9662.804791705657 10063.961058071929 83.83115991720501
  endloop
endfacet
facet normal 2.923813808060672e-16 2.980326702975824e-08 -0.9999999999999997
  outer loop
    vertex 9662.804791705657 10063.961058071929 83.83115991720501
    vertex 9673.047600852819 10048.179281750858 83.83115944685653
    vertex 9662.348701064468 10063.61108741398 83.83115990677473
  endloop
endfacet
facet normal 2.923813808060672e-16 2.980326702975824e-08 -0.9999999999999997
  outer loop
    vertex 9662.348701064468 10063.61108741398 83.83115990677473
    vertex 9673.047600852819 10048.179281750858 83.83115944685653
    vertex 9661.8175722635 10063.391086661253 83.83115990021801
  endloop
endfacet
facet normal 2.923813808060672e-16 2.980326702975824e-08 -0.9999999999999997
  outer loop
    vertex 9661.8175722635 10063.391086661253 83.83115990021801
    vertex 9673.047600852819 10048.179281750858 83.83115944685653
    vertex 9661.247600852817 10063.316048501481 83.8311598979816
  endloop
endfacet
facet normal 2.923813808060672e-16 2.980326702975824e-08 -0.9999999999999997
  outer loop
    vertex 9673.047600852819 10122.172734465563 83.83116165210315
    vertex 9663.374763116344 10064.948277514097 83.8311599466274
    vertex 9663.43977374506 10065.44208226454 83.83115996134437
  endloop
endfacet
facet normal 2.923813808060672e-16 2.980326702975824e-08 -0.9999999999999997
  outer loop
    vertex 9673.047600852819 10122.172734465563 83.83116165210315
    vertex 9663.43977374506 10065.44208226454 83.83115996134437
    vertex 9663.449801276112 10065.51824892478 83.83115996361437
  endloop
endfacet
facet normal 2.923813808060672e-16 2.980326702975824e-08 -0.9999999999999997
  outer loop
    vertex 9673.047600852819 10122.172734465563 83.83116165210315
    vertex 9663.449801276112 10065.51824892478 83.83115996361437
    vertex 9663.43977374506 10065.594415585016 83.8311599658844
  endloop
endfacet
facet normal 2.923813808060672e-16 2.980326702975824e-08 -0.9999999999999997
  outer loop
    vertex 9673.047600852819 10122.172734465563 83.83116165210315
    vertex 9663.43977374506 10065.594415585016 83.8311599658844
    vertex 9663.374763116344 10066.088220335461 83.83115998060141
  endloop
endfacet
facet normal 2.923813808060672e-16 2.980326702975824e-08 -0.9999999999999997
  outer loop
    vertex 9673.047600852819 10122.172734465563 83.83116165210315
    vertex 9663.374763116344 10066.088220335461 83.83115998060141
    vertex 9663.154762363618 10066.619349136425 83.83115999643076
  endloop
endfacet
facet normal 2.923813808060672e-16 2.980326702975824e-08 -0.9999999999999997
  outer loop
    vertex 9673.047600852819 10122.172734465563 83.83116165210315
    vertex 9663.154762363618 10066.619349136425 83.83115999643076
    vertex 9662.804791705661 10067.075439777624 83.83116001002375
  endloop
endfacet
facet normal 2.923813808060672e-16 2.980326702975824e-08 -0.9999999999999997
  outer loop
    vertex 9673.047600852819 10122.172734465563 83.83116165210315
    vertex 9662.804791705661 10067.075439777624 83.83116001002375
    vertex 9662.34870106446 10067.425410435582 83.83116002045399
  endloop
endfacet
facet normal 2.923813808060672e-16 2.980326702975824e-08 -0.9999999999999997
  outer loop
    vertex 9673.047600852819 10122.172734465563 83.83116165210315
    vertex 9662.34870106446 10067.425410435582 83.83116002045399
    vertex 9661.817572263508 10067.645411188305 83.8311600270108
  endloop
endfacet
facet normal 2.923813808060672e-16 2.980326702975824e-08 -0.9999999999999997
  outer loop
    vertex 9673.047600852819 10122.172734465563 83.83116165210315
    vertex 9661.817572263508 10067.645411188305 83.8311600270108
    vertex 9661.247600852817 10067.720449348075 83.83116002924714
  endloop
endfacet
facet normal 2.923813808060672e-16 2.980326702975824e-08 -0.9999999999999997
  outer loop
    vertex 9673.047600852819 10122.172734465563 83.83116165210315
    vertex 9661.247600852817 10067.720449348075 83.83116002924714
    vertex 9663.154762363618 10103.417148713135 83.83116109312537
  endloop
endfacet
facet normal 2.923813808060672e-16 2.980326702975824e-08 -0.9999999999999997
  outer loop
    vertex 9663.154762363618 10103.417148713135 83.83116109312537
    vertex 9661.247600852817 10067.720449348075 83.83116002924714
    vertex 9662.804791705657 10102.961058071929 83.83116107953242
  endloop
endfacet
facet normal 2.923813808060672e-16 2.980326702975824e-08 -0.9999999999999997
  outer loop
    vertex 9662.804791705657 10102.961058071929 83.83116107953242
    vertex 9661.247600852817 10067.720449348075 83.83116002924714
    vertex 9656.44760085282 10097.697770147886 83.83116092266924
  endloop
endfacet
facet normal 2.923813808060672e-16 2.980326702975824e-08 -0.9999999999999997
  outer loop
    vertex 9656.44760085282 10097.697770147886 83.83116092266924
    vertex 9661.247600852817 10067.720449348075 83.83116002924714
    vertex 9645.350443539865 10097.697770147886 83.83116092266924
  endloop
endfacet
facet normal 2.923813808060672e-16 2.980326702975824e-08 -0.9999999999999997
  outer loop
    vertex 9662.804791705657 10102.961058071929 83.83116107953242
    vertex 9656.44760085282 10097.697770147886 83.83116092266924
    vertex 9662.348701064468 10102.61108741398 83.83116106910215
  endloop
endfacet
facet normal 2.923813808060672e-16 2.980326702975824e-08 -0.9999999999999997
  outer loop
    vertex 9662.348701064468 10102.61108741398 83.83116106910215
    vertex 9656.44760085282 10097.697770147886 83.83116092266924
    vertex 9661.817572263504 10102.391086661253 83.83116106254538
  endloop
endfacet
facet normal 2.923813808060672e-16 2.980326702975824e-08 -0.9999999999999997
  outer loop
    vertex 9661.817572263504 10102.391086661253 83.83116106254538
    vertex 9656.44760085282 10097.697770147886 83.83116092266924
    vertex 9661.247600852817 10102.316048501483 83.83116106030906
  endloop
endfacet
facet normal 2.923813808060672e-16 2.980326702975824e-08 -0.9999999999999997
  outer loop
    vertex 9673.047600852819 10122.172734465563 83.83116165210315
    vertex 9663.154762363618 10103.417148713135 83.83116109312537
    vertex 9663.374763116344 10103.948277514095 83.83116110895482
  endloop
endfacet
facet normal 2.923813808060672e-16 2.980326702975824e-08 -0.9999999999999997
  outer loop
    vertex 9673.047600852819 10122.172734465563 83.83116165210315
    vertex 9663.374763116344 10103.948277514095 83.83116110895482
    vertex 9663.449801276112 10104.51824892478 83.83116112594182
  endloop
endfacet
facet normal 2.923813808060672e-16 2.980326702975824e-08 -0.9999999999999997
  outer loop
    vertex 9673.047600852819 10122.172734465563 83.83116165210315
    vertex 9663.449801276112 10104.51824892478 83.83116112594182
    vertex 9663.374763116344 10105.088220335463 83.83116114292883
  endloop
endfacet
facet normal 2.923813808060672e-16 2.980326702975824e-08 -0.9999999999999997
  outer loop
    vertex 9673.047600852819 10122.172734465563 83.83116165210315
    vertex 9663.374763116344 10105.088220335463 83.83116114292883
    vertex 9663.154762363618 10105.619349136423 83.83116115875818
  endloop
endfacet
facet normal 2.923813808060672e-16 2.980326702975824e-08 -0.9999999999999997
  outer loop
    vertex 9673.047600852819 10122.172734465563 83.83116165210315
    vertex 9663.154762363618 10105.619349136423 83.83116115875818
    vertex 9662.804791705657 10106.075439777629 83.83116117235116
  endloop
endfacet
facet normal 2.923813808060672e-16 2.980326702975824e-08 -0.9999999999999997
  outer loop
    vertex 9673.047600852819 10122.172734465563 83.83116165210315
    vertex 9662.804791705657 10106.075439777629 83.83116117235116
    vertex 9662.348701064468 10106.425410435579 83.83116118278144
  endloop
endfacet
facet normal 2.923813808060672e-16 2.980326702975824e-08 -0.9999999999999997
  outer loop
    vertex 9673.047600852819 10122.172734465563 83.83116165210315
    vertex 9662.348701064468 10106.425410435579 83.83116118278144
    vertex 9661.817572263504 10106.645411188305 83.83116118933818
  endloop
endfacet
facet normal 2.923813808060672e-16 2.980326702975824e-08 -0.9999999999999997
  outer loop
    vertex 9673.047600852819 10122.172734465563 83.83116165210315
    vertex 9661.817572263504 10106.645411188305 83.83116118933818
    vertex 9661.247600852817 10106.720449348075 83.83116119157457
  endloop
endfacet
facet normal 2.923813808060672e-16 2.980326702975824e-08 -0.9999999999999997
  outer loop
    vertex 9673.047600852819 10122.172734465563 83.83116165210315
    vertex 9661.247600852817 10106.720449348075 83.83116119157457
    vertex 9656.44760085282 10113.097770147886 83.83116138163957
  endloop
endfacet
facet normal -0.7071067811865267 2.107409206015824e-08 -0.7071067811865682
  outer loop
    vertex 9610.887600801965 10122.179281781691 84.03116165229821
    vertex 9611.087600801964 10048.179281750858 83.83115944685653
    vertex 9610.887600801965 10047.979281744898 84.03115944089583
  endloop
endfacet
facet normal -0.7071067811865267 2.107409206015824e-08 -0.7071067811865682
  outer loop
    vertex 9611.087600801964 10048.179281750858 83.83115944685653
    vertex 9610.887600801965 10122.179281781691 84.03116165229821
    vertex 9611.087600801964 10122.172734465563 83.83116165210315
  endloop
endfacet
facet normal 0.3826834323653755 2.7534628228147327e-08 -0.923879532511168
  outer loop
    vertex 9638.784758114916 10113.097770147886 83.83116138163957
    vertex 9639.26760082739 10126.179281781679 84.03116177151132
    vertex 9639.26760082739 10112.89777014193 84.03116137567885
  endloop
endfacet
facet normal 0.3826834323653755 2.7534628228147327e-08 -0.923879532511168
  outer loop
    vertex 9639.26760082739 10126.179281781679 84.03116177151132
    vertex 9638.784758114916 10113.097770147886 83.83116138163957
    vertex 9638.784758114916 10125.979281787637 83.83116176555068
  endloop
endfacet
facet normal -0.38268343236537555 2.7534628228017777e-08 -0.923879532511168
  outer loop
    vertex 9644.86760082739 10126.179281781679 84.03116177151132
    vertex 9645.350443539865 10113.097770147886 83.83116138163957
    vertex 9644.86760082739 10112.89777014193 84.03116137567885
  endloop
endfacet
facet normal -0.38268343236537555 2.7534628228017777e-08 -0.923879532511168
  outer loop
    vertex 9645.350443539865 10113.097770147886 83.83116138163957
    vertex 9644.86760082739 10126.179281781679 84.03116177151132
    vertex 9645.350443539865 10125.979281787637 83.83116176555068
  endloop
endfacet
facet normal 0.7071067811865267 2.107409206015824e-08 -0.7071067811865682
  outer loop
    vertex 9673.047600852819 10048.179281750858 83.83115944685653
    vertex 9673.247600852817 10122.179281781691 84.03116165229821
    vertex 9673.247600852817 10047.979281744898 84.03115944089583
  endloop
endfacet
facet normal 0.7071067811865267 2.107409206015824e-08 -0.7071067811865682
  outer loop
    vertex 9673.247600852817 10122.179281781691 84.03116165229821
    vertex 9673.047600852819 10048.179281750858 83.83115944685653
    vertex 9673.047600852819 10122.172734465563 83.83116165210315
  endloop
endfacet
facet normal 6.329557146059067e-10 -0.9999999999999997 -2.9063528077802226e-08
  outer loop
    vertex 9661.767343953316 10058.519281488918 94.83115975502227
    vertex 9658.667343980744 10058.51928127487 102.2311594173014
    vertex 9658.6673439525 10058.519281488772 94.83115975502227
  endloop
endfacet
facet normal 6.329557146059067e-10 -0.9999999999999997 -2.9063528077802226e-08
  outer loop
    vertex 9658.667343980744 10058.51928127487 102.2311594173014
    vertex 9661.767343953316 10058.519281488918 94.83115975502227
    vertex 9661.767343966403 10058.519281395122 98.38532924871137
  endloop
endfacet
facet normal 6.329557146059067e-10 -0.9999999999999997 -2.9063528077802226e-08
  outer loop
    vertex 9658.667343980744 10058.51928127487 102.2311594173014
    vertex 9661.767343966403 10058.519281395122 98.38532924871137
    vertex 9664.067343981593 10058.51928127532 102.2311594198852
  endloop
endfacet
facet normal 6.329557146059067e-10 -0.9999999999999997 -2.9063528077802226e-08
  outer loop
    vertex 9664.067343981593 10058.51928127532 102.2311594198852
    vertex 9661.767343966403 10058.519281395122 98.38532924871137
    vertex 9664.067343981593 10058.51928134957 99.88532924811943
  endloop
endfacet
facet normal 7.820941180119363e-10 0.9999999999999997 2.8469548928257942e-08
  outer loop
    vertex 9625.482090948224 10112.659281267224 102.23116106253212
    vertex 9620.082090947379 10112.659281342028 99.88533089335078
    vertex 9620.082090947379 10112.659281267777 102.23116106511594
  endloop
endfacet
facet normal 7.820941180119363e-10 0.9999999999999997 2.8469548928257942e-08
  outer loop
    vertex 9620.082090947379 10112.659281342028 99.88533089335078
    vertex 9625.482090948224 10112.659281267224 102.23116106253212
    vertex 9622.382090962543 10112.65928138783 98.38533089394225
  endloop
endfacet
facet normal 7.820941180119363e-10 0.9999999999999997 2.8469548928257942e-08
  outer loop
    vertex 9622.382090962543 10112.65928138783 98.38533089394225
    vertex 9625.482090948224 10112.659281267224 102.23116106253212
    vertex 9622.38209097566 10112.659281492719 94.83116140026748
  endloop
endfacet
facet normal 7.820941180119363e-10 0.9999999999999997 2.8469548928257942e-08
  outer loop
    vertex 9622.38209097566 10112.659281492719 94.83116140026748
    vertex 9625.482090948224 10112.659281267224 102.23116106253212
    vertex 9625.482090976464 10112.659281492572 94.83116140026748
  endloop
endfacet
facet normal 1.0 -3.441511182060283e-10 3.816180016293052e-09
  outer loop
    vertex 9625.482090929585 10058.519281259643 102.23115941728696
    vertex 9625.482090976464 10112.659281492572 94.83116140026748
    vertex 9625.482090948224 10112.659281267224 102.23116106253212
  endloop
endfacet
facet normal 1.0 -3.441511182060283e-10 3.816180016293052e-09
  outer loop
    vertex 9625.482090976464 10112.659281492572 94.83116140026748
    vertex 9625.482090929585 10058.519281259643 102.23115941728696
    vertex 9625.482090957825 10058.519281484989 94.83115975502227
  endloop
endfacet
facet normal 4.78483554115681e-10 -3.0388718040946226e-08 0.9999999999999997
  outer loop
    vertex 9625.482090948224 10112.659281267224 102.23116106253212
    vertex 9620.082090928741 10058.519281260196 102.23115941987076
    vertex 9625.482090929585 10058.519281259643 102.23115941728696
  endloop
endfacet
facet normal 4.78483554115681e-10 -3.0388718040946226e-08 0.9999999999999997
  outer loop
    vertex 9620.082090928741 10058.519281260196 102.23115941987076
    vertex 9625.482090948224 10112.659281267224 102.23116106253212
    vertex 9620.082090947379 10112.659281267777 102.23116106511594
  endloop
endfacet
facet normal -1.0 3.4415100223720954e-10 1.089304063498838e-17
  outer loop
    vertex 9620.082090947379 10112.659281342028 99.88533089335078
    vertex 9620.082090928741 10058.519281260196 102.23115941987076
    vertex 9620.082090947379 10112.659281267777 102.23116106511594
  endloop
endfacet
facet normal -1.0 3.4415100223720954e-10 1.089304063498838e-17
  outer loop
    vertex 9620.082090928741 10058.519281260196 102.23115941987076
    vertex 9620.082090947379 10112.659281342028 99.88533089335078
    vertex 9620.082090928741 10058.519281334446 99.88532924810559
  endloop
endfacet
facet normal -0.5462677778689777 2.564191091161636e-08 -0.8376105985850993
  outer loop
    vertex 9620.082090947379 10112.659281342028 99.88533089335078
    vertex 9622.382090943905 10058.519281380248 98.38532924869706
    vertex 9620.082090928741 10058.519281334446 99.88532924810559
  endloop
endfacet
facet normal -0.5462677778689777 2.564191091161636e-08 -0.8376105985850993
  outer loop
    vertex 9622.382090943905 10058.519281380248 98.38532924869706
    vertex 9620.082090947379 10112.659281342028 99.88533089335078
    vertex 9622.382090962543 10112.65928138783 98.38533089394225
  endloop
endfacet
facet normal -1.0 3.441511143784298e-10 -3.6902254260257906e-09
  outer loop
    vertex 9622.38209097566 10112.659281492719 94.83116140026748
    vertex 9622.382090943905 10058.519281380248 98.38532924869706
    vertex 9622.382090962543 10112.65928138783 98.38533089394225
  endloop
endfacet
facet normal -1.0 3.441511143784298e-10 -3.6902254260257906e-09
  outer loop
    vertex 9622.382090943905 10058.519281380248 98.38532924869706
    vertex 9622.38209097566 10112.659281492719 94.83116140026748
    vertex 9622.38209095702 10058.519281485136 94.83115975502227
  endloop
endfacet
facet normal -1.060920583931025e-09 0.9999999999999998 2.713992784075395e-08
  outer loop
    vertex 9658.66734394742 10112.659281282455 102.2311609904217
    vertex 9661.767343919992 10112.659281496504 94.83116132814258
    vertex 9658.667343919176 10112.659281496359 94.83116132814258
  endloop
endfacet
facet normal -1.060920583931025e-09 0.9999999999999998 2.713992784075395e-08
  outer loop
    vertex 9661.767343919992 10112.659281496504 94.83116132814258
    vertex 9658.66734394742 10112.659281282455 102.2311609904217
    vertex 9661.76734393308 10112.659281402708 98.38533082183172
  endloop
endfacet
facet normal -1.060920583931025e-09 0.9999999999999998 2.713992784075395e-08
  outer loop
    vertex 9661.76734393308 10112.659281402708 98.38533082183172
    vertex 9658.66734394742 10112.659281282455 102.2311609904217
    vertex 9664.067343948269 10112.659281282906 102.23116099300552
  endloop
endfacet
facet normal -1.060920583931025e-09 0.9999999999999998 2.713992784075395e-08
  outer loop
    vertex 9661.76734393308 10112.659281402708 98.38533082183172
    vertex 9664.067343948269 10112.659281282906 102.23116099300552
    vertex 9664.067343948269 10112.659281357157 99.88533082123975
  endloop
endfacet
facet normal 1.0 6.154934404899441e-10 -3.682506982750205e-09
  outer loop
    vertex 9661.767343953316 10058.519281488918 94.83115975502227
    vertex 9661.76734393308 10112.659281402708 98.38533082183172
    vertex 9661.767343966403 10058.519281395122 98.38532924871137
  endloop
endfacet
facet normal 1.0 6.154934404899441e-10 -3.682506982750205e-09
  outer loop
    vertex 9661.76734393308 10112.659281402708 98.38533082183172
    vertex 9661.767343953316 10058.519281488918 94.83115975502227
    vertex 9661.767343919992 10112.659281496504 94.83116132814258
  endloop
endfacet
facet normal 0.546267777864761 2.4674278183394335e-08 -0.8376105985878495
  outer loop
    vertex 9661.767343966403 10058.519281395122 98.38532924871137
    vertex 9664.067343948269 10112.659281357157 99.88533082123975
    vertex 9664.067343981593 10058.51928134957 99.88532924811943
  endloop
endfacet
facet normal 0.546267777864761 2.4674278183394335e-08 -0.8376105985878495
  outer loop
    vertex 9664.067343948269 10112.659281357157 99.88533082123975
    vertex 9661.767343966403 10058.519281395122 98.38532924871137
    vertex 9661.76734393308 10112.659281402708 98.38533082183172
  endloop
endfacet
facet normal 1.0 6.154933334890845e-10 1.948154690433862e-17
  outer loop
    vertex 9664.067343981593 10058.51928134957 99.88532924811943
    vertex 9664.067343948269 10112.659281282906 102.23116099300552
    vertex 9664.067343981593 10058.51928127532 102.2311594198852
  endloop
endfacet
facet normal 1.0 6.154933334890845e-10 1.948154690433862e-17
  outer loop
    vertex 9664.067343948269 10112.659281282906 102.23116099300552
    vertex 9664.067343981593 10058.51928134957 99.88532924811943
    vertex 9664.067343948269 10112.659281357157 99.88533082123975
  endloop
endfacet
facet normal -4.784835548033169e-10 -2.905652584756871e-08 0.9999999999999997
  outer loop
    vertex 9664.067343981593 10058.51928127532 102.2311594198852
    vertex 9658.66734394742 10112.659281282455 102.2311609904217
    vertex 9658.667343980744 10058.51928127487 102.2311594173014
  endloop
endfacet
facet normal -4.784835548033169e-10 -2.905652584756871e-08 0.9999999999999997
  outer loop
    vertex 9658.66734394742 10112.659281282455 102.2311609904217
    vertex 9664.067343981593 10058.51928127532 102.2311594198852
    vertex 9664.067343948269 10112.659281282906 102.23116099300552
  endloop
endfacet
facet normal -1.0 -6.154934443853564e-10 3.816570231381219e-09
  outer loop
    vertex 9658.66734394742 10112.659281282455 102.2311609904217
    vertex 9658.6673439525 10058.519281488772 94.83115975502227
    vertex 9658.667343980744 10058.51928127487 102.2311594173014
  endloop
endfacet
facet normal -1.0 -6.154934443853564e-10 3.816570231381219e-09
  outer loop
    vertex 9658.6673439525 10058.519281488772 94.83115975502227
    vertex 9658.66734394742 10112.659281282455 102.2311609904217
    vertex 9658.667343919176 10112.659281496359 94.83116132814258
  endloop
endfacet
facet normal 0.0 2.9803266906464065e-08 -0.9999999999999997
  outer loop
    vertex 9622.463137567996 10063.934130265667 94.03115991640267
    vertex 9623.312064035932 10063.934130265667 94.03115991640267
    vertex 9622.887600801965 10063.87824862078 94.03115991473724
  endloop
endfacet
facet normal 0.0 2.9803266906464065e-08 -0.9999999999999997
  outer loop
    vertex 9623.312064035932 10063.934130265667 94.03115991640267
    vertex 9622.463137567996 10063.934130265667 94.03115991640267
    vertex 9622.067600801964 10064.097966958574 94.03115992128558
  endloop
endfacet
facet normal 0.0 2.9803266906464065e-08 -0.9999999999999997
  outer loop
    vertex 9623.312064035932 10063.934130265667 94.03115991640267
    vertex 9622.067600801964 10064.097966958574 94.03115992128558
    vertex 9623.707600801963 10064.097966958574 94.03115992128558
  endloop
endfacet
facet normal 0.0 2.9803266906464065e-08 -0.9999999999999997
  outer loop
    vertex 9623.707600801963 10064.097966958574 94.03115992128558
    vertex 9622.067600801964 10064.097966958574 94.03115992128558
    vertex 9621.72794568082 10064.358593499635 94.03115992905306
  endloop
endfacet
facet normal 0.0 2.9803266906464065e-08 -0.9999999999999997
  outer loop
    vertex 9623.707600801963 10064.097966958574 94.03115992128558
    vertex 9621.72794568082 10064.358593499635 94.03115992905306
    vertex 9624.04725592311 10064.358593499635 94.03115992905306
  endloop
endfacet
facet normal 0.0 2.9803266906464065e-08 -0.9999999999999997
  outer loop
    vertex 9624.04725592311 10064.358593499635 94.03115992905306
    vertex 9621.72794568082 10064.358593499635 94.03115992905306
    vertex 9621.467319139758 10064.69824862078 94.03115993917594
  endloop
endfacet
facet normal 0.0 2.9803266906464065e-08 -0.9999999999999997
  outer loop
    vertex 9624.04725592311 10064.358593499635 94.03115992905306
    vertex 9621.467319139758 10064.69824862078 94.03115993917594
    vertex 9624.30788246417 10064.69824862078 94.03115993917594
  endloop
endfacet
facet normal 0.0 2.9803266906464065e-08 -0.9999999999999997
  outer loop
    vertex 9624.30788246417 10064.69824862078 94.03115993917594
    vertex 9621.467319139758 10064.69824862078 94.03115993917594
    vertex 9621.30348244685 10065.093785386813 94.03115995096418
  endloop
endfacet
facet normal 0.0 2.9803266906464065e-08 -0.9999999999999997
  outer loop
    vertex 9624.30788246417 10064.69824862078 94.03115993917594
    vertex 9621.30348244685 10065.093785386813 94.03115995096418
    vertex 9624.471719157078 10065.093785386813 94.03115995096418
  endloop
endfacet
facet normal 0.0 2.9803266906464065e-08 -0.9999999999999997
  outer loop
    vertex 9624.471719157078 10065.093785386813 94.03115995096418
    vertex 9621.30348244685 10065.093785386813 94.03115995096418
    vertex 9621.247600801964 10065.518248620781 94.03115996361457
  endloop
endfacet
facet normal 0.0 2.9803266906464065e-08 -0.9999999999999997
  outer loop
    vertex 9624.471719157078 10065.093785386813 94.03115995096418
    vertex 9621.247600801964 10065.518248620781 94.03115996361457
    vertex 9624.527600801965 10065.518248620781 94.03115996361457
  endloop
endfacet
facet normal 0.0 2.9803266906464065e-08 -0.9999999999999997
  outer loop
    vertex 9624.527600801965 10065.518248620781 94.03115996361457
    vertex 9621.247600801964 10065.518248620781 94.03115996361457
    vertex 9621.30348244685 10065.942711854748 94.03115997626497
  endloop
endfacet
facet normal 0.0 2.9803266906464065e-08 -0.9999999999999997
  outer loop
    vertex 9624.527600801965 10065.518248620781 94.03115996361457
    vertex 9621.30348244685 10065.942711854748 94.03115997626497
    vertex 9624.471719157078 10065.942711854748 94.03115997626497
  endloop
endfacet
facet normal 0.0 2.9803266906464065e-08 -0.9999999999999997
  outer loop
    vertex 9624.471719157078 10065.942711854748 94.03115997626497
    vertex 9621.30348244685 10065.942711854748 94.03115997626497
    vertex 9621.467319139758 10066.338248620781 94.03115998805325
  endloop
endfacet
facet normal 0.0 2.9803266906464065e-08 -0.9999999999999997
  outer loop
    vertex 9624.471719157078 10065.942711854748 94.03115997626497
    vertex 9621.467319139758 10066.338248620781 94.03115998805325
    vertex 9624.30788246417 10066.338248620781 94.03115998805325
  endloop
endfacet
facet normal 0.0 2.9803266906464065e-08 -0.9999999999999997
  outer loop
    vertex 9624.30788246417 10066.338248620781 94.03115998805325
    vertex 9621.467319139758 10066.338248620781 94.03115998805325
    vertex 9621.72794568082 10066.677903741927 94.03115999817608
  endloop
endfacet
facet normal 0.0 2.9803266906464065e-08 -0.9999999999999997
  outer loop
    vertex 9624.30788246417 10066.338248620781 94.03115998805325
    vertex 9621.72794568082 10066.677903741927 94.03115999817608
    vertex 9624.04725592311 10066.677903741927 94.03115999817608
  endloop
endfacet
facet normal 0.0 2.9803266906464065e-08 -0.9999999999999997
  outer loop
    vertex 9624.04725592311 10066.677903741927 94.03115999817608
    vertex 9621.72794568082 10066.677903741927 94.03115999817608
    vertex 9622.067600801964 10066.938530282987 94.03116000594365
  endloop
endfacet
facet normal 0.0 2.9803266906464065e-08 -0.9999999999999997
  outer loop
    vertex 9624.04725592311 10066.677903741927 94.03115999817608
    vertex 9622.067600801964 10066.938530282987 94.03116000594365
    vertex 9623.707600801963 10066.938530282987 94.03116000594365
  endloop
endfacet
facet normal 0.0 2.9803266906464065e-08 -0.9999999999999997
  outer loop
    vertex 9623.707600801963 10066.938530282987 94.03116000594365
    vertex 9622.067600801964 10066.938530282987 94.03116000594365
    vertex 9622.463137567996 10067.102366975894 94.03116001082648
  endloop
endfacet
facet normal 0.0 2.9803266906464065e-08 -0.9999999999999997
  outer loop
    vertex 9623.707600801963 10066.938530282987 94.03116000594365
    vertex 9622.463137567996 10067.102366975894 94.03116001082648
    vertex 9623.312064035932 10067.102366975894 94.03116001082648
  endloop
endfacet
facet normal 0.0 2.9803266906464065e-08 -0.9999999999999997
  outer loop
    vertex 9623.312064035932 10067.102366975894 94.03116001082648
    vertex 9622.463137567996 10067.102366975894 94.03116001082648
    vertex 9622.887600801965 10067.15824862078 94.03116001249197
  endloop
endfacet
facet normal 0.0 2.9803266906464065e-08 -0.9999999999999997
  outer loop
    vertex 9660.82313761885 10102.934130265667 94.03116107873012
    vertex 9661.672064086786 10102.934130265667 94.03116107873012
    vertex 9661.247600852817 10102.878248620782 94.03116107706462
  endloop
endfacet
facet normal 0.0 2.9803266906464065e-08 -0.9999999999999997
  outer loop
    vertex 9661.672064086786 10102.934130265667 94.03116107873012
    vertex 9660.82313761885 10102.934130265667 94.03116107873012
    vertex 9660.427600852818 10103.097966958574 94.03116108361294
  endloop
endfacet
facet normal 0.0 2.9803266906464065e-08 -0.9999999999999997
  outer loop
    vertex 9661.672064086786 10102.934130265667 94.03116107873012
    vertex 9660.427600852818 10103.097966958574 94.03116108361294
    vertex 9662.067600852819 10103.097966958574 94.03116108361294
  endloop
endfacet
facet normal 0.0 2.9803266906464065e-08 -0.9999999999999997
  outer loop
    vertex 9662.067600852819 10103.097966958574 94.03116108361294
    vertex 9660.427600852818 10103.097966958574 94.03116108361294
    vertex 9660.087945731671 10103.358593499634 94.03116109138051
  endloop
endfacet
facet normal 0.0 2.9803266906464065e-08 -0.9999999999999997
  outer loop
    vertex 9662.067600852819 10103.097966958574 94.03116108361294
    vertex 9660.087945731671 10103.358593499634 94.03116109138051
    vertex 9662.407255973965 10103.358593499634 94.03116109138051
  endloop
endfacet
facet normal 0.0 2.9803266906464065e-08 -0.9999999999999997
  outer loop
    vertex 9662.407255973965 10103.358593499634 94.03116109138051
    vertex 9660.087945731671 10103.358593499634 94.03116109138051
    vertex 9659.82731919061 10103.69824862078 94.03116110150333
  endloop
endfacet
facet normal 0.0 2.9803266906464065e-08 -0.9999999999999997
  outer loop
    vertex 9662.407255973965 10103.358593499634 94.03116109138051
    vertex 9659.82731919061 10103.69824862078 94.03116110150333
    vertex 9662.667882515025 10103.69824862078 94.03116110150333
  endloop
endfacet
facet normal 0.0 2.9803266906464065e-08 -0.9999999999999997
  outer loop
    vertex 9662.667882515025 10103.69824862078 94.03116110150333
    vertex 9659.82731919061 10103.69824862078 94.03116110150333
    vertex 9659.663482497705 10104.093785386813 94.0311611132916
  endloop
endfacet
facet normal 0.0 2.9803266906464065e-08 -0.9999999999999997
  outer loop
    vertex 9662.667882515025 10103.69824862078 94.03116110150333
    vertex 9659.663482497705 10104.093785386813 94.0311611132916
    vertex 9662.831719207932 10104.093785386813 94.0311611132916
  endloop
endfacet
facet normal 0.0 2.9803266906464065e-08 -0.9999999999999997
  outer loop
    vertex 9662.831719207932 10104.093785386813 94.0311611132916
    vertex 9659.663482497705 10104.093785386813 94.0311611132916
    vertex 9659.607600852818 10104.518248620781 94.03116112594199
  endloop
endfacet
facet normal 0.0 2.9803266906464065e-08 -0.9999999999999997
  outer loop
    vertex 9662.831719207932 10104.093785386813 94.0311611132916
    vertex 9659.607600852818 10104.518248620781 94.03116112594199
    vertex 9662.887600852819 10104.518248620781 94.03116112594199
  endloop
endfacet
facet normal 0.0 2.9803266906464065e-08 -0.9999999999999997
  outer loop
    vertex 9662.887600852819 10104.518248620781 94.03116112594199
    vertex 9659.607600852818 10104.518248620781 94.03116112594199
    vertex 9659.663482497705 10104.94271185475 94.03116113859241
  endloop
endfacet
facet normal 0.0 2.9803266906464065e-08 -0.9999999999999997
  outer loop
    vertex 9662.887600852819 10104.518248620781 94.03116112594199
    vertex 9659.663482497705 10104.94271185475 94.03116113859241
    vertex 9662.831719207932 10104.94271185475 94.03116113859241
  endloop
endfacet
facet normal 0.0 2.9803266906464065e-08 -0.9999999999999997
  outer loop
    vertex 9662.831719207932 10104.94271185475 94.03116113859241
    vertex 9659.663482497705 10104.94271185475 94.03116113859241
    vertex 9659.82731919061 10105.338248620781 94.03116115038067
  endloop
endfacet
facet normal 0.0 2.9803266906464065e-08 -0.9999999999999997
  outer loop
    vertex 9662.831719207932 10104.94271185475 94.03116113859241
    vertex 9659.82731919061 10105.338248620781 94.03116115038067
    vertex 9662.667882515025 10105.338248620781 94.03116115038067
  endloop
endfacet
facet normal 0.0 2.9803266906464065e-08 -0.9999999999999997
  outer loop
    vertex 9662.667882515025 10105.338248620781 94.03116115038067
    vertex 9659.82731919061 10105.338248620781 94.03116115038067
    vertex 9660.087945731671 10105.677903741927 94.0311611605035
  endloop
endfacet
facet normal 0.0 2.9803266906464065e-08 -0.9999999999999997
  outer loop
    vertex 9662.667882515025 10105.338248620781 94.03116115038067
    vertex 9660.087945731671 10105.677903741927 94.0311611605035
    vertex 9662.407255973965 10105.677903741927 94.0311611605035
  endloop
endfacet
facet normal 0.0 2.9803266906464065e-08 -0.9999999999999997
  outer loop
    vertex 9662.407255973965 10105.677903741927 94.0311611605035
    vertex 9660.087945731671 10105.677903741927 94.0311611605035
    vertex 9660.427600852818 10105.938530282989 94.03116116827101
  endloop
endfacet
facet normal 0.0 2.9803266906464065e-08 -0.9999999999999997
  outer loop
    vertex 9662.407255973965 10105.677903741927 94.0311611605035
    vertex 9660.427600852818 10105.938530282989 94.03116116827101
    vertex 9662.067600852819 10105.938530282989 94.03116116827101
  endloop
endfacet
facet normal 0.0 2.9803266906464065e-08 -0.9999999999999997
  outer loop
    vertex 9662.067600852819 10105.938530282989 94.03116116827101
    vertex 9660.427600852818 10105.938530282989 94.03116116827101
    vertex 9660.82313761885 10106.102366975894 94.03116117315389
  endloop
endfacet
facet normal 0.0 2.9803266906464065e-08 -0.9999999999999997
  outer loop
    vertex 9662.067600852819 10105.938530282989 94.03116116827101
    vertex 9660.82313761885 10106.102366975894 94.03116117315389
    vertex 9661.672064086786 10106.102366975894 94.03116117315389
  endloop
endfacet
facet normal 0.0 2.9803266906464065e-08 -0.9999999999999997
  outer loop
    vertex 9661.672064086786 10106.102366975894 94.03116117315389
    vertex 9660.82313761885 10106.102366975894 94.03116117315389
    vertex 9661.247600852817 10106.15824862078 94.03116117481935
  endloop
endfacet
facet normal 0.0 2.9803266906464065e-08 -0.9999999999999997
  outer loop
    vertex 9622.463137567996 10102.934130265667 94.03116107873012
    vertex 9623.312064035932 10102.934130265667 94.03116107873012
    vertex 9622.887600801965 10102.878248620782 94.03116107706462
  endloop
endfacet
facet normal 0.0 2.9803266906464065e-08 -0.9999999999999997
  outer loop
    vertex 9623.312064035932 10102.934130265667 94.03116107873012
    vertex 9622.463137567996 10102.934130265667 94.03116107873012
    vertex 9622.067600801964 10103.097966958574 94.03116108361294
  endloop
endfacet
facet normal 0.0 2.9803266906464065e-08 -0.9999999999999997
  outer loop
    vertex 9623.312064035932 10102.934130265667 94.03116107873012
    vertex 9622.067600801964 10103.097966958574 94.03116108361294
    vertex 9623.707600801963 10103.097966958574 94.03116108361294
  endloop
endfacet
facet normal 0.0 2.9803266906464065e-08 -0.9999999999999997
  outer loop
    vertex 9623.707600801963 10103.097966958574 94.03116108361294
    vertex 9622.067600801964 10103.097966958574 94.03116108361294
    vertex 9621.72794568082 10103.358593499634 94.03116109138051
  endloop
endfacet
facet normal 0.0 2.9803266906464065e-08 -0.9999999999999997
  outer loop
    vertex 9623.707600801963 10103.097966958574 94.03116108361294
    vertex 9621.72794568082 10103.358593499634 94.03116109138051
    vertex 9624.04725592311 10103.358593499634 94.03116109138051
  endloop
endfacet
facet normal 0.0 2.9803266906464065e-08 -0.9999999999999997
  outer loop
    vertex 9624.04725592311 10103.358593499634 94.03116109138051
    vertex 9621.72794568082 10103.358593499634 94.03116109138051
    vertex 9621.467319139758 10103.69824862078 94.03116110150333
  endloop
endfacet
facet normal 0.0 2.9803266906464065e-08 -0.9999999999999997
  outer loop
    vertex 9624.04725592311 10103.358593499634 94.03116109138051
    vertex 9621.467319139758 10103.69824862078 94.03116110150333
    vertex 9624.30788246417 10103.69824862078 94.03116110150333
  endloop
endfacet
facet normal 0.0 2.9803266906464065e-08 -0.9999999999999997
  outer loop
    vertex 9624.30788246417 10103.69824862078 94.03116110150333
    vertex 9621.467319139758 10103.69824862078 94.03116110150333
    vertex 9621.30348244685 10104.093785386813 94.0311611132916
  endloop
endfacet
facet normal 0.0 2.9803266906464065e-08 -0.9999999999999997
  outer loop
    vertex 9624.30788246417 10103.69824862078 94.03116110150333
    vertex 9621.30348244685 10104.093785386813 94.0311611132916
    vertex 9624.471719157078 10104.093785386813 94.0311611132916
  endloop
endfacet
facet normal 0.0 2.9803266906464065e-08 -0.9999999999999997
  outer loop
    vertex 9624.471719157078 10104.093785386813 94.0311611132916
    vertex 9621.30348244685 10104.093785386813 94.0311611132916
    vertex 9621.247600801964 10104.518248620781 94.03116112594199
  endloop
endfacet
facet normal 0.0 2.9803266906464065e-08 -0.9999999999999997
  outer loop
    vertex 9624.471719157078 10104.093785386813 94.0311611132916
    vertex 9621.247600801964 10104.518248620781 94.03116112594199
    vertex 9624.527600801965 10104.518248620781 94.03116112594199
  endloop
endfacet
facet normal 0.0 2.9803266906464065e-08 -0.9999999999999997
  outer loop
    vertex 9624.527600801965 10104.518248620781 94.03116112594199
    vertex 9621.247600801964 10104.518248620781 94.03116112594199
    vertex 9621.30348244685 10104.94271185475 94.03116113859241
  endloop
endfacet
facet normal 0.0 2.9803266906464065e-08 -0.9999999999999997
  outer loop
    vertex 9624.527600801965 10104.518248620781 94.03116112594199
    vertex 9621.30348244685 10104.94271185475 94.03116113859241
    vertex 9624.471719157078 10104.94271185475 94.03116113859241
  endloop
endfacet
facet normal 0.0 2.9803266906464065e-08 -0.9999999999999997
  outer loop
    vertex 9624.471719157078 10104.94271185475 94.03116113859241
    vertex 9621.30348244685 10104.94271185475 94.03116113859241
    vertex 9621.467319139758 10105.338248620781 94.03116115038067
  endloop
endfacet
facet normal 0.0 2.9803266906464065e-08 -0.9999999999999997
  outer loop
    vertex 9624.471719157078 10104.94271185475 94.03116113859241
    vertex 9621.467319139758 10105.338248620781 94.03116115038067
    vertex 9624.30788246417 10105.338248620781 94.03116115038067
  endloop
endfacet
facet normal 0.0 2.9803266906464065e-08 -0.9999999999999997
  outer loop
    vertex 9624.30788246417 10105.338248620781 94.03116115038067
    vertex 9621.467319139758 10105.338248620781 94.03116115038067
    vertex 9621.72794568082 10105.677903741927 94.0311611605035
  endloop
endfacet
facet normal 0.0 2.9803266906464065e-08 -0.9999999999999997
  outer loop
    vertex 9624.30788246417 10105.338248620781 94.03116115038067
    vertex 9621.72794568082 10105.677903741927 94.0311611605035
    vertex 9624.04725592311 10105.677903741927 94.0311611605035
  endloop
endfacet
facet normal 0.0 2.9803266906464065e-08 -0.9999999999999997
  outer loop
    vertex 9624.04725592311 10105.677903741927 94.0311611605035
    vertex 9621.72794568082 10105.677903741927 94.0311611605035
    vertex 9622.067600801964 10105.938530282989 94.03116116827101
  endloop
endfacet
facet normal 0.0 2.9803266906464065e-08 -0.9999999999999997
  outer loop
    vertex 9624.04725592311 10105.677903741927 94.0311611605035
    vertex 9622.067600801964 10105.938530282989 94.03116116827101
    vertex 9623.707600801963 10105.938530282989 94.03116116827101
  endloop
endfacet
facet normal 0.0 2.9803266906464065e-08 -0.9999999999999997
  outer loop
    vertex 9623.707600801963 10105.938530282989 94.03116116827101
    vertex 9622.067600801964 10105.938530282989 94.03116116827101
    vertex 9622.463137567996 10106.102366975894 94.03116117315389
  endloop
endfacet
facet normal 0.0 2.9803266906464065e-08 -0.9999999999999997
  outer loop
    vertex 9623.707600801963 10105.938530282989 94.03116116827101
    vertex 9622.463137567996 10106.102366975894 94.03116117315389
    vertex 9623.312064035932 10106.102366975894 94.03116117315389
  endloop
endfacet
facet normal 0.0 2.9803266906464065e-08 -0.9999999999999997
  outer loop
    vertex 9623.312064035932 10106.102366975894 94.03116117315389
    vertex 9622.463137567996 10106.102366975894 94.03116117315389
    vertex 9622.887600801965 10106.15824862078 94.03116117481935
  endloop
endfacet
facet normal 0.0 2.9803266906464065e-08 -0.9999999999999997
  outer loop
    vertex 9660.82313761885 10063.934130265667 94.03115991640267
    vertex 9661.672064086786 10063.934130265667 94.03115991640267
    vertex 9661.247600852817 10063.87824862078 94.03115991473724
  endloop
endfacet
facet normal 0.0 2.9803266906464065e-08 -0.9999999999999997
  outer loop
    vertex 9661.672064086786 10063.934130265667 94.03115991640267
    vertex 9660.82313761885 10063.934130265667 94.03115991640267
    vertex 9660.427600852818 10064.097966958574 94.03115992128558
  endloop
endfacet
facet normal 0.0 2.9803266906464065e-08 -0.9999999999999997
  outer loop
    vertex 9661.672064086786 10063.934130265667 94.03115991640267
    vertex 9660.427600852818 10064.097966958574 94.03115992128558
    vertex 9662.067600852819 10064.097966958574 94.03115992128558
  endloop
endfacet
facet normal 0.0 2.9803266906464065e-08 -0.9999999999999997
  outer loop
    vertex 9662.067600852819 10064.097966958574 94.03115992128558
    vertex 9660.427600852818 10064.097966958574 94.03115992128558
    vertex 9660.087945731671 10064.358593499635 94.03115992905306
  endloop
endfacet
facet normal 0.0 2.9803266906464065e-08 -0.9999999999999997
  outer loop
    vertex 9662.067600852819 10064.097966958574 94.03115992128558
    vertex 9660.087945731671 10064.358593499635 94.03115992905306
    vertex 9662.407255973965 10064.358593499635 94.03115992905306
  endloop
endfacet
facet normal 0.0 2.9803266906464065e-08 -0.9999999999999997
  outer loop
    vertex 9662.407255973965 10064.358593499635 94.03115992905306
    vertex 9660.087945731671 10064.358593499635 94.03115992905306
    vertex 9659.827319190612 10064.69824862078 94.03115993917594
  endloop
endfacet
facet normal 0.0 2.9803266906464065e-08 -0.9999999999999997
  outer loop
    vertex 9662.407255973965 10064.358593499635 94.03115992905306
    vertex 9659.827319190612 10064.69824862078 94.03115993917594
    vertex 9662.667882515025 10064.69824862078 94.03115993917594
  endloop
endfacet
facet normal 0.0 2.9803266906464065e-08 -0.9999999999999997
  outer loop
    vertex 9662.667882515025 10064.69824862078 94.03115993917594
    vertex 9659.827319190612 10064.69824862078 94.03115993917594
    vertex 9659.663482497705 10065.093785386813 94.03115995096418
  endloop
endfacet
facet normal 0.0 2.9803266906464065e-08 -0.9999999999999997
  outer loop
    vertex 9662.667882515025 10064.69824862078 94.03115993917594
    vertex 9659.663482497705 10065.093785386813 94.03115995096418
    vertex 9662.831719207932 10065.093785386813 94.03115995096418
  endloop
endfacet
facet normal 0.0 2.9803266906464065e-08 -0.9999999999999997
  outer loop
    vertex 9662.831719207932 10065.093785386813 94.03115995096418
    vertex 9659.663482497705 10065.093785386813 94.03115995096418
    vertex 9659.607600852818 10065.518248620781 94.03115996361457
  endloop
endfacet
facet normal 0.0 2.9803266906464065e-08 -0.9999999999999997
  outer loop
    vertex 9662.831719207932 10065.093785386813 94.03115995096418
    vertex 9659.607600852818 10065.518248620781 94.03115996361457
    vertex 9662.887600852819 10065.518248620781 94.03115996361457
  endloop
endfacet
facet normal 0.0 2.9803266906464065e-08 -0.9999999999999997
  outer loop
    vertex 9662.887600852819 10065.518248620781 94.03115996361457
    vertex 9659.607600852818 10065.518248620781 94.03115996361457
    vertex 9659.663482497705 10065.942711854748 94.03115997626497
  endloop
endfacet
facet normal 0.0 2.9803266906464065e-08 -0.9999999999999997
  outer loop
    vertex 9662.887600852819 10065.518248620781 94.03115996361457
    vertex 9659.663482497705 10065.942711854748 94.03115997626497
    vertex 9662.831719207932 10065.942711854748 94.03115997626497
  endloop
endfacet
facet normal 0.0 2.9803266906464065e-08 -0.9999999999999997
  outer loop
    vertex 9662.831719207932 10065.942711854748 94.03115997626497
    vertex 9659.663482497705 10065.942711854748 94.03115997626497
    vertex 9659.827319190612 10066.338248620781 94.03115998805325
  endloop
endfacet
facet normal 0.0 2.9803266906464065e-08 -0.9999999999999997
  outer loop
    vertex 9662.831719207932 10065.942711854748 94.03115997626497
    vertex 9659.827319190612 10066.338248620781 94.03115998805325
    vertex 9662.667882515025 10066.338248620781 94.03115998805325
  endloop
endfacet
facet normal 0.0 2.9803266906464065e-08 -0.9999999999999997
  outer loop
    vertex 9662.667882515025 10066.338248620781 94.03115998805325
    vertex 9659.827319190612 10066.338248620781 94.03115998805325
    vertex 9660.087945731671 10066.677903741927 94.03115999817608
  endloop
endfacet
facet normal 0.0 2.9803266906464065e-08 -0.9999999999999997
  outer loop
    vertex 9662.667882515025 10066.338248620781 94.03115998805325
    vertex 9660.087945731671 10066.677903741927 94.03115999817608
    vertex 9662.407255973965 10066.677903741927 94.03115999817608
  endloop
endfacet
facet normal 0.0 2.9803266906464065e-08 -0.9999999999999997
  outer loop
    vertex 9662.407255973965 10066.677903741927 94.03115999817608
    vertex 9660.087945731671 10066.677903741927 94.03115999817608
    vertex 9660.427600852818 10066.938530282987 94.03116000594365
  endloop
endfacet
facet normal 0.0 2.9803266906464065e-08 -0.9999999999999997
  outer loop
    vertex 9662.407255973965 10066.677903741927 94.03115999817608
    vertex 9660.427600852818 10066.938530282987 94.03116000594365
    vertex 9662.067600852819 10066.938530282987 94.03116000594365
  endloop
endfacet
facet normal 0.0 2.9803266906464065e-08 -0.9999999999999997
  outer loop
    vertex 9662.067600852819 10066.938530282987 94.03116000594365
    vertex 9660.427600852818 10066.938530282987 94.03116000594365
    vertex 9660.82313761885 10067.102366975894 94.03116001082648
  endloop
endfacet
facet normal 0.0 2.9803266906464065e-08 -0.9999999999999997
  outer loop
    vertex 9662.067600852819 10066.938530282987 94.03116000594365
    vertex 9660.82313761885 10067.102366975894 94.03116001082648
    vertex 9661.672064086786 10067.102366975894 94.03116001082648
  endloop
endfacet
facet normal 0.0 2.9803266906464065e-08 -0.9999999999999997
  outer loop
    vertex 9661.672064086786 10067.102366975894 94.03116001082648
    vertex 9660.82313761885 10067.102366975894 94.03116001082648
    vertex 9661.247600852817 10067.15824862078 94.03116001249197
  endloop
endfacet
facet normal 1.215235506267828e-18 -2.980326693116198e-08 0.9999999999999997
  outer loop
    vertex 9625.482090957825 10058.519281484989 94.83115975502227
    vertex 9627.887600801963 10097.897769820045 94.83116092862994
    vertex 9625.482090976464 10112.659281492572 94.83116140026748
  endloop
endfacet
facet normal 1.215235506267828e-18 -2.980326693116198e-08 0.9999999999999997
  outer loop
    vertex 9627.887600801963 10097.897769820045 94.83116092862994
    vertex 9625.482090957825 10058.519281484989 94.83115975502227
    vertex 9658.6673439525 10058.519281488772 94.83115975502227
  endloop
endfacet
facet normal 1.215235506267828e-18 -2.980326693116198e-08 0.9999999999999997
  outer loop
    vertex 9627.887600801963 10097.897769820045 94.83116092862994
    vertex 9658.6673439525 10058.519281488772 94.83115975502227
    vertex 9656.24760085282 10097.897769820045 94.83116092862994
  endloop
endfacet
facet normal 1.215235506267828e-18 -2.980326693116198e-08 0.9999999999999997
  outer loop
    vertex 9625.482090976464 10112.659281492572 94.83116140026748
    vertex 9627.887600801963 10097.897769820045 94.83116092862994
    vertex 9627.887600801963 10112.897769820047 94.83116137567895
  endloop
endfacet
facet normal 1.215235506267828e-18 -2.980326693116198e-08 0.9999999999999997
  outer loop
    vertex 9625.482090976464 10112.659281492572 94.83116140026748
    vertex 9627.887600801963 10112.897769820047 94.83116137567895
    vertex 9622.38209097566 10112.659281492719 94.83116140026748
  endloop
endfacet
facet normal 1.215235506267828e-18 -2.980326693116198e-08 0.9999999999999997
  outer loop
    vertex 9673.247600852817 10047.979281423017 94.83115944089587
    vertex 9661.767343953316 10058.519281488918 94.83115975502227
    vertex 9610.887600801965 10047.979281423017 94.83115944089587
  endloop
endfacet
facet normal 1.215235506267828e-18 -2.980326693116198e-08 0.9999999999999997
  outer loop
    vertex 9661.767343953316 10058.519281488918 94.83115975502227
    vertex 9673.247600852817 10047.979281423017 94.83115944089587
    vertex 9673.247600852817 10122.179281459797 94.8311616522983
  endloop
endfacet
facet normal 1.215235506267828e-18 -2.980326693116198e-08 0.9999999999999997
  outer loop
    vertex 9610.887600801965 10047.979281423017 94.83115944089587
    vertex 9661.767343953316 10058.519281488918 94.83115975502227
    vertex 9625.482090957825 10058.519281484989 94.83115975502227
  endloop
endfacet
facet normal 1.215235506267828e-18 -2.980326693116198e-08 0.9999999999999997
  outer loop
    vertex 9625.482090957825 10058.519281484989 94.83115975502227
    vertex 9661.767343953316 10058.519281488918 94.83115975502227
    vertex 9658.6673439525 10058.519281488772 94.83115975502227
  endloop
endfacet
facet normal 1.215235506267828e-18 -2.980326693116198e-08 0.9999999999999997
  outer loop
    vertex 9661.767343953316 10058.519281488918 94.83115975502227
    vertex 9673.247600852817 10122.179281459797 94.8311616522983
    vertex 9661.767343919992 10112.659281496504 94.83116132814258
  endloop
endfacet
facet normal 1.215235506267828e-18 -2.980326693116198e-08 0.9999999999999997
  outer loop
    vertex 9661.767343919992 10112.659281496504 94.83116132814258
    vertex 9673.247600852817 10122.179281459797 94.8311616522983
    vertex 9656.24760085282 10112.897769820047 94.83116137567895
  endloop
endfacet
facet normal 1.215235506267828e-18 -2.980326693116198e-08 0.9999999999999997
  outer loop
    vertex 9656.24760085282 10112.897769820047 94.83116137567895
    vertex 9673.247600852817 10122.179281459797 94.8311616522983
    vertex 9627.887600801963 10112.897769820047 94.83116137567895
  endloop
endfacet
facet normal 1.215235506267828e-18 -2.980326693116198e-08 0.9999999999999997
  outer loop
    vertex 9610.887600801965 10047.979281423017 94.83115944089587
    vertex 9622.38209095702 10058.519281485136 94.83115975502227
    vertex 9610.887600801965 10122.179281459797 94.8311616522983
  endloop
endfacet
facet normal 1.215235506267828e-18 -2.980326693116198e-08 0.9999999999999997
  outer loop
    vertex 9622.38209095702 10058.519281485136 94.83115975502227
    vertex 9610.887600801965 10047.979281423017 94.83115944089587
    vertex 9625.482090957825 10058.519281484989 94.83115975502227
  endloop
endfacet
facet normal 1.215235506267828e-18 -2.980326693116198e-08 0.9999999999999997
  outer loop
    vertex 9610.887600801965 10122.179281459797 94.8311616522983
    vertex 9622.38209095702 10058.519281485136 94.83115975502227
    vertex 9622.38209097566 10112.659281492719 94.83116140026748
  endloop
endfacet
facet normal 1.215235506267828e-18 -2.980326693116198e-08 0.9999999999999997
  outer loop
    vertex 9610.887600801965 10122.179281459797 94.8311616522983
    vertex 9622.38209097566 10112.659281492719 94.83116140026748
    vertex 9627.887600801963 10112.897769820047 94.83116137567895
  endloop
endfacet
facet normal 1.215235506267828e-18 -2.980326693116198e-08 0.9999999999999997
  outer loop
    vertex 9610.887600801965 10122.179281459797 94.8311616522983
    vertex 9627.887600801963 10112.897769820047 94.83116137567895
    vertex 9673.247600852817 10122.179281459797 94.8311616522983
  endloop
endfacet
facet normal 1.215235506267828e-18 -2.980326693116198e-08 0.9999999999999997
  outer loop
    vertex 9610.887600801965 10122.179281459797 94.8311616522983
    vertex 9673.247600852817 10122.179281459797 94.8311616522983
    vertex 9673.213380298313 10122.701386228677 94.83116166785875
  endloop
endfacet
facet normal 1.215235506267828e-18 -2.980326693116198e-08 0.9999999999999997
  outer loop
    vertex 9610.887600801965 10122.179281459797 94.8311616522983
    vertex 9673.213380298313 10122.701386228677 94.83116166785875
    vertex 9610.921821356469 10122.701386228677 94.83116166785875
  endloop
endfacet
facet normal 1.215235506267828e-18 -2.980326693116198e-08 0.9999999999999997
  outer loop
    vertex 9610.921821356469 10122.701386228677 94.83116166785875
    vertex 9673.213380298313 10122.701386228677 94.83116166785875
    vertex 9673.111304157974 10123.214557640209 94.83116168315289
  endloop
endfacet
facet normal 1.215235506267828e-18 -2.980326693116198e-08 0.9999999999999997
  outer loop
    vertex 9610.921821356469 10122.701386228677 94.83116166785875
    vertex 9673.111304157974 10123.214557640209 94.83116168315289
    vertex 9611.023897496809 10123.214557640209 94.83116168315289
  endloop
endfacet
facet normal 1.215235506267828e-18 -2.980326693116198e-08 0.9999999999999997
  outer loop
    vertex 9611.023897496809 10123.214557640209 94.83116168315289
    vertex 9673.111304157974 10123.214557640209 94.83116168315289
    vertex 9672.943118982863 10123.710015189257 94.83116169791919
  endloop
endfacet
facet normal 1.215235506267828e-18 -2.980326693116198e-08 0.9999999999999997
  outer loop
    vertex 9611.023897496809 10123.214557640209 94.83116168315289
    vertex 9672.943118982863 10123.710015189257 94.83116169791919
    vertex 9611.192082671918 10123.710015189257 94.83116169791919
  endloop
endfacet
facet normal 1.215235506267828e-18 -2.980326693116198e-08 0.9999999999999997
  outer loop
    vertex 9611.192082671918 10123.710015189257 94.83116169791919
    vertex 9672.943118982863 10123.710015189257 94.83116169791919
    vertex 9672.711702467956 10124.179281459797 94.83116171190484
  endloop
endfacet
facet normal 1.215235506267828e-18 -2.980326693116198e-08 0.9999999999999997
  outer loop
    vertex 9611.192082671918 10123.710015189257 94.83116169791919
    vertex 9672.711702467956 10124.179281459797 94.83116171190484
    vertex 9611.423499186827 10124.179281459797 94.83116171190484
  endloop
endfacet
facet normal 1.215235506267828e-18 -2.980326693116198e-08 0.9999999999999997
  outer loop
    vertex 9611.423499186827 10124.179281459797 94.83116171190484
    vertex 9672.711702467956 10124.179281459797 94.83116171190484
    vertex 9672.421014213982 10124.614327175834 94.8311617248706
  endloop
endfacet
facet normal 1.215235506267828e-18 -2.980326693116198e-08 0.9999999999999997
  outer loop
    vertex 9611.423499186827 10124.179281459797 94.83116171190484
    vertex 9672.421014213982 10124.614327175834 94.8311617248706
    vertex 9611.7141874408 10124.614327175834 94.8311617248706
  endloop
endfacet
facet normal 1.215235506267828e-18 -2.980326693116198e-08 0.9999999999999997
  outer loop
    vertex 9611.7141874408 10124.614327175834 94.8311617248706
    vertex 9672.421014213982 10124.614327175834 94.8311617248706
    vertex 9672.076027977564 10125.007708584544 94.83116173659468
  endloop
endfacet
facet normal 1.215235506267828e-18 -2.980326693116198e-08 0.9999999999999997
  outer loop
    vertex 9611.7141874408 10124.614327175834 94.8311617248706
    vertex 9672.076027977564 10125.007708584544 94.83116173659468
    vertex 9612.059173677218 10125.007708584544 94.83116173659468
  endloop
endfacet
facet normal 1.215235506267828e-18 -2.980326693116198e-08 0.9999999999999997
  outer loop
    vertex 9612.059173677218 10125.007708584544 94.83116173659468
    vertex 9672.076027977564 10125.007708584544 94.83116173659468
    vertex 9671.682646568854 10125.352694820962 94.83116174687636
  endloop
endfacet
facet normal 1.215235506267828e-18 -2.980326693116198e-08 0.9999999999999997
  outer loop
    vertex 9612.059173677218 10125.007708584544 94.83116173659468
    vertex 9671.682646568854 10125.352694820962 94.83116174687636
    vertex 9612.452555085929 10125.352694820962 94.83116174687636
  endloop
endfacet
facet normal 1.215235506267828e-18 -2.980326693116198e-08 0.9999999999999997
  outer loop
    vertex 9612.452555085929 10125.352694820962 94.83116174687636
    vertex 9671.682646568854 10125.352694820962 94.83116174687636
    vertex 9671.24760085282 10125.643383074936 94.83116175553985
  endloop
endfacet
facet normal 1.215235506267828e-18 -2.980326693116198e-08 0.9999999999999997
  outer loop
    vertex 9612.452555085929 10125.352694820962 94.83116174687636
    vertex 9671.24760085282 10125.643383074936 94.83116175553985
    vertex 9612.887600801965 10125.643383074936 94.83116175553985
  endloop
endfacet
facet normal 1.215235506267828e-18 -2.980326693116198e-08 0.9999999999999997
  outer loop
    vertex 9612.887600801965 10125.643383074936 94.83116175553985
    vertex 9671.24760085282 10125.643383074936 94.83116175553985
    vertex 9670.778334582279 10125.874799589843 94.83116176243679
  endloop
endfacet
facet normal 1.215235506267828e-18 -2.980326693116198e-08 0.9999999999999997
  outer loop
    vertex 9612.887600801965 10125.643383074936 94.83116175553985
    vertex 9670.778334582279 10125.874799589843 94.83116176243679
    vertex 9613.356867072504 10125.874799589843 94.83116176243679
  endloop
endfacet
facet normal 1.215235506267828e-18 -2.980326693116198e-08 0.9999999999999997
  outer loop
    vertex 9613.356867072504 10125.874799589843 94.83116176243679
    vertex 9670.778334582279 10125.874799589843 94.83116176243679
    vertex 9670.282877033229 10126.042984764954 94.83116176744926
  endloop
endfacet
facet normal 1.215235506267828e-18 -2.980326693116198e-08 0.9999999999999997
  outer loop
    vertex 9613.356867072504 10125.874799589843 94.83116176243679
    vertex 9670.282877033229 10126.042984764954 94.83116176744926
    vertex 9613.852324621554 10126.042984764954 94.83116176744926
  endloop
endfacet
facet normal 1.215235506267828e-18 -2.980326693116198e-08 0.9999999999999997
  outer loop
    vertex 9613.852324621554 10126.042984764954 94.83116176744926
    vertex 9670.282877033229 10126.042984764954 94.83116176744926
    vertex 9669.769705621698 10126.145060905292 94.83116177049146
  endloop
endfacet
facet normal 1.215235506267828e-18 -2.980326693116198e-08 0.9999999999999997
  outer loop
    vertex 9613.852324621554 10126.042984764954 94.83116176744926
    vertex 9669.769705621698 10126.145060905292 94.83116177049146
    vertex 9614.365496033084 10126.145060905292 94.83116177049146
  endloop
endfacet
facet normal 1.215235506267828e-18 -2.980326693116198e-08 0.9999999999999997
  outer loop
    vertex 9614.365496033084 10126.145060905292 94.83116177049146
    vertex 9669.769705621698 10126.145060905292 94.83116177049146
    vertex 9669.247600852817 10126.179281459797 94.83116177151138
  endloop
endfacet
facet normal 1.215235506267828e-18 -2.980326693116198e-08 0.9999999999999997
  outer loop
    vertex 9614.365496033084 10126.145060905292 94.83116177049146
    vertex 9669.247600852817 10126.179281459797 94.83116177151138
    vertex 9614.887600801965 10126.179281459797 94.83116177151138
  endloop
endfacet
facet normal 1.215235506267828e-18 -2.980326693116198e-08 0.9999999999999997
  outer loop
    vertex 9614.887600801965 10126.179281459797 94.83116177151138
    vertex 9669.247600852817 10126.179281459797 94.83116177151138
    vertex 9632.849464359657 10126.179281459797 94.83116177151138
  endloop
endfacet
facet normal 1.215235506267828e-18 -2.980326693116198e-08 0.9999999999999997
  outer loop
    vertex 9614.887600801965 10126.179281459797 94.83116177151138
    vertex 9632.849464359657 10126.179281459797 94.83116177151138
    vertex 9615.149464477063 10126.179281459797 94.83116177151138
  endloop
endfacet
facet normal 1.215235506267828e-18 -2.980326693116198e-08 0.9999999999999997
  outer loop
    vertex 9658.667343919176 10112.659281496359 94.83116132814258
    vertex 9656.24760085282 10097.897769820045 94.83116092862994
    vertex 9658.6673439525 10058.519281488772 94.83115975502227
  endloop
endfacet
facet normal 1.215235506267828e-18 -2.980326693116198e-08 0.9999999999999997
  outer loop
    vertex 9656.24760085282 10097.897769820045 94.83116092862994
    vertex 9658.667343919176 10112.659281496359 94.83116132814258
    vertex 9656.24760085282 10112.897769820047 94.83116137567895
  endloop
endfacet
facet normal 1.215235506267828e-18 -2.980326693116198e-08 0.9999999999999997
  outer loop
    vertex 9656.24760085282 10112.897769820047 94.83116137567895
    vertex 9658.667343919176 10112.659281496359 94.83116132814258
    vertex 9661.767343919992 10112.659281496504 94.83116132814258
  endloop
endfacet
facet normal 0.9889634263576559 0.14412047490670787 -0.034360297431634976
  outer loop
    vertex 9659.261447006664 10104.468440152823 84.0311611244573
    vertex 9659.663482497705 10104.093785386813 94.0311611132916
    vertex 9659.329088727534 10104.00427856472 84.03116111062378
  endloop
endfacet
facet normal 0.9908392188652977 0.1304464589119911 -0.0349480144747747
  outer loop
    vertex 9659.261447006664 10104.468440152823 84.0311611244573
    vertex 9659.607600852818 10104.518248620781 94.03116112594199
    vertex 9659.663482497705 10104.093785386813 94.0311611132916
  endloop
endfacet
facet normal 0.9994014254404675 1.0310421297461812e-09 -0.03459466472683218
  outer loop
    vertex 9659.261447006664 10104.468440152823 84.0311611244573
    vertex 9659.261447006664 10104.51824891882 84.03116112594176
    vertex 9659.607600852818 10104.518248620781 94.03116112594199
  endloop
endfacet
facet normal -0.9469301294959379 0.32143946530071 9.580259942251506e-09
  outer loop
    vertex 9611.192082671916 10123.710015511137 84.03116169791907
    vertex 9611.023897496809 10123.214557640209 94.83116168315289
    vertex 9611.192082671918 10123.710015189257 94.83116169791919
  endloop
endfacet
facet normal -0.9469301294959379 0.32143946530071 9.580259942251506e-09
  outer loop
    vertex 9611.023897496809 10123.214557640209 94.83116168315289
    vertex 9611.192082671916 10123.710015511137 84.03116169791907
    vertex 9611.02389749681 10123.214557962097 84.03116168315282
  endloop
endfacet
facet normal 0.9469301294948205 0.3214394653040016 9.58017283611577e-09
  outer loop
    vertex 9673.111304157974 10123.214557640209 94.83116168315289
    vertex 9672.943118982865 10123.710015511133 84.03116169791907
    vertex 9672.943118982863 10123.710015189257 94.83116169791919
  endloop
endfacet
facet normal 0.9469301294948205 0.3214394653040016 9.58017283611577e-09
  outer loop
    vertex 9672.943118982865 10123.710015511133 84.03116169791907
    vertex 9673.111304157974 10123.214557640209 94.83116168315289
    vertex 9673.111304157974 10123.214557962092 84.03116168315282
  endloop
endfacet
facet normal 0.5555702330199598 0.831469612302306 2.4780917657384995e-08
  outer loop
    vertex 9671.24760085282 10125.643383074936 94.83116175553985
    vertex 9671.682646568863 10125.352695142838 84.03116174687632
    vertex 9671.247600852806 10125.643383396824 84.03116175553974
  endloop
endfacet
facet normal 0.5555702330199598 0.831469612302306 2.4780917657384995e-08
  outer loop
    vertex 9671.682646568863 10125.352695142838 84.03116174687632
    vertex 9671.24760085282 10125.643383074936 94.83116175553985
    vertex 9671.682646568854 10125.352694820962 94.83116174687636
  endloop
endfacet
facet normal -0.06540312922953372 0.9978589232386431 2.974009996022941e-08
  outer loop
    vertex 9614.887600801965 10126.179281459797 94.83116177151138
    vertex 9614.365496033084 10126.145061227175 84.03116177049142
    vertex 9614.365496033084 10126.145060905292 94.83116177049146
  endloop
endfacet
facet normal -0.06540312922953372 0.9978589232386431 2.974009996022941e-08
  outer loop
    vertex 9614.365496033084 10126.145061227175 84.03116177049142
    vertex 9614.887600801965 10126.179281459797 94.83116177151138
    vertex 9614.887600801965 10126.179281781679 84.03116177151132
  endloop
endfacet
facet normal 0.7518398074795215 0.6593458150994481 1.9651034675644664e-08
  outer loop
    vertex 9672.421014213982 10124.614327175834 94.8311617248706
    vertex 9672.076027977562 10125.007708906429 84.03116173659458
    vertex 9672.076027977564 10125.007708584544 94.83116173659468
  endloop
endfacet
facet normal 0.7518398074795215 0.6593458150994481 1.9651034675644664e-08
  outer loop
    vertex 9672.076027977562 10125.007708906429 84.03116173659458
    vertex 9672.421014213982 10124.614327175834 94.8311617248706
    vertex 9672.421014213984 10124.614327497713 84.0311617248705
  endloop
endfacet
facet normal -0.659345815099953 0.7518398074790786 2.2407793304609017e-08
  outer loop
    vertex 9612.452555085929 10125.352694820962 94.83116174687636
    vertex 9612.05917367722 10125.007708906429 84.03116173659458
    vertex 9612.059173677218 10125.007708584544 94.83116173659468
  endloop
endfacet
facet normal -0.659345815099953 0.7518398074790786 2.2407793304609017e-08
  outer loop
    vertex 9612.05917367722 10125.007708906429 84.03116173659458
    vertex 9612.452555085929 10125.352694820962 94.83116174687636
    vertex 9612.45255508592 10125.352695142838 84.03116174687632
  endloop
endfacet
facet normal 0.4422886902180965 0.8968727415331341 2.6730348673467016e-08
  outer loop
    vertex 9671.24760085282 10125.643383074936 94.83116175553985
    vertex 9670.778334582283 10125.874799911724 84.03116176243674
    vertex 9670.778334582279 10125.874799589843 94.83116176243679
  endloop
endfacet
facet normal 0.4422886902180965 0.8968727415331341 2.6730348673467016e-08
  outer loop
    vertex 9670.778334582283 10125.874799911724 84.03116176243674
    vertex 9671.24760085282 10125.643383074936 94.83116175553985
    vertex 9671.247600852806 10125.643383396824 84.03116175553974
  endloop
endfacet
facet normal -0.8314696123016606 0.5555702330209261 1.6558147876713318e-08
  outer loop
    vertex 9611.7141874408 10124.614327175834 94.8311617248706
    vertex 9611.423499186823 10124.179281781675 84.03116171190476
    vertex 9611.423499186827 10124.179281459797 94.83116171190484
  endloop
endfacet
facet normal -0.8314696123016606 0.5555702330209261 1.6558147876713318e-08
  outer loop
    vertex 9611.423499186823 10124.179281781675 84.03116171190476
    vertex 9611.7141874408 10124.614327175834 94.8311617248706
    vertex 9611.714187440803 10124.614327497718 84.0311617248705
  endloop
endfacet
facet normal -0.9807852804032582 0.19509032201598897 5.8144679121127674e-09
  outer loop
    vertex 9611.023897496809 10123.214557640209 94.83116168315289
    vertex 9610.921821356469 10122.701386550554 84.03116166785864
    vertex 9610.921821356469 10122.701386228677 94.83116166785875
  endloop
endfacet
facet normal -0.9807852804032582 0.19509032201598897 5.8144679121127674e-09
  outer loop
    vertex 9610.921821356469 10122.701386550554 84.03116166785864
    vertex 9611.023897496809 10123.214557640209 94.83116168315289
    vertex 9611.02389749681 10123.214557962097 84.03116168315282
  endloop
endfacet
facet normal 0.9978589232385608 0.06540312923079425 1.9493576952567665e-09
  outer loop
    vertex 9673.247600852817 10122.179281459797 94.8311616522983
    vertex 9673.213380298313 10122.701386550554 84.03116166785864
    vertex 9673.213380298313 10122.701386228677 94.83116166785875
  endloop
endfacet
facet normal 0.9978589232385608 0.06540312923079425 1.9493576952567665e-09
  outer loop
    vertex 9673.213380298313 10122.701386550554 84.03116166785864
    vertex 9673.247600852817 10122.179281459797 94.8311616522983
    vertex 9673.247600852817 10122.179281781691 84.03116165229821
  endloop
endfacet
facet normal -0.8968727415325498 0.4422886902192819 1.3181995805337853e-08
  outer loop
    vertex 9611.423499186827 10124.179281459797 94.83116171190484
    vertex 9611.192082671916 10123.710015511137 84.03116169791907
    vertex 9611.192082671918 10123.710015189257 94.83116169791919
  endloop
endfacet
facet normal -0.8968727415325498 0.4422886902192819 1.3181995805337853e-08
  outer loop
    vertex 9611.192082671916 10123.710015511137 84.03116169791907
    vertex 9611.423499186827 10124.179281459797 94.83116171190484
    vertex 9611.423499186823 10124.179281781675 84.03116171190476
  endloop
endfacet
facet normal -0.5555702330199597 0.8314696123023062 2.4780917657384995e-08
  outer loop
    vertex 9612.452555085929 10125.352694820962 94.83116174687636
    vertex 9612.887600801976 10125.643383396824 84.03116175553974
    vertex 9612.45255508592 10125.352695142838 84.03116174687632
  endloop
endfacet
facet normal -0.5555702330199597 0.8314696123023062 2.4780917657384995e-08
  outer loop
    vertex 9612.887600801976 10125.643383396824 84.03116175553974
    vertex 9612.452555085929 10125.352694820962 94.83116174687636
    vertex 9612.887600801965 10125.643383074936 94.83116175553985
  endloop
endfacet
facet normal -0.7518398074790901 0.6593458150999403 1.965106638391947e-08
  outer loop
    vertex 9612.05917367722 10125.007708906429 84.03116173659458
    vertex 9611.7141874408 10124.614327175834 94.8311617248706
    vertex 9612.059173677218 10125.007708584544 94.83116173659468
  endloop
endfacet
facet normal -0.7518398074790901 0.6593458150999403 1.965106638391947e-08
  outer loop
    vertex 9611.7141874408 10124.614327175834 94.8311617248706
    vertex 9612.05917367722 10125.007708906429 84.03116173659458
    vertex 9611.714187440803 10124.614327497718 84.0311617248705
  endloop
endfacet
facet normal -0.19509032201597473 0.9807852804032607 2.9231304163474768e-08
  outer loop
    vertex 9614.365496033084 10126.145060905292 94.83116177049146
    vertex 9613.852324621554 10126.042985086837 84.0311617674492
    vertex 9613.852324621554 10126.042984764954 94.83116176744926
  endloop
endfacet
facet normal -0.19509032201597473 0.9807852804032607 2.9231304163474768e-08
  outer loop
    vertex 9613.852324621554 10126.042985086837 84.0311617674492
    vertex 9614.365496033084 10126.145060905292 94.83116177049146
    vertex 9614.365496033084 10126.145061227175 84.03116177049142
  endloop
endfacet
facet normal -0.4422886902180964 0.8968727415331343 2.6730348674527988e-08
  outer loop
    vertex 9613.356867072504 10125.874799589843 94.83116176243679
    vertex 9612.887600801976 10125.643383396824 84.03116175553974
    vertex 9612.887600801965 10125.643383074936 94.83116175553985
  endloop
endfacet
facet normal -0.4422886902180964 0.8968727415331343 2.6730348674527988e-08
  outer loop
    vertex 9612.887600801976 10125.643383396824 84.03116175553974
    vertex 9613.356867072504 10125.874799589843 94.83116176243679
    vertex 9613.3568670725 10125.874799911724 84.03116176243674
  endloop
endfacet
facet normal 0.659345815099953 0.7518398074790786 2.2407793304719955e-08
  outer loop
    vertex 9672.076027977564 10125.007708584544 94.83116173659468
    vertex 9671.682646568863 10125.352695142838 84.03116174687632
    vertex 9671.682646568854 10125.352694820962 94.83116174687636
  endloop
endfacet
facet normal 0.659345815099953 0.7518398074790786 2.2407793304719955e-08
  outer loop
    vertex 9671.682646568863 10125.352695142838 84.03116174687632
    vertex 9672.076027977564 10125.007708584544 94.83116173659468
    vertex 9672.076027977562 10125.007708906429 84.03116173659458
  endloop
endfacet
facet normal -0.3214394653039337 0.9469301294948432 2.8222287109602164e-08
  outer loop
    vertex 9613.356867072504 10125.874799589843 94.83116176243679
    vertex 9613.852324621554 10126.042985086837 84.0311617674492
    vertex 9613.3568670725 10125.874799911724 84.03116176243674
  endloop
endfacet
facet normal -0.3214394653039337 0.9469301294948432 2.8222287109602164e-08
  outer loop
    vertex 9613.852324621554 10126.042985086837 84.0311617674492
    vertex 9613.356867072504 10125.874799589843 94.83116176243679
    vertex 9613.852324621554 10126.042984764954 94.83116176744926
  endloop
endfacet
facet normal 0.8968727415327822 0.4422886902188106 1.3181843874511649e-08
  outer loop
    vertex 9672.943118982865 10123.710015511133 84.03116169791907
    vertex 9672.711702467956 10124.179281459797 94.83116171190484
    vertex 9672.943118982863 10123.710015189257 94.83116169791919
  endloop
endfacet
facet normal 0.8968727415327822 0.4422886902188106 1.3181843874511649e-08
  outer loop
    vertex 9672.711702467956 10124.179281459797 94.83116171190484
    vertex 9672.943118982865 10123.710015511133 84.03116169791907
    vertex 9672.71170246795 10124.179281781688 84.03116171190476
  endloop
endfacet
facet normal 0.1950903220149187 0.9807852804034707 2.923130416394899e-08
  outer loop
    vertex 9669.769705621698 10126.145060905292 94.83116177049146
    vertex 9670.28287703323 10126.042985086837 84.0311617674492
    vertex 9669.769705621697 10126.145061227175 84.03116177049142
  endloop
endfacet
facet normal 0.1950903220149187 0.9807852804034707 2.923130416394899e-08
  outer loop
    vertex 9670.28287703323 10126.042985086837 84.0311617674492
    vertex 9669.769705621698 10126.145060905292 94.83116177049146
    vertex 9670.282877033229 10126.042984764954 94.83116176744926
  endloop
endfacet
facet normal 1.2866503443236147e-15 0.9999999999999997 2.9803825510729905e-08
  outer loop
    vertex 9615.149464477063 10126.179281459797 94.83116177151138
    vertex 9614.887600801965 10126.179281781679 84.03116177151132
    vertex 9614.887600801965 10126.179281459797 94.83116177151138
  endloop
endfacet
facet normal 1.2866503443236147e-15 0.9999999999999997 2.9803825510729905e-08
  outer loop
    vertex 9614.887600801965 10126.179281781679 84.03116177151132
    vertex 9615.149464477063 10126.179281459797 94.83116177151138
    vertex 9639.26760082739 10126.179281781679 84.03116177151132
  endloop
endfacet
facet normal 1.2866503443236147e-15 0.9999999999999997 2.9803825510729905e-08
  outer loop
    vertex 9639.26760082739 10126.179281781679 84.03116177151132
    vertex 9615.149464477063 10126.179281459797 94.83116177151138
    vertex 9632.849464359657 10126.179281459797 94.83116177151138
  endloop
endfacet
facet normal 1.2866503443236147e-15 0.9999999999999997 2.9803825510729905e-08
  outer loop
    vertex 9639.26760082739 10126.179281781679 84.03116177151132
    vertex 9632.849464359657 10126.179281459797 94.83116177151138
    vertex 9642.067600827391 10126.179281698227 86.83116177151211
  endloop
endfacet
facet normal 1.2866503443236147e-15 0.9999999999999997 2.9803825510729905e-08
  outer loop
    vertex 9642.067600827391 10126.179281698227 86.83116177151211
    vertex 9632.849464359657 10126.179281459797 94.83116177151138
    vertex 9669.247600852817 10126.179281459797 94.83116177151138
  endloop
endfacet
facet normal 1.2866503443236147e-15 0.9999999999999997 2.9803825510729905e-08
  outer loop
    vertex 9642.067600827391 10126.179281698227 86.83116177151211
    vertex 9669.247600852817 10126.179281459797 94.83116177151138
    vertex 9644.86760082739 10126.179281781679 84.03116177151132
  endloop
endfacet
facet normal 1.2866503443236147e-15 0.9999999999999997 2.9803825510729905e-08
  outer loop
    vertex 9644.86760082739 10126.179281781679 84.03116177151132
    vertex 9669.247600852817 10126.179281459797 94.83116177151138
    vertex 9669.247600852817 10126.179281781679 84.03116177151132
  endloop
endfacet
facet normal 0.06540312922980385 0.9978589232386255 2.974009558855495e-08
  outer loop
    vertex 9669.769705621698 10126.145060905292 94.83116177049146
    vertex 9669.247600852817 10126.179281781679 84.03116177151132
    vertex 9669.247600852817 10126.179281459797 94.83116177151138
  endloop
endfacet
facet normal 0.06540312922980385 0.9978589232386255 2.974009558855495e-08
  outer loop
    vertex 9669.247600852817 10126.179281781679 84.03116177151132
    vertex 9669.769705621698 10126.145060905292 94.83116177049146
    vertex 9669.769705621697 10126.145061227175 84.03116177049142
  endloop
endfacet
facet normal -0.9978589232385608 0.06540312923079425 1.9493576952567665e-09
  outer loop
    vertex 9610.921821356469 10122.701386550554 84.03116166785864
    vertex 9610.887600801965 10122.179281459797 94.8311616522983
    vertex 9610.921821356469 10122.701386228677 94.83116166785875
  endloop
endfacet
facet normal -0.9978589232385608 0.06540312923079425 1.9493576952567665e-09
  outer loop
    vertex 9610.887600801965 10122.179281459797 94.8311616522983
    vertex 9610.921821356469 10122.701386550554 84.03116166785864
    vertex 9610.887600801965 10122.179281781691 84.03116165229821
  endloop
endfacet
facet normal -1.0 0.0 0.0
  outer loop
    vertex 9610.887600801965 10122.179281781691 84.03116165229821
    vertex 9610.887600801965 10047.979281423017 94.83115944089587
    vertex 9610.887600801965 10122.179281459797 94.8311616522983
  endloop
endfacet
facet normal -1.0 0.0 0.0
  outer loop
    vertex 9610.887600801965 10047.979281423017 94.83115944089587
    vertex 9610.887600801965 10122.179281781691 84.03116165229821
    vertex 9610.887600801965 10047.979281744898 84.03115944089583
  endloop
endfacet
facet normal 0.32143946530435363 0.9469301294947007 2.822230859601574e-08
  outer loop
    vertex 9670.778334582279 10125.874799589843 94.83116176243679
    vertex 9670.28287703323 10126.042985086837 84.0311617674492
    vertex 9670.282877033229 10126.042984764954 94.83116176744926
  endloop
endfacet
facet normal 0.32143946530435363 0.9469301294947007 2.822230859601574e-08
  outer loop
    vertex 9670.28287703323 10126.042985086837 84.0311617674492
    vertex 9670.778334582279 10125.874799589843 94.83116176243679
    vertex 9670.778334582283 10125.874799911724 84.03116176243674
  endloop
endfacet
facet normal 0.9807852804033123 0.19509032201571777 5.814481310135509e-09
  outer loop
    vertex 9673.213380298313 10122.701386550554 84.03116166785864
    vertex 9673.111304157974 10123.214557640209 94.83116168315289
    vertex 9673.213380298313 10122.701386228677 94.83116166785875
  endloop
endfacet
facet normal 0.9807852804033123 0.19509032201571777 5.814481310135509e-09
  outer loop
    vertex 9673.111304157974 10123.214557640209 94.83116168315289
    vertex 9673.213380298313 10122.701386550554 84.03116166785864
    vertex 9673.111304157974 10123.214557962092 84.03116168315282
  endloop
endfacet
facet normal 1.0 0.0 0.0
  outer loop
    vertex 9673.247600852817 10047.979281423017 94.83115944089587
    vertex 9673.247600852817 10122.179281781691 84.03116165229821
    vertex 9673.247600852817 10122.179281459797 94.8311616522983
  endloop
endfacet
facet normal 1.0 0.0 0.0
  outer loop
    vertex 9673.247600852817 10122.179281781691 84.03116165229821
    vertex 9673.247600852817 10047.979281423017 94.83115944089587
    vertex 9673.247600852817 10047.979281744898 84.03115944089583
  endloop
endfacet
facet normal 0.8314696123027123 0.5555702330193522 1.655816682385155e-08
  outer loop
    vertex 9672.71170246795 10124.179281781688 84.03116171190476
    vertex 9672.421014213982 10124.614327175834 94.8311617248706
    vertex 9672.711702467956 10124.179281459797 94.83116171190484
  endloop
endfacet
facet normal 0.8314696123027123 0.5555702330193522 1.655816682385155e-08
  outer loop
    vertex 9672.421014213982 10124.614327175834 94.8311617248706
    vertex 9672.71170246795 10124.179281781688 84.03116171190476
    vertex 9672.421014213984 10124.614327497713 84.0311617248705
  endloop
endfacet
facet normal 0.9233359351049718 0.38245826797232046 -0.034299040853063824
  outer loop
    vertex 9659.52754116623 10064.52517199574 84.03115993401742
    vertex 9659.663482497705 10065.093785386813 94.03115995096418
    vertex 9659.827319190612 10064.69824862078 94.03115993917594
  endloop
endfacet
facet normal 0.9233359351049718 0.38245826797232046 -0.034299040853063824
  outer loop
    vertex 9659.663482497705 10065.093785386813 94.03115995096418
    vertex 9659.52754116623 10064.52517199574 84.03115993401742
    vertex 9659.329123557833 10065.004194476938 84.03115994829385
  endloop
endfacet
facet normal -0.3824582669466527 0.923335936128626 -0.03429902473303438
  outer loop
    vertex 9623.707600801963 10103.097966958574 94.03116108361294
    vertex 9623.401655243859 10102.599771623838 84.03116106876487
    vertex 9623.312064035932 10102.934130265667 94.03116107873012
  endloop
endfacet
facet normal -0.3824582669466527 0.923335936128626 -0.03429902473303438
  outer loop
    vertex 9623.401655243859 10102.599771623838 84.03116106876487
    vertex 9623.707600801963 10103.097966958574 94.03116108361294
    vertex 9623.88067772504 10102.798189232226 84.03116107467838
  endloop
endfacet
facet normal -0.3824582669448972 0.9233359361293559 -0.03429902473295161
  outer loop
    vertex 9662.067600852819 10064.097966958574 94.03115992128558
    vertex 9661.76165529471 10063.59977162384 84.03115990643747
    vertex 9661.672064086786 10063.934130265667 94.03115991640267
  endloop
endfacet
facet normal -0.3824582669448972 0.9233359361293559 -0.03429902473295161
  outer loop
    vertex 9661.76165529471 10063.59977162384 84.03115990643747
    vertex 9662.067600852819 10064.097966958574 94.03115992128558
    vertex 9662.240677775893 10063.798189232226 84.03115991235096
  endloop
endfacet
facet normal -0.9233359351070053 -0.3824582659229069 -0.03429906365070567
  outer loop
    vertex 9662.96766053941 10066.511325841899 84.03115999321125
    vertex 9662.831719207932 10065.942711854748 94.03115997626497
    vertex 9662.667882515025 10066.338248620781 94.03115998805325
  endloop
endfacet
facet normal -0.9233359351070053 -0.3824582659229069 -0.03429906365070567
  outer loop
    vertex 9662.831719207932 10065.942711854748 94.03115997626497
    vertex 9662.96766053941 10066.511325841899 84.03115999321125
    vertex 9663.1660781478 10066.032303360706 84.03115997893482
  endloop
endfacet
facet normal 0.382458266945725 0.9233359361290145 -0.0342990247329126
  outer loop
    vertex 9622.067600801964 10064.097966958574 94.03115992128558
    vertex 9622.373546360073 10063.59977162384 84.03115990643747
    vertex 9621.894523878887 10063.798189232226 84.03115991235096
  endloop
endfacet
facet normal 0.382458266945725 0.9233359361290145 -0.0342990247329126
  outer loop
    vertex 9622.373546360073 10063.59977162384 84.03115990643747
    vertex 9622.067600801964 10064.097966958574 94.03115992128558
    vertex 9622.463137567996 10063.934130265667 94.03115991640267
  endloop
endfacet
facet normal 0.92333593510618 -0.3824582659248997 -0.03429906365070568
  outer loop
    vertex 9620.969123506982 10105.03230336071 84.03116114126226
    vertex 9621.467319139758 10105.338248620781 94.03116115038067
    vertex 9621.30348244685 10104.94271185475 94.03116113859241
  endloop
endfacet
facet normal 0.92333593510618 -0.3824582659248997 -0.03429906365070568
  outer loop
    vertex 9621.467319139758 10105.338248620781 94.03116115038067
    vertex 9620.969123506982 10105.03230336071 84.03116114126226
    vertex 9621.16754111537 10105.511325841897 84.0311611555387
  endloop
endfacet
facet normal 0.9233359351055461 0.3824582679709407 -0.03429904085298716
  outer loop
    vertex 9659.52754116623 10103.52517199574 84.03116109634483
    vertex 9659.663482497705 10104.093785386813 94.0311611132916
    vertex 9659.82731919061 10103.69824862078 94.03116110150333
  endloop
endfacet
facet normal 0.9233359351055461 0.3824582679709407 -0.03429904085298716
  outer loop
    vertex 9659.663482497705 10104.093785386813 94.0311611132916
    vertex 9659.52754116623 10103.52517199574 84.03116109634483
    vertex 9659.329088727534 10104.00427856472 84.03116111062378
  endloop
endfacet
facet normal 0.6084032425547816 -0.7928865415949471 -0.03429907588305928
  outer loop
    vertex 9660.254523929747 10067.238308605418 84.03116001487776
    vertex 9660.087945731671 10066.677903741927 94.03115999817608
    vertex 9659.84317799972 10066.922671771912 84.03116000547072
  endloop
endfacet
facet normal 0.6084032425547816 -0.7928865415949471 -0.03429907588305928
  outer loop
    vertex 9660.087945731671 10066.677903741927 94.03115999817608
    vertex 9660.254523929747 10067.238308605418 84.03116001487776
    vertex 9660.427600852818 10066.938530282987 94.03116000594365
  endloop
endfacet
facet normal 0.6084032425557799 -0.79288654159417 -0.034299075883318646
  outer loop
    vertex 9660.25452392974 10106.238308605416 84.03116117720519
    vertex 9660.087945731671 10105.677903741927 94.0311611605035
    vertex 9659.843177999725 10105.92267177192 84.03116116779813
  endloop
endfacet
facet normal 0.6084032425557799 -0.79288654159417 -0.034299075883318646
  outer loop
    vertex 9660.087945731671 10105.677903741927 94.0311611605035
    vertex 9660.25452392974 10106.238308605416 84.03116117720519
    vertex 9660.427600852818 10105.938530282989 94.03116116827101
  endloop
endfacet
facet normal -0.9908615095024367 0.13044939351286916 -0.03429904836402035
  outer loop
    vertex 9663.233754698971 10065.518248918823 84.03115996361433
    vertex 9662.831719207932 10065.093785386813 94.03115995096418
    vertex 9662.887600852819 10065.518248620781 94.03115996361457
  endloop
endfacet
facet normal -0.9908615095024367 0.13044939351286916 -0.03429904836402035
  outer loop
    vertex 9662.831719207932 10065.093785386813 94.03115995096418
    vertex 9663.233754698971 10065.518248918823 84.03115996361433
    vertex 9663.227407972217 10065.47004074298 84.03115996217758
  endloop
endfacet
facet normal -0.9908615095024367 0.13044939351286916 -0.03429904836402035
  outer loop
    vertex 9663.1660781478 10065.004194476936 84.03115994829385
    vertex 9662.831719207932 10065.093785386813 94.03115995096418
    vertex 9663.227407972217 10065.47004074298 84.03115996217758
  endloop
endfacet
facet normal -0.7928865426164049 -0.6084032415335617 -0.03429907038475551
  outer loop
    vertex 9662.652023705914 10066.922671771914 84.03116000547072
    vertex 9662.667882515025 10066.338248620781 94.03115998805325
    vertex 9662.407255973965 10066.677903741927 94.03115999817608
  endloop
endfacet
facet normal -0.7928865426164049 -0.6084032415335617 -0.03429907038475551
  outer loop
    vertex 9662.667882515025 10066.338248620781 94.03115998805325
    vertex 9662.652023705914 10066.922671771914 84.03116000547072
    vertex 9662.96766053941 10066.511325841899 84.03115999321125
  endloop
endfacet
facet normal 0.3824582669487261 -0.9233359340832664 -0.03429907977131157
  outer loop
    vertex 9660.733546410927 10067.436726213806 84.0311600207912
    vertex 9660.427600852818 10066.938530282987 94.03116000594365
    vertex 9660.254523929747 10067.238308605418 84.03116001487776
  endloop
endfacet
facet normal 0.3824582669487261 -0.9233359340832664 -0.03429907977131157
  outer loop
    vertex 9660.427600852818 10066.938530282987 94.03116000594365
    vertex 9660.733546410927 10067.436726213806 84.0311600207912
    vertex 9660.82313761885 10067.102366975894 94.03116001082648
  endloop
endfacet
facet normal -0.1304493924885307 -0.9908615084804541 -0.034299081783809755
  outer loop
    vertex 9661.76165529471 10067.436726213806 84.0311600207912
    vertex 9661.247600852817 10067.15824862078 94.03116001249197
    vertex 9661.247600852817 10067.504402764976 84.03116002280822
  endloop
endfacet
facet normal -0.1304493924885307 -0.9908615084804541 -0.034299081783809755
  outer loop
    vertex 9661.247600852817 10067.15824862078 94.03116001249197
    vertex 9661.76165529471 10067.436726213806 84.0311600207912
    vertex 9661.672064086786 10067.102366975894 94.03116001082648
  endloop
endfacet
facet normal 0.9233359351061996 0.38245826796935317 -0.034299040853102834
  outer loop
    vertex 9621.16754111537 10064.525171995745 84.03115993401742
    vertex 9621.30348244685 10065.093785386813 94.03115995096418
    vertex 9621.467319139758 10064.69824862078 94.03115993917594
  endloop
endfacet
facet normal 0.9233359351061996 0.38245826796935317 -0.034299040853102834
  outer loop
    vertex 9621.30348244685 10065.093785386813 94.03115995096418
    vertex 9621.16754111537 10064.525171995745 84.03115993401742
    vertex 9620.969123506982 10065.004194476933 84.03115994829385
  endloop
endfacet
facet normal 0.3824582669449992 0.9233359361293139 -0.03429902473295161
  outer loop
    vertex 9660.427600852818 10064.097966958574 94.03115992128558
    vertex 9660.733546410927 10063.59977162384 84.03115990643747
    vertex 9660.254523929743 10063.798189232226 84.03115991235096
  endloop
endfacet
facet normal 0.3824582669449992 0.9233359361293139 -0.03429902473295161
  outer loop
    vertex 9660.733546410927 10063.59977162384 84.03115990643747
    vertex 9660.427600852818 10064.097966958574 94.03115992128558
    vertex 9660.82313761885 10063.934130265667 94.03115991640267
  endloop
endfacet
facet normal -0.6084032425552488 0.7928865436390795 -0.034299028620843774
  outer loop
    vertex 9662.407255973965 10064.358593499635 94.03115992905306
    vertex 9662.240677775893 10063.798189232226 84.03115991235096
    vertex 9662.067600852819 10064.097966958574 94.03115992128558
  endloop
endfacet
facet normal -0.6084032425552488 0.7928865436390795 -0.034299028620843774
  outer loop
    vertex 9662.240677775893 10063.798189232226 84.03115991235096
    vertex 9662.407255973965 10064.358593499635 94.03115992905306
    vertex 9662.65202370591 10064.113826065723 84.03115992175795
  endloop
endfacet
facet normal 0.6084032425537407 -0.7928865415957471 -0.03429907588302872
  outer loop
    vertex 9621.894523878895 10067.238308605418 84.03116001487776
    vertex 9621.72794568082 10066.677903741927 94.03115999817608
    vertex 9621.483177948869 10066.922671771914 84.03116000547072
  endloop
endfacet
facet normal 0.6084032425537407 -0.7928865415957471 -0.03429907588302872
  outer loop
    vertex 9621.72794568082 10066.677903741927 94.03115999817608
    vertex 9621.894523878895 10067.238308605418 84.03116001487776
    vertex 9622.067600801964 10066.938530282987 94.03116000594365
  endloop
endfacet
facet normal -0.9233359351053931 -0.38245826592679755 -0.03429906365072182
  outer loop
    vertex 9624.607660488553 10066.511325841904 84.03115999321125
    vertex 9624.471719157078 10065.942711854748 94.03115997626497
    vertex 9624.30788246417 10066.338248620781 94.03115998805325
  endloop
endfacet
facet normal -0.9233359351053931 -0.38245826592679755 -0.03429906365072182
  outer loop
    vertex 9624.471719157078 10065.942711854748 94.03115997626497
    vertex 9624.607660488553 10066.511325841904 84.03115999321125
    vertex 9624.80607809695 10066.032303360706 84.03115997893482
  endloop
endfacet
facet normal 0.9908615095024146 0.13044939351302787 -0.03429904836405558
  outer loop
    vertex 9620.969123506982 10065.004194476933 84.03115994829385
    vertex 9621.247600801964 10065.518248620781 94.03115996361457
    vertex 9621.30348244685 10065.093785386813 94.03115995096418
  endloop
endfacet
facet normal 0.9908615095024146 0.13044939351302787 -0.03429904836405558
  outer loop
    vertex 9621.247600801964 10065.518248620781 94.03115996361457
    vertex 9620.969123506982 10065.004194476933 84.03115994829385
    vertex 9620.907793682563 10065.47004074298 84.03115996217758
  endloop
endfacet
facet normal 0.9908615095024146 0.13044939351302787 -0.03429904836405558
  outer loop
    vertex 9620.90144695581 10065.518248918823 84.03115996361433
    vertex 9621.247600801964 10065.518248620781 94.03115996361457
    vertex 9620.907793682563 10065.47004074298 84.03115996217758
  endloop
endfacet
facet normal 0.9908615095027377 -0.13044939146604165 -0.03429905614000963
  outer loop
    vertex 9659.261447006664 10065.518248918823 84.03115996361433
    vertex 9659.663482497705 10065.942711854748 94.03115997626497
    vertex 9659.607600852818 10065.518248620781 94.03115996361457
  endloop
endfacet
facet normal 0.9908615095027377 -0.13044939146604165 -0.03429905614000963
  outer loop
    vertex 9659.663482497705 10065.942711854748 94.03115997626497
    vertex 9659.261447006664 10065.518248918823 84.03115996361433
    vertex 9659.329123557833 10066.032303360706 84.03115997893482
  endloop
endfacet
facet normal 0.9908615095027377 -0.13044939146604165 -0.03429905614000963
  outer loop
    vertex 9659.329123557833 10066.032303360706 84.03115997893482
    vertex 9659.261447006664 10065.518248918823 84.03115996361433
    vertex 9659.267793733417 10065.566457094665 84.03115996505109
  endloop
endfacet
facet normal -0.1304493924916814 0.9908615105245445 -0.03429902272032442
  outer loop
    vertex 9623.312064035932 10063.934130265667 94.03115991640267
    vertex 9622.887600801965 10063.532095072667 84.03115990442045
    vertex 9622.887600801965 10063.87824862078 94.03115991473724
  endloop
endfacet
facet normal -0.1304493924916814 0.9908615105245445 -0.03429902272032442
  outer loop
    vertex 9622.887600801965 10063.532095072667 84.03115990442045
    vertex 9623.312064035932 10063.934130265667 94.03115991640267
    vertex 9623.401655243857 10063.59977162384 84.03115990643747
  endloop
endfacet
facet normal -0.9908615095028112 0.13044939350999096 -0.034299048364147246
  outer loop
    vertex 9624.873754648119 10065.518248918823 84.03115996361433
    vertex 9624.471719157078 10065.093785386813 94.03115995096418
    vertex 9624.527600801965 10065.518248620781 94.03115996361457
  endloop
endfacet
facet normal -0.9908615095028112 0.13044939350999096 -0.034299048364147246
  outer loop
    vertex 9624.471719157078 10065.093785386813 94.03115995096418
    vertex 9624.873754648119 10065.518248918823 84.03115996361433
    vertex 9624.867407921365 10065.470040742981 84.03115996217758
  endloop
endfacet
facet normal -0.9908615095028112 0.13044939350999096 -0.034299048364147246
  outer loop
    vertex 9624.80607809695 10065.004194476938 84.03115994829385
    vertex 9624.471719157078 10065.093785386813 94.03115995096418
    vertex 9624.867407921365 10065.470040742981 84.03115996217758
  endloop
endfacet
facet normal 0.7928865426171935 -0.6084032415325299 -0.03429907038482994
  outer loop
    vertex 9659.52754116623 10066.511325841904 84.03115999321125
    vertex 9660.087945731671 10066.677903741927 94.03115999817608
    vertex 9659.827319190612 10066.338248620781 94.03115998805325
  endloop
endfacet
facet normal 0.7928865426171935 -0.6084032415325299 -0.03429907038482994
  outer loop
    vertex 9660.087945731671 10066.677903741927 94.03115999817608
    vertex 9659.52754116623 10066.511325841904 84.03115999321125
    vertex 9659.84317799972 10066.922671771912 84.03116000547072
  endloop
endfacet
facet normal 0.13044939248870738 -0.9908615084804304 -0.034299081783819144
  outer loop
    vertex 9661.247600852817 10067.504402764976 84.03116002280822
    vertex 9660.82313761885 10067.102366975894 94.03116001082648
    vertex 9660.733546410927 10067.436726213806 84.0311600207912
  endloop
endfacet
facet normal 0.13044939248870738 -0.9908615084804304 -0.034299081783819144
  outer loop
    vertex 9660.82313761885 10067.102366975894 94.03116001082648
    vertex 9661.247600852817 10067.504402764976 84.03116002280822
    vertex 9661.247600852817 10067.15824862078 94.03116001249197
  endloop
endfacet
facet normal -0.7928865426169031 -0.6084032415329037 -0.034299070384913734
  outer loop
    vertex 9624.292023655065 10066.92267177191 84.03116000547072
    vertex 9624.30788246417 10066.338248620781 94.03115998805325
    vertex 9624.04725592311 10066.677903741927 94.03115999817608
  endloop
endfacet
facet normal -0.7928865426169031 -0.6084032415329037 -0.034299070384913734
  outer loop
    vertex 9624.30788246417 10066.338248620781 94.03115998805325
    vertex 9624.292023655065 10066.92267177191 84.03116000547072
    vertex 9624.607660488553 10066.511325841904 84.03115999321125
  endloop
endfacet
facet normal -0.3824582669489663 -0.9233359340831655 -0.03429907977135057
  outer loop
    vertex 9623.401655243857 10067.436726213806 84.0311600207912
    vertex 9623.707600801963 10066.938530282987 94.03116000594365
    vertex 9623.312064035932 10067.102366975894 94.03116001082648
  endloop
endfacet
facet normal -0.3824582669489663 -0.9233359340831655 -0.03429907977135057
  outer loop
    vertex 9623.707600801963 10066.938530282987 94.03116000594365
    vertex 9623.401655243857 10067.436726213806 84.0311600207912
    vertex 9623.880677725034 10067.23830860542 84.03116001487776
  endloop
endfacet
facet normal -0.9908615095024044 -0.13044939146861229 -0.034299056139866106
  outer loop
    vertex 9663.1660781478 10066.032303360706 84.03115997893482
    vertex 9662.887600852819 10065.518248620781 94.03115996361457
    vertex 9662.831719207932 10065.942711854748 94.03115997626497
  endloop
endfacet
facet normal -0.9908615095024044 -0.13044939146861229 -0.034299056139866106
  outer loop
    vertex 9662.887600852819 10065.518248620781 94.03115996361457
    vertex 9663.1660781478 10066.032303360706 84.03115997893482
    vertex 9663.233754698971 10065.518248918823 84.03115996361433
  endloop
endfacet
facet normal -0.9908615095024044 -0.13044939146861229 -0.034299056139866106
  outer loop
    vertex 9663.233754698971 10065.518248918823 84.03115996361433
    vertex 9663.1660781478 10066.032303360706 84.03115997893482
    vertex 9663.227407972217 10065.566457094661 84.03115996505109
  endloop
endfacet
facet normal 0.923335935106038 -0.3824582659252435 -0.03429906365069424
  outer loop
    vertex 9620.969123506982 10066.03230336071 84.03115997893482
    vertex 9621.467319139758 10066.338248620781 94.03115998805325
    vertex 9621.30348244685 10065.942711854748 94.03115997626497
  endloop
endfacet
facet normal 0.923335935106038 -0.3824582659252435 -0.03429906365069424
  outer loop
    vertex 9621.467319139758 10066.338248620781 94.03115998805325
    vertex 9620.969123506982 10066.03230336071 84.03115997893482
    vertex 9621.167541115372 10066.511325841899 84.03115999321125
  endloop
endfacet
facet normal 0.7928865426164051 -0.6084032415335617 -0.03429907038475551
  outer loop
    vertex 9621.167541115372 10066.511325841899 84.03115999321125
    vertex 9621.72794568082 10066.677903741927 94.03115999817608
    vertex 9621.467319139758 10066.338248620781 94.03115998805325
  endloop
endfacet
facet normal 0.7928865426164051 -0.6084032415335617 -0.03429907038475551
  outer loop
    vertex 9621.72794568082 10066.677903741927 94.03115999817608
    vertex 9621.167541115372 10066.511325841899 84.03115999321125
    vertex 9621.483177948869 10066.922671771914 84.03116000547072
  endloop
endfacet
facet normal -0.6084032425547087 -0.7928865415950016 -0.03429907588308984
  outer loop
    vertex 9623.880677725034 10067.23830860542 84.03116001487776
    vertex 9624.04725592311 10066.677903741927 94.03115999817608
    vertex 9623.707600801963 10066.938530282987 94.03116000594365
  endloop
endfacet
facet normal -0.6084032425547087 -0.7928865415950016 -0.03429907588308984
  outer loop
    vertex 9624.04725592311 10066.677903741927 94.03115999817608
    vertex 9623.880677725034 10067.23830860542 84.03116001487776
    vertex 9624.292023655065 10066.92267177191 84.03116000547072
  endloop
endfacet
facet normal 0.38245826694979496 -0.9233359340828259 -0.034299079771256416
  outer loop
    vertex 9622.373546360073 10067.436726213806 84.0311600207912
    vertex 9622.067600801964 10066.938530282987 94.03116000594365
    vertex 9621.894523878895 10067.238308605418 84.03116001487776
  endloop
endfacet
facet normal 0.38245826694979496 -0.9233359340828259 -0.034299079771256416
  outer loop
    vertex 9622.067600801964 10066.938530282987 94.03116000594365
    vertex 9622.373546360073 10067.436726213806 84.0311600207912
    vertex 9622.463137567996 10067.102366975894 94.03116001082648
  endloop
endfacet
facet normal 0.9908615095024589 -0.13044939146819723 -0.03429905613987032
  outer loop
    vertex 9620.90144695581 10065.518248918823 84.03115996361433
    vertex 9621.30348244685 10065.942711854748 94.03115997626497
    vertex 9621.247600801964 10065.518248620781 94.03115996361457
  endloop
endfacet
facet normal 0.9908615095024589 -0.13044939146819723 -0.03429905613987032
  outer loop
    vertex 9621.30348244685 10065.942711854748 94.03115997626497
    vertex 9620.90144695581 10065.518248918823 84.03115996361433
    vertex 9620.969123506982 10066.03230336071 84.03115997893482
  endloop
endfacet
facet normal 0.9908615095024589 -0.13044939146819723 -0.03429905613987032
  outer loop
    vertex 9620.969123506982 10066.03230336071 84.03115997893482
    vertex 9620.90144695581 10065.518248918823 84.03115996361433
    vertex 9620.907793682565 10065.566457094665 84.03115996505109
  endloop
endfacet
facet normal 0.6084032425559783 0.7928865436385252 -0.03429902862071615
  outer loop
    vertex 9660.087945731671 10064.358593499635 94.03115992905306
    vertex 9660.254523929743 10063.798189232226 84.03115991235096
    vertex 9659.843177999723 10064.113826065728 84.03115992175795
  endloop
endfacet
facet normal 0.6084032425559783 0.7928865436385252 -0.03429902862071615
  outer loop
    vertex 9660.254523929743 10063.798189232226 84.03115991235096
    vertex 9660.087945731671 10064.358593499635 94.03115992905306
    vertex 9660.427600852818 10064.097966958574 94.03115992128558
  endloop
endfacet
facet normal 0.9233359351053931 -0.3824582659267975 -0.03429906365072182
  outer loop
    vertex 9659.329123557833 10066.032303360706 84.03115997893482
    vertex 9659.827319190612 10066.338248620781 94.03115998805325
    vertex 9659.663482497705 10065.942711854748 94.03115997626497
  endloop
endfacet
facet normal 0.9233359351053931 -0.3824582659267975 -0.03429906365072182
  outer loop
    vertex 9659.827319190612 10066.338248620781 94.03115998805325
    vertex 9659.329123557833 10066.032303360706 84.03115997893482
    vertex 9659.52754116623 10066.511325841904 84.03115999321125
  endloop
endfacet
facet normal -0.7928865426170966 0.6084032435771569 -0.034299034119081
  outer loop
    vertex 9662.967660539412 10064.525171995745 84.03115993401742
    vertex 9662.407255973965 10064.358593499635 94.03115992905306
    vertex 9662.667882515025 10064.69824862078 94.03115993917594
  endloop
endfacet
facet normal -0.7928865426170966 0.6084032435771569 -0.034299034119081
  outer loop
    vertex 9662.407255973965 10064.358593499635 94.03115992905306
    vertex 9662.967660539412 10064.525171995745 84.03115993401742
    vertex 9662.65202370591 10064.113826065723 84.03115992175795
  endloop
endfacet
facet normal 0.13044939249150453 0.9908615105245681 -0.034299022720315
  outer loop
    vertex 9622.463137567996 10063.934130265667 94.03115991640267
    vertex 9622.887600801965 10063.532095072667 84.03115990442045
    vertex 9622.373546360073 10063.59977162384 84.03115990643747
  endloop
endfacet
facet normal 0.13044939249150453 0.9908615105245681 -0.034299022720315
  outer loop
    vertex 9622.887600801965 10063.532095072667 84.03115990442045
    vertex 9622.463137567996 10063.934130265667 94.03115991640267
    vertex 9622.887600801965 10063.87824862078 94.03115991473724
  endloop
endfacet
facet normal 0.9908615095028112 0.13044939350999102 -0.03429904836414724
  outer loop
    vertex 9659.329123557833 10065.004194476938 84.03115994829385
    vertex 9659.607600852818 10065.518248620781 94.03115996361457
    vertex 9659.663482497705 10065.093785386813 94.03115995096418
  endloop
endfacet
facet normal 0.9908615095028112 0.13044939350999102 -0.03429904836414724
  outer loop
    vertex 9659.607600852818 10065.518248620781 94.03115996361457
    vertex 9659.329123557833 10065.004194476938 84.03115994829385
    vertex 9659.267793733417 10065.470040742981 84.03115996217758
  endloop
endfacet
facet normal 0.9908615095028112 0.13044939350999102 -0.03429904836414724
  outer loop
    vertex 9659.261447006664 10065.518248918823 84.03115996361433
    vertex 9659.607600852818 10065.518248620781 94.03115996361457
    vertex 9659.267793733417 10065.470040742981 84.03115996217758
  endloop
endfacet
facet normal -0.9908615095027652 -0.13044939146583662 -0.03429905613999854
  outer loop
    vertex 9624.80607809695 10066.032303360706 84.03115997893482
    vertex 9624.527600801965 10065.518248620781 94.03115996361457
    vertex 9624.471719157078 10065.942711854748 94.03115997626497
  endloop
endfacet
facet normal -0.9908615095027652 -0.13044939146583662 -0.03429905613999854
  outer loop
    vertex 9624.527600801965 10065.518248620781 94.03115996361457
    vertex 9624.80607809695 10066.032303360706 84.03115997893482
    vertex 9624.873754648119 10065.518248918823 84.03115996361433
  endloop
endfacet
facet normal -0.9908615095027652 -0.13044939146583662 -0.03429905613999854
  outer loop
    vertex 9624.873754648119 10065.518248918823 84.03115996361433
    vertex 9624.80607809695 10066.032303360706 84.03115997893482
    vertex 9624.867407921365 10065.566457094661 84.03115996505109
  endloop
endfacet
facet normal -0.3824582669454819 0.9233359361291129 -0.03429902473297919
  outer loop
    vertex 9623.707600801963 10064.097966958574 94.03115992128558
    vertex 9623.401655243857 10063.59977162384 84.03115990643747
    vertex 9623.312064035932 10063.934130265667 94.03115991640267
  endloop
endfacet
facet normal -0.3824582669454819 0.9233359361291129 -0.03429902473297919
  outer loop
    vertex 9623.401655243857 10063.59977162384 84.03115990643747
    vertex 9623.707600801963 10064.097966958574 94.03115992128558
    vertex 9623.88067772504 10063.798189232226 84.03115991235096
  endloop
endfacet
facet normal 0.7928865426170966 0.6084032435771569 -0.03429903411908099
  outer loop
    vertex 9621.72794568082 10064.358593499635 94.03115992905306
    vertex 9621.16754111537 10064.525171995745 84.03115993401742
    vertex 9621.467319139758 10064.69824862078 94.03115993917594
  endloop
endfacet
facet normal 0.7928865426170966 0.6084032435771569 -0.03429903411908099
  outer loop
    vertex 9621.16754111537 10064.525171995745 84.03115993401742
    vertex 9621.72794568082 10064.358593499635 94.03115992905306
    vertex 9621.483177948872 10064.113826065723 84.03115992175795
  endloop
endfacet
facet normal -0.1304493924887075 -0.9908615084804304 -0.034299081783819164
  outer loop
    vertex 9623.401655243857 10067.436726213806 84.0311600207912
    vertex 9622.887600801965 10067.15824862078 94.03116001249197
    vertex 9622.887600801965 10067.504402764976 84.03116002280822
  endloop
endfacet
facet normal -0.1304493924887075 -0.9908615084804304 -0.034299081783819164
  outer loop
    vertex 9622.887600801965 10067.15824862078 94.03116001249197
    vertex 9623.401655243857 10067.436726213806 84.0311600207912
    vertex 9623.312064035932 10067.102366975894 94.03116001082648
  endloop
endfacet
facet normal 1.0442814130877672e-26 -0.9999999999999997 -2.980396493605893e-08
  outer loop
    vertex 9639.26760082739 10112.89777014193 84.03116137567885
    vertex 9627.887600801963 10112.897769820047 94.83116137567895
    vertex 9627.887600801963 10112.89777014193 84.03116137567885
  endloop
endfacet
facet normal 1.0442814130877672e-26 -0.9999999999999997 -2.980396493605893e-08
  outer loop
    vertex 9627.887600801963 10112.897769820047 94.83116137567895
    vertex 9639.26760082739 10112.89777014193 84.03116137567885
    vertex 9642.067600827391 10112.897770058475 86.83116137567968
  endloop
endfacet
facet normal 1.0442814130877672e-26 -0.9999999999999997 -2.980396493605893e-08
  outer loop
    vertex 9627.887600801963 10112.897769820047 94.83116137567895
    vertex 9642.067600827391 10112.897770058475 86.83116137567968
    vertex 9656.24760085282 10112.897769820047 94.83116137567895
  endloop
endfacet
facet normal 1.0442814130877672e-26 -0.9999999999999997 -2.980396493605893e-08
  outer loop
    vertex 9656.24760085282 10112.897769820047 94.83116137567895
    vertex 9642.067600827391 10112.897770058475 86.83116137567968
    vertex 9644.86760082739 10112.89777014193 84.03116137567885
  endloop
endfacet
facet normal 1.0442814130877672e-26 -0.9999999999999997 -2.980396493605893e-08
  outer loop
    vertex 9656.24760085282 10112.897769820047 94.83116137567895
    vertex 9644.86760082739 10112.89777014193 84.03116137567885
    vertex 9656.24760085282 10112.89777014193 84.03116137567885
  endloop
endfacet
facet normal 0.6084032425550066 0.7928865436392657 -0.03429902862083048
  outer loop
    vertex 9621.72794568082 10064.358593499635 94.03115992905306
    vertex 9621.894523878887 10063.798189232226 84.03115991235096
    vertex 9621.483177948872 10064.113826065723 84.03115992175795
  endloop
endfacet
facet normal 0.6084032425550066 0.7928865436392657 -0.03429902862083048
  outer loop
    vertex 9621.894523878887 10063.798189232226 84.03115991235096
    vertex 9621.72794568082 10064.358593499635 94.03115992905306
    vertex 9622.067600801964 10064.097966958574 94.03115992128558
  endloop
endfacet
facet normal -0.9233359351049718 0.38245826797232046 -0.034299040853063824
  outer loop
    vertex 9624.471719157078 10065.093785386813 94.03115995096418
    vertex 9624.607660488553 10064.52517199574 84.03115993401742
    vertex 9624.30788246417 10064.69824862078 94.03115993917594
  endloop
endfacet
facet normal -0.9233359351049718 0.38245826797232046 -0.034299040853063824
  outer loop
    vertex 9624.607660488553 10064.52517199574 84.03115993401742
    vertex 9624.471719157078 10065.093785386813 94.03115995096418
    vertex 9624.80607809695 10065.004194476938 84.03115994829385
  endloop
endfacet
facet normal -0.6084032425559764 0.7928865436385227 -0.034299028620803876
  outer loop
    vertex 9624.04725592311 10064.358593499635 94.03115992905306
    vertex 9623.88067772504 10063.798189232226 84.03115991235096
    vertex 9623.707600801963 10064.097966958574 94.03115992128558
  endloop
endfacet
facet normal -0.6084032425559764 0.7928865436385227 -0.034299028620803876
  outer loop
    vertex 9623.88067772504 10063.798189232226 84.03115991235096
    vertex 9624.04725592311 10064.358593499635 94.03115992905306
    vertex 9624.292023655062 10064.113826065728 84.03115992175795
  endloop
endfacet
facet normal 0.7928865426182592 0.6084032435756423 -0.034299034119067685
  outer loop
    vertex 9660.087945731671 10064.358593499635 94.03115992905306
    vertex 9659.52754116623 10064.52517199574 84.03115993401742
    vertex 9659.827319190612 10064.69824862078 94.03115993917594
  endloop
endfacet
facet normal 0.7928865426182592 0.6084032435756423 -0.034299034119067685
  outer loop
    vertex 9659.52754116623 10064.52517199574 84.03115993401742
    vertex 9660.087945731671 10064.358593499635 94.03115992905306
    vertex 9659.843177999723 10064.113826065728 84.03115992175795
  endloop
endfacet
facet normal -0.7928865426175978 0.6084032435765012 -0.03429903411912487
  outer loop
    vertex 9624.607660488553 10064.52517199574 84.03115993401742
    vertex 9624.04725592311 10064.358593499635 94.03115992905306
    vertex 9624.30788246417 10064.69824862078 94.03115993917594
  endloop
endfacet
facet normal -0.7928865426175978 0.6084032435765012 -0.03429903411912487
  outer loop
    vertex 9624.04725592311 10064.358593499635 94.03115992905306
    vertex 9624.607660488553 10064.52517199574 84.03115993401742
    vertex 9624.292023655062 10064.113826065728 84.03115992175795
  endloop
endfacet
facet normal 0.13044939248853063 -0.9908615084804541 -0.03429908178380974
  outer loop
    vertex 9622.887600801965 10067.504402764976 84.03116002280822
    vertex 9622.463137567996 10067.102366975894 94.03116001082648
    vertex 9622.373546360073 10067.436726213806 84.0311600207912
  endloop
endfacet
facet normal 0.13044939248853063 -0.9908615084804541 -0.03429908178380974
  outer loop
    vertex 9622.463137567996 10067.102366975894 94.03116001082648
    vertex 9622.887600801965 10067.504402764976 84.03116002280822
    vertex 9622.887600801965 10067.15824862078 94.03116001249197
  endloop
endfacet
facet normal 0.13044939248810505 0.9908615105250149 -0.03429902272033386
  outer loop
    vertex 9622.463137567996 10102.934130265667 94.03116107873012
    vertex 9622.887600801965 10102.53209507267 84.03116106674787
    vertex 9622.373546360071 10102.599771623838 84.03116106876487
  endloop
endfacet
facet normal 0.13044939248810505 0.9908615105250149 -0.03429902272033386
  outer loop
    vertex 9622.887600801965 10102.53209507267 84.03116106674787
    vertex 9622.463137567996 10102.934130265667 94.03116107873012
    vertex 9622.887600801965 10102.878248620782 94.03116107706462
  endloop
endfacet
facet normal 0.7928865426178169 -0.6084032415317204 -0.034299070384776774
  outer loop
    vertex 9659.52754116623 10105.511325841902 84.0311611555387
    vertex 9660.087945731671 10105.677903741927 94.0311611605035
    vertex 9659.82731919061 10105.338248620781 94.03116115038067
  endloop
endfacet
facet normal 0.7928865426178169 -0.6084032415317204 -0.034299070384776774
  outer loop
    vertex 9660.087945731671 10105.677903741927 94.0311611605035
    vertex 9659.52754116623 10105.511325841902 84.0311611555387
    vertex 9659.843177999725 10105.92267177192 84.03116116779813
  endloop
endfacet
facet normal -0.1304493924889544 -0.9908615084803989 -0.034299081783791034
  outer loop
    vertex 9661.761655294706 10106.436726213806 84.03116118311868
    vertex 9661.247600852817 10106.15824862078 94.03116117481935
    vertex 9661.247600852817 10106.504402764976 84.03116118513562
  endloop
endfacet
facet normal -0.1304493924889544 -0.9908615084803989 -0.034299081783791034
  outer loop
    vertex 9661.247600852817 10106.15824862078 94.03116117481935
    vertex 9661.761655294706 10106.436726213806 84.03116118311868
    vertex 9661.672064086786 10106.102366975894 94.03116117315389
  endloop
endfacet
facet normal 1.0 0.0 0.0
  outer loop
    vertex 9627.887600801963 10097.897769820045 94.83116092862994
    vertex 9627.887600801963 10112.89777014193 84.03116137567885
    vertex 9627.887600801963 10112.897769820047 94.83116137567895
  endloop
endfacet
facet normal 1.0 0.0 0.0
  outer loop
    vertex 9627.887600801963 10112.89777014193 84.03116137567885
    vertex 9627.887600801963 10097.897769820045 94.83116092862994
    vertex 9627.887600801963 10097.89777014193 84.03116092862983
  endloop
endfacet
facet normal -3.385254904376292e-25 0.9999999999999997 2.9804100268018065e-08
  outer loop
    vertex 9656.24760085282 10097.897769820045 94.83116092862994
    vertex 9627.887600801963 10097.89777014193 84.03116092862983
    vertex 9627.887600801963 10097.897769820045 94.83116092862994
  endloop
endfacet
facet normal -3.385254904376292e-25 0.9999999999999997 2.9804100268018065e-08
  outer loop
    vertex 9627.887600801963 10097.89777014193 84.03116092862983
    vertex 9656.24760085282 10097.897769820045 94.83116092862994
    vertex 9642.067600827391 10097.897770058475 86.83116092863067
  endloop
endfacet
facet normal -3.385254904376292e-25 0.9999999999999997 2.9804100268018065e-08
  outer loop
    vertex 9627.887600801963 10097.89777014193 84.03116092862983
    vertex 9642.067600827391 10097.897770058475 86.83116092863067
    vertex 9639.26760082739 10097.89777014193 84.03116092862983
  endloop
endfacet
facet normal -3.385254904376292e-25 0.9999999999999997 2.9804100268018065e-08
  outer loop
    vertex 9642.067600827391 10097.897770058475 86.83116092863067
    vertex 9656.24760085282 10097.897769820045 94.83116092862994
    vertex 9644.86760082739 10097.89777014193 84.03116092862983
  endloop
endfacet
facet normal -3.385254904376292e-25 0.9999999999999997 2.9804100268018065e-08
  outer loop
    vertex 9644.86760082739 10097.89777014193 84.03116092862983
    vertex 9656.24760085282 10097.897769820045 94.83116092862994
    vertex 9656.24760085282 10097.89777014193 84.03116092862983
  endloop
endfacet
facet normal -0.3824582669460679 0.923335936128869 -0.03429902473300679
  outer loop
    vertex 9662.067600852819 10103.097966958574 94.03116108361294
    vertex 9661.761655294713 10102.599771623838 84.03116106876487
    vertex 9661.672064086786 10102.934130265667 94.03116107873012
  endloop
endfacet
facet normal -0.3824582669460679 0.923335936128869 -0.03429902473300679
  outer loop
    vertex 9661.761655294713 10102.599771623838 84.03116106876487
    vertex 9662.067600852819 10103.097966958574 94.03116108361294
    vertex 9662.240677775893 10102.798189232226 84.03116107467838
  endloop
endfacet
facet normal -1.0 0.0 0.0
  outer loop
    vertex 9656.24760085282 10112.89777014193 84.03116137567885
    vertex 9656.24760085282 10097.897769820045 94.83116092862994
    vertex 9656.24760085282 10112.897769820047 94.83116137567895
  endloop
endfacet
facet normal -1.0 0.0 0.0
  outer loop
    vertex 9656.24760085282 10097.897769820045 94.83116092862994
    vertex 9656.24760085282 10112.89777014193 84.03116137567885
    vertex 9656.24760085282 10097.89777014193 84.03116092862983
  endloop
endfacet
facet normal 1.7221956258398986e-27 -0.9999999999999997 -2.980383594778549e-08
  outer loop
    vertex 9639.26760082739 10047.979281744898 84.03115944089583
    vertex 9610.887600801965 10047.979281423017 94.83115944089587
    vertex 9610.887600801965 10047.979281744898 84.03115944089583
  endloop
endfacet
facet normal 1.7221956258398986e-27 -0.9999999999999997 -2.980383594778549e-08
  outer loop
    vertex 9610.887600801965 10047.979281423017 94.83115944089587
    vertex 9639.26760082739 10047.979281744898 84.03115944089583
    vertex 9642.067600827391 10047.979281661446 86.83115944089663
  endloop
endfacet
facet normal 1.7221956258398986e-27 -0.9999999999999997 -2.980383594778549e-08
  outer loop
    vertex 9610.887600801965 10047.979281423017 94.83115944089587
    vertex 9642.067600827391 10047.979281661446 86.83115944089663
    vertex 9673.247600852817 10047.979281423017 94.83115944089587
  endloop
endfacet
facet normal 1.7221956258398986e-27 -0.9999999999999997 -2.980383594778549e-08
  outer loop
    vertex 9673.247600852817 10047.979281423017 94.83115944089587
    vertex 9642.067600827391 10047.979281661446 86.83115944089663
    vertex 9644.86760082739 10047.979281744898 84.03115944089583
  endloop
endfacet
facet normal 1.7221956258398986e-27 -0.9999999999999997 -2.980383594778549e-08
  outer loop
    vertex 9673.247600852817 10047.979281423017 94.83115944089587
    vertex 9644.86760082739 10047.979281744898 84.03115944089583
    vertex 9673.247600852817 10047.979281744898 84.03115944089583
  endloop
endfacet
facet normal -0.7928865426175729 -0.6084032415320332 -0.034299070384873856
  outer loop
    vertex 9624.292023655062 10105.922671771916 84.03116116779813
    vertex 9624.30788246417 10105.338248620781 94.03116115038067
    vertex 9624.04725592311 10105.677903741927 94.0311611605035
  endloop
endfacet
facet normal -0.7928865426175729 -0.6084032415320332 -0.034299070384873856
  outer loop
    vertex 9624.30788246417 10105.338248620781 94.03116115038067
    vertex 9624.292023655062 10105.922671771916 84.03116116779813
    vertex 9624.607660488553 10105.511325841902 84.0311611555387
  endloop
endfacet
facet normal 0.9908615095027955 -0.1304493914656086 -0.03429905613999076
  outer loop
    vertex 9659.607600852818 10104.518248620781 94.03116112594199
    vertex 9659.329123557833 10105.032303360706 84.03116114126226
    vertex 9659.663482497705 10104.94271185475 94.03116113859241
  endloop
endfacet
facet normal 0.9908615095027955 -0.1304493914656086 -0.03429905613999076
  outer loop
    vertex 9659.329123557833 10105.032303360706 84.03116114126226
    vertex 9659.607600852818 10104.518248620781 94.03116112594199
    vertex 9659.261447006664 10104.51824891882 84.03116112594176
  endloop
endfacet
facet normal 0.9908615095027955 -0.1304493914656086 -0.03429905613999076
  outer loop
    vertex 9659.329123557833 10105.032303360706 84.03116114126226
    vertex 9659.261447006664 10104.51824891882 84.03116112594176
    vertex 9659.267793733417 10104.566457094665 84.0311611273785
  endloop
endfacet
facet normal 0.99086150950266 0.13044939351118498 -0.03429904836397247
  outer loop
    vertex 9620.969123506982 10104.004194476933 84.03116111062126
    vertex 9621.247600801964 10104.518248620781 94.03116112594199
    vertex 9621.30348244685 10104.093785386813 94.0311611132916
  endloop
endfacet
facet normal 0.99086150950266 0.13044939351118498 -0.03429904836397247
  outer loop
    vertex 9621.247600801964 10104.518248620781 94.03116112594199
    vertex 9620.969123506982 10104.004194476933 84.03116111062126
    vertex 9620.901446955811 10104.518248918823 84.03116112594176
  endloop
endfacet
facet normal -0.13044939248913123 -0.9908615084803754 -0.03429908178380044
  outer loop
    vertex 9623.401655243853 10106.436726213806 84.03116118311868
    vertex 9622.887600801965 10106.15824862078 94.03116117481935
    vertex 9622.887600801965 10106.504402764976 84.03116118513562
  endloop
endfacet
facet normal -0.13044939248913123 -0.9908615084803754 -0.03429908178380044
  outer loop
    vertex 9622.887600801965 10106.15824862078 94.03116117481935
    vertex 9623.401655243853 10106.436726213806 84.03116118311868
    vertex 9623.312064035932 10106.102366975894 94.03116117315389
  endloop
endfacet
facet normal -0.9233359351069235 0.38245826796760163 -0.034299040853141886
  outer loop
    vertex 9662.831719207932 10104.093785386813 94.0311611132916
    vertex 9662.967660539412 10103.525171995745 84.03116109634483
    vertex 9662.667882515025 10103.69824862078 94.03116110150333
  endloop
endfacet
facet normal -0.9233359351069235 0.38245826796760163 -0.034299040853141886
  outer loop
    vertex 9662.967660539412 10103.525171995745 84.03116109634483
    vertex 9662.831719207932 10104.093785386813 94.0311611132916
    vertex 9663.1660781478 10104.004194476935 84.03116111062126
  endloop
endfacet
facet normal -0.13044939248828177 0.9908615105249914 -0.03429902272034326
  outer loop
    vertex 9623.312064035932 10102.934130265667 94.03116107873012
    vertex 9622.887600801965 10102.53209507267 84.03116106674787
    vertex 9622.887600801965 10102.878248620782 94.03116107706462
  endloop
endfacet
facet normal -0.13044939248828177 0.9908615105249914 -0.03429902272034326
  outer loop
    vertex 9622.887600801965 10102.53209507267 84.03116106674787
    vertex 9623.312064035932 10102.934130265667 94.03116107873012
    vertex 9623.401655243859 10102.599771623838 84.03116106876487
  endloop
endfacet
facet normal 0.9233359351061994 0.3824582679693535 -0.03429904085310289
  outer loop
    vertex 9621.16754111537 10103.525171995745 84.03116109634483
    vertex 9621.30348244685 10104.093785386813 94.0311611132916
    vertex 9621.467319139758 10103.69824862078 94.03116110150333
  endloop
endfacet
facet normal 0.9233359351061994 0.3824582679693535 -0.03429904085310289
  outer loop
    vertex 9621.30348244685 10104.093785386813 94.0311611132916
    vertex 9621.16754111537 10103.525171995745 84.03116109634483
    vertex 9620.969123506982 10104.004194476933 84.03116111062126
  endloop
endfacet
facet normal 0.7928865426170715 -0.6084032415326889 -0.034299070384829995
  outer loop
    vertex 9621.16754111537 10105.511325841897 84.0311611555387
    vertex 9621.72794568082 10105.677903741927 94.0311611605035
    vertex 9621.467319139758 10105.338248620781 94.03116115038067
  endloop
endfacet
facet normal 0.7928865426170715 -0.6084032415326889 -0.034299070384829995
  outer loop
    vertex 9621.72794568082 10105.677903741927 94.0311611605035
    vertex 9621.16754111537 10105.511325841897 84.0311611555387
    vertex 9621.483177948872 10105.92267177192 84.03116116779813
  endloop
endfacet
facet normal 0.6084032425550069 0.7928865436392656 -0.03429902862083043
  outer loop
    vertex 9621.72794568082 10103.358593499634 94.03116109138051
    vertex 9621.894523878887 10102.798189232226 84.03116107467838
    vertex 9621.483177948872 10103.113826065723 84.03116108408534
  endloop
endfacet
facet normal 0.6084032425550069 0.7928865436392656 -0.03429902862083043
  outer loop
    vertex 9621.894523878887 10102.798189232226 84.03116107467838
    vertex 9621.72794568082 10103.358593499634 94.03116109138051
    vertex 9622.067600801964 10103.097966958574 94.03116108361294
  endloop
endfacet
facet normal -0.9908615095027976 0.13044939351009271 -0.03429904836415278
  outer loop
    vertex 9624.873754648119 10104.518248918823 84.03116112594176
    vertex 9624.471719157078 10104.093785386813 94.0311611132916
    vertex 9624.527600801965 10104.518248620781 94.03116112594199
  endloop
endfacet
facet normal -0.9908615095027976 0.13044939351009271 -0.03429904836415278
  outer loop
    vertex 9624.471719157078 10104.093785386813 94.0311611132916
    vertex 9624.873754648119 10104.518248918823 84.03116112594176
    vertex 9624.80607809695 10104.004194476938 84.03116111062126
  endloop
endfacet
facet normal -0.9908615095027976 0.13044939351009271 -0.03429904836415278
  outer loop
    vertex 9624.80607809695 10104.004194476938 84.03116111062126
    vertex 9624.873754648119 10104.518248918823 84.03116112594176
    vertex 9624.867407921365 10104.47004074298 84.03116112450499
  endloop
endfacet
facet normal 0.7928865426170963 0.6084032435771572 -0.03429903411908093
  outer loop
    vertex 9621.483177948872 10103.113826065723 84.03116108408534
    vertex 9621.467319139758 10103.69824862078 94.03116110150333
    vertex 9621.72794568082 10103.358593499634 94.03116109138051
  endloop
endfacet
facet normal 0.7928865426170963 0.6084032435771572 -0.03429903411908093
  outer loop
    vertex 9621.467319139758 10103.69824862078 94.03116110150333
    vertex 9621.483177948872 10103.113826065723 84.03116108408534
    vertex 9621.16754111537 10103.525171995745 84.03116109634483
  endloop
endfacet
facet normal 0.13044939248828186 0.9908615105249914 -0.03429902272034327
  outer loop
    vertex 9660.82313761885 10102.934130265667 94.03116107873012
    vertex 9661.247600852817 10102.53209507267 84.03116106674787
    vertex 9660.733546410924 10102.599771623838 84.03116106876487
  endloop
endfacet
facet normal 0.13044939248828186 0.9908615105249914 -0.03429902272034327
  outer loop
    vertex 9661.247600852817 10102.53209507267 84.03116106674787
    vertex 9660.82313761885 10102.934130265667 94.03116107873012
    vertex 9661.247600852817 10102.878248620782 94.03116107706462
  endloop
endfacet
facet normal 0.38245826694616974 0.9233359361288268 -0.03429902473300679
  outer loop
    vertex 9660.427600852818 10103.097966958574 94.03116108361294
    vertex 9660.733546410924 10102.599771623838 84.03116106876487
    vertex 9660.254523929743 10102.798189232226 84.03116107467838
  endloop
endfacet
facet normal 0.38245826694616974 0.9233359361288268 -0.03429902473300679
  outer loop
    vertex 9660.733546410924 10102.599771623838 84.03116106876487
    vertex 9660.427600852818 10103.097966958574 94.03116108361294
    vertex 9660.82313761885 10102.934130265667 94.03116107873012
  endloop
endfacet
facet normal 0.38245826694653373 -0.9233359340841774 -0.03429907977123374
  outer loop
    vertex 9622.373546360075 10106.436726213806 84.03116118311868
    vertex 9622.067600801964 10105.938530282989 94.03116116827101
    vertex 9621.894523878887 10106.238308605416 84.03116117720519
  endloop
endfacet
facet normal 0.38245826694653373 -0.9233359340841774 -0.03429907977123374
  outer loop
    vertex 9622.067600801964 10105.938530282989 94.03116116827101
    vertex 9622.373546360075 10106.436726213806 84.03116118311868
    vertex 9622.463137567996 10106.102366975894 94.03116117315389
  endloop
endfacet
facet normal 0.13044939248874024 -0.9908615084804268 -0.03429908178380044
  outer loop
    vertex 9622.887600801965 10106.504402764976 84.03116118513562
    vertex 9622.463137567996 10106.102366975894 94.03116117315389
    vertex 9622.373546360075 10106.436726213806 84.03116118311868
  endloop
endfacet
facet normal 0.13044939248874024 -0.9908615084804268 -0.03429908178380044
  outer loop
    vertex 9622.463137567996 10106.102366975894 94.03116117315389
    vertex 9622.887600801965 10106.504402764976 84.03116118513562
    vertex 9622.887600801965 10106.15824862078 94.03116117481935
  endloop
endfacet
facet normal -0.6084032425559767 0.7928865436385226 -0.034299028620803834
  outer loop
    vertex 9624.04725592311 10103.358593499634 94.03116109138051
    vertex 9623.88067772504 10102.798189232226 84.03116107467838
    vertex 9623.707600801963 10103.097966958574 94.03116108361294
  endloop
endfacet
facet normal -0.6084032425559767 0.7928865436385226 -0.034299028620803834
  outer loop
    vertex 9623.88067772504 10102.798189232226 84.03116107467838
    vertex 9624.04725592311 10103.358593499634 94.03116109138051
    vertex 9624.292023655062 10103.113826065728 84.03116108408534
  endloop
endfacet
facet normal -0.3824582669451212 -0.9233359340847623 -0.03429907977124517
  outer loop
    vertex 9661.761655294706 10106.436726213806 84.03116118311868
    vertex 9662.067600852819 10105.938530282989 94.03116116827101
    vertex 9661.672064086786 10106.102366975894 94.03116117315389
  endloop
endfacet
facet normal -0.3824582669451212 -0.9233359340847623 -0.03429907977124517
  outer loop
    vertex 9662.067600852819 10105.938530282989 94.03116116827101
    vertex 9661.761655294706 10106.436726213806 84.03116118311868
    vertex 9662.240677775893 10106.238308605418 84.03116117720519
  endloop
endfacet
facet normal -0.990861509502453 0.13044939351274198 -0.03429904836403451
  outer loop
    vertex 9663.233754698971 10104.518248918823 84.03116112594176
    vertex 9662.831719207932 10104.093785386813 94.0311611132916
    vertex 9662.887600852819 10104.518248620781 94.03116112594199
  endloop
endfacet
facet normal -0.990861509502453 0.13044939351274198 -0.03429904836403451
  outer loop
    vertex 9662.831719207932 10104.093785386813 94.0311611132916
    vertex 9663.233754698971 10104.518248918823 84.03116112594176
    vertex 9663.1660781478 10104.004194476935 84.03116111062126
  endloop
endfacet
facet normal -0.9233359351049523 -0.382458265927867 -0.03429906365066668
  outer loop
    vertex 9624.30788246417 10105.338248620781 94.03116115038067
    vertex 9624.80607809695 10105.032303360706 84.03116114126226
    vertex 9624.471719157078 10104.94271185475 94.03116113859241
  endloop
endfacet
facet normal -0.9233359351049523 -0.382458265927867 -0.03429906365066668
  outer loop
    vertex 9624.80607809695 10105.032303360706 84.03116114126226
    vertex 9624.30788246417 10105.338248620781 94.03116115038067
    vertex 9624.607660488553 10105.511325841902 84.0311611555387
  endloop
endfacet
facet normal -0.6084032425552489 0.7928865436390793 -0.03429902862084373
  outer loop
    vertex 9662.407255973965 10103.358593499634 94.03116109138051
    vertex 9662.240677775893 10102.798189232226 84.03116107467838
    vertex 9662.067600852819 10103.097966958574 94.03116108361294
  endloop
endfacet
facet normal -0.6084032425552489 0.7928865436390793 -0.03429902862084373
  outer loop
    vertex 9662.240677775893 10102.798189232226 84.03116107467838
    vertex 9662.407255973965 10103.358593499634 94.03116109138051
    vertex 9662.65202370591 10103.113826065723 84.03116108408534
  endloop
endfacet
facet normal -0.7928865426170716 -0.6084032415326887 -0.03429907038482999
  outer loop
    vertex 9662.65202370591 10105.92267177192 84.03116116779813
    vertex 9662.667882515025 10105.338248620781 94.03116115038067
    vertex 9662.407255973965 10105.677903741927 94.0311611605035
  endloop
endfacet
facet normal -0.7928865426170716 -0.6084032415326887 -0.03429907038482999
  outer loop
    vertex 9662.667882515025 10105.338248620781 94.03116115038067
    vertex 9662.65202370591 10105.92267177192 84.03116116779813
    vertex 9662.967660539412 10105.511325841897 84.0311611555387
  endloop
endfacet
facet normal 0.6084032425549816 -0.7928865415947842 -0.03429907588327477
  outer loop
    vertex 9621.894523878887 10106.238308605416 84.03116117720519
    vertex 9621.72794568082 10105.677903741927 94.0311611605035
    vertex 9621.483177948872 10105.92267177192 84.03116116779813
  endloop
endfacet
facet normal 0.6084032425549816 -0.7928865415947842 -0.03429907588327477
  outer loop
    vertex 9621.72794568082 10105.677903741927 94.0311611605035
    vertex 9621.894523878887 10106.238308605416 84.03116117720519
    vertex 9622.067600801964 10105.938530282989 94.03116116827101
  endloop
endfacet
facet normal -0.7928865426170963 0.6084032435771574 -0.03429903411908093
  outer loop
    vertex 9662.667882515025 10103.69824862078 94.03116110150333
    vertex 9662.65202370591 10103.113826065723 84.03116108408534
    vertex 9662.407255973965 10103.358593499634 94.03116109138051
  endloop
endfacet
facet normal -0.7928865426170963 0.6084032435771574 -0.03429903411908093
  outer loop
    vertex 9662.65202370591 10103.113826065723 84.03116108408534
    vertex 9662.667882515025 10103.69824862078 94.03116110150333
    vertex 9662.967660539412 10103.525171995745 84.03116109634483
  endloop
endfacet
facet normal -0.9908615095027724 -0.13044939146578222 -0.0342990561399958
  outer loop
    vertex 9624.80607809695 10105.032303360706 84.03116114126226
    vertex 9624.527600801965 10104.518248620781 94.03116112594199
    vertex 9624.471719157078 10104.94271185475 94.03116113859241
  endloop
endfacet
facet normal -0.9908615095027724 -0.13044939146578222 -0.0342990561399958
  outer loop
    vertex 9624.527600801965 10104.518248620781 94.03116112594199
    vertex 9624.80607809695 10105.032303360706 84.03116114126226
    vertex 9624.873754648119 10104.518248918823 84.03116112594176
  endloop
endfacet
facet normal -0.9908615095027724 -0.13044939146578222 -0.0342990561399958
  outer loop
    vertex 9624.873754648119 10104.518248918823 84.03116112594176
    vertex 9624.80607809695 10105.032303360706 84.03116114126226
    vertex 9624.867407921365 10104.566457094663 84.0311611273785
  endloop
endfacet
facet normal -0.7928865426175976 0.6084032435765014 -0.034299034119124806
  outer loop
    vertex 9624.30788246417 10103.69824862078 94.03116110150333
    vertex 9624.292023655062 10103.113826065728 84.03116108408534
    vertex 9624.04725592311 10103.358593499634 94.03116109138051
  endloop
endfacet
facet normal -0.7928865426175976 0.6084032435765014 -0.034299034119124806
  outer loop
    vertex 9624.292023655062 10103.113826065728 84.03116108408534
    vertex 9624.30788246417 10103.69824862078 94.03116110150333
    vertex 9624.607660488553 10103.52517199574 84.03116109634483
  endloop
endfacet
facet normal -0.3824582669457059 -0.9233359340845191 -0.03429907977127274
  outer loop
    vertex 9623.401655243853 10106.436726213806 84.03116118311868
    vertex 9623.707600801963 10105.938530282989 94.03116116827101
    vertex 9623.312064035932 10106.102366975894 94.03116117315389
  endloop
endfacet
facet normal -0.3824582669457059 -0.9233359340845191 -0.03429907977127274
  outer loop
    vertex 9623.707600801963 10105.938530282989 94.03116116827101
    vertex 9623.401655243853 10106.436726213806 84.03116118311868
    vertex 9623.88067772504 10106.238308605418 84.03116117720519
  endloop
endfacet
facet normal 0.6084032425559786 0.7928865436385248 -0.03429902862071609
  outer loop
    vertex 9660.087945731671 10103.358593499634 94.03116109138051
    vertex 9660.254523929743 10102.798189232226 84.03116107467838
    vertex 9659.843177999723 10103.113826065728 84.03116108408534
  endloop
endfacet
facet normal 0.6084032425559786 0.7928865436385248 -0.03429902862071609
  outer loop
    vertex 9660.254523929743 10102.798189232226 84.03116107467838
    vertex 9660.087945731671 10103.358593499634 94.03116109138051
    vertex 9660.427600852818 10103.097966958574 94.03116108361294
  endloop
endfacet
facet normal 0.13044939248913118 -0.9908615084803754 -0.03429908178380044
  outer loop
    vertex 9661.247600852817 10106.504402764976 84.03116118513562
    vertex 9660.82313761885 10106.102366975894 94.03116117315389
    vertex 9660.73354641093 10106.436726213806 84.03116118311868
  endloop
endfacet
facet normal 0.13044939248913118 -0.9908615084803754 -0.03429908178380044
  outer loop
    vertex 9660.82313761885 10106.102366975894 94.03116117315389
    vertex 9661.247600852817 10106.504402764976 84.03116118513562
    vertex 9661.247600852817 10106.15824862078 94.03116117481935
  endloop
endfacet
facet normal -0.9908615095024177 -0.1304493914685073 -0.034299056139881615
  outer loop
    vertex 9663.1660781478 10105.032303360707 84.03116114126226
    vertex 9662.887600852819 10104.518248620781 94.03116112594199
    vertex 9662.831719207932 10104.94271185475 94.03116113859241
  endloop
endfacet
facet normal -0.9908615095024177 -0.1304493914685073 -0.034299056139881615
  outer loop
    vertex 9662.887600852819 10104.518248620781 94.03116112594199
    vertex 9663.1660781478 10105.032303360707 84.03116114126226
    vertex 9663.233754698971 10104.518248918823 84.03116112594176
  endloop
endfacet
facet normal 0.3824582669468958 0.9233359361285277 -0.03429902473296779
  outer loop
    vertex 9622.067600801964 10103.097966958574 94.03116108361294
    vertex 9622.373546360071 10102.599771623838 84.03116106876487
    vertex 9621.894523878887 10102.798189232226 84.03116107467838
  endloop
endfacet
facet normal 0.3824582669468958 0.9233359361285277 -0.03429902473296779
  outer loop
    vertex 9622.373546360071 10102.599771623838 84.03116106876487
    vertex 9622.067600801964 10103.097966958574 94.03116108361294
    vertex 9622.463137567996 10102.934130265667 94.03116107873012
  endloop
endfacet
facet normal -0.9233359351069041 -0.3824582659231479 -0.03429906365074468
  outer loop
    vertex 9662.667882515025 10105.338248620781 94.03116115038067
    vertex 9663.1660781478 10105.032303360707 84.03116114126226
    vertex 9662.831719207932 10104.94271185475 94.03116113859241
  endloop
endfacet
facet normal -0.9233359351069041 -0.3824582659231479 -0.03429906365074468
  outer loop
    vertex 9663.1660781478 10105.032303360707 84.03116114126226
    vertex 9662.667882515025 10105.338248620781 94.03116115038067
    vertex 9662.967660539412 10105.511325841897 84.0311611555387
  endloop
endfacet
facet normal -0.3824582669483816 -0.9233359340834087 -0.034299079771322995
  outer loop
    vertex 9661.76165529471 10067.436726213806 84.0311600207912
    vertex 9662.067600852819 10066.938530282987 94.03116000594365
    vertex 9661.672064086786 10067.102366975894 94.03116001082648
  endloop
endfacet
facet normal -0.3824582669483816 -0.9233359340834087 -0.034299079771322995
  outer loop
    vertex 9662.067600852819 10066.938530282987 94.03116000594365
    vertex 9661.76165529471 10067.436726213806 84.0311600207912
    vertex 9662.240677775888 10067.23830860542 84.03116001487776
  endloop
endfacet
facet normal -0.6084032425559512 -0.7928865415940415 -0.034299075883248153
  outer loop
    vertex 9623.88067772504 10106.238308605418 84.03116117720519
    vertex 9624.04725592311 10105.677903741927 94.0311611605035
    vertex 9623.707600801963 10105.938530282989 94.03116116827101
  endloop
endfacet
facet normal -0.6084032425559512 -0.7928865415940415 -0.034299075883248153
  outer loop
    vertex 9624.04725592311 10105.677903741927 94.0311611605035
    vertex 9623.88067772504 10106.238308605418 84.03116117720519
    vertex 9624.292023655062 10105.922671771916 84.03116116779813
  endloop
endfacet
facet normal 0.7928865426176006 0.6084032435765041 -0.03429903411901045
  outer loop
    vertex 9659.843177999723 10103.113826065728 84.03116108408534
    vertex 9659.82731919061 10103.69824862078 94.03116110150333
    vertex 9660.087945731671 10103.358593499634 94.03116109138051
  endloop
endfacet
facet normal 0.7928865426176006 0.6084032435765041 -0.03429903411901045
  outer loop
    vertex 9659.82731919061 10103.69824862078 94.03116110150333
    vertex 9659.843177999723 10103.113826065728 84.03116108408534
    vertex 9659.52754116623 10103.52517199574 84.03116109634483
  endloop
endfacet
facet normal -0.9233359351049716 0.3824582679723208 -0.03429904085306387
  outer loop
    vertex 9624.471719157078 10104.093785386813 94.0311611132916
    vertex 9624.607660488553 10103.52517199574 84.03116109634483
    vertex 9624.30788246417 10103.69824862078 94.03116110150333
  endloop
endfacet
facet normal -0.9233359351049716 0.3824582679723208 -0.03429904085306387
  outer loop
    vertex 9624.607660488553 10103.52517199574 84.03116109634483
    vertex 9624.471719157078 10104.093785386813 94.0311611132916
    vertex 9624.80607809695 10104.004194476938 84.03116111062126
  endloop
endfacet
facet normal -0.13044939248810503 0.9908615105250151 -0.03429902272033386
  outer loop
    vertex 9661.672064086786 10102.934130265667 94.03116107873012
    vertex 9661.247600852817 10102.53209507267 84.03116106674787
    vertex 9661.247600852817 10102.878248620782 94.03116107706462
  endloop
endfacet
facet normal -0.13044939248810503 0.9908615105250151 -0.03429902272033386
  outer loop
    vertex 9661.247600852817 10102.53209507267 84.03116106674787
    vertex 9661.672064086786 10102.934130265667 94.03116107873012
    vertex 9661.761655294713 10102.599771623838 84.03116106876487
  endloop
endfacet
facet normal -0.6084032425552235 -0.792886541594598 -0.034299075883288066
  outer loop
    vertex 9662.240677775893 10106.238308605418 84.03116117720519
    vertex 9662.407255973965 10105.677903741927 94.0311611605035
    vertex 9662.067600852819 10105.938530282989 94.03116116827101
  endloop
endfacet
facet normal -0.6084032425552235 -0.792886541594598 -0.034299075883288066
  outer loop
    vertex 9662.407255973965 10105.677903741927 94.0311611605035
    vertex 9662.240677775893 10106.238308605418 84.03116117720519
    vertex 9662.65202370591 10105.92267177192 84.03116116779813
  endloop
endfacet
facet normal 0.3824582669448802 -0.9233359340848613 -0.034299079771261315
  outer loop
    vertex 9660.73354641093 10106.436726213806 84.03116118311868
    vertex 9660.427600852818 10105.938530282989 94.03116116827101
    vertex 9660.25452392974 10106.238308605416 84.03116117720519
  endloop
endfacet
facet normal 0.3824582669448802 -0.9233359340848613 -0.034299079771261315
  outer loop
    vertex 9660.427600852818 10105.938530282989 94.03116116827101
    vertex 9660.73354641093 10106.436726213806 84.03116118311868
    vertex 9660.82313761885 10106.102366975894 94.03116117315389
  endloop
endfacet
facet normal -0.1304493924915045 0.9908615105245681 -0.03429902272031501
  outer loop
    vertex 9661.672064086786 10063.934130265667 94.03115991640267
    vertex 9661.247600852817 10063.532095072667 84.03115990442045
    vertex 9661.247600852817 10063.87824862078 94.03115991473724
  endloop
endfacet
facet normal -0.1304493924915045 0.9908615105245681 -0.03429902272031501
  outer loop
    vertex 9661.247600852817 10063.532095072667 84.03115990442045
    vertex 9661.672064086786 10063.934130265667 94.03115991640267
    vertex 9661.76165529471 10063.59977162384 84.03115990643747
  endloop
endfacet
facet normal 0.9908615095026247 -0.1304493914669503 -0.034299056139819574
  outer loop
    vertex 9621.247600801964 10104.518248620781 94.03116112594199
    vertex 9620.969123506982 10105.03230336071 84.03116114126226
    vertex 9621.30348244685 10104.94271185475 94.03116113859241
  endloop
endfacet
facet normal 0.9908615095026247 -0.1304493914669503 -0.034299056139819574
  outer loop
    vertex 9620.969123506982 10105.03230336071 84.03116114126226
    vertex 9621.247600801964 10104.518248620781 94.03116112594199
    vertex 9620.901446955811 10104.518248918823 84.03116112594176
  endloop
endfacet
facet normal 0.13044939249168128 0.9908615105245445 -0.03429902272032441
  outer loop
    vertex 9660.82313761885 10063.934130265667 94.03115991640267
    vertex 9661.247600852817 10063.532095072667 84.03115990442045
    vertex 9660.733546410927 10063.59977162384 84.03115990643747
  endloop
endfacet
facet normal 0.13044939249168128 0.9908615105245445 -0.03429902272032441
  outer loop
    vertex 9661.247600852817 10063.532095072667 84.03115990442045
    vertex 9660.82313761885 10063.934130265667 94.03115991640267
    vertex 9661.247600852817 10063.87824862078 94.03115991473724
  endloop
endfacet
facet normal -0.9233359351071669 0.3824582679670166 -0.034299040853114256
  outer loop
    vertex 9662.831719207932 10065.093785386813 94.03115995096418
    vertex 9662.967660539412 10064.525171995745 84.03115993401742
    vertex 9662.667882515025 10064.69824862078 94.03115993917594
  endloop
endfacet
facet normal -0.9233359351071669 0.3824582679670166 -0.034299040853114256
  outer loop
    vertex 9662.967660539412 10064.525171995745 84.03115993401742
    vertex 9662.831719207932 10065.093785386813 94.03115995096418
    vertex 9663.1660781478 10065.004194476936 84.03115994829385
  endloop
endfacet
facet normal 0.9233359351054374 -0.3824582659267016 -0.0342990636506001
  outer loop
    vertex 9659.329123557833 10105.032303360706 84.03116114126226
    vertex 9659.82731919061 10105.338248620781 94.03116115038067
    vertex 9659.663482497705 10104.94271185475 94.03116113859241
  endloop
endfacet
facet normal 0.9233359351054374 -0.3824582659267016 -0.0342990636506001
  outer loop
    vertex 9659.82731919061 10105.338248620781 94.03116115038067
    vertex 9659.329123557833 10105.032303360706 84.03116114126226
    vertex 9659.52754116623 10105.511325841902 84.0311611555387
  endloop
endfacet
facet normal -0.608403242554781 -0.7928865415949464 -0.03429907588308588
  outer loop
    vertex 9662.240677775888 10067.23830860542 84.03116001487776
    vertex 9662.407255973965 10066.677903741927 94.03115999817608
    vertex 9662.067600852819 10066.938530282987 94.03116000594365
  endloop
endfacet
facet normal -0.608403242554781 -0.7928865415949464 -0.03429907588308588
  outer loop
    vertex 9662.407255973965 10066.677903741927 94.03115999817608
    vertex 9662.240677775888 10067.23830860542 84.03116001487776
    vertex 9662.652023705914 10066.922671771914 84.03116000547072
  endloop
endfacet
endsolid xyplotter2_without4pi
