solid xyplotter2_without4pi
facet normal -0.70710678118673 2.1074092188177386e-08 -0.7071067811863649
  outer loop
    vertex 9529.557600827391 10097.897770141926 84.03116092862982
    vertex 9526.757600827392 10047.979281661443 86.83115944089658
    vertex 9526.757600827392 10097.897770058473 86.83116092863061
  endloop
endfacet
facet normal -0.70710678118673 2.1074092188177386e-08 -0.7071067811863649
  outer loop
    vertex 9526.757600827392 10047.979281661443 86.83115944089658
    vertex 9529.557600827391 10097.897770141926 84.03116092862982
    vertex 9529.557600827391 10047.979281744894 84.03115944089579
  endloop
endfacet
facet normal -3.825066483534804e-10 -0.9999999999999997 -3.0376214662392975e-08
  outer loop
    vertex 9507.172090943706 10058.519281378727 98.4394990770146
    vertex 9504.87209092874 10058.519281263347 102.13115941982294
    vertex 9504.87209092874 10058.519281332672 99.93949907629276
  endloop
endfacet
facet normal -3.825066483534804e-10 -0.9999999999999997 -3.0376214662392975e-08
  outer loop
    vertex 9504.87209092874 10058.519281263347 102.13115941982294
    vertex 9507.172090943706 10058.519281378727 98.4394990770146
    vertex 9510.072090929967 10058.519281262701 102.13115941733483
  endloop
endfacet
facet normal -3.825066483534804e-10 -0.9999999999999997 -3.0376214662392975e-08
  outer loop
    vertex 9510.072090929967 10058.519281262701 102.13115941733483
    vertex 9507.172090943706 10058.519281378727 98.4394990770146
    vertex 9507.17209095702 10058.519281485133 94.83115974885419
  endloop
endfacet
facet normal -3.825066483534804e-10 -0.9999999999999997 -3.0376214662392975e-08
  outer loop
    vertex 9510.072090929967 10058.519281262701 102.13115941733483
    vertex 9507.17209095702 10058.519281485133 94.83115974885419
    vertex 9510.072090957825 10058.519281484852 94.83115974885419
  endloop
endfacet
facet normal 0.0 2.9803266906464065e-08 -0.9999999999999997
  outer loop
    vertex 9507.153137567997 10102.934130265667 94.03116107873012
    vertex 9508.002064035933 10102.934130265667 94.03116107873012
    vertex 9507.577600801966 10102.878248620782 94.03116107706464
  endloop
endfacet
facet normal 0.0 2.9803266906464065e-08 -0.9999999999999997
  outer loop
    vertex 9508.002064035933 10102.934130265667 94.03116107873012
    vertex 9507.153137567997 10102.934130265667 94.03116107873012
    vertex 9506.757600801964 10103.097966958574 94.03116108361296
  endloop
endfacet
facet normal 0.0 2.9803266906464065e-08 -0.9999999999999997
  outer loop
    vertex 9508.002064035933 10102.934130265667 94.03116107873012
    vertex 9506.757600801964 10103.097966958574 94.03116108361296
    vertex 9508.397600801964 10103.097966958574 94.03116108361296
  endloop
endfacet
facet normal 0.0 2.9803266906464065e-08 -0.9999999999999997
  outer loop
    vertex 9508.397600801964 10103.097966958574 94.03116108361296
    vertex 9506.757600801964 10103.097966958574 94.03116108361296
    vertex 9506.417945680818 10103.358593499634 94.03116109138051
  endloop
endfacet
facet normal 0.0 2.9803266906464065e-08 -0.9999999999999997
  outer loop
    vertex 9508.397600801964 10103.097966958574 94.03116108361296
    vertex 9506.417945680818 10103.358593499634 94.03116109138051
    vertex 9508.73725592311 10103.358593499634 94.03116109138051
  endloop
endfacet
facet normal 0.0 2.9803266906464065e-08 -0.9999999999999997
  outer loop
    vertex 9508.73725592311 10103.358593499634 94.03116109138051
    vertex 9506.417945680818 10103.358593499634 94.03116109138051
    vertex 9506.157319139758 10103.69824862078 94.03116110150333
  endloop
endfacet
facet normal 0.0 2.9803266906464065e-08 -0.9999999999999997
  outer loop
    vertex 9508.73725592311 10103.358593499634 94.03116109138051
    vertex 9506.157319139758 10103.69824862078 94.03116110150333
    vertex 9508.997882464171 10103.69824862078 94.03116110150333
  endloop
endfacet
facet normal 0.0 2.9803266906464065e-08 -0.9999999999999997
  outer loop
    vertex 9508.997882464171 10103.69824862078 94.03116110150333
    vertex 9506.157319139758 10103.69824862078 94.03116110150333
    vertex 9505.99348244685 10104.093785386813 94.0311611132916
  endloop
endfacet
facet normal 0.0 2.9803266906464065e-08 -0.9999999999999997
  outer loop
    vertex 9508.997882464171 10103.69824862078 94.03116110150333
    vertex 9505.99348244685 10104.093785386813 94.0311611132916
    vertex 9509.161719157079 10104.093785386813 94.0311611132916
  endloop
endfacet
facet normal 0.0 2.9803266906464065e-08 -0.9999999999999997
  outer loop
    vertex 9509.161719157079 10104.093785386813 94.0311611132916
    vertex 9505.99348244685 10104.093785386813 94.0311611132916
    vertex 9505.937600801964 10104.518248620781 94.031161125942
  endloop
endfacet
facet normal 0.0 2.9803266906464065e-08 -0.9999999999999997
  outer loop
    vertex 9509.161719157079 10104.093785386813 94.0311611132916
    vertex 9505.937600801964 10104.518248620781 94.031161125942
    vertex 9509.217600801963 10104.518248620781 94.031161125942
  endloop
endfacet
facet normal 0.0 2.9803266906464065e-08 -0.9999999999999997
  outer loop
    vertex 9509.217600801963 10104.518248620781 94.031161125942
    vertex 9505.937600801964 10104.518248620781 94.031161125942
    vertex 9505.99348244685 10104.94271185475 94.03116113859241
  endloop
endfacet
facet normal 0.0 2.9803266906464065e-08 -0.9999999999999997
  outer loop
    vertex 9509.217600801963 10104.518248620781 94.031161125942
    vertex 9505.99348244685 10104.94271185475 94.03116113859241
    vertex 9509.161719157079 10104.94271185475 94.03116113859241
  endloop
endfacet
facet normal 0.0 2.9803266906464065e-08 -0.9999999999999997
  outer loop
    vertex 9509.161719157079 10104.94271185475 94.03116113859241
    vertex 9505.99348244685 10104.94271185475 94.03116113859241
    vertex 9506.157319139758 10105.338248620781 94.03116115038067
  endloop
endfacet
facet normal 0.0 2.9803266906464065e-08 -0.9999999999999997
  outer loop
    vertex 9509.161719157079 10104.94271185475 94.03116113859241
    vertex 9506.157319139758 10105.338248620781 94.03116115038067
    vertex 9508.997882464171 10105.338248620781 94.03116115038067
  endloop
endfacet
facet normal 0.0 2.9803266906464065e-08 -0.9999999999999997
  outer loop
    vertex 9508.997882464171 10105.338248620781 94.03116115038067
    vertex 9506.157319139758 10105.338248620781 94.03116115038067
    vertex 9506.417945680818 10105.677903741927 94.03116116050352
  endloop
endfacet
facet normal 0.0 2.9803266906464065e-08 -0.9999999999999997
  outer loop
    vertex 9508.997882464171 10105.338248620781 94.03116115038067
    vertex 9506.417945680818 10105.677903741927 94.03116116050352
    vertex 9508.73725592311 10105.677903741927 94.03116116050352
  endloop
endfacet
facet normal 0.0 2.9803266906464065e-08 -0.9999999999999997
  outer loop
    vertex 9508.73725592311 10105.677903741927 94.03116116050352
    vertex 9506.417945680818 10105.677903741927 94.03116116050352
    vertex 9506.757600801964 10105.938530282989 94.03116116827103
  endloop
endfacet
facet normal 0.0 2.9803266906464065e-08 -0.9999999999999997
  outer loop
    vertex 9508.73725592311 10105.677903741927 94.03116116050352
    vertex 9506.757600801964 10105.938530282989 94.03116116827103
    vertex 9508.397600801964 10105.938530282989 94.03116116827103
  endloop
endfacet
facet normal 0.0 2.9803266906464065e-08 -0.9999999999999997
  outer loop
    vertex 9508.397600801964 10105.938530282989 94.03116116827103
    vertex 9506.757600801964 10105.938530282989 94.03116116827103
    vertex 9507.153137567997 10106.102366975894 94.0311611731539
  endloop
endfacet
facet normal 0.0 2.9803266906464065e-08 -0.9999999999999997
  outer loop
    vertex 9508.397600801964 10105.938530282989 94.03116116827103
    vertex 9507.153137567997 10106.102366975894 94.0311611731539
    vertex 9508.002064035933 10106.102366975894 94.0311611731539
  endloop
endfacet
facet normal 0.0 2.9803266906464065e-08 -0.9999999999999997
  outer loop
    vertex 9508.002064035933 10106.102366975894 94.0311611731539
    vertex 9507.153137567997 10106.102366975894 94.0311611731539
    vertex 9507.577600801966 10106.15824862078 94.03116117481935
  endloop
endfacet
facet normal 0.0 2.9803266906464065e-08 -0.9999999999999997
  outer loop
    vertex 9545.513137618851 10102.934130265667 94.03116107873012
    vertex 9546.362064086787 10102.934130265667 94.03116107873012
    vertex 9545.937600852818 10102.878248620782 94.03116107706464
  endloop
endfacet
facet normal 0.0 2.9803266906464065e-08 -0.9999999999999997
  outer loop
    vertex 9546.362064086787 10102.934130265667 94.03116107873012
    vertex 9545.513137618851 10102.934130265667 94.03116107873012
    vertex 9545.117600852818 10103.097966958574 94.03116108361296
  endloop
endfacet
facet normal 0.0 2.9803266906464065e-08 -0.9999999999999997
  outer loop
    vertex 9546.362064086787 10102.934130265667 94.03116107873012
    vertex 9545.117600852818 10103.097966958574 94.03116108361296
    vertex 9546.757600852818 10103.097966958574 94.03116108361296
  endloop
endfacet
facet normal 0.0 2.9803266906464065e-08 -0.9999999999999997
  outer loop
    vertex 9546.757600852818 10103.097966958574 94.03116108361296
    vertex 9545.117600852818 10103.097966958574 94.03116108361296
    vertex 9544.777945731672 10103.358593499634 94.03116109138051
  endloop
endfacet
facet normal 0.0 2.9803266906464065e-08 -0.9999999999999997
  outer loop
    vertex 9546.757600852818 10103.097966958574 94.03116108361296
    vertex 9544.777945731672 10103.358593499634 94.03116109138051
    vertex 9547.097255973964 10103.358593499634 94.03116109138051
  endloop
endfacet
facet normal 0.0 2.9803266906464065e-08 -0.9999999999999997
  outer loop
    vertex 9547.097255973964 10103.358593499634 94.03116109138051
    vertex 9544.777945731672 10103.358593499634 94.03116109138051
    vertex 9544.51731919061 10103.69824862078 94.03116110150333
  endloop
endfacet
facet normal 0.0 2.9803266906464065e-08 -0.9999999999999997
  outer loop
    vertex 9547.097255973964 10103.358593499634 94.03116109138051
    vertex 9544.51731919061 10103.69824862078 94.03116110150333
    vertex 9547.357882515025 10103.69824862078 94.03116110150333
  endloop
endfacet
facet normal 0.0 2.9803266906464065e-08 -0.9999999999999997
  outer loop
    vertex 9547.357882515025 10103.69824862078 94.03116110150333
    vertex 9544.51731919061 10103.69824862078 94.03116110150333
    vertex 9544.353482497705 10104.093785386813 94.0311611132916
  endloop
endfacet
facet normal 0.0 2.9803266906464065e-08 -0.9999999999999997
  outer loop
    vertex 9547.357882515025 10103.69824862078 94.03116110150333
    vertex 9544.353482497705 10104.093785386813 94.0311611132916
    vertex 9547.52171920793 10104.093785386813 94.0311611132916
  endloop
endfacet
facet normal 0.0 2.9803266906464065e-08 -0.9999999999999997
  outer loop
    vertex 9547.52171920793 10104.093785386813 94.0311611132916
    vertex 9544.353482497705 10104.093785386813 94.0311611132916
    vertex 9544.297600852819 10104.518248620781 94.031161125942
  endloop
endfacet
facet normal 0.0 2.9803266906464065e-08 -0.9999999999999997
  outer loop
    vertex 9547.52171920793 10104.093785386813 94.0311611132916
    vertex 9544.297600852819 10104.518248620781 94.031161125942
    vertex 9547.57760085282 10104.518248620781 94.031161125942
  endloop
endfacet
facet normal 0.0 2.9803266906464065e-08 -0.9999999999999997
  outer loop
    vertex 9547.57760085282 10104.518248620781 94.031161125942
    vertex 9544.297600852819 10104.518248620781 94.031161125942
    vertex 9544.353482497705 10104.94271185475 94.03116113859241
  endloop
endfacet
facet normal 0.0 2.9803266906464065e-08 -0.9999999999999997
  outer loop
    vertex 9547.57760085282 10104.518248620781 94.031161125942
    vertex 9544.353482497705 10104.94271185475 94.03116113859241
    vertex 9547.52171920793 10104.94271185475 94.03116113859241
  endloop
endfacet
facet normal 0.0 2.9803266906464065e-08 -0.9999999999999997
  outer loop
    vertex 9547.52171920793 10104.94271185475 94.03116113859241
    vertex 9544.353482497705 10104.94271185475 94.03116113859241
    vertex 9544.51731919061 10105.338248620781 94.03116115038067
  endloop
endfacet
facet normal 0.0 2.9803266906464065e-08 -0.9999999999999997
  outer loop
    vertex 9547.52171920793 10104.94271185475 94.03116113859241
    vertex 9544.51731919061 10105.338248620781 94.03116115038067
    vertex 9547.357882515025 10105.338248620781 94.03116115038067
  endloop
endfacet
facet normal 0.0 2.9803266906464065e-08 -0.9999999999999997
  outer loop
    vertex 9547.357882515025 10105.338248620781 94.03116115038067
    vertex 9544.51731919061 10105.338248620781 94.03116115038067
    vertex 9544.777945731672 10105.677903741927 94.03116116050352
  endloop
endfacet
facet normal 0.0 2.9803266906464065e-08 -0.9999999999999997
  outer loop
    vertex 9547.357882515025 10105.338248620781 94.03116115038067
    vertex 9544.777945731672 10105.677903741927 94.03116116050352
    vertex 9547.097255973964 10105.677903741927 94.03116116050352
  endloop
endfacet
facet normal 0.0 2.9803266906464065e-08 -0.9999999999999997
  outer loop
    vertex 9547.097255973964 10105.677903741927 94.03116116050352
    vertex 9544.777945731672 10105.677903741927 94.03116116050352
    vertex 9545.117600852818 10105.938530282989 94.03116116827103
  endloop
endfacet
facet normal 0.0 2.9803266906464065e-08 -0.9999999999999997
  outer loop
    vertex 9547.097255973964 10105.677903741927 94.03116116050352
    vertex 9545.117600852818 10105.938530282989 94.03116116827103
    vertex 9546.757600852818 10105.938530282989 94.03116116827103
  endloop
endfacet
facet normal 0.0 2.9803266906464065e-08 -0.9999999999999997
  outer loop
    vertex 9546.757600852818 10105.938530282989 94.03116116827103
    vertex 9545.117600852818 10105.938530282989 94.03116116827103
    vertex 9545.513137618851 10106.102366975894 94.0311611731539
  endloop
endfacet
facet normal 0.0 2.9803266906464065e-08 -0.9999999999999997
  outer loop
    vertex 9546.757600852818 10105.938530282989 94.03116116827103
    vertex 9545.513137618851 10106.102366975894 94.0311611731539
    vertex 9546.362064086787 10106.102366975894 94.0311611731539
  endloop
endfacet
facet normal 0.0 2.9803266906464065e-08 -0.9999999999999997
  outer loop
    vertex 9546.362064086787 10106.102366975894 94.0311611731539
    vertex 9545.513137618851 10106.102366975894 94.0311611731539
    vertex 9545.937600852818 10106.15824862078 94.03116117481935
  endloop
endfacet
facet normal 0.0 2.9803266906464065e-08 -0.9999999999999997
  outer loop
    vertex 9507.153137567997 10063.934130265667 94.03115991640269
    vertex 9508.002064035933 10063.934130265667 94.03115991640269
    vertex 9507.577600801966 10063.87824862078 94.03115991473724
  endloop
endfacet
facet normal 0.0 2.9803266906464065e-08 -0.9999999999999997
  outer loop
    vertex 9508.002064035933 10063.934130265667 94.03115991640269
    vertex 9507.153137567997 10063.934130265667 94.03115991640269
    vertex 9506.757600801964 10064.097966958574 94.03115992128558
  endloop
endfacet
facet normal 0.0 2.9803266906464065e-08 -0.9999999999999997
  outer loop
    vertex 9508.002064035933 10063.934130265667 94.03115991640269
    vertex 9506.757600801964 10064.097966958574 94.03115992128558
    vertex 9508.397600801964 10064.097966958574 94.03115992128558
  endloop
endfacet
facet normal 0.0 2.9803266906464065e-08 -0.9999999999999997
  outer loop
    vertex 9508.397600801964 10064.097966958574 94.03115992128558
    vertex 9506.757600801964 10064.097966958574 94.03115992128558
    vertex 9506.417945680818 10064.358593499635 94.03115992905308
  endloop
endfacet
facet normal 0.0 2.9803266906464065e-08 -0.9999999999999997
  outer loop
    vertex 9508.397600801964 10064.097966958574 94.03115992128558
    vertex 9506.417945680818 10064.358593499635 94.03115992905308
    vertex 9508.73725592311 10064.358593499635 94.03115992905308
  endloop
endfacet
facet normal 0.0 2.9803266906464065e-08 -0.9999999999999997
  outer loop
    vertex 9508.73725592311 10064.358593499635 94.03115992905308
    vertex 9506.417945680818 10064.358593499635 94.03115992905308
    vertex 9506.157319139758 10064.69824862078 94.03115993917594
  endloop
endfacet
facet normal 0.0 2.9803266906464065e-08 -0.9999999999999997
  outer loop
    vertex 9508.73725592311 10064.358593499635 94.03115992905308
    vertex 9506.157319139758 10064.69824862078 94.03115993917594
    vertex 9508.997882464171 10064.69824862078 94.03115993917594
  endloop
endfacet
facet normal 0.0 2.9803266906464065e-08 -0.9999999999999997
  outer loop
    vertex 9508.997882464171 10064.69824862078 94.03115993917594
    vertex 9506.157319139758 10064.69824862078 94.03115993917594
    vertex 9505.99348244685 10065.093785386813 94.0311599509642
  endloop
endfacet
facet normal 0.0 2.9803266906464065e-08 -0.9999999999999997
  outer loop
    vertex 9508.997882464171 10064.69824862078 94.03115993917594
    vertex 9505.99348244685 10065.093785386813 94.0311599509642
    vertex 9509.161719157079 10065.093785386813 94.0311599509642
  endloop
endfacet
facet normal 0.0 2.9803266906464065e-08 -0.9999999999999997
  outer loop
    vertex 9509.161719157079 10065.093785386813 94.0311599509642
    vertex 9505.99348244685 10065.093785386813 94.0311599509642
    vertex 9505.937600801964 10065.518248620781 94.03115996361458
  endloop
endfacet
facet normal 0.0 2.9803266906464065e-08 -0.9999999999999997
  outer loop
    vertex 9509.161719157079 10065.093785386813 94.0311599509642
    vertex 9505.937600801964 10065.518248620781 94.03115996361458
    vertex 9509.217600801963 10065.518248620781 94.03115996361458
  endloop
endfacet
facet normal 0.0 2.9803266906464065e-08 -0.9999999999999997
  outer loop
    vertex 9509.217600801963 10065.518248620781 94.03115996361458
    vertex 9505.937600801964 10065.518248620781 94.03115996361458
    vertex 9505.99348244685 10065.942711854748 94.03115997626497
  endloop
endfacet
facet normal 0.0 2.9803266906464065e-08 -0.9999999999999997
  outer loop
    vertex 9509.217600801963 10065.518248620781 94.03115996361458
    vertex 9505.99348244685 10065.942711854748 94.03115997626497
    vertex 9509.161719157079 10065.942711854748 94.03115997626497
  endloop
endfacet
facet normal 0.0 2.9803266906464065e-08 -0.9999999999999997
  outer loop
    vertex 9509.161719157079 10065.942711854748 94.03115997626497
    vertex 9505.99348244685 10065.942711854748 94.03115997626497
    vertex 9506.157319139758 10066.338248620781 94.03115998805326
  endloop
endfacet
facet normal 0.0 2.9803266906464065e-08 -0.9999999999999997
  outer loop
    vertex 9509.161719157079 10065.942711854748 94.03115997626497
    vertex 9506.157319139758 10066.338248620781 94.03115998805326
    vertex 9508.997882464171 10066.338248620781 94.03115998805326
  endloop
endfacet
facet normal 0.0 2.9803266906464065e-08 -0.9999999999999997
  outer loop
    vertex 9508.997882464171 10066.338248620781 94.03115998805326
    vertex 9506.157319139758 10066.338248620781 94.03115998805326
    vertex 9506.417945680818 10066.677903741927 94.0311599981761
  endloop
endfacet
facet normal 0.0 2.9803266906464065e-08 -0.9999999999999997
  outer loop
    vertex 9508.997882464171 10066.338248620781 94.03115998805326
    vertex 9506.417945680818 10066.677903741927 94.0311599981761
    vertex 9508.73725592311 10066.677903741927 94.0311599981761
  endloop
endfacet
facet normal 0.0 2.9803266906464065e-08 -0.9999999999999997
  outer loop
    vertex 9508.73725592311 10066.677903741927 94.0311599981761
    vertex 9506.417945680818 10066.677903741927 94.0311599981761
    vertex 9506.757600801964 10066.938530282987 94.03116000594365
  endloop
endfacet
facet normal 0.0 2.9803266906464065e-08 -0.9999999999999997
  outer loop
    vertex 9508.73725592311 10066.677903741927 94.0311599981761
    vertex 9506.757600801964 10066.938530282987 94.03116000594365
    vertex 9508.397600801964 10066.938530282987 94.03116000594365
  endloop
endfacet
facet normal 0.0 2.9803266906464065e-08 -0.9999999999999997
  outer loop
    vertex 9508.397600801964 10066.938530282987 94.03116000594365
    vertex 9506.757600801964 10066.938530282987 94.03116000594365
    vertex 9507.153137567997 10067.102366975894 94.03116001082648
  endloop
endfacet
facet normal 0.0 2.9803266906464065e-08 -0.9999999999999997
  outer loop
    vertex 9508.397600801964 10066.938530282987 94.03116000594365
    vertex 9507.153137567997 10067.102366975894 94.03116001082648
    vertex 9508.002064035933 10067.102366975894 94.03116001082648
  endloop
endfacet
facet normal 0.0 2.9803266906464065e-08 -0.9999999999999997
  outer loop
    vertex 9508.002064035933 10067.102366975894 94.03116001082648
    vertex 9507.153137567997 10067.102366975894 94.03116001082648
    vertex 9507.577600801966 10067.15824862078 94.03116001249197
  endloop
endfacet
facet normal 0.0 2.9803266906464065e-08 -0.9999999999999997
  outer loop
    vertex 9545.513137618851 10063.934130265667 94.03115991640269
    vertex 9546.362064086787 10063.934130265667 94.03115991640269
    vertex 9545.937600852818 10063.87824862078 94.03115991473724
  endloop
endfacet
facet normal 0.0 2.9803266906464065e-08 -0.9999999999999997
  outer loop
    vertex 9546.362064086787 10063.934130265667 94.03115991640269
    vertex 9545.513137618851 10063.934130265667 94.03115991640269
    vertex 9545.117600852818 10064.097966958574 94.03115992128558
  endloop
endfacet
facet normal 0.0 2.9803266906464065e-08 -0.9999999999999997
  outer loop
    vertex 9546.362064086787 10063.934130265667 94.03115991640269
    vertex 9545.117600852818 10064.097966958574 94.03115992128558
    vertex 9546.757600852818 10064.097966958574 94.03115992128558
  endloop
endfacet
facet normal 0.0 2.9803266906464065e-08 -0.9999999999999997
  outer loop
    vertex 9546.757600852818 10064.097966958574 94.03115992128558
    vertex 9545.117600852818 10064.097966958574 94.03115992128558
    vertex 9544.777945731672 10064.358593499635 94.03115992905308
  endloop
endfacet
facet normal 0.0 2.9803266906464065e-08 -0.9999999999999997
  outer loop
    vertex 9546.757600852818 10064.097966958574 94.03115992128558
    vertex 9544.777945731672 10064.358593499635 94.03115992905308
    vertex 9547.097255973964 10064.358593499635 94.03115992905308
  endloop
endfacet
facet normal 0.0 2.9803266906464065e-08 -0.9999999999999997
  outer loop
    vertex 9547.097255973964 10064.358593499635 94.03115992905308
    vertex 9544.777945731672 10064.358593499635 94.03115992905308
    vertex 9544.517319190612 10064.69824862078 94.03115993917594
  endloop
endfacet
facet normal 0.0 2.9803266906464065e-08 -0.9999999999999997
  outer loop
    vertex 9547.097255973964 10064.358593499635 94.03115992905308
    vertex 9544.517319190612 10064.69824862078 94.03115993917594
    vertex 9547.357882515025 10064.69824862078 94.03115993917594
  endloop
endfacet
facet normal 0.0 2.9803266906464065e-08 -0.9999999999999997
  outer loop
    vertex 9547.357882515025 10064.69824862078 94.03115993917594
    vertex 9544.517319190612 10064.69824862078 94.03115993917594
    vertex 9544.353482497705 10065.093785386813 94.0311599509642
  endloop
endfacet
facet normal 0.0 2.9803266906464065e-08 -0.9999999999999997
  outer loop
    vertex 9547.357882515025 10064.69824862078 94.03115993917594
    vertex 9544.353482497705 10065.093785386813 94.0311599509642
    vertex 9547.52171920793 10065.093785386813 94.0311599509642
  endloop
endfacet
facet normal 0.0 2.9803266906464065e-08 -0.9999999999999997
  outer loop
    vertex 9547.52171920793 10065.093785386813 94.0311599509642
    vertex 9544.353482497705 10065.093785386813 94.0311599509642
    vertex 9544.297600852819 10065.518248620781 94.03115996361458
  endloop
endfacet
facet normal 0.0 2.9803266906464065e-08 -0.9999999999999997
  outer loop
    vertex 9547.52171920793 10065.093785386813 94.0311599509642
    vertex 9544.297600852819 10065.518248620781 94.03115996361458
    vertex 9547.57760085282 10065.518248620781 94.03115996361458
  endloop
endfacet
facet normal 0.0 2.9803266906464065e-08 -0.9999999999999997
  outer loop
    vertex 9547.57760085282 10065.518248620781 94.03115996361458
    vertex 9544.297600852819 10065.518248620781 94.03115996361458
    vertex 9544.353482497705 10065.942711854748 94.03115997626497
  endloop
endfacet
facet normal 0.0 2.9803266906464065e-08 -0.9999999999999997
  outer loop
    vertex 9547.57760085282 10065.518248620781 94.03115996361458
    vertex 9544.353482497705 10065.942711854748 94.03115997626497
    vertex 9547.52171920793 10065.942711854748 94.03115997626497
  endloop
endfacet
facet normal 0.0 2.9803266906464065e-08 -0.9999999999999997
  outer loop
    vertex 9547.52171920793 10065.942711854748 94.03115997626497
    vertex 9544.353482497705 10065.942711854748 94.03115997626497
    vertex 9544.517319190612 10066.338248620781 94.03115998805326
  endloop
endfacet
facet normal 0.0 2.9803266906464065e-08 -0.9999999999999997
  outer loop
    vertex 9547.52171920793 10065.942711854748 94.03115997626497
    vertex 9544.517319190612 10066.338248620781 94.03115998805326
    vertex 9547.357882515025 10066.338248620781 94.03115998805326
  endloop
endfacet
facet normal 0.0 2.9803266906464065e-08 -0.9999999999999997
  outer loop
    vertex 9547.357882515025 10066.338248620781 94.03115998805326
    vertex 9544.517319190612 10066.338248620781 94.03115998805326
    vertex 9544.777945731672 10066.677903741927 94.0311599981761
  endloop
endfacet
facet normal 0.0 2.9803266906464065e-08 -0.9999999999999997
  outer loop
    vertex 9547.357882515025 10066.338248620781 94.03115998805326
    vertex 9544.777945731672 10066.677903741927 94.0311599981761
    vertex 9547.097255973964 10066.677903741927 94.0311599981761
  endloop
endfacet
facet normal 0.0 2.9803266906464065e-08 -0.9999999999999997
  outer loop
    vertex 9547.097255973964 10066.677903741927 94.0311599981761
    vertex 9544.777945731672 10066.677903741927 94.0311599981761
    vertex 9545.117600852818 10066.938530282987 94.03116000594365
  endloop
endfacet
facet normal 0.0 2.9803266906464065e-08 -0.9999999999999997
  outer loop
    vertex 9547.097255973964 10066.677903741927 94.0311599981761
    vertex 9545.117600852818 10066.938530282987 94.03116000594365
    vertex 9546.757600852818 10066.938530282987 94.03116000594365
  endloop
endfacet
facet normal 0.0 2.9803266906464065e-08 -0.9999999999999997
  outer loop
    vertex 9546.757600852818 10066.938530282987 94.03116000594365
    vertex 9545.117600852818 10066.938530282987 94.03116000594365
    vertex 9545.513137618851 10067.102366975894 94.03116001082648
  endloop
endfacet
facet normal 0.0 2.9803266906464065e-08 -0.9999999999999997
  outer loop
    vertex 9546.757600852818 10066.938530282987 94.03116000594365
    vertex 9545.513137618851 10067.102366975894 94.03116001082648
    vertex 9546.362064086787 10067.102366975894 94.03116001082648
  endloop
endfacet
facet normal 0.0 2.9803266906464065e-08 -0.9999999999999997
  outer loop
    vertex 9546.362064086787 10067.102366975894 94.03116001082648
    vertex 9545.513137618851 10067.102366975894 94.03116001082648
    vertex 9545.937600852818 10067.15824862078 94.03116001249197
  endloop
endfacet
facet normal 0.7071067811865476 2.1074092189453117e-08 -0.7071067811865472
  outer loop
    vertex 9523.95760082739 10047.979281744894 84.03115944089579
    vertex 9526.757600827392 10097.897770058473 86.83116092863061
    vertex 9526.757600827392 10047.979281661443 86.83115944089658
  endloop
endfacet
facet normal 0.7071067811865476 2.1074092189453117e-08 -0.7071067811865472
  outer loop
    vertex 9526.757600827392 10097.897770058473 86.83116092863061
    vertex 9523.95760082739 10047.979281744894 84.03115944089579
    vertex 9523.95760082739 10097.897770141926 84.03116092862982
  endloop
endfacet
facet normal -0.6305173655523901 -0.2611688223383996 -0.7309163412971742
  outer loop
    vertex 9547.657660539411 10066.511325841895 84.03115999321123
    vertex 9548.064763116343 10066.08822033546 83.83115998060136
    vertex 9547.8560781478 10066.032303360702 84.03115997893481
  endloop
endfacet
facet normal -0.6305173655523901 -0.2611688223383996 -0.7309163412971742
  outer loop
    vertex 9548.064763116343 10066.08822033546 83.83115998060136
    vertex 9547.657660539411 10066.511325841895 84.03115999321123
    vertex 9547.844762363618 10066.619349136423 83.83115999643074
  endloop
endfacet
facet normal -2.864082710860024e-19 -0.7071067601159845 -0.7071068022571101
  outer loop
    vertex 9495.777600801965 10048.179281750854 83.83115944685647
    vertex 9523.95760082739 10047.979281744894 84.03115944089579
    vertex 9495.577600801964 10047.979281744894 84.03115944089579
  endloop
endfacet
facet normal -2.864082710860024e-19 -0.7071067601159845 -0.7071068022571101
  outer loop
    vertex 9523.95760082739 10047.979281744894 84.03115944089579
    vertex 9495.777600801965 10048.179281750854 83.83115944685647
    vertex 9523.474758114917 10048.179281750854 83.83115944685647
  endloop
endfacet
facet normal 0.3826834323653755 2.7534628373052086e-08 -0.923879532511168
  outer loop
    vertex 9523.474758114917 10048.179281750854 83.83115944685647
    vertex 9523.95760082739 10097.897770141926 84.03116092862982
    vertex 9523.95760082739 10047.979281744894 84.03115944089579
  endloop
endfacet
facet normal 0.3826834323653755 2.7534628373052086e-08 -0.923879532511168
  outer loop
    vertex 9523.95760082739 10097.897770141926 84.03116092862982
    vertex 9523.474758114917 10048.179281750854 83.83115944685647
    vertex 9523.474758114917 10097.697770147885 83.83116092266921
  endloop
endfacet
facet normal 1.9272083085483682e-19 -0.7071067601185368 -0.7071068022545577
  outer loop
    vertex 9523.474758114917 10113.097770147884 83.83116138163952
    vertex 9512.577600801964 10112.897770141924 84.03116137567882
    vertex 9512.377600801963 10113.097770147884 83.83116138163952
  endloop
endfacet
facet normal 1.9272083085483682e-19 -0.7071067601185368 -0.7071068022545577
  outer loop
    vertex 9512.577600801964 10112.897770141924 84.03116137567882
    vertex 9523.474758114917 10113.097770147884 83.83116138163952
    vertex 9523.95760082739 10112.897770141924 84.03116137567882
  endloop
endfacet
facet normal -1.9272083084820647e-19 0.7071068022545577 -0.7071067601185368
  outer loop
    vertex 9512.577600801964 10097.897770141926 84.03116092862982
    vertex 9523.474758114917 10097.697770147885 83.83116092266921
    vertex 9512.377600801963 10097.697770147885 83.83116092266921
  endloop
endfacet
facet normal -1.9272083084820647e-19 0.7071068022545577 -0.7071067601185368
  outer loop
    vertex 9523.474758114917 10097.697770147885 83.83116092266921
    vertex 9512.577600801964 10097.897770141926 84.03116092862982
    vertex 9523.95760082739 10097.897770141926 84.03116092862982
  endloop
endfacet
facet normal 0.7071067811865477 2.1074092172504106e-08 -0.7071067811865472
  outer loop
    vertex 9512.377600801963 10097.697770147885 83.83116092266921
    vertex 9512.577600801964 10112.897770141924 84.03116137567882
    vertex 9512.577600801964 10097.897770141926 84.03116092862982
  endloop
endfacet
facet normal 0.7071067811865477 2.1074092172504106e-08 -0.7071067811865472
  outer loop
    vertex 9512.577600801964 10112.897770141924 84.03116137567882
    vertex 9512.377600801963 10097.697770147885 83.83116092266921
    vertex 9512.377600801963 10113.097770147884 83.83116138163952
  endloop
endfacet
facet normal 0.5414375364629966 0.4154596558156148 -0.7309163211328996
  outer loop
    vertex 9505.670439291163 10103.417148713132 83.83116109312537
    vertex 9506.173177948871 10103.113826065719 84.03116108408533
    vertex 9506.020409949126 10102.961058071925 83.8311610795324
  endloop
endfacet
facet normal 0.5414375364629966 0.4154596558156148 -0.7309163211328996
  outer loop
    vertex 9506.173177948871 10103.113826065719 84.03116108408533
    vertex 9505.670439291163 10103.417148713132 83.83116109312537
    vertex 9505.85754111537 10103.525171995741 84.03116109634477
  endloop
endfacet
facet normal -0.5414375364669846 -0.4154596122518806 -0.7309163458919767
  outer loop
    vertex 9508.982023655066 10066.922671771905 84.03116000547071
    vertex 9509.48476231276 10066.619349136427 83.83115999643074
    vertex 9509.297660488553 10066.5113258419 84.03115999321123
  endloop
endfacet
facet normal -0.5414375364669846 -0.4154596122518806 -0.7309163458919767
  outer loop
    vertex 9509.48476231276 10066.619349136427 83.83115999643074
    vertex 9508.982023655066 10066.922671771905 84.03116000547071
    vertex 9509.134791654811 10067.075439777616 83.83116001002374
  endloop
endfacet
facet normal -0.08907982908789193 -0.6766284563801619 -0.7309163536727519
  outer loop
    vertex 9507.577600801966 10067.504402764971 84.0311600228082
    vertex 9508.147572212654 10067.645411188301 83.83116002701074
    vertex 9508.091655243856 10067.4367262138 84.03116002079119
  endloop
endfacet
facet normal -0.08907982908789193 -0.6766284563801619 -0.7309163536727519
  outer loop
    vertex 9508.147572212654 10067.645411188301 83.83116002701074
    vertex 9507.577600801966 10067.504402764971 84.0311600228082
    vertex 9507.577600801966 10067.720449348071 83.83116002924713
  endloop
endfacet
facet normal -0.6766284781592272 -0.08907980730389274 -0.7309163361662057
  outer loop
    vertex 9509.496078096949 10066.0323033607 84.03115997893481
    vertex 9509.769773694206 10065.594415585012 83.83115996588438
    vertex 9509.557407921364 10065.566457094657 84.03115996505106
  endloop
endfacet
facet normal -0.6766284781592272 -0.08907980730389274 -0.7309163361662057
  outer loop
    vertex 9509.769773694206 10065.594415585012 83.83115996588438
    vertex 9509.496078096949 10066.0323033607 84.03115997893481
    vertex 9509.70476306549 10066.08822033546 83.83115998060136
  endloop
endfacet
facet normal 0.2611688441264679 -0.6305173437695379 -0.730916352302677
  outer loop
    vertex 9506.476500590323 10067.425410435579 83.83116002045398
    vertex 9507.063546360074 10067.4367262138 84.03116002079119
    vertex 9506.584523878895 10067.238308605412 84.0311600148777
  endloop
endfacet
facet normal 0.2611688441264679 -0.6305173437695379 -0.730916352302677
  outer loop
    vertex 9507.063546360074 10067.4367262138 84.03116002079119
    vertex 9506.476500590323 10067.425410435579 83.83116002045398
    vertex 9507.007629391273 10067.645411188301 83.83116002701074
  endloop
endfacet
facet normal -0.41545963403561353 -0.5414375146809692 -0.7309163496482272
  outer loop
    vertex 9508.570677725033 10067.238308605414 84.0311600148777
    vertex 9509.134791654811 10067.075439777616 83.83116001002374
    vertex 9508.982023655066 10066.922671771905 84.03116000547071
  endloop
endfacet
facet normal -0.41545963403561353 -0.5414375146809692 -0.7309163496482272
  outer loop
    vertex 9509.134791654811 10067.075439777616 83.83116001002374
    vertex 9508.570677725033 10067.238308605414 84.0311600148777
    vertex 9508.678701013607 10067.42541043558 83.83116002045398
  endloop
endfacet
facet normal -0.6766284781576716 0.08907985087134719 -0.7309163308578979
  outer loop
    vertex 9509.496078096949 10065.004194476933 84.0311599482938
    vertex 9509.769773694206 10065.442082264537 83.83115996134433
    vertex 9509.70476306549 10064.948277514093 83.83115994662734
  endloop
endfacet
facet normal -0.6766284781576716 0.08907985087134719 -0.7309163308578979
  outer loop
    vertex 9509.769773694206 10065.442082264537 83.83115996134433
    vertex 9509.496078096949 10065.004194476933 84.0311599482938
    vertex 9509.557407921364 10065.470040742977 84.03115996217754
  endloop
endfacet
facet normal 0.4154596340345604 -0.5414375146817771 -0.7309163496482272
  outer loop
    vertex 9506.020409949122 10067.07543977762 83.83116001002374
    vertex 9506.584523878895 10067.238308605412 84.0311600148777
    vertex 9506.17317794887 10066.92267177191 84.03116000547071
  endloop
endfacet
facet normal 0.4154596340345604 -0.5414375146817771 -0.7309163496482272
  outer loop
    vertex 9506.584523878895 10067.238308605412 84.0311600148777
    vertex 9506.020409949122 10067.07543977762 83.83116001002374
    vertex 9506.476500590323 10067.425410435579 83.83116002045398
  endloop
endfacet
facet normal 0.08907982908754594 -0.6766284563803691 -0.7309163536726023
  outer loop
    vertex 9507.007629391273 10067.645411188301 83.83116002701074
    vertex 9507.577600801966 10067.504402764971 84.0311600228082
    vertex 9507.063546360074 10067.4367262138 84.03116002079119
  endloop
endfacet
facet normal 0.08907982908754594 -0.6766284563803691 -0.7309163536726023
  outer loop
    vertex 9507.577600801966 10067.504402764971 84.0311600228082
    vertex 9507.007629391273 10067.645411188301 83.83116002701074
    vertex 9507.577600801966 10067.720449348071 83.83116002924713
  endloop
endfacet
facet normal -0.6305173655522703 -0.2611688223416553 -0.7309163412961142
  outer loop
    vertex 9509.297660488553 10066.5113258419 84.03115999321123
    vertex 9509.70476306549 10066.08822033546 83.83115998060136
    vertex 9509.496078096949 10066.0323033607 84.03115997893481
  endloop
endfacet
facet normal -0.6305173655522703 -0.2611688223416553 -0.7309163412961142
  outer loop
    vertex 9509.70476306549 10066.08822033546 83.83115998060136
    vertex 9509.297660488553 10066.5113258419 84.03115999321123
    vertex 9509.48476231276 10066.619349136427 83.83115999643074
  endloop
endfacet
facet normal -0.6766284781592568 -0.08907980730293504 -0.7309163361662949
  outer loop
    vertex 9509.56375464812 10065.518248918817 84.0311599636143
    vertex 9509.769773694206 10065.594415585012 83.83115996588438
    vertex 9509.779801225259 10065.518248924776 83.83115996361435
  endloop
endfacet
facet normal -0.6766284781592568 -0.08907980730293504 -0.7309163361662949
  outer loop
    vertex 9509.769773694206 10065.594415585012 83.83115996588438
    vertex 9509.56375464812 10065.518248918817 84.0311599636143
    vertex 9509.557407921364 10065.566457094657 84.03115996505106
  endloop
endfacet
facet normal -0.6766284781578823 0.08907985086699155 -0.7309163308582336
  outer loop
    vertex 9509.557407921364 10065.470040742977 84.03115996217754
    vertex 9509.779801225259 10065.518248924776 83.83115996361435
    vertex 9509.769773694206 10065.442082264537 83.83115996134433
  endloop
endfacet
facet normal -0.6766284781578823 0.08907985086699155 -0.7309163308582336
  outer loop
    vertex 9509.779801225259 10065.518248924776 83.83115996361435
    vertex 9509.557407921364 10065.470040742977 84.03115996217754
    vertex 9509.56375464812 10065.518248918817 84.0311599636143
  endloop
endfacet
facet normal -0.26116884412541486 -0.6305173437704831 -0.730916352302238
  outer loop
    vertex 9508.091655243856 10067.4367262138 84.03116002079119
    vertex 9508.678701013607 10067.42541043558 83.83116002045398
    vertex 9508.570677725033 10067.238308605414 84.0311600148777
  endloop
endfacet
facet normal -0.26116884412541486 -0.6305173437704831 -0.730916352302238
  outer loop
    vertex 9508.678701013607 10067.42541043558 83.83116002045398
    vertex 9508.091655243856 10067.4367262138 84.03116002079119
    vertex 9508.147572212654 10067.645411188301 83.83116002701074
  endloop
endfacet
facet normal -0.4154596340315717 0.5414375582424742 -0.7309163173816684
  outer loop
    vertex 9508.570677725038 10063.79818923222 84.03115991235092
    vertex 9509.134791654807 10063.96105807193 83.83115991720499
    vertex 9508.678701013614 10063.611087413976 83.8311599067747
  endloop
endfacet
facet normal -0.4154596340315717 0.5414375582424742 -0.7309163173816684
  outer loop
    vertex 9509.134791654807 10063.96105807193 83.83115991720499
    vertex 9508.570677725038 10063.79818923222 84.03115991235092
    vertex 9508.98202365506 10064.113826065723 84.0311599217579
  endloop
endfacet
facet normal 0.26116884412121877 0.6305173873311296 -0.7309163147265991
  outer loop
    vertex 9506.476500590315 10063.611087413978 83.8311599067747
    vertex 9507.063546360074 10063.599771623834 84.03115990643742
    vertex 9507.00762939128 10063.39108666125 83.83115990021798
  endloop
endfacet
facet normal 0.26116884412121877 0.6305173873311296 -0.7309163147265991
  outer loop
    vertex 9507.063546360074 10063.599771623834 84.03115990643742
    vertex 9506.476500590315 10063.611087413978 83.8311599067747
    vertex 9506.584523878888 10063.798189232222 84.03115991235092
  endloop
endfacet
facet normal 0.4154596340305176 0.5414375582442259 -0.7309163173809701
  outer loop
    vertex 9506.020409949126 10063.961058071927 83.83115991720499
    vertex 9506.584523878888 10063.798189232222 84.03115991235092
    vertex 9506.476500590315 10063.611087413978 83.8311599067747
  endloop
endfacet
facet normal 0.4154596340305176 0.5414375582442259 -0.7309163173809701
  outer loop
    vertex 9506.584523878888 10063.798189232222 84.03115991235092
    vertex 9506.020409949126 10063.961058071927 83.83115991720499
    vertex 9506.173177948871 10064.113826065719 84.0311599217579
  endloop
endfacet
facet normal 0.08907982908826827 0.6766284999341132 -0.7309163133536677
  outer loop
    vertex 9507.00762939128 10063.39108666125 83.83115990021798
    vertex 9507.577600801966 10063.532095072662 84.03115990442043
    vertex 9507.577600801966 10063.31604850148 83.83115989798156
  endloop
endfacet
facet normal 0.08907982908826827 0.6766284999341132 -0.7309163133536677
  outer loop
    vertex 9507.577600801966 10063.532095072662 84.03115990442043
    vertex 9507.00762939128 10063.39108666125 83.83115990021798
    vertex 9507.063546360074 10063.599771623834 84.03115990643742
  endloop
endfacet
facet normal -0.26116884412028724 0.6305173873315155 -0.7309163147265991
  outer loop
    vertex 9508.091655243856 10063.599771623834 84.03115990643742
    vertex 9508.678701013614 10063.611087413976 83.8311599067747
    vertex 9508.147572212647 10063.39108666125 83.83115990021798
  endloop
endfacet
facet normal -0.26116884412028724 0.6305173873315155 -0.7309163147265991
  outer loop
    vertex 9508.678701013614 10063.611087413976 83.8311599067747
    vertex 9508.091655243856 10063.599771623834 84.03115990643742
    vertex 9508.570677725038 10063.79818923222 84.03115991235092
  endloop
endfacet
facet normal -0.5414375364620134 0.41545965581490524 -0.7309163211340314
  outer loop
    vertex 9508.98202365506 10064.113826065723 84.0311599217579
    vertex 9509.484762312763 10064.417148713128 83.83115993079797
    vertex 9509.134791654807 10063.96105807193 83.83115991720499
  endloop
endfacet
facet normal -0.5414375364620134 0.41545965581490524 -0.7309163211340314
  outer loop
    vertex 9509.484762312763 10064.417148713128 83.83115993079797
    vertex 9508.98202365506 10064.113826065723 84.0311599217579
    vertex 9509.297660488553 10064.525171995736 84.03115993401738
  endloop
endfacet
facet normal 0.5414375364654949 -0.4154596122525928 -0.7309163458926754
  outer loop
    vertex 9505.670439291163 10066.619349136423 83.83115999643074
    vertex 9506.17317794887 10066.92267177191 84.03116000547071
    vertex 9505.857541115372 10066.511325841895 84.03115999321123
  endloop
endfacet
facet normal 0.5414375364654949 -0.4154596122525928 -0.7309163458926754
  outer loop
    vertex 9506.17317794887 10066.92267177191 84.03116000547071
    vertex 9505.670439291163 10066.619349136423 83.83115999643074
    vertex 9506.020409949122 10067.07543977762 83.83116001002374
  endloop
endfacet
facet normal 0.5414375364629836 0.4154596558156148 -0.7309163211329094
  outer loop
    vertex 9505.670439291163 10064.417148713132 83.83115993079797
    vertex 9506.173177948871 10064.113826065719 84.0311599217579
    vertex 9506.020409949126 10063.961058071927 83.83115991720499
  endloop
endfacet
facet normal 0.5414375364629836 0.4154596558156148 -0.7309163211329094
  outer loop
    vertex 9506.173177948871 10064.113826065719 84.0311599217579
    vertex 9505.670439291163 10064.417148713132 83.83115993079797
    vertex 9505.85754111537 10064.525171995741 84.03115993401738
  endloop
endfacet
facet normal 0.6305173655518637 -0.26116882233967076 -0.7309163412971741
  outer loop
    vertex 9505.450438538439 10066.088220335461 83.83115998060136
    vertex 9505.857541115372 10066.511325841895 84.03115999321123
    vertex 9505.65912350698 10066.032303360706 84.03115997893481
  endloop
endfacet
facet normal 0.6305173655518637 -0.26116882233967076 -0.7309163412971741
  outer loop
    vertex 9505.857541115372 10066.511325841895 84.03115999321123
    vertex 9505.450438538439 10066.088220335461 83.83115998060136
    vertex 9505.670439291163 10066.619349136423 83.83115999643074
  endloop
endfacet
facet normal 0.6766284781566582 -0.08907980730545881 -0.730916336168393
  outer loop
    vertex 9505.385427909721 10065.594415585016 83.83115996588438
    vertex 9505.65912350698 10066.032303360706 84.03115997893481
    vertex 9505.597793682566 10065.566457094661 84.03115996505106
  endloop
endfacet
facet normal 0.6766284781566582 -0.08907980730545881 -0.730916336168393
  outer loop
    vertex 9505.65912350698 10066.032303360706 84.03115997893481
    vertex 9505.385427909721 10065.594415585016 83.83115996588438
    vertex 9505.450438538439 10066.088220335461 83.83115998060136
  endloop
endfacet
facet normal 0.6305173655496834 0.2611688659060512 -0.7309163257320458
  outer loop
    vertex 9505.450438538439 10064.948277514091 83.83115994662734
    vertex 9505.85754111537 10064.525171995741 84.03115993401738
    vertex 9505.670439291163 10064.417148713132 83.83115993079797
  endloop
endfacet
facet normal 0.6305173655496834 0.2611688659060512 -0.7309163257320458
  outer loop
    vertex 9505.85754111537 10064.525171995741 84.03115993401738
    vertex 9505.450438538439 10064.948277514091 83.83115994662734
    vertex 9505.65912350698 10065.00419447693 84.0311599482938
  endloop
endfacet
facet normal 0.6766284781581586 0.08907985086747044 -0.7309163308579195
  outer loop
    vertex 9505.375400378669 10065.518248924776 83.83115996361435
    vertex 9505.597793682564 10065.470040742975 84.03115996217754
    vertex 9505.385427909721 10065.442082264539 83.83115996134433
  endloop
endfacet
facet normal 0.6766284781581586 0.08907985086747044 -0.7309163308579195
  outer loop
    vertex 9505.597793682564 10065.470040742975 84.03115996217754
    vertex 9505.375400378669 10065.518248924776 83.83115996361435
    vertex 9505.59144695581 10065.518248918817 84.0311599636143
  endloop
endfacet
facet normal 0.6766284781565557 0.08907985087354864 -0.7309163308586626
  outer loop
    vertex 9505.385427909721 10065.442082264539 83.83115996134433
    vertex 9505.65912350698 10065.00419447693 84.0311599482938
    vertex 9505.450438538439 10064.948277514091 83.83115994662734
  endloop
endfacet
facet normal 0.6766284781565557 0.08907985087354864 -0.7309163308586626
  outer loop
    vertex 9505.65912350698 10065.00419447693 84.0311599482938
    vertex 9505.385427909721 10065.442082264539 83.83115996134433
    vertex 9505.597793682564 10065.470040742975 84.03115996217754
  endloop
endfacet
facet normal 0.6766284781578727 -0.08907980730461164 -0.730916336167372
  outer loop
    vertex 9505.385427909721 10065.594415585016 83.83115996588438
    vertex 9505.59144695581 10065.518248918817 84.0311599636143
    vertex 9505.375400378669 10065.518248924776 83.83115996361435
  endloop
endfacet
facet normal 0.6766284781578727 -0.08907980730461164 -0.730916336167372
  outer loop
    vertex 9505.59144695581 10065.518248918817 84.0311599636143
    vertex 9505.385427909721 10065.594415585016 83.83115996588438
    vertex 9505.597793682566 10065.566457094661 84.03115996505106
  endloop
endfacet
facet normal -0.08907982908841153 0.6766284999342562 -0.7309163133535179
  outer loop
    vertex 9507.577600801966 10063.532095072662 84.03115990442043
    vertex 9508.147572212647 10063.39108666125 83.83115990021798
    vertex 9507.577600801966 10063.31604850148 83.83115989798156
  endloop
endfacet
facet normal -0.08907982908841153 0.6766284999342562 -0.7309163133535179
  outer loop
    vertex 9508.147572212647 10063.39108666125 83.83115990021798
    vertex 9507.577600801966 10063.532095072662 84.03115990442043
    vertex 9508.091655243856 10063.599771623834 84.03115990643742
  endloop
endfacet
facet normal -0.4154596340360576 -0.5414375146809012 -0.730916349648025
  outer loop
    vertex 9508.570677725038 10106.238308605412 84.03116117720514
    vertex 9509.134791654807 10106.075439777622 83.83116117235113
    vertex 9508.98202365506 10105.92267177191 84.0311611677981
  endloop
endfacet
facet normal -0.4154596340360576 -0.5414375146809012 -0.730916349648025
  outer loop
    vertex 9509.134791654807 10106.075439777622 83.83116117235113
    vertex 9508.570677725038 10106.238308605412 84.03116117720514
    vertex 9508.678701013614 10106.425410435577 83.83116118278141
  endloop
endfacet
facet normal 0.08907982908804252 -0.6766284563806171 -0.7309163536723122
  outer loop
    vertex 9507.007629391279 10106.645411188301 83.83116118933815
    vertex 9507.577600801966 10106.504402764971 84.0311611851356
    vertex 9507.063546360076 10106.4367262138 84.03116118311863
  endloop
endfacet
facet normal 0.08907982908804252 -0.6766284563806171 -0.7309163536723122
  outer loop
    vertex 9507.577600801966 10106.504402764971 84.0311611851356
    vertex 9507.007629391279 10106.645411188301 83.83116118933815
    vertex 9507.577600801966 10106.720449348071 83.83116119157452
  endloop
endfacet
facet normal 0.4154596340350035 -0.5414375146826529 -0.7309163496473268
  outer loop
    vertex 9506.020409949126 10106.075439777625 83.83116117235113
    vertex 9506.584523878888 10106.238308605412 84.03116117720514
    vertex 9506.173177948871 10105.922671771916 84.0311611677981
  endloop
endfacet
facet normal 0.4154596340350035 -0.5414375146826529 -0.7309163496473268
  outer loop
    vertex 9506.584523878888 10106.238308605412 84.03116117720514
    vertex 9506.020409949126 10106.075439777625 83.83116117235113
    vertex 9506.476500590315 10106.425410435575 83.83116118278141
  endloop
endfacet
facet normal 0.5414375364674545 -0.4154596122516574 -0.7309163458917555
  outer loop
    vertex 9505.670439291163 10105.619349136421 83.83116115875815
    vertex 9506.173177948871 10105.922671771916 84.0311611677981
    vertex 9505.85754111537 10105.511325841893 84.03116115553865
  endloop
endfacet
facet normal 0.5414375364674545 -0.4154596122516574 -0.7309163458917555
  outer loop
    vertex 9506.173177948871 10105.922671771916 84.0311611677981
    vertex 9505.670439291163 10105.619349136421 83.83116115875815
    vertex 9506.020409949126 10106.075439777625 83.83116117235113
  endloop
endfacet
facet normal 0.6305173655529508 -0.2611688223400132 -0.730916341296114
  outer loop
    vertex 9505.450438538439 10105.088220335461 83.83116114292878
    vertex 9505.85754111537 10105.511325841893 84.03116115553865
    vertex 9505.65912350698 10105.032303360706 84.03116114126222
  endloop
endfacet
facet normal 0.6305173655529508 -0.2611688223400132 -0.730916341296114
  outer loop
    vertex 9505.85754111537 10105.511325841893 84.03116115553865
    vertex 9505.450438538439 10105.088220335461 83.83116114292878
    vertex 9505.670439291163 10105.619349136421 83.83116115875815
  endloop
endfacet
facet normal -0.6305173655512923 -0.26116882234104966 -0.7309163412971742
  outer loop
    vertex 9509.297660488553 10105.511325841899 84.03116115553865
    vertex 9509.70476306549 10105.08822033546 83.83116114292878
    vertex 9509.496078096949 10105.0323033607 84.03116114126222
  endloop
endfacet
facet normal -0.6305173655512923 -0.26116882234104966 -0.7309163412971742
  outer loop
    vertex 9509.70476306549 10105.08822033546 83.83116114292878
    vertex 9509.297660488553 10105.511325841899 84.03116115553865
    vertex 9509.484762312763 10105.619349136425 83.83116115875815
  endloop
endfacet
facet normal 0.6766284781575933 -0.08907980730488865 -0.7309163361675968
  outer loop
    vertex 9505.450438538439 10105.088220335461 83.83116114292878
    vertex 9505.591446955812 10104.518248918817 84.03116112594172
    vertex 9505.375400378669 10104.518248924776 83.83116112594178
  endloop
endfacet
facet normal 0.6766284781575933 -0.08907980730488865 -0.7309163361675968
  outer loop
    vertex 9505.591446955812 10104.518248918817 84.03116112594172
    vertex 9505.450438538439 10105.088220335461 83.83116114292878
    vertex 9505.65912350698 10105.032303360706 84.03116114126222
  endloop
endfacet
facet normal -0.6766284781591833 -0.08907980730415478 -0.7309163361662144
  outer loop
    vertex 9509.496078096949 10105.0323033607 84.03116114126222
    vertex 9509.769773694206 10104.594415585014 83.83116112821178
    vertex 9509.557407921364 10104.56645709466 84.03116112737848
  endloop
endfacet
facet normal -0.6766284781591833 -0.08907980730415478 -0.7309163361662144
  outer loop
    vertex 9509.769773694206 10104.594415585014 83.83116112821178
    vertex 9509.496078096949 10105.0323033607 84.03116114126222
    vertex 9509.70476306549 10105.08822033546 83.83116114292878
  endloop
endfacet
facet normal -0.5414375364664844 -0.41545961225094796 -0.7309163458928776
  outer loop
    vertex 9508.98202365506 10105.92267177191 84.0311611677981
    vertex 9509.484762312763 10105.619349136425 83.83116115875815
    vertex 9509.297660488553 10105.511325841899 84.03116115553865
  endloop
endfacet
facet normal -0.5414375364664844 -0.41545961225094796 -0.7309163458928776
  outer loop
    vertex 9509.484762312763 10105.619349136425 83.83116115875815
    vertex 9508.98202365506 10105.92267177191 84.0311611677981
    vertex 9509.134791654807 10106.075439777622 83.83116117235113
  endloop
endfacet
facet normal -0.6305173655480253 0.2611688659070879 -0.7309163257331057
  outer loop
    vertex 9509.297660488553 10064.525171995736 84.03115993401738
    vertex 9509.70476306549 10064.948277514093 83.83115994662734
    vertex 9509.484762312763 10064.417148713128 83.83115993079797
  endloop
endfacet
facet normal -0.6305173655480253 0.2611688659070879 -0.7309163257331057
  outer loop
    vertex 9509.70476306549 10064.948277514093 83.83115994662734
    vertex 9509.297660488553 10064.525171995736 84.03115993401738
    vertex 9509.496078096949 10065.004194476933 84.0311599482938
  endloop
endfacet
facet normal -0.6766284781577889 0.08907985087149217 -0.7309163308577716
  outer loop
    vertex 9509.496078096949 10104.004194476933 84.03116111062121
    vertex 9509.769773694206 10104.442082264537 83.83116112367175
    vertex 9509.70476306549 10103.948277514093 83.83116110895476
  endloop
endfacet
facet normal -0.6766284781577889 0.08907985087149217 -0.7309163308577716
  outer loop
    vertex 9509.769773694206 10104.442082264537 83.83116112367175
    vertex 9509.496078096949 10104.004194476933 84.03116111062121
    vertex 9509.557407921364 10104.470040742975 84.03116112450496
  endloop
endfacet
facet normal -0.676628478158114 0.08907985086625872 -0.7309163308581086
  outer loop
    vertex 9509.557407921364 10104.470040742975 84.03116112450496
    vertex 9509.779801225259 10104.518248924776 83.83116112594178
    vertex 9509.769773694206 10104.442082264537 83.83116112367175
  endloop
endfacet
facet normal -0.676628478158114 0.08907985086625872 -0.7309163308581086
  outer loop
    vertex 9509.779801225259 10104.518248924776 83.83116112594178
    vertex 9509.557407921364 10104.470040742975 84.03116112450496
    vertex 9509.56375464812 10104.518248918817 84.03116112594172
  endloop
endfacet
facet normal -0.6766284781594435 -0.08907980730099099 -0.730916336166359
  outer loop
    vertex 9509.56375464812 10104.518248918817 84.03116112594172
    vertex 9509.769773694206 10104.594415585014 83.83116112821178
    vertex 9509.779801225259 10104.518248924776 83.83116112594178
  endloop
endfacet
facet normal -0.6766284781594435 -0.08907980730099099 -0.730916336166359
  outer loop
    vertex 9509.769773694206 10104.594415585014 83.83116112821178
    vertex 9509.56375464812 10104.518248918817 84.03116112594172
    vertex 9509.557407921364 10104.56645709466 84.03116112737848
  endloop
endfacet
facet normal -0.08907982908847792 -0.676628456380236 -0.730916353672612
  outer loop
    vertex 9507.577600801966 10106.504402764971 84.0311611851356
    vertex 9508.14757221265 10106.645411188301 83.83116118933815
    vertex 9508.091655243854 10106.4367262138 84.03116118311863
  endloop
endfacet
facet normal -0.08907982908847792 -0.676628456380236 -0.730916353672612
  outer loop
    vertex 9508.14757221265 10106.645411188301 83.83116118933815
    vertex 9507.577600801966 10106.504402764971 84.0311611851356
    vertex 9507.577600801966 10106.720449348071 83.83116119157452
  endloop
endfacet
facet normal -0.261168844123683 -0.6305173437724182 -0.7309163523011875
  outer loop
    vertex 9508.091655243854 10106.4367262138 84.03116118311863
    vertex 9508.678701013614 10106.425410435577 83.83116118278141
    vertex 9508.570677725038 10106.238308605412 84.03116117720514
  endloop
endfacet
facet normal -0.261168844123683 -0.6305173437724182 -0.7309163523011875
  outer loop
    vertex 9508.678701013614 10106.425410435577 83.83116118278141
    vertex 9508.091655243854 10106.4367262138 84.03116118311863
    vertex 9508.14757221265 10106.645411188301 83.83116118933815
  endloop
endfacet
facet normal 0.261168844125096 -0.630517343772342 -0.7309163523007484
  outer loop
    vertex 9506.476500590315 10106.425410435575 83.83116118278141
    vertex 9507.063546360076 10106.4367262138 84.03116118311863
    vertex 9506.584523878888 10106.238308605412 84.03116117720514
  endloop
endfacet
facet normal 0.261168844125096 -0.630517343772342 -0.7309163523007484
  outer loop
    vertex 9507.063546360076 10106.4367262138 84.03116118311863
    vertex 9506.476500590315 10106.425410435575 83.83116118278141
    vertex 9507.007629391279 10106.645411188301 83.83116118933815
  endloop
endfacet
facet normal -0.26116884412117924 0.630517387332397 -0.7309163147255199
  outer loop
    vertex 9508.09165524386 10102.599771623834 84.03116106876483
    vertex 9508.678701013614 10102.611087413976 83.83116106910212
    vertex 9508.14757221265 10102.391086661251 83.83116106254536
  endloop
endfacet
facet normal -0.26116884412117924 0.630517387332397 -0.7309163147255199
  outer loop
    vertex 9508.678701013614 10102.611087413976 83.83116106910212
    vertex 9508.09165524386 10102.599771623834 84.03116106876483
    vertex 9508.570677725038 10102.79818923222 84.03116107467832
  endloop
endfacet
facet normal 0.26116884412211083 0.6305173873320111 -0.73091631472552
  outer loop
    vertex 9506.476500590315 10102.611087413978 83.83116106910212
    vertex 9507.06354636007 10102.599771623834 84.03116106876483
    vertex 9507.007629391279 10102.391086661251 83.83116106254536
  endloop
endfacet
facet normal 0.26116884412211083 0.6305173873320111 -0.73091631472552
  outer loop
    vertex 9507.06354636007 10102.599771623834 84.03116106876483
    vertex 9506.476500590315 10102.611087413978 83.83116106910212
    vertex 9506.584523878888 10102.798189232222 84.03116107467832
  endloop
endfacet
facet normal -0.6305173655480125 0.26116886590709204 -0.7309163257331152
  outer loop
    vertex 9509.297660488553 10103.525171995734 84.03116109634477
    vertex 9509.70476306549 10103.948277514093 83.83116110895476
    vertex 9509.484762312763 10103.417148713128 83.83116109312537
  endloop
endfacet
facet normal -0.6305173655480125 0.26116886590709204 -0.7309163257331152
  outer loop
    vertex 9509.70476306549 10103.948277514093 83.83116110895476
    vertex 9509.297660488553 10103.525171995734 84.03116109634477
    vertex 9509.496078096949 10104.004194476933 84.03116111062121
  endloop
endfacet
facet normal -0.5414375364620263 0.4154596558149051 -0.7309163211340218
  outer loop
    vertex 9508.98202365506 10103.113826065723 84.03116108408533
    vertex 9509.484762312763 10103.417148713128 83.83116109312537
    vertex 9509.134791654807 10102.96105807193 83.8311610795324
  endloop
endfacet
facet normal -0.5414375364620263 0.4154596558149051 -0.7309163211340218
  outer loop
    vertex 9509.484762312763 10103.417148713128 83.83116109312537
    vertex 9508.98202365506 10103.113826065723 84.03116108408533
    vertex 9509.297660488553 10103.525171995734 84.03116109634477
  endloop
endfacet
facet normal -0.7071067811865477 2.1074092172504106e-08 -0.7071067811865472
  outer loop
    vertex 9541.137600852819 10113.097770147884 83.83116138163952
    vertex 9540.93760085282 10097.897770141926 84.03116092862982
    vertex 9540.93760085282 10112.897770141924 84.03116137567882
  endloop
endfacet
facet normal -0.7071067811865477 2.1074092172504106e-08 -0.7071067811865472
  outer loop
    vertex 9540.93760085282 10097.897770141926 84.03116092862982
    vertex 9541.137600852819 10113.097770147884 83.83116138163952
    vertex 9541.137600852819 10097.697770147885 83.83116092266921
  endloop
endfacet
facet normal 2.409010385684842e-19 -0.7071067601185368 -0.7071068022545577
  outer loop
    vertex 9530.040443539865 10113.097770147884 83.83116138163952
    vertex 9540.93760085282 10112.897770141924 84.03116137567882
    vertex 9529.557600827391 10112.897770141924 84.03116137567882
  endloop
endfacet
facet normal 2.409010385684842e-19 -0.7071067601185368 -0.7071068022545577
  outer loop
    vertex 9540.93760085282 10112.897770141924 84.03116137567882
    vertex 9530.040443539865 10113.097770147884 83.83116138163952
    vertex 9541.137600852819 10113.097770147884 83.83116138163952
  endloop
endfacet
facet normal -0.08907982908661702 0.6766284999368088 -0.7309163133513734
  outer loop
    vertex 9507.577600801966 10102.532095072664 84.03116106674784
    vertex 9508.14757221265 10102.391086661251 83.83116106254536
    vertex 9507.577600801966 10102.316048501481 83.83116106030899
  endloop
endfacet
facet normal -0.08907982908661702 0.6766284999368088 -0.7309163133513734
  outer loop
    vertex 9508.14757221265 10102.391086661251 83.83116106254536
    vertex 9507.577600801966 10102.532095072664 84.03116106674784
    vertex 9508.09165524386 10102.599771623834 84.03116106876483
  endloop
endfacet
facet normal 0.08907982908627103 0.6766284999370163 -0.7309163133512235
  outer loop
    vertex 9507.007629391279 10102.391086661251 83.83116106254536
    vertex 9507.577600801966 10102.532095072664 84.03116106674784
    vertex 9507.577600801966 10102.316048501481 83.83116106030899
  endloop
endfacet
facet normal 0.08907982908627103 0.6766284999370163 -0.7309163133512235
  outer loop
    vertex 9507.577600801966 10102.532095072664 84.03116106674784
    vertex 9507.007629391279 10102.391086661251 83.83116106254536
    vertex 9507.06354636007 10102.599771623834 84.03116106876483
  endloop
endfacet
facet normal -1.9272083084815698e-19 0.7071068022545577 -0.7071067601185368
  outer loop
    vertex 9529.557600827391 10097.897770141926 84.03116092862982
    vertex 9541.137600852819 10097.697770147885 83.83116092266921
    vertex 9530.040443539865 10097.697770147885 83.83116092266921
  endloop
endfacet
facet normal -1.9272083084815698e-19 0.7071068022545577 -0.7071067601185368
  outer loop
    vertex 9541.137600852819 10097.697770147885 83.83116092266921
    vertex 9529.557600827391 10097.897770141926 84.03116092862982
    vertex 9540.93760085282 10097.897770141926 84.03116092862982
  endloop
endfacet
facet normal 0.6766284781562341 0.08907985087198352 -0.7309163308591511
  outer loop
    vertex 9505.375400378669 10104.518248924776 83.83116112594178
    vertex 9505.65912350698 10104.00419447693 84.03116111062121
    vertex 9505.450438538439 10103.948277514091 83.83116110895476
  endloop
endfacet
facet normal 0.6766284781562341 0.08907985087198352 -0.7309163308591511
  outer loop
    vertex 9505.65912350698 10104.00419447693 84.03116111062121
    vertex 9505.375400378669 10104.518248924776 83.83116112594178
    vertex 9505.591446955812 10104.518248918817 84.03116112594172
  endloop
endfacet
facet normal 0.4154596340305176 0.5414375582442259 -0.7309163173809701
  outer loop
    vertex 9506.020409949126 10102.961058071925 83.8311610795324
    vertex 9506.584523878888 10102.798189232222 84.03116107467832
    vertex 9506.476500590315 10102.611087413978 83.83116106910212
  endloop
endfacet
facet normal 0.4154596340305176 0.5414375582442259 -0.7309163173809701
  outer loop
    vertex 9506.584523878888 10102.798189232222 84.03116107467832
    vertex 9506.020409949126 10102.961058071925 83.8311610795324
    vertex 9506.173177948871 10103.113826065719 84.03116108408533
  endloop
endfacet
facet normal 0.6305173655496706 0.2611688659060553 -0.7309163257320552
  outer loop
    vertex 9505.450438538439 10103.948277514091 83.83116110895476
    vertex 9505.85754111537 10103.525171995741 84.03116109634477
    vertex 9505.670439291163 10103.417148713132 83.83116109312537
  endloop
endfacet
facet normal 0.6305173655496706 0.2611688659060553 -0.7309163257320552
  outer loop
    vertex 9505.85754111537 10103.525171995741 84.03116109634477
    vertex 9505.450438538439 10103.948277514091 83.83116110895476
    vertex 9505.65912350698 10104.00419447693 84.03116111062121
  endloop
endfacet
facet normal -0.4154596340315717 0.5414375582424742 -0.7309163173816684
  outer loop
    vertex 9508.570677725038 10102.79818923222 84.03116107467832
    vertex 9509.134791654807 10102.96105807193 83.8311610795324
    vertex 9508.678701013614 10102.611087413976 83.83116106910212
  endloop
endfacet
facet normal -0.4154596340315717 0.5414375582424742 -0.7309163173816684
  outer loop
    vertex 9509.134791654807 10102.96105807193 83.8311610795324
    vertex 9508.570677725038 10102.79818923222 84.03116107467832
    vertex 9508.98202365506 10103.113826065723 84.03116108408533
  endloop
endfacet
facet normal -0.3826834323653755 2.7534628373398598e-08 -0.923879532511168
  outer loop
    vertex 9529.557600827391 10097.897770141926 84.03116092862982
    vertex 9530.040443539865 10048.179281750854 83.83115944685647
    vertex 9529.557600827391 10047.979281744894 84.03115944089579
  endloop
endfacet
facet normal -0.3826834323653755 2.7534628373398598e-08 -0.923879532511168
  outer loop
    vertex 9530.040443539865 10048.179281750854 83.83115944685647
    vertex 9529.557600827391 10097.897770141926 84.03116092862982
    vertex 9530.040443539865 10097.697770147885 83.83116092266921
  endloop
endfacet
facet normal 0.6766284781596303 -0.08907980729904688 -0.730916336166423
  outer loop
    vertex 9543.745427960575 10065.594415585016 83.83115996588438
    vertex 9543.951447006664 10065.518248918817 84.0311599636143
    vertex 9543.735400429523 10065.518248924776 83.83115996361435
  endloop
endfacet
facet normal 0.6766284781596303 -0.08907980729904688 -0.730916336166423
  outer loop
    vertex 9543.951447006664 10065.518248918817 84.0311599636143
    vertex 9543.745427960575 10065.594415585016 83.83115996588438
    vertex 9543.957793733418 10065.566457094661 84.03115996505106
  endloop
endfacet
facet normal -2.2061177637703313e-19 -0.7071067601159845 -0.70710680225711
  outer loop
    vertex 9530.040443539865 10048.179281750854 83.83115944685647
    vertex 9557.937600852818 10047.979281744894 84.03115944089579
    vertex 9529.557600827391 10047.979281744894 84.03115944089579
  endloop
endfacet
facet normal -2.2061177637703313e-19 -0.7071067601159845 -0.70710680225711
  outer loop
    vertex 9557.937600852818 10047.979281744894 84.03115944089579
    vertex 9530.040443539865 10048.179281750854 83.83115944685647
    vertex 9557.737600852819 10048.179281750854 83.83115944685647
  endloop
endfacet
facet normal 0.6766284781591395 -0.08907980730441682 -0.730916336166223
  outer loop
    vertex 9543.745427960575 10065.594415585016 83.83115996588438
    vertex 9544.019123557833 10066.0323033607 84.03115997893481
    vertex 9543.957793733418 10065.566457094661 84.03115996505106
  endloop
endfacet
facet normal 0.6766284781591395 -0.08907980730441682 -0.730916336166223
  outer loop
    vertex 9544.019123557833 10066.0323033607 84.03115997893481
    vertex 9543.745427960575 10065.594415585016 83.83115996588438
    vertex 9543.810438589293 10066.08822033546 83.83115998060136
  endloop
endfacet
facet normal 0.4154596340315719 0.5414375582424743 -0.7309163173816683
  outer loop
    vertex 9544.380409999974 10063.96105807193 83.83115991720499
    vertex 9544.944523929744 10063.79818923222 84.03115991235092
    vertex 9544.83650064117 10063.611087413976 83.8311599067747
  endloop
endfacet
facet normal 0.4154596340315719 0.5414375582424743 -0.7309163173816683
  outer loop
    vertex 9544.944523929744 10063.79818923222 84.03115991235092
    vertex 9544.380409999974 10063.96105807193 83.83115991720499
    vertex 9544.533177999721 10064.113826065723 84.0311599217579
  endloop
endfacet
facet normal 0.6305173655480252 0.2611688659070879 -0.7309163257331058
  outer loop
    vertex 9543.810438589293 10064.948277514093 83.83115994662734
    vertex 9544.21754116623 10064.525171995736 84.03115993401738
    vertex 9544.03043934202 10064.417148713128 83.83115993079797
  endloop
endfacet
facet normal 0.6305173655480252 0.2611688659070879 -0.7309163257331058
  outer loop
    vertex 9544.21754116623 10064.525171995736 84.03115993401738
    vertex 9543.810438589293 10064.948277514093 83.83115994662734
    vertex 9544.019123557833 10065.004194476933 84.0311599482938
  endloop
endfacet
facet normal 0.0890798290884115 0.6766284999342562 -0.7309163133535179
  outer loop
    vertex 9545.367629442135 10063.39108666125 83.83115990021798
    vertex 9545.937600852818 10063.532095072662 84.03115990442043
    vertex 9545.937600852818 10063.31604850148 83.83115989798156
  endloop
endfacet
facet normal 0.0890798290884115 0.6766284999342562 -0.7309163133535179
  outer loop
    vertex 9545.937600852818 10063.532095072662 84.03115990442043
    vertex 9545.367629442135 10063.39108666125 83.83115990021798
    vertex 9545.423546410926 10063.599771623834 84.03115990643742
  endloop
endfacet
facet normal -0.4154596340307805 0.54143755824431 -0.7309163173807582
  outer loop
    vertex 9546.930677775894 10063.79818923222 84.03115991235092
    vertex 9547.494791705658 10063.961058071927 83.83115991720499
    vertex 9547.038701064468 10063.611087413978 83.8311599067747
  endloop
endfacet
facet normal -0.4154596340307805 0.54143755824431 -0.7309163173807582
  outer loop
    vertex 9547.494791705658 10063.961058071927 83.83115991720499
    vertex 9546.930677775894 10063.79818923222 84.03115991235092
    vertex 9547.34202370591 10064.113826065719 84.0311599217579
  endloop
endfacet
facet normal 0.5414375364620133 0.4154596558149051 -0.7309163211340315
  outer loop
    vertex 9544.03043934202 10064.417148713128 83.83115993079797
    vertex 9544.533177999721 10064.113826065723 84.0311599217579
    vertex 9544.380409999974 10063.96105807193 83.83115991720499
  endloop
endfacet
facet normal 0.5414375364620133 0.4154596558149051 -0.7309163211340315
  outer loop
    vertex 9544.533177999721 10064.113826065723 84.0311599217579
    vertex 9544.03043934202 10064.417148713128 83.83115993079797
    vertex 9544.21754116623 10064.525171995736 84.03115993401738
  endloop
endfacet
facet normal -0.63051736555021 0.26116886590478017 -0.7309163257320457
  outer loop
    vertex 9547.657660539411 10064.525171995741 84.03115993401738
    vertex 9548.064763116343 10064.948277514093 83.83115994662734
    vertex 9547.844762363618 10064.417148713132 83.83115993079797
  endloop
endfacet
facet normal -0.63051736555021 0.26116886590478017 -0.7309163257320457
  outer loop
    vertex 9548.064763116343 10064.948277514093 83.83115994662734
    vertex 9547.657660539411 10064.525171995741 84.03115993401738
    vertex 9547.8560781478 10065.004194476933 84.0311599482938
  endloop
endfacet
facet normal -0.6766284781566199 0.08907985087219623 -0.7309163308587681
  outer loop
    vertex 9547.8560781478 10065.004194476933 84.0311599482938
    vertex 9548.12977374506 10065.442082264537 83.83115996134433
    vertex 9548.064763116343 10064.948277514093 83.83115994662734
  endloop
endfacet
facet normal -0.6766284781566199 0.08907985087219623 -0.7309163308587681
  outer loop
    vertex 9548.12977374506 10065.442082264537 83.83115996134433
    vertex 9547.8560781478 10065.004194476933 84.0311599482938
    vertex 9547.917407972218 10065.470040742975 84.03115996217754
  endloop
endfacet
facet normal -0.6766284781581138 0.08907985086625898 -0.7309163308581086
  outer loop
    vertex 9547.917407972218 10065.470040742975 84.03115996217754
    vertex 9548.139801276113 10065.518248924776 83.83115996361435
    vertex 9548.12977374506 10065.442082264537 83.83115996134433
  endloop
endfacet
facet normal -0.6766284781581138 0.08907985086625898 -0.7309163308581086
  outer loop
    vertex 9548.139801276113 10065.518248924776 83.83115996361435
    vertex 9547.917407972218 10065.470040742975 84.03115996217754
    vertex 9547.923754698972 10065.518248918817 84.0311599636143
  endloop
endfacet
facet normal 0.6766284781578532 0.0890798508712333 -0.7309163308577437
  outer loop
    vertex 9543.745427960575 10065.442082264539 83.83115996134433
    vertex 9544.019123557833 10065.004194476933 84.0311599482938
    vertex 9543.810438589293 10064.948277514093 83.83115994662734
  endloop
endfacet
facet normal 0.6766284781578532 0.0890798508712333 -0.7309163308577437
  outer loop
    vertex 9544.019123557833 10065.004194476933 84.0311599482938
    vertex 9543.745427960575 10065.442082264539 83.83115996134433
    vertex 9543.957793733418 10065.470040742977 84.03115996217754
  endloop
endfacet
facet normal -0.6766284781592568 -0.08907980730293512 -0.730916336166295
  outer loop
    vertex 9547.923754698972 10065.518248918817 84.0311599636143
    vertex 9548.12977374506 10065.594415585012 83.83115996588438
    vertex 9548.139801276113 10065.518248924776 83.83115996361435
  endloop
endfacet
facet normal -0.6766284781592568 -0.08907980730293512 -0.730916336166295
  outer loop
    vertex 9548.12977374506 10065.594415585012 83.83115996588438
    vertex 9547.923754698972 10065.518248918817 84.0311599636143
    vertex 9547.917407972218 10065.566457094657 84.03115996505106
  endloop
endfacet
facet normal 0.676628478157927 0.089079850868203 -0.7309163308580445
  outer loop
    vertex 9543.735400429523 10065.518248924776 83.83115996361435
    vertex 9543.957793733418 10065.470040742977 84.03115996217754
    vertex 9543.745427960575 10065.442082264539 83.83115996134433
  endloop
endfacet
facet normal 0.676628478157927 0.089079850868203 -0.7309163308580445
  outer loop
    vertex 9543.957793733418 10065.470040742977 84.03115996217754
    vertex 9543.735400429523 10065.518248924776 83.83115996361435
    vertex 9543.951447006664 10065.518248918817 84.0311599636143
  endloop
endfacet
facet normal -0.261168844120893 0.6305173873324935 -0.7309163147255391
  outer loop
    vertex 9546.45165529471 10063.599771623834 84.03115990643742
    vertex 9547.038701064468 10063.611087413978 83.8311599067747
    vertex 9546.507572263501 10063.39108666125 83.83115990021798
  endloop
endfacet
facet normal -0.261168844120893 0.6305173873324935 -0.7309163147255391
  outer loop
    vertex 9547.038701064468 10063.611087413978 83.8311599067747
    vertex 9546.45165529471 10063.599771623834 84.03115990643742
    vertex 9546.930677775894 10063.79818923222 84.03115991235092
  endloop
endfacet
facet normal -0.6766284781580377 -0.08907980730459364 -0.7309163361672212
  outer loop
    vertex 9547.8560781478 10066.032303360702 84.03115997893481
    vertex 9548.12977374506 10065.594415585012 83.83115996588438
    vertex 9547.917407972218 10065.566457094657 84.03115996505106
  endloop
endfacet
facet normal -0.6766284781580377 -0.08907980730459364 -0.7309163361672212
  outer loop
    vertex 9548.12977374506 10065.594415585012 83.83115996588438
    vertex 9547.8560781478 10066.032303360702 84.03115997893481
    vertex 9548.064763116343 10066.08822033546 83.83115998060136
  endloop
endfacet
facet normal 0.2611688441202872 0.6305173873315155 -0.7309163147265991
  outer loop
    vertex 9544.83650064117 10063.611087413976 83.8311599067747
    vertex 9545.423546410926 10063.599771623834 84.03115990643742
    vertex 9545.367629442135 10063.39108666125 83.83115990021798
  endloop
endfacet
facet normal 0.2611688441202872 0.6305173873315155 -0.7309163147265991
  outer loop
    vertex 9545.423546410926 10063.599771623834 84.03115990643742
    vertex 9544.83650064117 10063.611087413976 83.8311599067747
    vertex 9544.944523929744 10063.79818923222 84.03115991235092
  endloop
endfacet
facet normal -0.08907982908841153 0.6766284999342562 -0.7309163133535179
  outer loop
    vertex 9545.937600852818 10063.532095072662 84.03115990442043
    vertex 9546.507572263501 10063.39108666125 83.83115990021798
    vertex 9545.937600852818 10063.31604850148 83.83115989798156
  endloop
endfacet
facet normal -0.08907982908841153 0.6766284999342562 -0.7309163133535179
  outer loop
    vertex 9546.507572263501 10063.39108666125 83.83115990021798
    vertex 9545.937600852818 10063.532095072662 84.03115990442043
    vertex 9546.45165529471 10063.599771623834 84.03115990643742
  endloop
endfacet
facet normal -0.5414375364629836 0.4154596558156148 -0.7309163211329094
  outer loop
    vertex 9547.34202370591 10064.113826065719 84.0311599217579
    vertex 9547.844762363618 10064.417148713132 83.83115993079797
    vertex 9547.494791705658 10063.961058071927 83.83115991720499
  endloop
endfacet
facet normal -0.5414375364629836 0.4154596558156148 -0.7309163211329094
  outer loop
    vertex 9547.844762363618 10064.417148713132 83.83115993079797
    vertex 9547.34202370591 10064.113826065719 84.0311599217579
    vertex 9547.657660539411 10064.525171995741 84.03115993401738
  endloop
endfacet
facet normal -0.26116884412602065 -0.6305173437714611 -0.730916352301178
  outer loop
    vertex 9546.45165529471 10067.4367262138 84.03116002079119
    vertex 9547.03870106446 10067.425410435579 83.83116002045398
    vertex 9546.930677775888 10067.238308605414 84.0311600148777
  endloop
endfacet
facet normal -0.26116884412602065 -0.6305173437714611 -0.730916352301178
  outer loop
    vertex 9547.03870106446 10067.425410435579 83.83116002045398
    vertex 9546.45165529471 10067.4367262138 84.03116002079119
    vertex 9546.507572263508 10067.645411188301 83.83116002701074
  endloop
endfacet
facet normal 0.541437536466433 -0.41545961225185407 -0.7309163458924005
  outer loop
    vertex 9544.030439342021 10066.619349136427 83.83115999643074
    vertex 9544.53317799972 10066.922671771908 84.03116000547071
    vertex 9544.21754116623 10066.5113258419 84.03115999321123
  endloop
endfacet
facet normal 0.541437536466433 -0.41545961225185407 -0.7309163458924005
  outer loop
    vertex 9544.53317799972 10066.922671771908 84.03116000547071
    vertex 9544.030439342021 10066.619349136427 83.83115999643074
    vertex 9544.38040999997 10067.075439777616 83.83116001002374
  endloop
endfacet
facet normal -0.5414375364654949 -0.41545961225259304 -0.7309163458926754
  outer loop
    vertex 9547.342023705914 10066.92267177191 84.03116000547071
    vertex 9547.844762363618 10066.619349136423 83.83115999643074
    vertex 9547.657660539411 10066.511325841895 84.03115999321123
  endloop
endfacet
facet normal -0.5414375364654949 -0.41545961225259304 -0.7309163458926754
  outer loop
    vertex 9547.844762363618 10066.619349136423 83.83115999643074
    vertex 9547.342023705914 10066.92267177191 84.03116000547071
    vertex 9547.494791705662 10067.07543977762 83.83116001002374
  endloop
endfacet
facet normal 0.6305173655522704 -0.2611688223416554 -0.7309163412961142
  outer loop
    vertex 9543.810438589293 10066.08822033546 83.83115998060136
    vertex 9544.21754116623 10066.5113258419 84.03115999321123
    vertex 9544.019123557833 10066.0323033607 84.03115997893481
  endloop
endfacet
facet normal 0.6305173655522704 -0.2611688223416554 -0.7309163412961142
  outer loop
    vertex 9544.21754116623 10066.5113258419 84.03115999321123
    vertex 9543.810438589293 10066.08822033546 83.83115998060136
    vertex 9544.030439342021 10066.619349136427 83.83115999643074
  endloop
endfacet
facet normal -0.41545963403569053 -0.5414375146821391 -0.7309163496473169
  outer loop
    vertex 9546.930677775888 10067.238308605414 84.0311600148777
    vertex 9547.494791705662 10067.07543977762 83.83116001002374
    vertex 9547.342023705914 10066.92267177191 84.03116000547071
  endloop
endfacet
facet normal -0.41545963403569053 -0.5414375146821391 -0.7309163496473169
  outer loop
    vertex 9547.494791705662 10067.07543977762 83.83116001002374
    vertex 9546.930677775888 10067.238308605414 84.0311600148777
    vertex 9547.03870106446 10067.425410435579 83.83116002045398
  endloop
endfacet
facet normal 0.67662847815891 -0.08907980729983973 -0.7309163361669933
  outer loop
    vertex 9543.737122135803 10104.531326582326 83.83116112633151
    vertex 9543.957793733418 10104.566457094661 84.03116112737848
    vertex 9543.951447006664 10104.518248918816 84.03116112594172
  endloop
endfacet
facet normal 0.67662847815891 -0.08907980729983973 -0.7309163361669933
  outer loop
    vertex 9543.957793733418 10104.566457094661 84.03116112737848
    vertex 9543.737122135803 10104.531326582326 83.83116112633151
    vertex 9543.745427960575 10104.594415585016 83.83116112821178
  endloop
endfacet
facet normal 0.6822516195699315 2.178966581521442e-08 -0.7311174512991775
  outer loop
    vertex 9543.737122135803 10104.531326582326 83.83116112633151
    vertex 9543.951447006664 10104.46844015282 84.03116112445726
    vertex 9543.737122135803 10104.453773774008 83.8311611240202
  endloop
endfacet
facet normal 0.6822516195699315 2.178966581521442e-08 -0.7311174512991775
  outer loop
    vertex 9543.951447006664 10104.46844015282 84.03116112445726
    vertex 9543.737122135803 10104.531326582326 83.83116112633151
    vertex 9543.951447006664 10104.518248918816 84.03116112594172
  endloop
endfacet
facet normal 0.6753314016927314 0.09841527056499509 -0.7309185538809023
  outer loop
    vertex 9543.737122135803 10104.453773774008 83.8311611240202
    vertex 9544.019088727533 10104.004278564717 84.03116111062373
    vertex 9543.810976897517 10103.946977923075 83.83116110891602
  endloop
endfacet
facet normal 0.6753314016927314 0.09841527056499509 -0.7309185538809023
  outer loop
    vertex 9544.019088727533 10104.004278564717 84.03116111062373
    vertex 9543.737122135803 10104.453773774008 83.8311611240202
    vertex 9543.951447006664 10104.46844015282 84.03116112445726
  endloop
endfacet
facet normal 0.08907982908856062 -0.6766284563790067 -0.7309163536737399
  outer loop
    vertex 9545.367629442128 10067.645411188301 83.83116002701074
    vertex 9545.937600852818 10067.504402764971 84.0311600228082
    vertex 9545.423546410926 10067.4367262138 84.03116002079119
  endloop
endfacet
facet normal 0.08907982908856062 -0.6766284563790067 -0.7309163536737399
  outer loop
    vertex 9545.937600852818 10067.504402764971 84.0311600228082
    vertex 9545.367629442128 10067.645411188301 83.83116002701074
    vertex 9545.937600852818 10067.720449348073 83.83116002924713
  endloop
endfacet
facet normal 0.4154596340362441 -0.5414375146817142 -0.730916349647317
  outer loop
    vertex 9544.38040999997 10067.075439777616 83.83116001002374
    vertex 9544.944523929747 10067.238308605412 84.0311600148777
    vertex 9544.53317799972 10066.922671771908 84.03116000547071
  endloop
endfacet
facet normal 0.4154596340362441 -0.5414375146817142 -0.730916349647317
  outer loop
    vertex 9544.944523929747 10067.238308605412 84.0311600148777
    vertex 9544.38040999997 10067.075439777616 83.83116001002374
    vertex 9544.836500641177 10067.42541043558 83.83116002045398
  endloop
endfacet
facet normal 0.6305173655477019 0.26116886590699084 -0.7309163257334195
  outer loop
    vertex 9543.810976897517 10103.946977923075 83.83116110891602
    vertex 9544.21754116623 10103.525171995734 84.03116109634477
    vertex 9544.03043934202 10103.417148713128 83.83116109312537
  endloop
endfacet
facet normal 0.6305173655477019 0.26116886590699084 -0.7309163257334195
  outer loop
    vertex 9544.21754116623 10103.525171995734 84.03116109634477
    vertex 9543.810976897517 10103.946977923075 83.83116110891602
    vertex 9544.019088727533 10104.004278564717 84.03116111062373
  endloop
endfacet
facet normal 0.5414375364620262 0.41545965581490507 -0.7309163211340219
  outer loop
    vertex 9544.03043934202 10103.417148713128 83.83116109312537
    vertex 9544.533177999721 10103.113826065723 84.03116108408533
    vertex 9544.380409999974 10102.96105807193 83.8311610795324
  endloop
endfacet
facet normal 0.5414375364620262 0.41545965581490507 -0.7309163211340219
  outer loop
    vertex 9544.533177999721 10103.113826065723 84.03116108408533
    vertex 9544.03043934202 10103.417148713128 83.83116109312537
    vertex 9544.21754116623 10103.525171995734 84.03116109634477
  endloop
endfacet
facet normal -0.08907982908856062 -0.6766284563790067 -0.7309163536737399
  outer loop
    vertex 9545.937600852818 10067.504402764971 84.0311600228082
    vertex 9546.507572263508 10067.645411188301 83.83116002701074
    vertex 9546.45165529471 10067.4367262138 84.03116002079119
  endloop
endfacet
facet normal -0.08907982908856062 -0.6766284563790067 -0.7309163536737399
  outer loop
    vertex 9546.507572263508 10067.645411188301 83.83116002701074
    vertex 9545.937600852818 10067.504402764971 84.0311600228082
    vertex 9545.937600852818 10067.720449348073 83.83116002924713
  endloop
endfacet
facet normal 0.6766284781591394 -0.08907980730441684 -0.7309163361662231
  outer loop
    vertex 9543.745427960575 10104.594415585016 83.83116112821178
    vertex 9544.019123557833 10105.0323033607 84.03116114126222
    vertex 9543.957793733418 10104.566457094661 84.03116112737848
  endloop
endfacet
facet normal 0.6766284781591394 -0.08907980730441684 -0.7309163361662231
  outer loop
    vertex 9544.019123557833 10105.0323033607 84.03116114126222
    vertex 9543.745427960575 10104.594415585016 83.83116112821178
    vertex 9543.810438589293 10105.08822033546 83.83116114292878
  endloop
endfacet
facet normal 0.26116884412546526 -0.6305173437702516 -0.7309163523024198
  outer loop
    vertex 9544.836500641177 10067.42541043558 83.83116002045398
    vertex 9545.423546410926 10067.4367262138 84.03116002079119
    vertex 9544.944523929747 10067.238308605412 84.0311600148777
  endloop
endfacet
facet normal 0.26116884412546526 -0.6305173437702516 -0.7309163523024198
  outer loop
    vertex 9545.423546410926 10067.4367262138 84.03116002079119
    vertex 9544.836500641177 10067.42541043558 83.83116002045398
    vertex 9545.367629442128 10067.645411188301 83.83116002701074
  endloop
endfacet
facet normal -0.5414375364629966 0.41545965581561484 -0.7309163211328997
  outer loop
    vertex 9547.34202370591 10103.113826065719 84.03116108408533
    vertex 9547.844762363618 10103.417148713132 83.83116109312537
    vertex 9547.494791705658 10102.961058071925 83.8311610795324
  endloop
endfacet
facet normal -0.5414375364629966 0.41545965581561484 -0.7309163211328997
  outer loop
    vertex 9547.844762363618 10103.417148713132 83.83116109312537
    vertex 9547.34202370591 10103.113826065719 84.03116108408533
    vertex 9547.657660539411 10103.525171995741 84.03116109634477
  endloop
endfacet
facet normal -0.630517365549934 0.2611688659054198 -0.7309163257320553
  outer loop
    vertex 9547.657660539411 10103.525171995741 84.03116109634477
    vertex 9548.064763116343 10103.948277514093 83.83116110895476
    vertex 9547.844762363618 10103.417148713132 83.83116109312537
  endloop
endfacet
facet normal -0.630517365549934 0.2611688659054198 -0.7309163257320553
  outer loop
    vertex 9548.064763116343 10103.948277514093 83.83116110895476
    vertex 9547.657660539411 10103.525171995741 84.03116109634477
    vertex 9547.8560781478 10104.004194476931 84.03116111062121
  endloop
endfacet
facet normal -0.6766284781588928 -0.08907980730435124 -0.7309163361664592
  outer loop
    vertex 9547.923754698972 10104.518248918817 84.03116112594172
    vertex 9548.064763116343 10105.08822033546 83.83116114292878
    vertex 9548.139801276113 10104.518248924776 83.83116112594178
  endloop
endfacet
facet normal -0.6766284781588928 -0.08907980730435124 -0.7309163361664592
  outer loop
    vertex 9548.064763116343 10105.08822033546 83.83116114292878
    vertex 9547.923754698972 10104.518248918817 84.03116112594172
    vertex 9547.8560781478 10105.032303360704 84.03116114126222
  endloop
endfacet
facet normal 0.26116884412117924 0.630517387332397 -0.7309163147255199
  outer loop
    vertex 9544.83650064117 10102.611087413976 83.83116106910212
    vertex 9545.423546410924 10102.599771623834 84.03116106876483
    vertex 9545.367629442133 10102.391086661251 83.83116106254536
  endloop
endfacet
facet normal 0.26116884412117924 0.630517387332397 -0.7309163147255199
  outer loop
    vertex 9545.423546410924 10102.599771623834 84.03116106876483
    vertex 9544.83650064117 10102.611087413976 83.83116106910212
    vertex 9544.944523929744 10102.79818923222 84.03116107467832
  endloop
endfacet
facet normal -0.4154596340307807 0.5414375582443103 -0.7309163173807581
  outer loop
    vertex 9546.930677775894 10102.79818923222 84.03116107467832
    vertex 9547.494791705658 10102.961058071925 83.8311610795324
    vertex 9547.038701064468 10102.611087413978 83.83116106910212
  endloop
endfacet
facet normal -0.4154596340307807 0.5414375582443103 -0.7309163173807581
  outer loop
    vertex 9547.494791705658 10102.961058071925 83.8311610795324
    vertex 9546.930677775894 10102.79818923222 84.03116107467832
    vertex 9547.34202370591 10103.113826065719 84.03116108408533
  endloop
endfacet
facet normal -0.2611688441217849 0.6305173873333749 -0.7309163147244598
  outer loop
    vertex 9546.451655294712 10102.599771623834 84.03116106876483
    vertex 9547.038701064468 10102.611087413978 83.83116106910212
    vertex 9546.507572263503 10102.391086661251 83.83116106254536
  endloop
endfacet
facet normal -0.2611688441217849 0.6305173873333749 -0.7309163147244598
  outer loop
    vertex 9547.038701064468 10102.611087413978 83.83116106910212
    vertex 9546.451655294712 10102.599771623834 84.03116106876483
    vertex 9546.930677775894 10102.79818923222 84.03116107467832
  endloop
endfacet
facet normal 0.08907982908914659 -0.676628456379081 -0.7309163536735998
  outer loop
    vertex 9545.367629442133 10106.645411188301 83.83116118933815
    vertex 9545.937600852818 10106.504402764971 84.0311611851356
    vertex 9545.42354641093 10106.4367262138 84.03116118311863
  endloop
endfacet
facet normal 0.08907982908914659 -0.676628456379081 -0.7309163536735998
  outer loop
    vertex 9545.937600852818 10106.504402764971 84.0311611851356
    vertex 9545.367629442133 10106.645411188301 83.83116118933815
    vertex 9545.937600852818 10106.720449348071 83.83116119157452
  endloop
endfacet
facet normal -0.5414375364674545 -0.4154596122516574 -0.7309163458917556
  outer loop
    vertex 9547.34202370591 10105.922671771916 84.0311611677981
    vertex 9547.844762363618 10105.619349136421 83.83116115875815
    vertex 9547.657660539411 10105.511325841893 84.03116115553865
  endloop
endfacet
facet normal -0.5414375364674545 -0.4154596122516574 -0.7309163458917556
  outer loop
    vertex 9547.844762363618 10105.619349136421 83.83116115875815
    vertex 9547.34202370591 10105.922671771916 84.0311611677981
    vertex 9547.494791705658 10106.075439777625 83.83116117235113
  endloop
endfacet
facet normal -0.2611688441242886 -0.6305173437733961 -0.7309163523001275
  outer loop
    vertex 9546.451655294706 10106.4367262138 84.03116118311863
    vertex 9547.038701064468 10106.425410435575 83.83116118278141
    vertex 9546.930677775894 10106.238308605412 84.03116117720514
  endloop
endfacet
facet normal -0.2611688441242886 -0.6305173437733961 -0.7309163523001275
  outer loop
    vertex 9547.038701064468 10106.425410435575 83.83116118278141
    vertex 9546.451655294706 10106.4367262138 84.03116118311863
    vertex 9546.507572263503 10106.645411188301 83.83116118933815
  endloop
endfacet
facet normal 0.4154596340315719 0.5414375582424743 -0.7309163173816683
  outer loop
    vertex 9544.380409999974 10102.96105807193 83.8311610795324
    vertex 9544.944523929744 10102.79818923222 84.03116107467832
    vertex 9544.83650064117 10102.611087413976 83.83116106910212
  endloop
endfacet
facet normal 0.4154596340315719 0.5414375582424743 -0.7309163173816683
  outer loop
    vertex 9544.944523929744 10102.79818923222 84.03116107467832
    vertex 9544.380409999974 10102.96105807193 83.8311610795324
    vertex 9544.533177999721 10103.113826065723 84.03116108408533
  endloop
endfacet
facet normal 0.0890798290872857 0.6766284999356539 -0.7309163133523612
  outer loop
    vertex 9545.367629442133 10102.391086661251 83.83116106254536
    vertex 9545.937600852818 10102.532095072664 84.03116106674784
    vertex 9545.937600852818 10102.31604850148 83.83116106030899
  endloop
endfacet
facet normal 0.0890798290872857 0.6766284999356539 -0.7309163133523612
  outer loop
    vertex 9545.937600852818 10102.532095072664 84.03116106674784
    vertex 9545.367629442133 10102.391086661251 83.83116106254536
    vertex 9545.423546410924 10102.599771623834 84.03116106876483
  endloop
endfacet
facet normal -0.0890798290872857 0.676628499935654 -0.7309163133523612
  outer loop
    vertex 9545.937600852818 10102.532095072664 84.03116106674784
    vertex 9546.507572263503 10102.391086661251 83.83116106254536
    vertex 9545.937600852818 10102.31604850148 83.83116106030899
  endloop
endfacet
facet normal -0.0890798290872857 0.676628499935654 -0.7309163133523612
  outer loop
    vertex 9546.507572263503 10102.391086661251 83.83116106254536
    vertex 9545.937600852818 10102.532095072664 84.03116106674784
    vertex 9546.451655294712 10102.599771623834 84.03116106876483
  endloop
endfacet
facet normal -0.41545963403526653 -0.5414375146827372 -0.7309163496471146
  outer loop
    vertex 9546.930677775894 10106.238308605412 84.03116117720514
    vertex 9547.494791705658 10106.075439777625 83.83116117235113
    vertex 9547.34202370591 10105.922671771916 84.0311611677981
  endloop
endfacet
facet normal -0.41545963403526653 -0.5414375146827372 -0.7309163496471146
  outer loop
    vertex 9547.494791705658 10106.075439777625 83.83116117235113
    vertex 9546.930677775894 10106.238308605412 84.03116117720514
    vertex 9547.038701064468 10106.425410435575 83.83116118278141
  endloop
endfacet
facet normal -0.6305173655532139 -0.26116882233937755 -0.7309163412961142
  outer loop
    vertex 9547.657660539411 10105.511325841893 84.03116115553865
    vertex 9548.064763116343 10105.08822033546 83.83116114292878
    vertex 9547.8560781478 10105.032303360704 84.03116114126222
  endloop
endfacet
facet normal -0.6305173655532139 -0.26116882233937755 -0.7309163412961142
  outer loop
    vertex 9548.064763116343 10105.08822033546 83.83116114292878
    vertex 9547.657660539411 10105.511325841893 84.03116115553865
    vertex 9547.844762363618 10105.619349136421 83.83116115875815
  endloop
endfacet
facet normal -0.08907982908914659 -0.676628456379081 -0.7309163536735998
  outer loop
    vertex 9545.937600852818 10106.504402764971 84.0311611851356
    vertex 9546.507572263503 10106.645411188301 83.83116118933815
    vertex 9546.451655294706 10106.4367262138 84.03116118311863
  endloop
endfacet
facet normal -0.08907982908914659 -0.676628456379081 -0.7309163536735998
  outer loop
    vertex 9546.507572263503 10106.645411188301 83.83116118933815
    vertex 9545.937600852818 10106.504402764971 84.0311611851356
    vertex 9545.937600852818 10106.720449348071 83.83116119157452
  endloop
endfacet
facet normal -0.6766284781575337 0.0890798508714461 -0.7309163308580134
  outer loop
    vertex 9547.8560781478 10104.004194476931 84.03116111062121
    vertex 9548.139801276113 10104.518248924776 83.83116112594178
    vertex 9548.064763116343 10103.948277514093 83.83116110895476
  endloop
endfacet
facet normal -0.6766284781575337 0.0890798508714461 -0.7309163308580134
  outer loop
    vertex 9548.139801276113 10104.518248924776 83.83116112594178
    vertex 9547.8560781478 10104.004194476931 84.03116111062121
    vertex 9547.923754698972 10104.518248918817 84.03116112594172
  endloop
endfacet
facet normal 0.26116884412361185 -0.6305173437727458 -0.7309163523009303
  outer loop
    vertex 9544.83650064117 10106.425410435577 83.83116118278141
    vertex 9545.42354641093 10106.4367262138 84.03116118311863
    vertex 9544.94452392974 10106.238308605412 84.03116117720514
  endloop
endfacet
facet normal 0.26116884412361185 -0.6305173437727458 -0.7309163523009303
  outer loop
    vertex 9545.42354641093 10106.4367262138 84.03116118311863
    vertex 9544.83650064117 10106.425410435577 83.83116118278141
    vertex 9545.367629442133 10106.645411188301 83.83116118933815
  endloop
endfacet
facet normal 0.6305173655512925 -0.2611688223410497 -0.7309163412971742
  outer loop
    vertex 9543.810438589293 10105.08822033546 83.83116114292878
    vertex 9544.21754116623 10105.511325841899 84.03116115553865
    vertex 9544.019123557833 10105.0323033607 84.03116114126222
  endloop
endfacet
facet normal 0.6305173655512925 -0.2611688223410497 -0.7309163412971742
  outer loop
    vertex 9544.21754116623 10105.511325841899 84.03116115553865
    vertex 9543.810438589293 10105.08822033546 83.83116114292878
    vertex 9544.03043934202 10105.619349136425 83.83116115875815
  endloop
endfacet
facet normal 0.41545963403761244 -0.5414375146831089 -0.730916349645506
  outer loop
    vertex 9544.380409999974 10106.075439777622 83.83116117235113
    vertex 9544.94452392974 10106.238308605412 84.03116117720514
    vertex 9544.533177999725 10105.922671771916 84.0311611677981
  endloop
endfacet
facet normal 0.41545963403761244 -0.5414375146831089 -0.730916349645506
  outer loop
    vertex 9544.94452392974 10106.238308605412 84.03116117720514
    vertex 9544.380409999974 10106.075439777622 83.83116117235113
    vertex 9544.83650064117 10106.425410435577 83.83116118278141
  endloop
endfacet
facet normal 0.5414375364668421 -0.415459612250965 -0.7309163458926028
  outer loop
    vertex 9544.03043934202 10105.619349136425 83.83116115875815
    vertex 9544.533177999725 10105.922671771916 84.0311611677981
    vertex 9544.21754116623 10105.511325841899 84.03116115553865
  endloop
endfacet
facet normal 0.5414375364668421 -0.415459612250965 -0.7309163458926028
  outer loop
    vertex 9544.533177999725 10105.922671771916 84.0311611677981
    vertex 9544.03043934202 10105.619349136425 83.83116115875815
    vertex 9544.380409999974 10106.075439777622 83.83116117235113
  endloop
endfacet
facet normal -0.669580715874352 0.22729204672784417 -0.7071067744149097
  outer loop
    vertex 9495.71389749681 10123.214557962092 84.0311616831528
    vertex 9496.067255046688 10123.633314608089 83.83116169563318
    vertex 9495.907497173836 10123.162683090928 83.8311616816068
  endloop
endfacet
facet normal -0.669580715874352 0.22729204672784417 -0.7071067744149097
  outer loop
    vertex 9496.067255046688 10123.633314608089 83.83116169563318
    vertex 9495.71389749681 10123.214557962092 84.0311616831528
    vertex 9495.882082671917 10123.710015511133 84.03116169791906
  endloop
endfacet
facet normal -0.6341847973957304 0.31274535317009977 -0.7071067718687511
  outer loop
    vertex 9495.882082671917 10123.710015511133 84.03116169791906
    vertex 9496.287075908669 10124.079067220553 83.83116170891806
    vertex 9496.067255046688 10123.633314608089 83.83116169563318
  endloop
endfacet
facet normal -0.6341847973957304 0.31274535317009977 -0.7071067718687511
  outer loop
    vertex 9496.287075908669 10124.079067220553 83.83116170891806
    vertex 9495.882082671917 10123.710015511133 84.03116169791906
    vertex 9496.113499186824 10124.179281781671 84.03116171190473
  endloop
endfacet
facet normal -0.7055928112880108 0.04624701726414696 -0.7071067798097055
  outer loop
    vertex 9495.577600801964 10122.179281781688 84.0311616522982
    vertex 9495.810535791603 10122.675225304823 83.83116166707899
    vertex 9495.777600801965 10122.17273446556 83.8311616521031
  endloop
endfacet
facet normal -0.7055928112880108 0.04624701726414696 -0.7071067798097055
  outer loop
    vertex 9495.810535791603 10122.675225304823 83.83116166707899
    vertex 9495.577600801964 10122.179281781688 84.0311616522982
    vertex 9495.611821356468 10122.70138655055 84.03116166785863
  endloop
endfacet
facet normal -0.5879378012067072 0.39284750026626475 -0.7071067694816459
  outer loop
    vertex 9496.113499186824 10124.179281781671 84.03116171190473
    vertex 9496.563198563876 10124.492313977538 83.83116172123417
    vertex 9496.287075908669 10124.079067220553 83.83116170891806
  endloop
endfacet
facet normal -0.5879378012067072 0.39284750026626475 -0.7071067694816459
  outer loop
    vertex 9496.563198563876 10124.492313977538 83.83116172123417
    vertex 9496.113499186824 10124.179281781671 84.03116171190473
    vertex 9496.404187440801 10124.614327497713 84.0311617248705
  endloop
endfacet
facet normal -0.46622789700248024 0.531631047304992 -0.7071067653459712
  outer loop
    vertex 9496.74917367722 10125.007708906425 84.03116173659456
    vertex 9497.264568612045 10125.193684025713 83.83116174213727
    vertex 9496.890898477133 10124.86598411247 83.83116173237075
  endloop
endfacet
facet normal -0.46622789700248024 0.531631047304992 -0.7071067653459712
  outer loop
    vertex 9497.264568612045 10125.193684025713 83.83116174213727
    vertex 9496.74917367722 10125.007708906425 84.03116173659456
    vertex 9497.14255508592 10125.352695142834 84.03116174687628
  endloop
endfacet
facet normal -0.22729202565541842 0.6695807369438836 -0.7071067612370443
  outer loop
    vertex 9498.0468670725 10125.87479991172 84.03116176243672
    vertex 9498.594199498677 10125.849385415766 83.83116176167933
    vertex 9498.123567981502 10125.689627542906 83.83116175691802
  endloop
endfacet
facet normal -0.22729202565541842 0.6695807369438836 -0.7071067612370443
  outer loop
    vertex 9498.594199498677 10125.849385415766 83.83116176167933
    vertex 9498.0468670725 10125.87479991172 84.03116176243672
    vertex 9498.542324621554 10126.042985086833 84.03116176744918
  endloop
endfacet
facet normal -0.5316310262310235 0.466227918075414 -0.7071067672958686
  outer loop
    vertex 9496.404187440801 10124.614327497713 84.0311617248705
    vertex 9496.890898477133 10124.86598411247 83.83116173237075
    vertex 9496.563198563876 10124.492313977538 83.83116172123417
  endloop
endfacet
facet normal -0.5316310262310235 0.466227918075414 -0.7071067672958686
  outer loop
    vertex 9496.890898477133 10124.86598411247 83.83116173237075
    vertex 9496.404187440801 10124.614327497713 84.0311617248705
    vertex 9496.74917367722 10125.007708906425 84.03116173659456
  endloop
endfacet
facet normal -0.6935199226606146 0.1379497107151367 -0.7071067770757294
  outer loop
    vertex 9495.611821356468 10122.70138655055 84.03116166785863
    vertex 9495.907497173836 10123.162683090928 83.8311616816068
    vertex 9495.810535791603 10122.675225304823 83.83116166707899
  endloop
endfacet
facet normal -0.6935199226606146 0.1379497107151367 -0.7071067770757294
  outer loop
    vertex 9495.907497173836 10123.162683090928 83.8311616816068
    vertex 9495.611821356468 10122.70138655055 84.03116166785863
    vertex 9495.71389749681 10123.214557962092 84.0311616831528
  endloop
endfacet
facet normal -0.3127453320945201 0.6341848184681839 -0.7071067622909323
  outer loop
    vertex 9497.577600801977 10125.643383396819 84.03116175553974
    vertex 9498.123567981502 10125.689627542906 83.83116175691802
    vertex 9497.67781536906 10125.469806680938 83.83116175036663
  endloop
endfacet
facet normal -0.3127453320945201 0.6341848184681839 -0.7071067622909323
  outer loop
    vertex 9498.123567981502 10125.689627542906 83.83116175691802
    vertex 9497.577600801977 10125.643383396819 84.03116175553974
    vertex 9498.0468670725 10125.87479991172 84.03116176243672
  endloop
endfacet
facet normal -0.3928474791894304 0.58793782228023 -0.7071067636693138
  outer loop
    vertex 9497.14255508592 10125.352695142834 84.03116174687628
    vertex 9497.67781536906 10125.469806680938 83.83116175036663
    vertex 9497.264568612045 10125.193684025713 83.83116174213727
  endloop
endfacet
facet normal -0.3928474791894304 0.58793782228023 -0.7071067636693138
  outer loop
    vertex 9497.67781536906 10125.469806680938 83.83116175036663
    vertex 9497.14255508592 10125.352695142834 84.03116174687628
    vertex 9497.577600801977 10125.643383396819 84.03116175553974
  endloop
endfacet
facet normal -0.13794968964067877 0.693519943730957 -0.7071067605216702
  outer loop
    vertex 9498.542324621554 10126.042985086833 84.03116176744918
    vertex 9499.08165728477 10125.946346797997 83.83116176456909
    vertex 9498.594199498677 10125.849385415766 83.83116176167933
  endloop
endfacet
facet normal -0.13794968964067877 0.693519943730957 -0.7071067605216702
  outer loop
    vertex 9499.08165728477 10125.946346797997 83.83116176456909
    vertex 9498.542324621554 10126.042985086833 84.03116176744918
    vertex 9499.055496033083 10126.145061227171 84.03116177049138
  endloop
endfacet
facet normal 7.313209756213533e-20 0.7071068022545577 -0.7071067601185368
  outer loop
    vertex 9499.577600801966 10126.179281781675 84.03116177151126
    vertex 9523.474758114917 10125.979281787633 83.83116176555065
    vertex 9499.58414812405 10125.979281787633 83.83116176555065
  endloop
endfacet
facet normal 7.313209756213533e-20 0.7071068022545577 -0.7071067601185368
  outer loop
    vertex 9523.474758114917 10125.979281787633 83.83116176555065
    vertex 9499.577600801966 10126.179281781675 84.03116177151126
    vertex 9523.95760082739 10126.179281781675 84.03116177151126
  endloop
endfacet
facet normal -0.04624699618729907 0.7055928323580015 -0.7071067601633189
  outer loop
    vertex 9499.055496033083 10126.145061227171 84.03116177049138
    vertex 9499.58414812405 10125.979281787633 83.83116176555065
    vertex 9499.08165728477 10125.946346797997 83.83116176456909
  endloop
endfacet
facet normal -0.04624699618729907 0.7055928323580015 -0.7071067601633189
  outer loop
    vertex 9499.58414812405 10125.979281787633 83.83116176555065
    vertex 9499.055496033083 10126.145061227171 84.03116177049138
    vertex 9499.577600801966 10126.179281781675 84.03116177151126
  endloop
endfacet
facet normal 0.0462469961875584 0.7055928323579824 -0.7071067601633209
  outer loop
    vertex 9553.931053530734 10125.979281787633 83.83116176555065
    vertex 9554.459705621695 10126.145061227171 84.03116177049138
    vertex 9554.43354437001 10125.946346797997 83.83116176456909
  endloop
endfacet
facet normal 0.0462469961875584 0.7055928323579824 -0.7071067601633209
  outer loop
    vertex 9554.459705621695 10126.145061227171 84.03116177049138
    vertex 9553.931053530734 10125.979281787633 83.83116176555065
    vertex 9553.937600852818 10126.179281781675 84.03116177151126
  endloop
endfacet
facet normal -7.313209756212658e-20 0.7071068022545577 -0.7071067601185369
  outer loop
    vertex 9529.557600827391 10126.179281781675 84.03116177151126
    vertex 9553.931053530734 10125.979281787633 83.83116176555065
    vertex 9530.040443539865 10125.979281787633 83.83116176555065
  endloop
endfacet
facet normal -7.313209756212658e-20 0.7071068022545577 -0.7071067601185369
  outer loop
    vertex 9553.931053530734 10125.979281787633 83.83116176555065
    vertex 9529.557600827391 10126.179281781675 84.03116177151126
    vertex 9553.937600852818 10126.179281781675 84.03116177151126
  endloop
endfacet
facet normal 0.5879378012058402 0.39284750026501863 -0.7071067694830592
  outer loop
    vertex 9556.952003090903 10124.492313977542 83.83116172123417
    vertex 9557.40170246795 10124.179281781682 84.03116171190473
    vertex 9557.228125746109 10124.079067220557 83.83116170891806
  endloop
endfacet
facet normal 0.5879378012058402 0.39284750026501863 -0.7071067694830592
  outer loop
    vertex 9557.40170246795 10124.179281781682 84.03116171190473
    vertex 9556.952003090903 10124.492313977542 83.83116172123417
    vertex 9557.111014213984 10124.61432749771 84.0311617248705
  endloop
endfacet
facet normal 0.2272920256547651 0.6695807369428295 -0.7071067612382526
  outer loop
    vertex 9554.921002156108 10125.849385415764 83.83116176167933
    vertex 9555.468334582283 10125.87479991172 84.03116176243672
    vertex 9555.391633673282 10125.689627542906 83.83116175691802
  endloop
endfacet
facet normal 0.2272920256547651 0.6695807369428295 -0.7071067612382526
  outer loop
    vertex 9555.468334582283 10125.87479991172 84.03116176243672
    vertex 9554.921002156108 10125.849385415764 83.83116176167933
    vertex 9554.97287703323 10126.042985086833 84.03116176744918
  endloop
endfacet
facet normal 0.46622789700248024 0.5316310473049919 -0.7071067653459712
  outer loop
    vertex 9556.250633042737 10125.193684025713 83.83116174213727
    vertex 9556.766027977561 10125.007708906425 84.03116173659456
    vertex 9556.624303177648 10124.86598411247 83.83116173237075
  endloop
endfacet
facet normal 0.46622789700248024 0.5316310473049919 -0.7071067653459712
  outer loop
    vertex 9556.766027977561 10125.007708906425 84.03116173659456
    vertex 9556.250633042737 10125.193684025713 83.83116174213727
    vertex 9556.372646568861 10125.352695142834 84.03116174687628
  endloop
endfacet
facet normal 0.6341847973968224 0.3127453531692685 -0.7071067718681395
  outer loop
    vertex 9557.228125746109 10124.079067220557 83.83116170891806
    vertex 9557.633118982865 10123.710015511127 84.03116169791906
    vertex 9557.447946608092 10123.633314608085 83.83116169563318
  endloop
endfacet
facet normal 0.6341847973968224 0.3127453531692685 -0.7071067718681395
  outer loop
    vertex 9557.633118982865 10123.710015511127 84.03116169791906
    vertex 9557.228125746109 10124.079067220557 83.83116170891806
    vertex 9557.40170246795 10124.179281781682 84.03116171190473
  endloop
endfacet
facet normal 0.3928474791894305 0.5879378222802301 -0.7071067636693138
  outer loop
    vertex 9555.837386285722 10125.469806680938 83.83116175036663
    vertex 9556.372646568861 10125.352695142834 84.03116174687628
    vertex 9556.250633042737 10125.193684025713 83.83116174213727
  endloop
endfacet
facet normal 0.3928474791894305 0.5879378222802301 -0.7071067636693138
  outer loop
    vertex 9556.372646568861 10125.352695142834 84.03116174687628
    vertex 9555.837386285722 10125.469806680938 83.83116175036663
    vertex 9555.937600852807 10125.643383396819 84.03116175553974
  endloop
endfacet
facet normal 0.5316310262317114 0.4662279180750106 -0.7071067672956177
  outer loop
    vertex 9556.624303177648 10124.86598411247 83.83116173237075
    vertex 9557.111014213984 10124.61432749771 84.0311617248705
    vertex 9556.952003090903 10124.492313977542 83.83116172123417
  endloop
endfacet
facet normal 0.5316310262317114 0.4662279180750106 -0.7071067672956177
  outer loop
    vertex 9557.111014213984 10124.61432749771 84.0311617248705
    vertex 9556.624303177648 10124.86598411247 83.83116173237075
    vertex 9556.766027977561 10125.007708906425 84.03116173659456
  endloop
endfacet
facet normal 0.13794968964022378 0.6935199437297714 -0.7071067605229218
  outer loop
    vertex 9554.43354437001 10125.946346797997 83.83116176456909
    vertex 9554.97287703323 10126.042985086833 84.03116176744918
    vertex 9554.921002156108 10125.849385415764 83.83116176167933
  endloop
endfacet
facet normal 0.13794968964022378 0.6935199437297714 -0.7071067605229218
  outer loop
    vertex 9554.97287703323 10126.042985086833 84.03116176744918
    vertex 9554.43354437001 10125.946346797997 83.83116176456909
    vertex 9554.459705621695 10126.145061227171 84.03116177049138
  endloop
endfacet
facet normal 0.3127453320945201 0.6341848184681839 -0.7071067622909323
  outer loop
    vertex 9555.391633673282 10125.689627542906 83.83116175691802
    vertex 9555.937600852807 10125.643383396819 84.03116175553974
    vertex 9555.837386285722 10125.469806680938 83.83116175036663
  endloop
endfacet
facet normal 0.3127453320945201 0.6341848184681839 -0.7071067622909323
  outer loop
    vertex 9555.937600852807 10125.643383396819 84.03116175553974
    vertex 9555.391633673282 10125.689627542906 83.83116175691802
    vertex 9555.468334582283 10125.87479991172 84.03116176243672
  endloop
endfacet
facet normal 0.6935199226595601 0.1379497107152987 -0.7071067770767322
  outer loop
    vertex 9557.607704480948 10123.162683090924 83.8311616816068
    vertex 9557.903380298314 10122.70138655055 84.03116166785863
    vertex 9557.704665863179 10122.675225304823 83.83116166707899
  endloop
endfacet
facet normal 0.6935199226595601 0.1379497107152987 -0.7071067770767322
  outer loop
    vertex 9557.903380298314 10122.70138655055 84.03116166785863
    vertex 9557.607704480948 10123.162683090924 83.8311616816068
    vertex 9557.801304157974 10123.214557962086 84.0311616831528
  endloop
endfacet
facet normal 0.7055928112880109 0.046247017264146977 -0.7071067798097054
  outer loop
    vertex 9557.704665863179 10122.675225304823 83.83116166707899
    vertex 9557.937600852818 10122.179281781688 84.0311616522982
    vertex 9557.737600852819 10122.17273446556 83.8311616521031
  endloop
endfacet
facet normal 0.7055928112880109 0.046247017264146977 -0.7071067798097054
  outer loop
    vertex 9557.937600852818 10122.179281781688 84.0311616522982
    vertex 9557.704665863179 10122.675225304823 83.83116166707899
    vertex 9557.903380298314 10122.70138655055 84.03116166785863
  endloop
endfacet
facet normal 0.669580715872781 0.22729204672998848 -0.707106774415708
  outer loop
    vertex 9557.447946608092 10123.633314608085 83.83116169563318
    vertex 9557.801304157974 10123.214557962086 84.0311616831528
    vertex 9557.607704480948 10123.162683090924 83.8311616816068
  endloop
endfacet
facet normal 0.669580715872781 0.22729204672998848 -0.707106774415708
  outer loop
    vertex 9557.801304157974 10123.214557962086 84.0311616831528
    vertex 9557.447946608092 10123.633314608085 83.83116169563318
    vertex 9557.633118982865 10123.710015511127 84.03116169791906
  endloop
endfacet
facet normal -0.7071067811867306 2.1074091751412132e-08 -0.7071067811863643
  outer loop
    vertex 9526.757600827392 10126.179281698223 86.83116177151206
    vertex 9529.557600827391 10112.897770141924 84.03116137567882
    vertex 9526.757600827392 10112.897770058473 86.83116137567963
  endloop
endfacet
facet normal -0.7071067811867306 2.1074091751412132e-08 -0.7071067811863643
  outer loop
    vertex 9529.557600827391 10112.897770141924 84.03116137567882
    vertex 9526.757600827392 10126.179281698223 86.83116177151206
    vertex 9529.557600827391 10126.179281781675 84.03116177151126
  endloop
endfacet
facet normal -5.479830523555738e-18 -2.980326685290046e-08 0.9999999999999997
  outer loop
    vertex 9510.072090957825 10058.519281484852 94.83115974885419
    vertex 9512.577600801964 10097.897769820045 94.83116092862994
    vertex 9510.07209097809 10112.659281464947 94.83116139305858
  endloop
endfacet
facet normal -5.479830523555738e-18 -2.980326685290046e-08 0.9999999999999997
  outer loop
    vertex 9512.577600801964 10097.897769820045 94.83116092862994
    vertex 9510.072090957825 10058.519281484852 94.83115974885419
    vertex 9543.4573439525 10058.519281492416 94.83115974885419
  endloop
endfacet
facet normal -5.479830523555738e-18 -2.980326685290046e-08 0.9999999999999997
  outer loop
    vertex 9512.577600801964 10097.897769820045 94.83116092862994
    vertex 9543.4573439525 10058.519281492416 94.83115974885419
    vertex 9540.93760085282 10097.897769820045 94.83116092862994
  endloop
endfacet
facet normal -5.479830523555738e-18 -2.980326685290046e-08 0.9999999999999997
  outer loop
    vertex 9510.07209097809 10112.659281464947 94.83116139305858
    vertex 9512.577600801964 10097.897769820045 94.83116092862994
    vertex 9512.577600801964 10112.897769820047 94.83116137567895
  endloop
endfacet
facet normal -5.479830523555738e-18 -2.980326685290046e-08 0.9999999999999997
  outer loop
    vertex 9510.07209097809 10112.659281464947 94.83116139305858
    vertex 9512.577600801964 10112.897769820047 94.83116137567895
    vertex 9507.172090977285 10112.659281465225 94.83116139305858
  endloop
endfacet
facet normal -5.479830523555738e-18 -2.980326685290046e-08 0.9999999999999997
  outer loop
    vertex 9557.937600852818 10047.979281423017 94.83115944089589
    vertex 9546.357343953316 10058.519281492696 94.83115974885419
    vertex 9495.577600801964 10047.979281423017 94.83115944089589
  endloop
endfacet
facet normal -5.479830523555738e-18 -2.980326685290046e-08 0.9999999999999997
  outer loop
    vertex 9546.357343953316 10058.519281492696 94.83115974885419
    vertex 9557.937600852818 10047.979281423017 94.83115944089589
    vertex 9557.937600852818 10122.179281459797 94.8311616522983
  endloop
endfacet
facet normal -5.479830523555738e-18 -2.980326685290046e-08 0.9999999999999997
  outer loop
    vertex 9495.577600801964 10047.979281423017 94.83115944089589
    vertex 9546.357343953316 10058.519281492696 94.83115974885419
    vertex 9510.072090957825 10058.519281484852 94.83115974885419
  endloop
endfacet
facet normal -5.479830523555738e-18 -2.980326685290046e-08 0.9999999999999997
  outer loop
    vertex 9510.072090957825 10058.519281484852 94.83115974885419
    vertex 9546.357343953316 10058.519281492696 94.83115974885419
    vertex 9543.4573439525 10058.519281492416 94.83115974885419
  endloop
endfacet
facet normal -5.479830523555738e-18 -2.980326685290046e-08 0.9999999999999997
  outer loop
    vertex 9546.357343953316 10058.519281492696 94.83115974885419
    vertex 9557.937600852818 10122.179281459797 94.8311616522983
    vertex 9546.357343926731 10112.659281472825 94.83116136465463
  endloop
endfacet
facet normal -5.479830523555738e-18 -2.980326685290046e-08 0.9999999999999997
  outer loop
    vertex 9546.357343926731 10112.659281472825 94.83116136465463
    vertex 9557.937600852818 10122.179281459797 94.8311616522983
    vertex 9540.93760085282 10112.897769820047 94.83116137567895
  endloop
endfacet
facet normal -5.479830523555738e-18 -2.980326685290046e-08 0.9999999999999997
  outer loop
    vertex 9540.93760085282 10112.897769820047 94.83116137567895
    vertex 9557.937600852818 10122.179281459797 94.8311616522983
    vertex 9512.577600801964 10112.897769820047 94.83116137567895
  endloop
endfacet
facet normal -5.479830523555738e-18 -2.980326685290046e-08 0.9999999999999997
  outer loop
    vertex 9495.577600801964 10047.979281423017 94.83115944089589
    vertex 9507.17209095702 10058.519281485133 94.83115974885419
    vertex 9495.577600801964 10122.179281459797 94.8311616522983
  endloop
endfacet
facet normal -5.479830523555738e-18 -2.980326685290046e-08 0.9999999999999997
  outer loop
    vertex 9507.17209095702 10058.519281485133 94.83115974885419
    vertex 9495.577600801964 10047.979281423017 94.83115944089589
    vertex 9510.072090957825 10058.519281484852 94.83115974885419
  endloop
endfacet
facet normal -5.479830523555738e-18 -2.980326685290046e-08 0.9999999999999997
  outer loop
    vertex 9495.577600801964 10122.179281459797 94.8311616522983
    vertex 9507.17209095702 10058.519281485133 94.83115974885419
    vertex 9507.172090977285 10112.659281465225 94.83116139305858
  endloop
endfacet
facet normal -5.479830523555738e-18 -2.980326685290046e-08 0.9999999999999997
  outer loop
    vertex 9495.577600801964 10122.179281459797 94.8311616522983
    vertex 9507.172090977285 10112.659281465225 94.83116139305858
    vertex 9512.577600801964 10112.897769820047 94.83116137567895
  endloop
endfacet
facet normal -5.479830523555738e-18 -2.980326685290046e-08 0.9999999999999997
  outer loop
    vertex 9495.577600801964 10122.179281459797 94.8311616522983
    vertex 9512.577600801964 10112.897769820047 94.83116137567895
    vertex 9557.937600852818 10122.179281459797 94.8311616522983
  endloop
endfacet
facet normal -5.479830523555738e-18 -2.980326685290046e-08 0.9999999999999997
  outer loop
    vertex 9495.577600801964 10122.179281459797 94.8311616522983
    vertex 9557.937600852818 10122.179281459797 94.8311616522983
    vertex 9557.903380298312 10122.701386228677 94.83116166785875
  endloop
endfacet
facet normal -5.479830523555738e-18 -2.980326685290046e-08 0.9999999999999997
  outer loop
    vertex 9495.577600801964 10122.179281459797 94.8311616522983
    vertex 9557.903380298312 10122.701386228677 94.83116166785875
    vertex 9495.61182135647 10122.701386228677 94.83116166785875
  endloop
endfacet
facet normal -5.479830523555738e-18 -2.980326685290046e-08 0.9999999999999997
  outer loop
    vertex 9495.61182135647 10122.701386228677 94.83116166785875
    vertex 9557.903380298312 10122.701386228677 94.83116166785875
    vertex 9557.801304157974 10123.214557640209 94.8311616831529
  endloop
endfacet
facet normal -5.479830523555738e-18 -2.980326685290046e-08 0.9999999999999997
  outer loop
    vertex 9495.61182135647 10122.701386228677 94.83116166785875
    vertex 9557.801304157974 10123.214557640209 94.8311616831529
    vertex 9495.71389749681 10123.214557640209 94.8311616831529
  endloop
endfacet
facet normal -5.479830523555738e-18 -2.980326685290046e-08 0.9999999999999997
  outer loop
    vertex 9495.71389749681 10123.214557640209 94.8311616831529
    vertex 9557.801304157974 10123.214557640209 94.8311616831529
    vertex 9557.633118982863 10123.710015189257 94.83116169791919
  endloop
endfacet
facet normal -5.479830523555738e-18 -2.980326685290046e-08 0.9999999999999997
  outer loop
    vertex 9495.71389749681 10123.214557640209 94.8311616831529
    vertex 9557.633118982863 10123.710015189257 94.83116169791919
    vertex 9495.882082671918 10123.710015189257 94.83116169791919
  endloop
endfacet
facet normal -5.479830523555738e-18 -2.980326685290046e-08 0.9999999999999997
  outer loop
    vertex 9495.882082671918 10123.710015189257 94.83116169791919
    vertex 9557.633118982863 10123.710015189257 94.83116169791919
    vertex 9557.401702467954 10124.179281459797 94.83116171190484
  endloop
endfacet
facet normal -5.479830523555738e-18 -2.980326685290046e-08 0.9999999999999997
  outer loop
    vertex 9495.882082671918 10123.710015189257 94.83116169791919
    vertex 9557.401702467954 10124.179281459797 94.83116171190484
    vertex 9496.113499186826 10124.179281459797 94.83116171190484
  endloop
endfacet
facet normal -5.479830523555738e-18 -2.980326685290046e-08 0.9999999999999997
  outer loop
    vertex 9496.113499186826 10124.179281459797 94.83116171190484
    vertex 9557.401702467954 10124.179281459797 94.83116171190484
    vertex 9557.111014213982 10124.614327175834 94.83116172487061
  endloop
endfacet
facet normal -5.479830523555738e-18 -2.980326685290046e-08 0.9999999999999997
  outer loop
    vertex 9496.113499186826 10124.179281459797 94.83116171190484
    vertex 9557.111014213982 10124.614327175834 94.83116172487061
    vertex 9496.4041874408 10124.614327175834 94.83116172487061
  endloop
endfacet
facet normal -5.479830523555738e-18 -2.980326685290046e-08 0.9999999999999997
  outer loop
    vertex 9496.4041874408 10124.614327175834 94.83116172487061
    vertex 9557.111014213982 10124.614327175834 94.83116172487061
    vertex 9556.766027977565 10125.007708584544 94.83116173659468
  endloop
endfacet
facet normal -5.479830523555738e-18 -2.980326685290046e-08 0.9999999999999997
  outer loop
    vertex 9496.4041874408 10124.614327175834 94.83116172487061
    vertex 9556.766027977565 10125.007708584544 94.83116173659468
    vertex 9496.749173677219 10125.007708584544 94.83116173659468
  endloop
endfacet
facet normal -5.479830523555738e-18 -2.980326685290046e-08 0.9999999999999997
  outer loop
    vertex 9496.749173677219 10125.007708584544 94.83116173659468
    vertex 9556.766027977565 10125.007708584544 94.83116173659468
    vertex 9556.372646568854 10125.352694820962 94.83116174687638
  endloop
endfacet
facet normal -5.479830523555738e-18 -2.980326685290046e-08 0.9999999999999997
  outer loop
    vertex 9496.749173677219 10125.007708584544 94.83116173659468
    vertex 9556.372646568854 10125.352694820962 94.83116174687638
    vertex 9497.14255508593 10125.352694820962 94.83116174687638
  endloop
endfacet
facet normal -5.479830523555738e-18 -2.980326685290046e-08 0.9999999999999997
  outer loop
    vertex 9497.14255508593 10125.352694820962 94.83116174687638
    vertex 9556.372646568854 10125.352694820962 94.83116174687638
    vertex 9555.937600852818 10125.643383074936 94.83116175553985
  endloop
endfacet
facet normal -5.479830523555738e-18 -2.980326685290046e-08 0.9999999999999997
  outer loop
    vertex 9497.14255508593 10125.352694820962 94.83116174687638
    vertex 9555.937600852818 10125.643383074936 94.83116175553985
    vertex 9497.577600801964 10125.643383074936 94.83116175553985
  endloop
endfacet
facet normal -5.479830523555738e-18 -2.980326685290046e-08 0.9999999999999997
  outer loop
    vertex 9497.577600801964 10125.643383074936 94.83116175553985
    vertex 9555.937600852818 10125.643383074936 94.83116175553985
    vertex 9555.468334582278 10125.874799589843 94.8311617624368
  endloop
endfacet
facet normal -5.479830523555738e-18 -2.980326685290046e-08 0.9999999999999997
  outer loop
    vertex 9497.577600801964 10125.643383074936 94.83116175553985
    vertex 9555.468334582278 10125.874799589843 94.8311617624368
    vertex 9498.046867072504 10125.874799589843 94.8311617624368
  endloop
endfacet
facet normal -5.479830523555738e-18 -2.980326685290046e-08 0.9999999999999997
  outer loop
    vertex 9498.046867072504 10125.874799589843 94.8311617624368
    vertex 9555.468334582278 10125.874799589843 94.8311617624368
    vertex 9554.972877033228 10126.042984764954 94.83116176744927
  endloop
endfacet
facet normal -5.479830523555738e-18 -2.980326685290046e-08 0.9999999999999997
  outer loop
    vertex 9498.046867072504 10125.874799589843 94.8311617624368
    vertex 9554.972877033228 10126.042984764954 94.83116176744927
    vertex 9498.542324621554 10126.042984764954 94.83116176744927
  endloop
endfacet
facet normal -5.479830523555738e-18 -2.980326685290046e-08 0.9999999999999997
  outer loop
    vertex 9498.542324621554 10126.042984764954 94.83116176744927
    vertex 9554.972877033228 10126.042984764954 94.83116176744927
    vertex 9554.459705621697 10126.145060905292 94.83116177049148
  endloop
endfacet
facet normal -5.479830523555738e-18 -2.980326685290046e-08 0.9999999999999997
  outer loop
    vertex 9498.542324621554 10126.042984764954 94.83116176744927
    vertex 9554.459705621697 10126.145060905292 94.83116177049148
    vertex 9499.055496033083 10126.145060905292 94.83116177049148
  endloop
endfacet
facet normal -5.479830523555738e-18 -2.980326685290046e-08 0.9999999999999997
  outer loop
    vertex 9499.055496033083 10126.145060905292 94.83116177049148
    vertex 9554.459705621697 10126.145060905292 94.83116177049148
    vertex 9553.937600852818 10126.179281459797 94.83116177151138
  endloop
endfacet
facet normal -5.479830523555738e-18 -2.980326685290046e-08 0.9999999999999997
  outer loop
    vertex 9499.055496033083 10126.145060905292 94.83116177049148
    vertex 9553.937600852818 10126.179281459797 94.83116177151138
    vertex 9499.577600801966 10126.179281459797 94.83116177151138
  endloop
endfacet
facet normal -5.479830523555738e-18 -2.980326685290046e-08 0.9999999999999997
  outer loop
    vertex 9499.577600801966 10126.179281459797 94.83116177151138
    vertex 9553.937600852818 10126.179281459797 94.83116177151138
    vertex 9517.539464359657 10126.179281459797 94.83116177151138
  endloop
endfacet
facet normal -5.479830523555738e-18 -2.980326685290046e-08 0.9999999999999997
  outer loop
    vertex 9499.577600801966 10126.179281459797 94.83116177151138
    vertex 9517.539464359657 10126.179281459797 94.83116177151138
    vertex 9499.839464477063 10126.179281459797 94.83116177151138
  endloop
endfacet
facet normal -5.479830523555738e-18 -2.980326685290046e-08 0.9999999999999997
  outer loop
    vertex 9543.457343925917 10112.659281472545 94.83116136465463
    vertex 9540.93760085282 10097.897769820045 94.83116092862994
    vertex 9543.4573439525 10058.519281492416 94.83115974885419
  endloop
endfacet
facet normal -5.479830523555738e-18 -2.980326685290046e-08 0.9999999999999997
  outer loop
    vertex 9540.93760085282 10097.897769820045 94.83116092862994
    vertex 9543.457343925917 10112.659281472545 94.83116136465463
    vertex 9540.93760085282 10112.897769820047 94.83116137567895
  endloop
endfacet
facet normal -5.479830523555738e-18 -2.980326685290046e-08 0.9999999999999997
  outer loop
    vertex 9540.93760085282 10112.897769820047 94.83116137567895
    vertex 9543.457343925917 10112.659281472545 94.83116136465463
    vertex 9546.357343926731 10112.659281472825 94.83116136465463
  endloop
endfacet
facet normal -1.402000975726686e-16 2.980326698997179e-08 -0.9999999999999997
  outer loop
    vertex 9495.777600801965 10048.179281750854 83.83115944685647
    vertex 9506.020409949126 10063.961058071927 83.83115991720499
    vertex 9523.474758114917 10048.179281750854 83.83115944685647
  endloop
endfacet
facet normal -1.402000975726686e-16 2.980326698997179e-08 -0.9999999999999997
  outer loop
    vertex 9506.020409949126 10063.961058071927 83.83115991720499
    vertex 9495.777600801965 10048.179281750854 83.83115944685647
    vertex 9505.670439291163 10064.417148713132 83.83115993079797
  endloop
endfacet
facet normal -1.402000975726686e-16 2.980326698997179e-08 -0.9999999999999997
  outer loop
    vertex 9505.670439291163 10064.417148713132 83.83115993079797
    vertex 9495.777600801965 10048.179281750854 83.83115944685647
    vertex 9505.450438538439 10064.948277514091 83.83115994662734
  endloop
endfacet
facet normal -1.402000975726686e-16 2.980326698997179e-08 -0.9999999999999997
  outer loop
    vertex 9505.450438538439 10064.948277514091 83.83115994662734
    vertex 9495.777600801965 10048.179281750854 83.83115944685647
    vertex 9495.777600801965 10122.17273446556 83.8311616521031
  endloop
endfacet
facet normal -1.402000975726686e-16 2.980326698997179e-08 -0.9999999999999997
  outer loop
    vertex 9523.474758114917 10048.179281750854 83.83115944685647
    vertex 9506.020409949126 10063.961058071927 83.83115991720499
    vertex 9506.476500590315 10063.611087413978 83.8311599067747
  endloop
endfacet
facet normal -1.402000975726686e-16 2.980326698997179e-08 -0.9999999999999997
  outer loop
    vertex 9523.474758114917 10048.179281750854 83.83115944685647
    vertex 9506.476500590315 10063.611087413978 83.8311599067747
    vertex 9507.00762939128 10063.39108666125 83.83115990021798
  endloop
endfacet
facet normal -1.402000975726686e-16 2.980326698997179e-08 -0.9999999999999997
  outer loop
    vertex 9523.474758114917 10048.179281750854 83.83115944685647
    vertex 9507.00762939128 10063.39108666125 83.83115990021798
    vertex 9507.577600801966 10063.31604850148 83.83115989798156
  endloop
endfacet
facet normal -1.402000975726686e-16 2.980326698997179e-08 -0.9999999999999997
  outer loop
    vertex 9505.450438538439 10064.948277514091 83.83115994662734
    vertex 9495.777600801965 10122.17273446556 83.8311616521031
    vertex 9505.385427909721 10065.442082264539 83.83115996134433
  endloop
endfacet
facet normal -1.402000975726686e-16 2.980326698997179e-08 -0.9999999999999997
  outer loop
    vertex 9505.385427909721 10065.442082264539 83.83115996134433
    vertex 9495.777600801965 10122.17273446556 83.8311616521031
    vertex 9505.375400378669 10065.518248924776 83.83115996361435
  endloop
endfacet
facet normal -1.402000975726686e-16 2.980326698997179e-08 -0.9999999999999997
  outer loop
    vertex 9505.375400378669 10065.518248924776 83.83115996361435
    vertex 9495.777600801965 10122.17273446556 83.8311616521031
    vertex 9505.385427909721 10065.594415585016 83.83115996588438
  endloop
endfacet
facet normal -1.402000975726686e-16 2.980326698997179e-08 -0.9999999999999997
  outer loop
    vertex 9505.385427909721 10065.594415585016 83.83115996588438
    vertex 9495.777600801965 10122.17273446556 83.8311616521031
    vertex 9505.450438538439 10066.088220335461 83.83115998060136
  endloop
endfacet
facet normal -1.402000975726686e-16 2.980326698997179e-08 -0.9999999999999997
  outer loop
    vertex 9505.450438538439 10066.088220335461 83.83115998060136
    vertex 9495.777600801965 10122.17273446556 83.8311616521031
    vertex 9505.670439291163 10066.619349136423 83.83115999643074
  endloop
endfacet
facet normal -1.402000975726686e-16 2.980326698997179e-08 -0.9999999999999997
  outer loop
    vertex 9505.670439291163 10066.619349136423 83.83115999643074
    vertex 9495.777600801965 10122.17273446556 83.8311616521031
    vertex 9506.020409949122 10067.07543977762 83.83116001002374
  endloop
endfacet
facet normal -1.402000975726686e-16 2.980326698997179e-08 -0.9999999999999997
  outer loop
    vertex 9506.020409949122 10067.07543977762 83.83116001002374
    vertex 9495.777600801965 10122.17273446556 83.8311616521031
    vertex 9506.476500590323 10067.425410435579 83.83116002045398
  endloop
endfacet
facet normal -1.402000975726686e-16 2.980326698997179e-08 -0.9999999999999997
  outer loop
    vertex 9506.476500590323 10067.425410435579 83.83116002045398
    vertex 9495.777600801965 10122.17273446556 83.8311616521031
    vertex 9507.007629391273 10067.645411188301 83.83116002701074
  endloop
endfacet
facet normal -1.402000975726686e-16 2.980326698997179e-08 -0.9999999999999997
  outer loop
    vertex 9507.007629391273 10067.645411188301 83.83116002701074
    vertex 9495.777600801965 10122.17273446556 83.8311616521031
    vertex 9507.577600801966 10067.720449348071 83.83116002924713
  endloop
endfacet
facet normal -1.402000975726686e-16 2.980326698997179e-08 -0.9999999999999997
  outer loop
    vertex 9507.577600801966 10067.720449348071 83.83116002924713
    vertex 9495.777600801965 10122.17273446556 83.8311616521031
    vertex 9505.670439291163 10103.417148713132 83.83116109312537
  endloop
endfacet
facet normal -1.402000975726686e-16 2.980326698997179e-08 -0.9999999999999997
  outer loop
    vertex 9507.577600801966 10067.720449348071 83.83116002924713
    vertex 9505.670439291163 10103.417148713132 83.83116109312537
    vertex 9506.020409949126 10102.961058071925 83.8311610795324
  endloop
endfacet
facet normal -1.402000975726686e-16 2.980326698997179e-08 -0.9999999999999997
  outer loop
    vertex 9507.577600801966 10067.720449348071 83.83116002924713
    vertex 9506.020409949126 10102.961058071925 83.8311610795324
    vertex 9512.377600801963 10097.697770147885 83.83116092266921
  endloop
endfacet
facet normal -1.402000975726686e-16 2.980326698997179e-08 -0.9999999999999997
  outer loop
    vertex 9512.377600801963 10097.697770147885 83.83116092266921
    vertex 9506.020409949126 10102.961058071925 83.8311610795324
    vertex 9506.476500590315 10102.611087413978 83.83116106910212
  endloop
endfacet
facet normal -1.402000975726686e-16 2.980326698997179e-08 -0.9999999999999997
  outer loop
    vertex 9512.377600801963 10097.697770147885 83.83116092266921
    vertex 9506.476500590315 10102.611087413978 83.83116106910212
    vertex 9507.007629391279 10102.391086661251 83.83116106254536
  endloop
endfacet
facet normal -1.402000975726686e-16 2.980326698997179e-08 -0.9999999999999997
  outer loop
    vertex 9512.377600801963 10097.697770147885 83.83116092266921
    vertex 9507.007629391279 10102.391086661251 83.83116106254536
    vertex 9507.577600801966 10102.316048501481 83.83116106030899
  endloop
endfacet
facet normal -1.402000975726686e-16 2.980326698997179e-08 -0.9999999999999997
  outer loop
    vertex 9505.670439291163 10103.417148713132 83.83116109312537
    vertex 9495.777600801965 10122.17273446556 83.8311616521031
    vertex 9505.450438538439 10103.948277514091 83.83116110895476
  endloop
endfacet
facet normal -1.402000975726686e-16 2.980326698997179e-08 -0.9999999999999997
  outer loop
    vertex 9505.450438538439 10103.948277514091 83.83116110895476
    vertex 9495.777600801965 10122.17273446556 83.8311616521031
    vertex 9505.375400378669 10104.518248924776 83.83116112594178
  endloop
endfacet
facet normal -1.402000975726686e-16 2.980326698997179e-08 -0.9999999999999997
  outer loop
    vertex 9505.375400378669 10104.518248924776 83.83116112594178
    vertex 9495.777600801965 10122.17273446556 83.8311616521031
    vertex 9505.450438538439 10105.088220335461 83.83116114292878
  endloop
endfacet
facet normal -1.402000975726686e-16 2.980326698997179e-08 -0.9999999999999997
  outer loop
    vertex 9505.450438538439 10105.088220335461 83.83116114292878
    vertex 9495.777600801965 10122.17273446556 83.8311616521031
    vertex 9505.670439291163 10105.619349136421 83.83116115875815
  endloop
endfacet
facet normal -1.402000975726686e-16 2.980326698997179e-08 -0.9999999999999997
  outer loop
    vertex 9505.670439291163 10105.619349136421 83.83116115875815
    vertex 9495.777600801965 10122.17273446556 83.8311616521031
    vertex 9506.020409949126 10106.075439777625 83.83116117235113
  endloop
endfacet
facet normal -1.402000975726686e-16 2.980326698997179e-08 -0.9999999999999997
  outer loop
    vertex 9506.020409949126 10106.075439777625 83.83116117235113
    vertex 9495.777600801965 10122.17273446556 83.8311616521031
    vertex 9506.476500590315 10106.425410435575 83.83116118278141
  endloop
endfacet
facet normal -1.402000975726686e-16 2.980326698997179e-08 -0.9999999999999997
  outer loop
    vertex 9506.476500590315 10106.425410435575 83.83116118278141
    vertex 9495.777600801965 10122.17273446556 83.8311616521031
    vertex 9507.007629391279 10106.645411188301 83.83116118933815
  endloop
endfacet
facet normal -1.402000975726686e-16 2.980326698997179e-08 -0.9999999999999997
  outer loop
    vertex 9507.007629391279 10106.645411188301 83.83116118933815
    vertex 9495.777600801965 10122.17273446556 83.8311616521031
    vertex 9507.577600801966 10106.720449348071 83.83116119157452
  endloop
endfacet
facet normal -1.402000975726686e-16 2.980326698997179e-08 -0.9999999999999997
  outer loop
    vertex 9507.577600801966 10106.720449348071 83.83116119157452
    vertex 9495.777600801965 10122.17273446556 83.8311616521031
    vertex 9512.377600801963 10113.097770147884 83.83116138163952
  endloop
endfacet
facet normal -1.402000975726686e-16 2.980326698997179e-08 -0.9999999999999997
  outer loop
    vertex 9512.377600801963 10113.097770147884 83.83116138163952
    vertex 9495.777600801965 10122.17273446556 83.8311616521031
    vertex 9523.474758114917 10113.097770147884 83.83116138163952
  endloop
endfacet
facet normal -1.402000975726686e-16 2.980326698997179e-08 -0.9999999999999997
  outer loop
    vertex 9523.474758114917 10113.097770147884 83.83116138163952
    vertex 9495.777600801965 10122.17273446556 83.8311616521031
    vertex 9523.474758114917 10125.979281787633 83.83116176555065
  endloop
endfacet
facet normal -1.402000975726686e-16 2.980326698997179e-08 -0.9999999999999997
  outer loop
    vertex 9523.474758114917 10125.979281787633 83.83116176555065
    vertex 9495.777600801965 10122.17273446556 83.8311616521031
    vertex 9495.810535791603 10122.675225304823 83.83116166707899
  endloop
endfacet
facet normal -1.402000975726686e-16 2.980326698997179e-08 -0.9999999999999997
  outer loop
    vertex 9523.474758114917 10125.979281787633 83.83116176555065
    vertex 9495.810535791603 10122.675225304823 83.83116166707899
    vertex 9495.907497173836 10123.162683090928 83.8311616816068
  endloop
endfacet
facet normal -1.402000975726686e-16 2.980326698997179e-08 -0.9999999999999997
  outer loop
    vertex 9523.474758114917 10125.979281787633 83.83116176555065
    vertex 9495.907497173836 10123.162683090928 83.8311616816068
    vertex 9496.067255046688 10123.633314608089 83.83116169563318
  endloop
endfacet
facet normal -1.402000975726686e-16 2.980326698997179e-08 -0.9999999999999997
  outer loop
    vertex 9523.474758114917 10125.979281787633 83.83116176555065
    vertex 9496.067255046688 10123.633314608089 83.83116169563318
    vertex 9496.287075908669 10124.079067220553 83.83116170891806
  endloop
endfacet
facet normal -1.402000975726686e-16 2.980326698997179e-08 -0.9999999999999997
  outer loop
    vertex 9523.474758114917 10125.979281787633 83.83116176555065
    vertex 9496.287075908669 10124.079067220553 83.83116170891806
    vertex 9496.563198563876 10124.492313977538 83.83116172123417
  endloop
endfacet
facet normal -1.402000975726686e-16 2.980326698997179e-08 -0.9999999999999997
  outer loop
    vertex 9523.474758114917 10125.979281787633 83.83116176555065
    vertex 9496.563198563876 10124.492313977538 83.83116172123417
    vertex 9496.890898477133 10124.86598411247 83.83116173237075
  endloop
endfacet
facet normal -1.402000975726686e-16 2.980326698997179e-08 -0.9999999999999997
  outer loop
    vertex 9523.474758114917 10125.979281787633 83.83116176555065
    vertex 9496.890898477133 10124.86598411247 83.83116173237075
    vertex 9497.264568612045 10125.193684025713 83.83116174213727
  endloop
endfacet
facet normal -1.402000975726686e-16 2.980326698997179e-08 -0.9999999999999997
  outer loop
    vertex 9523.474758114917 10125.979281787633 83.83116176555065
    vertex 9497.264568612045 10125.193684025713 83.83116174213727
    vertex 9497.67781536906 10125.469806680938 83.83116175036663
  endloop
endfacet
facet normal -1.402000975726686e-16 2.980326698997179e-08 -0.9999999999999997
  outer loop
    vertex 9523.474758114917 10125.979281787633 83.83116176555065
    vertex 9497.67781536906 10125.469806680938 83.83116175036663
    vertex 9498.123567981502 10125.689627542906 83.83116175691802
  endloop
endfacet
facet normal -1.402000975726686e-16 2.980326698997179e-08 -0.9999999999999997
  outer loop
    vertex 9523.474758114917 10125.979281787633 83.83116176555065
    vertex 9498.123567981502 10125.689627542906 83.83116175691802
    vertex 9498.594199498677 10125.849385415766 83.83116176167933
  endloop
endfacet
facet normal -1.402000975726686e-16 2.980326698997179e-08 -0.9999999999999997
  outer loop
    vertex 9523.474758114917 10125.979281787633 83.83116176555065
    vertex 9498.594199498677 10125.849385415766 83.83116176167933
    vertex 9499.08165728477 10125.946346797997 83.83116176456909
  endloop
endfacet
facet normal -1.402000975726686e-16 2.980326698997179e-08 -0.9999999999999997
  outer loop
    vertex 9523.474758114917 10125.979281787633 83.83116176555065
    vertex 9499.08165728477 10125.946346797997 83.83116176456909
    vertex 9499.58414812405 10125.979281787633 83.83116176555065
  endloop
endfacet
facet normal -1.402000975726686e-16 2.980326698997179e-08 -0.9999999999999997
  outer loop
    vertex 9512.377600801963 10097.697770147885 83.83116092266921
    vertex 9509.70476306549 10103.948277514093 83.83116110895476
    vertex 9512.377600801963 10113.097770147884 83.83116138163952
  endloop
endfacet
facet normal -1.402000975726686e-16 2.980326698997179e-08 -0.9999999999999997
  outer loop
    vertex 9509.70476306549 10103.948277514093 83.83116110895476
    vertex 9512.377600801963 10097.697770147885 83.83116092266921
    vertex 9509.484762312763 10103.417148713128 83.83116109312537
  endloop
endfacet
facet normal -1.402000975726686e-16 2.980326698997179e-08 -0.9999999999999997
  outer loop
    vertex 9509.484762312763 10103.417148713128 83.83116109312537
    vertex 9512.377600801963 10097.697770147885 83.83116092266921
    vertex 9509.134791654807 10102.96105807193 83.8311610795324
  endloop
endfacet
facet normal -1.402000975726686e-16 2.980326698997179e-08 -0.9999999999999997
  outer loop
    vertex 9509.134791654807 10102.96105807193 83.8311610795324
    vertex 9512.377600801963 10097.697770147885 83.83116092266921
    vertex 9508.678701013614 10102.611087413976 83.83116106910212
  endloop
endfacet
facet normal -1.402000975726686e-16 2.980326698997179e-08 -0.9999999999999997
  outer loop
    vertex 9508.678701013614 10102.611087413976 83.83116106910212
    vertex 9512.377600801963 10097.697770147885 83.83116092266921
    vertex 9508.14757221265 10102.391086661251 83.83116106254536
  endloop
endfacet
facet normal -1.402000975726686e-16 2.980326698997179e-08 -0.9999999999999997
  outer loop
    vertex 9508.14757221265 10102.391086661251 83.83116106254536
    vertex 9512.377600801963 10097.697770147885 83.83116092266921
    vertex 9507.577600801966 10102.316048501481 83.83116106030899
  endloop
endfacet
facet normal -1.402000975726686e-16 2.980326698997179e-08 -0.9999999999999997
  outer loop
    vertex 9512.377600801963 10113.097770147884 83.83116138163952
    vertex 9509.70476306549 10103.948277514093 83.83116110895476
    vertex 9509.769773694206 10104.442082264537 83.83116112367175
  endloop
endfacet
facet normal -1.402000975726686e-16 2.980326698997179e-08 -0.9999999999999997
  outer loop
    vertex 9512.377600801963 10113.097770147884 83.83116138163952
    vertex 9509.769773694206 10104.442082264537 83.83116112367175
    vertex 9509.779801225259 10104.518248924776 83.83116112594178
  endloop
endfacet
facet normal -1.402000975726686e-16 2.980326698997179e-08 -0.9999999999999997
  outer loop
    vertex 9512.377600801963 10113.097770147884 83.83116138163952
    vertex 9509.779801225259 10104.518248924776 83.83116112594178
    vertex 9509.769773694206 10104.594415585014 83.83116112821178
  endloop
endfacet
facet normal -1.402000975726686e-16 2.980326698997179e-08 -0.9999999999999997
  outer loop
    vertex 9512.377600801963 10113.097770147884 83.83116138163952
    vertex 9509.769773694206 10104.594415585014 83.83116112821178
    vertex 9509.70476306549 10105.08822033546 83.83116114292878
  endloop
endfacet
facet normal -1.402000975726686e-16 2.980326698997179e-08 -0.9999999999999997
  outer loop
    vertex 9512.377600801963 10113.097770147884 83.83116138163952
    vertex 9509.70476306549 10105.08822033546 83.83116114292878
    vertex 9509.484762312763 10105.619349136425 83.83116115875815
  endloop
endfacet
facet normal -1.402000975726686e-16 2.980326698997179e-08 -0.9999999999999997
  outer loop
    vertex 9512.377600801963 10113.097770147884 83.83116138163952
    vertex 9509.484762312763 10105.619349136425 83.83116115875815
    vertex 9509.134791654807 10106.075439777622 83.83116117235113
  endloop
endfacet
facet normal -1.402000975726686e-16 2.980326698997179e-08 -0.9999999999999997
  outer loop
    vertex 9512.377600801963 10113.097770147884 83.83116138163952
    vertex 9509.134791654807 10106.075439777622 83.83116117235113
    vertex 9508.678701013614 10106.425410435577 83.83116118278141
  endloop
endfacet
facet normal -1.402000975726686e-16 2.980326698997179e-08 -0.9999999999999997
  outer loop
    vertex 9512.377600801963 10113.097770147884 83.83116138163952
    vertex 9508.678701013614 10106.425410435577 83.83116118278141
    vertex 9508.14757221265 10106.645411188301 83.83116118933815
  endloop
endfacet
facet normal -1.402000975726686e-16 2.980326698997179e-08 -0.9999999999999997
  outer loop
    vertex 9512.377600801963 10113.097770147884 83.83116138163952
    vertex 9508.14757221265 10106.645411188301 83.83116118933815
    vertex 9507.577600801966 10106.720449348071 83.83116119157452
  endloop
endfacet
facet normal -1.402000975726686e-16 2.980326698997179e-08 -0.9999999999999997
  outer loop
    vertex 9523.474758114917 10048.179281750854 83.83115944685647
    vertex 9509.484762312763 10064.417148713128 83.83115993079797
    vertex 9523.474758114917 10097.697770147885 83.83116092266921
  endloop
endfacet
facet normal -1.402000975726686e-16 2.980326698997179e-08 -0.9999999999999997
  outer loop
    vertex 9509.484762312763 10064.417148713128 83.83115993079797
    vertex 9523.474758114917 10048.179281750854 83.83115944685647
    vertex 9509.134791654807 10063.96105807193 83.83115991720499
  endloop
endfacet
facet normal -1.402000975726686e-16 2.980326698997179e-08 -0.9999999999999997
  outer loop
    vertex 9509.134791654807 10063.96105807193 83.83115991720499
    vertex 9523.474758114917 10048.179281750854 83.83115944685647
    vertex 9508.678701013614 10063.611087413976 83.8311599067747
  endloop
endfacet
facet normal -1.402000975726686e-16 2.980326698997179e-08 -0.9999999999999997
  outer loop
    vertex 9508.678701013614 10063.611087413976 83.8311599067747
    vertex 9523.474758114917 10048.179281750854 83.83115944685647
    vertex 9508.147572212647 10063.39108666125 83.83115990021798
  endloop
endfacet
facet normal -1.402000975726686e-16 2.980326698997179e-08 -0.9999999999999997
  outer loop
    vertex 9508.147572212647 10063.39108666125 83.83115990021798
    vertex 9523.474758114917 10048.179281750854 83.83115944685647
    vertex 9507.577600801966 10063.31604850148 83.83115989798156
  endloop
endfacet
facet normal -1.402000975726686e-16 2.980326698997179e-08 -0.9999999999999997
  outer loop
    vertex 9523.474758114917 10097.697770147885 83.83116092266921
    vertex 9509.484762312763 10064.417148713128 83.83115993079797
    vertex 9509.70476306549 10064.948277514093 83.83115994662734
  endloop
endfacet
facet normal -1.402000975726686e-16 2.980326698997179e-08 -0.9999999999999997
  outer loop
    vertex 9523.474758114917 10097.697770147885 83.83116092266921
    vertex 9509.70476306549 10064.948277514093 83.83115994662734
    vertex 9509.769773694206 10065.442082264537 83.83115996134433
  endloop
endfacet
facet normal -1.402000975726686e-16 2.980326698997179e-08 -0.9999999999999997
  outer loop
    vertex 9523.474758114917 10097.697770147885 83.83116092266921
    vertex 9509.769773694206 10065.442082264537 83.83115996134433
    vertex 9509.779801225259 10065.518248924776 83.83115996361435
  endloop
endfacet
facet normal -1.402000975726686e-16 2.980326698997179e-08 -0.9999999999999997
  outer loop
    vertex 9523.474758114917 10097.697770147885 83.83116092266921
    vertex 9509.779801225259 10065.518248924776 83.83115996361435
    vertex 9509.769773694206 10065.594415585012 83.83115996588438
  endloop
endfacet
facet normal -1.402000975726686e-16 2.980326698997179e-08 -0.9999999999999997
  outer loop
    vertex 9523.474758114917 10097.697770147885 83.83116092266921
    vertex 9509.769773694206 10065.594415585012 83.83115996588438
    vertex 9509.70476306549 10066.08822033546 83.83115998060136
  endloop
endfacet
facet normal -1.402000975726686e-16 2.980326698997179e-08 -0.9999999999999997
  outer loop
    vertex 9523.474758114917 10097.697770147885 83.83116092266921
    vertex 9509.70476306549 10066.08822033546 83.83115998060136
    vertex 9509.48476231276 10066.619349136427 83.83115999643074
  endloop
endfacet
facet normal -1.402000975726686e-16 2.980326698997179e-08 -0.9999999999999997
  outer loop
    vertex 9523.474758114917 10097.697770147885 83.83116092266921
    vertex 9509.48476231276 10066.619349136427 83.83115999643074
    vertex 9509.134791654811 10067.075439777616 83.83116001002374
  endloop
endfacet
facet normal -1.402000975726686e-16 2.980326698997179e-08 -0.9999999999999997
  outer loop
    vertex 9523.474758114917 10097.697770147885 83.83116092266921
    vertex 9509.134791654811 10067.075439777616 83.83116001002374
    vertex 9508.678701013607 10067.42541043558 83.83116002045398
  endloop
endfacet
facet normal -1.402000975726686e-16 2.980326698997179e-08 -0.9999999999999997
  outer loop
    vertex 9523.474758114917 10097.697770147885 83.83116092266921
    vertex 9508.678701013607 10067.42541043558 83.83116002045398
    vertex 9508.147572212654 10067.645411188301 83.83116002701074
  endloop
endfacet
facet normal -1.402000975726686e-16 2.980326698997179e-08 -0.9999999999999997
  outer loop
    vertex 9523.474758114917 10097.697770147885 83.83116092266921
    vertex 9508.147572212654 10067.645411188301 83.83116002701074
    vertex 9507.577600801966 10067.720449348071 83.83116002924713
  endloop
endfacet
facet normal -1.402000975726686e-16 2.980326698997179e-08 -0.9999999999999997
  outer loop
    vertex 9523.474758114917 10097.697770147885 83.83116092266921
    vertex 9507.577600801966 10067.720449348071 83.83116002924713
    vertex 9512.377600801963 10097.697770147885 83.83116092266921
  endloop
endfacet
facet normal 0.7071067811865482 2.107409175141708e-08 -0.7071067811865465
  outer loop
    vertex 9523.95760082739 10112.897770141924 84.03116137567882
    vertex 9526.757600827392 10126.179281698223 86.83116177151206
    vertex 9526.757600827392 10112.897770058473 86.83116137567963
  endloop
endfacet
facet normal 0.7071067811865482 2.107409175141708e-08 -0.7071067811865465
  outer loop
    vertex 9526.757600827392 10126.179281698223 86.83116177151206
    vertex 9523.95760082739 10112.897770141924 84.03116137567882
    vertex 9523.95760082739 10126.179281781675 84.03116177151126
  endloop
endfacet
facet normal 1.402002234354764e-16 2.9803266989971806e-08 -0.9999999999999997
  outer loop
    vertex 9530.040443539865 10048.179281750854 83.83115944685647
    vertex 9544.380409999974 10063.96105807193 83.83115991720499
    vertex 9557.737600852819 10048.179281750854 83.83115944685647
  endloop
endfacet
facet normal 1.402002234354764e-16 2.9803266989971806e-08 -0.9999999999999997
  outer loop
    vertex 9544.380409999974 10063.96105807193 83.83115991720499
    vertex 9530.040443539865 10048.179281750854 83.83115944685647
    vertex 9544.03043934202 10064.417148713128 83.83115993079797
  endloop
endfacet
facet normal 1.402002234354764e-16 2.9803266989971806e-08 -0.9999999999999997
  outer loop
    vertex 9544.03043934202 10064.417148713128 83.83115993079797
    vertex 9530.040443539865 10048.179281750854 83.83115944685647
    vertex 9530.040443539865 10097.697770147885 83.83116092266921
  endloop
endfacet
facet normal 1.402002234354764e-16 2.9803266989971806e-08 -0.9999999999999997
  outer loop
    vertex 9557.737600852819 10048.179281750854 83.83115944685647
    vertex 9544.380409999974 10063.96105807193 83.83115991720499
    vertex 9544.83650064117 10063.611087413976 83.8311599067747
  endloop
endfacet
facet normal 1.402002234354764e-16 2.9803266989971806e-08 -0.9999999999999997
  outer loop
    vertex 9557.737600852819 10048.179281750854 83.83115944685647
    vertex 9544.83650064117 10063.611087413976 83.8311599067747
    vertex 9545.367629442135 10063.39108666125 83.83115990021798
  endloop
endfacet
facet normal 1.402002234354764e-16 2.9803266989971806e-08 -0.9999999999999997
  outer loop
    vertex 9557.737600852819 10048.179281750854 83.83115944685647
    vertex 9545.367629442135 10063.39108666125 83.83115990021798
    vertex 9545.937600852818 10063.31604850148 83.83115989798156
  endloop
endfacet
facet normal 1.402002234354764e-16 2.9803266989971806e-08 -0.9999999999999997
  outer loop
    vertex 9544.03043934202 10064.417148713128 83.83115993079797
    vertex 9530.040443539865 10097.697770147885 83.83116092266921
    vertex 9543.810438589293 10064.948277514093 83.83115994662734
  endloop
endfacet
facet normal 1.402002234354764e-16 2.9803266989971806e-08 -0.9999999999999997
  outer loop
    vertex 9543.810438589293 10064.948277514093 83.83115994662734
    vertex 9530.040443539865 10097.697770147885 83.83116092266921
    vertex 9543.745427960575 10065.442082264539 83.83115996134433
  endloop
endfacet
facet normal 1.402002234354764e-16 2.9803266989971806e-08 -0.9999999999999997
  outer loop
    vertex 9543.745427960575 10065.442082264539 83.83115996134433
    vertex 9530.040443539865 10097.697770147885 83.83116092266921
    vertex 9543.735400429523 10065.518248924776 83.83115996361435
  endloop
endfacet
facet normal 1.402002234354764e-16 2.9803266989971806e-08 -0.9999999999999997
  outer loop
    vertex 9543.735400429523 10065.518248924776 83.83115996361435
    vertex 9530.040443539865 10097.697770147885 83.83116092266921
    vertex 9543.745427960575 10065.594415585016 83.83115996588438
  endloop
endfacet
facet normal 1.402002234354764e-16 2.9803266989971806e-08 -0.9999999999999997
  outer loop
    vertex 9543.745427960575 10065.594415585016 83.83115996588438
    vertex 9530.040443539865 10097.697770147885 83.83116092266921
    vertex 9543.810438589293 10066.08822033546 83.83115998060136
  endloop
endfacet
facet normal 1.402002234354764e-16 2.9803266989971806e-08 -0.9999999999999997
  outer loop
    vertex 9543.810438589293 10066.08822033546 83.83115998060136
    vertex 9530.040443539865 10097.697770147885 83.83116092266921
    vertex 9544.030439342021 10066.619349136427 83.83115999643074
  endloop
endfacet
facet normal 1.402002234354764e-16 2.9803266989971806e-08 -0.9999999999999997
  outer loop
    vertex 9544.030439342021 10066.619349136427 83.83115999643074
    vertex 9530.040443539865 10097.697770147885 83.83116092266921
    vertex 9544.38040999997 10067.075439777616 83.83116001002374
  endloop
endfacet
facet normal 1.402002234354764e-16 2.9803266989971806e-08 -0.9999999999999997
  outer loop
    vertex 9544.38040999997 10067.075439777616 83.83116001002374
    vertex 9530.040443539865 10097.697770147885 83.83116092266921
    vertex 9544.836500641177 10067.42541043558 83.83116002045398
  endloop
endfacet
facet normal 1.402002234354764e-16 2.9803266989971806e-08 -0.9999999999999997
  outer loop
    vertex 9544.836500641177 10067.42541043558 83.83116002045398
    vertex 9530.040443539865 10097.697770147885 83.83116092266921
    vertex 9545.367629442128 10067.645411188301 83.83116002701074
  endloop
endfacet
facet normal 1.402002234354764e-16 2.9803266989971806e-08 -0.9999999999999997
  outer loop
    vertex 9545.367629442128 10067.645411188301 83.83116002701074
    vertex 9530.040443539865 10097.697770147885 83.83116092266921
    vertex 9545.937600852818 10067.720449348073 83.83116002924713
  endloop
endfacet
facet normal 1.402002234354764e-16 2.9803266989971806e-08 -0.9999999999999997
  outer loop
    vertex 9541.137600852819 10097.697770147885 83.83116092266921
    vertex 9545.367629442133 10102.391086661251 83.83116106254536
    vertex 9545.937600852818 10102.31604850148 83.83116106030899
  endloop
endfacet
facet normal 1.402002234354764e-16 2.9803266989971806e-08 -0.9999999999999997
  outer loop
    vertex 9545.367629442133 10102.391086661251 83.83116106254536
    vertex 9541.137600852819 10097.697770147885 83.83116092266921
    vertex 9544.83650064117 10102.611087413976 83.83116106910212
  endloop
endfacet
facet normal 1.402002234354764e-16 2.9803266989971806e-08 -0.9999999999999997
  outer loop
    vertex 9544.83650064117 10102.611087413976 83.83116106910212
    vertex 9541.137600852819 10097.697770147885 83.83116092266921
    vertex 9544.380409999974 10102.96105807193 83.8311610795324
  endloop
endfacet
facet normal 1.402002234354764e-16 2.9803266989971806e-08 -0.9999999999999997
  outer loop
    vertex 9544.380409999974 10102.96105807193 83.8311610795324
    vertex 9541.137600852819 10097.697770147885 83.83116092266921
    vertex 9544.03043934202 10103.417148713128 83.83116109312537
  endloop
endfacet
facet normal 1.402002234354764e-16 2.9803266989971806e-08 -0.9999999999999997
  outer loop
    vertex 9544.03043934202 10103.417148713128 83.83116109312537
    vertex 9541.137600852819 10097.697770147885 83.83116092266921
    vertex 9543.810976897517 10103.946977923075 83.83116110891602
  endloop
endfacet
facet normal 1.402002234354764e-16 2.9803266989971806e-08 -0.9999999999999997
  outer loop
    vertex 9543.810976897517 10103.946977923075 83.83116110891602
    vertex 9541.137600852819 10097.697770147885 83.83116092266921
    vertex 9541.137600852819 10113.097770147884 83.83116138163952
  endloop
endfacet
facet normal 1.402002234354764e-16 2.9803266989971806e-08 -0.9999999999999997
  outer loop
    vertex 9543.810976897517 10103.946977923075 83.83116110891602
    vertex 9541.137600852819 10113.097770147884 83.83116138163952
    vertex 9543.737122135803 10104.453773774008 83.8311611240202
  endloop
endfacet
facet normal 1.402002234354764e-16 2.9803266989971806e-08 -0.9999999999999997
  outer loop
    vertex 9543.737122135803 10104.453773774008 83.8311611240202
    vertex 9541.137600852819 10113.097770147884 83.83116138163952
    vertex 9543.737122135803 10104.531326582326 83.83116112633151
  endloop
endfacet
facet normal 1.402002234354764e-16 2.9803266989971806e-08 -0.9999999999999997
  outer loop
    vertex 9543.737122135803 10104.531326582326 83.83116112633151
    vertex 9541.137600852819 10113.097770147884 83.83116138163952
    vertex 9543.745427960575 10104.594415585016 83.83116112821178
  endloop
endfacet
facet normal 1.402002234354764e-16 2.9803266989971806e-08 -0.9999999999999997
  outer loop
    vertex 9543.745427960575 10104.594415585016 83.83116112821178
    vertex 9541.137600852819 10113.097770147884 83.83116138163952
    vertex 9543.810438589293 10105.08822033546 83.83116114292878
  endloop
endfacet
facet normal 1.402002234354764e-16 2.9803266989971806e-08 -0.9999999999999997
  outer loop
    vertex 9543.810438589293 10105.08822033546 83.83116114292878
    vertex 9541.137600852819 10113.097770147884 83.83116138163952
    vertex 9544.03043934202 10105.619349136425 83.83116115875815
  endloop
endfacet
facet normal 1.402002234354764e-16 2.9803266989971806e-08 -0.9999999999999997
  outer loop
    vertex 9544.03043934202 10105.619349136425 83.83116115875815
    vertex 9541.137600852819 10113.097770147884 83.83116138163952
    vertex 9544.380409999974 10106.075439777622 83.83116117235113
  endloop
endfacet
facet normal 1.402002234354764e-16 2.9803266989971806e-08 -0.9999999999999997
  outer loop
    vertex 9544.380409999974 10106.075439777622 83.83116117235113
    vertex 9541.137600852819 10113.097770147884 83.83116138163952
    vertex 9544.83650064117 10106.425410435577 83.83116118278141
  endloop
endfacet
facet normal 1.402002234354764e-16 2.9803266989971806e-08 -0.9999999999999997
  outer loop
    vertex 9544.83650064117 10106.425410435577 83.83116118278141
    vertex 9541.137600852819 10113.097770147884 83.83116138163952
    vertex 9545.367629442133 10106.645411188301 83.83116118933815
  endloop
endfacet
facet normal 1.402002234354764e-16 2.9803266989971806e-08 -0.9999999999999997
  outer loop
    vertex 9545.367629442133 10106.645411188301 83.83116118933815
    vertex 9541.137600852819 10113.097770147884 83.83116138163952
    vertex 9545.937600852818 10106.720449348071 83.83116119157452
  endloop
endfacet
facet normal 1.402002234354764e-16 2.9803266989971806e-08 -0.9999999999999997
  outer loop
    vertex 9530.040443539865 10125.979281787633 83.83116176555065
    vertex 9541.137600852819 10113.097770147884 83.83116138163952
    vertex 9530.040443539865 10113.097770147884 83.83116138163952
  endloop
endfacet
facet normal 1.402002234354764e-16 2.9803266989971806e-08 -0.9999999999999997
  outer loop
    vertex 9541.137600852819 10113.097770147884 83.83116138163952
    vertex 9530.040443539865 10125.979281787633 83.83116176555065
    vertex 9557.737600852819 10122.17273446556 83.8311616521031
  endloop
endfacet
facet normal 1.402002234354764e-16 2.9803266989971806e-08 -0.9999999999999997
  outer loop
    vertex 9557.737600852819 10122.17273446556 83.8311616521031
    vertex 9530.040443539865 10125.979281787633 83.83116176555065
    vertex 9557.704665863179 10122.675225304823 83.83116166707899
  endloop
endfacet
facet normal 1.402002234354764e-16 2.9803266989971806e-08 -0.9999999999999997
  outer loop
    vertex 9557.704665863179 10122.675225304823 83.83116166707899
    vertex 9530.040443539865 10125.979281787633 83.83116176555065
    vertex 9557.607704480948 10123.162683090924 83.8311616816068
  endloop
endfacet
facet normal 1.402002234354764e-16 2.9803266989971806e-08 -0.9999999999999997
  outer loop
    vertex 9557.607704480948 10123.162683090924 83.8311616816068
    vertex 9530.040443539865 10125.979281787633 83.83116176555065
    vertex 9557.447946608092 10123.633314608085 83.83116169563318
  endloop
endfacet
facet normal 1.402002234354764e-16 2.9803266989971806e-08 -0.9999999999999997
  outer loop
    vertex 9557.447946608092 10123.633314608085 83.83116169563318
    vertex 9530.040443539865 10125.979281787633 83.83116176555065
    vertex 9557.228125746109 10124.079067220557 83.83116170891806
  endloop
endfacet
facet normal 1.402002234354764e-16 2.9803266989971806e-08 -0.9999999999999997
  outer loop
    vertex 9557.228125746109 10124.079067220557 83.83116170891806
    vertex 9530.040443539865 10125.979281787633 83.83116176555065
    vertex 9556.952003090903 10124.492313977542 83.83116172123417
  endloop
endfacet
facet normal 1.402002234354764e-16 2.9803266989971806e-08 -0.9999999999999997
  outer loop
    vertex 9556.952003090903 10124.492313977542 83.83116172123417
    vertex 9530.040443539865 10125.979281787633 83.83116176555065
    vertex 9556.624303177648 10124.86598411247 83.83116173237075
  endloop
endfacet
facet normal 1.402002234354764e-16 2.9803266989971806e-08 -0.9999999999999997
  outer loop
    vertex 9556.624303177648 10124.86598411247 83.83116173237075
    vertex 9530.040443539865 10125.979281787633 83.83116176555065
    vertex 9556.250633042737 10125.193684025713 83.83116174213727
  endloop
endfacet
facet normal 1.402002234354764e-16 2.9803266989971806e-08 -0.9999999999999997
  outer loop
    vertex 9556.250633042737 10125.193684025713 83.83116174213727
    vertex 9530.040443539865 10125.979281787633 83.83116176555065
    vertex 9555.837386285722 10125.469806680938 83.83116175036663
  endloop
endfacet
facet normal 1.402002234354764e-16 2.9803266989971806e-08 -0.9999999999999997
  outer loop
    vertex 9555.837386285722 10125.469806680938 83.83116175036663
    vertex 9530.040443539865 10125.979281787633 83.83116176555065
    vertex 9555.391633673282 10125.689627542906 83.83116175691802
  endloop
endfacet
facet normal 1.402002234354764e-16 2.9803266989971806e-08 -0.9999999999999997
  outer loop
    vertex 9555.391633673282 10125.689627542906 83.83116175691802
    vertex 9530.040443539865 10125.979281787633 83.83116176555065
    vertex 9554.921002156108 10125.849385415764 83.83116176167933
  endloop
endfacet
facet normal 1.402002234354764e-16 2.9803266989971806e-08 -0.9999999999999997
  outer loop
    vertex 9554.921002156108 10125.849385415764 83.83116176167933
    vertex 9530.040443539865 10125.979281787633 83.83116176555065
    vertex 9554.43354437001 10125.946346797997 83.83116176456909
  endloop
endfacet
facet normal 1.402002234354764e-16 2.9803266989971806e-08 -0.9999999999999997
  outer loop
    vertex 9554.43354437001 10125.946346797997 83.83116176456909
    vertex 9530.040443539865 10125.979281787633 83.83116176555065
    vertex 9553.931053530734 10125.979281787633 83.83116176555065
  endloop
endfacet
facet normal 1.402002234354764e-16 2.9803266989971806e-08 -0.9999999999999997
  outer loop
    vertex 9557.737600852819 10048.179281750854 83.83115944685647
    vertex 9548.064763116343 10064.948277514093 83.83115994662734
    vertex 9557.737600852819 10122.17273446556 83.8311616521031
  endloop
endfacet
facet normal 1.402002234354764e-16 2.9803266989971806e-08 -0.9999999999999997
  outer loop
    vertex 9548.064763116343 10064.948277514093 83.83115994662734
    vertex 9557.737600852819 10048.179281750854 83.83115944685647
    vertex 9547.844762363618 10064.417148713132 83.83115993079797
  endloop
endfacet
facet normal 1.402002234354764e-16 2.9803266989971806e-08 -0.9999999999999997
  outer loop
    vertex 9547.844762363618 10064.417148713132 83.83115993079797
    vertex 9557.737600852819 10048.179281750854 83.83115944685647
    vertex 9547.494791705658 10063.961058071927 83.83115991720499
  endloop
endfacet
facet normal 1.402002234354764e-16 2.9803266989971806e-08 -0.9999999999999997
  outer loop
    vertex 9547.494791705658 10063.961058071927 83.83115991720499
    vertex 9557.737600852819 10048.179281750854 83.83115944685647
    vertex 9547.038701064468 10063.611087413978 83.8311599067747
  endloop
endfacet
facet normal 1.402002234354764e-16 2.9803266989971806e-08 -0.9999999999999997
  outer loop
    vertex 9547.038701064468 10063.611087413978 83.8311599067747
    vertex 9557.737600852819 10048.179281750854 83.83115944685647
    vertex 9546.507572263501 10063.39108666125 83.83115990021798
  endloop
endfacet
facet normal 1.402002234354764e-16 2.9803266989971806e-08 -0.9999999999999997
  outer loop
    vertex 9546.507572263501 10063.39108666125 83.83115990021798
    vertex 9557.737600852819 10048.179281750854 83.83115944685647
    vertex 9545.937600852818 10063.31604850148 83.83115989798156
  endloop
endfacet
facet normal 1.402002234354764e-16 2.9803266989971806e-08 -0.9999999999999997
  outer loop
    vertex 9557.737600852819 10122.17273446556 83.8311616521031
    vertex 9548.064763116343 10064.948277514093 83.83115994662734
    vertex 9548.12977374506 10065.442082264537 83.83115996134433
  endloop
endfacet
facet normal 1.402002234354764e-16 2.9803266989971806e-08 -0.9999999999999997
  outer loop
    vertex 9557.737600852819 10122.17273446556 83.8311616521031
    vertex 9548.12977374506 10065.442082264537 83.83115996134433
    vertex 9548.139801276113 10065.518248924776 83.83115996361435
  endloop
endfacet
facet normal 1.402002234354764e-16 2.9803266989971806e-08 -0.9999999999999997
  outer loop
    vertex 9557.737600852819 10122.17273446556 83.8311616521031
    vertex 9548.139801276113 10065.518248924776 83.83115996361435
    vertex 9548.12977374506 10065.594415585012 83.83115996588438
  endloop
endfacet
facet normal 1.402002234354764e-16 2.9803266989971806e-08 -0.9999999999999997
  outer loop
    vertex 9557.737600852819 10122.17273446556 83.8311616521031
    vertex 9548.12977374506 10065.594415585012 83.83115996588438
    vertex 9548.064763116343 10066.08822033546 83.83115998060136
  endloop
endfacet
facet normal 1.402002234354764e-16 2.9803266989971806e-08 -0.9999999999999997
  outer loop
    vertex 9557.737600852819 10122.17273446556 83.8311616521031
    vertex 9548.064763116343 10066.08822033546 83.83115998060136
    vertex 9547.844762363618 10066.619349136423 83.83115999643074
  endloop
endfacet
facet normal 1.402002234354764e-16 2.9803266989971806e-08 -0.9999999999999997
  outer loop
    vertex 9557.737600852819 10122.17273446556 83.8311616521031
    vertex 9547.844762363618 10066.619349136423 83.83115999643074
    vertex 9547.494791705662 10067.07543977762 83.83116001002374
  endloop
endfacet
facet normal 1.402002234354764e-16 2.9803266989971806e-08 -0.9999999999999997
  outer loop
    vertex 9557.737600852819 10122.17273446556 83.8311616521031
    vertex 9547.494791705662 10067.07543977762 83.83116001002374
    vertex 9547.03870106446 10067.425410435579 83.83116002045398
  endloop
endfacet
facet normal 1.402002234354764e-16 2.9803266989971806e-08 -0.9999999999999997
  outer loop
    vertex 9557.737600852819 10122.17273446556 83.8311616521031
    vertex 9547.03870106446 10067.425410435579 83.83116002045398
    vertex 9546.507572263508 10067.645411188301 83.83116002701074
  endloop
endfacet
facet normal 1.402002234354764e-16 2.9803266989971806e-08 -0.9999999999999997
  outer loop
    vertex 9557.737600852819 10122.17273446556 83.8311616521031
    vertex 9546.507572263508 10067.645411188301 83.83116002701074
    vertex 9545.937600852818 10067.720449348073 83.83116002924713
  endloop
endfacet
facet normal 1.402002234354764e-16 2.9803266989971806e-08 -0.9999999999999997
  outer loop
    vertex 9557.737600852819 10122.17273446556 83.8311616521031
    vertex 9545.937600852818 10067.720449348073 83.83116002924713
    vertex 9547.844762363618 10103.417148713132 83.83116109312537
  endloop
endfacet
facet normal 1.402002234354764e-16 2.9803266989971806e-08 -0.9999999999999997
  outer loop
    vertex 9547.844762363618 10103.417148713132 83.83116109312537
    vertex 9545.937600852818 10067.720449348073 83.83116002924713
    vertex 9547.494791705658 10102.961058071925 83.8311610795324
  endloop
endfacet
facet normal 1.402002234354764e-16 2.9803266989971806e-08 -0.9999999999999997
  outer loop
    vertex 9547.494791705658 10102.961058071925 83.8311610795324
    vertex 9545.937600852818 10067.720449348073 83.83116002924713
    vertex 9541.137600852819 10097.697770147885 83.83116092266921
  endloop
endfacet
facet normal 1.402002234354764e-16 2.9803266989971806e-08 -0.9999999999999997
  outer loop
    vertex 9541.137600852819 10097.697770147885 83.83116092266921
    vertex 9545.937600852818 10067.720449348073 83.83116002924713
    vertex 9530.040443539865 10097.697770147885 83.83116092266921
  endloop
endfacet
facet normal 1.402002234354764e-16 2.9803266989971806e-08 -0.9999999999999997
  outer loop
    vertex 9547.494791705658 10102.961058071925 83.8311610795324
    vertex 9541.137600852819 10097.697770147885 83.83116092266921
    vertex 9547.038701064468 10102.611087413978 83.83116106910212
  endloop
endfacet
facet normal 1.402002234354764e-16 2.9803266989971806e-08 -0.9999999999999997
  outer loop
    vertex 9547.038701064468 10102.611087413978 83.83116106910212
    vertex 9541.137600852819 10097.697770147885 83.83116092266921
    vertex 9546.507572263503 10102.391086661251 83.83116106254536
  endloop
endfacet
facet normal 1.402002234354764e-16 2.9803266989971806e-08 -0.9999999999999997
  outer loop
    vertex 9546.507572263503 10102.391086661251 83.83116106254536
    vertex 9541.137600852819 10097.697770147885 83.83116092266921
    vertex 9545.937600852818 10102.31604850148 83.83116106030899
  endloop
endfacet
facet normal 1.402002234354764e-16 2.9803266989971806e-08 -0.9999999999999997
  outer loop
    vertex 9557.737600852819 10122.17273446556 83.8311616521031
    vertex 9547.844762363618 10103.417148713132 83.83116109312537
    vertex 9548.064763116343 10103.948277514093 83.83116110895476
  endloop
endfacet
facet normal 1.402002234354764e-16 2.9803266989971806e-08 -0.9999999999999997
  outer loop
    vertex 9557.737600852819 10122.17273446556 83.8311616521031
    vertex 9548.064763116343 10103.948277514093 83.83116110895476
    vertex 9548.139801276113 10104.518248924776 83.83116112594178
  endloop
endfacet
facet normal 1.402002234354764e-16 2.9803266989971806e-08 -0.9999999999999997
  outer loop
    vertex 9557.737600852819 10122.17273446556 83.8311616521031
    vertex 9548.139801276113 10104.518248924776 83.83116112594178
    vertex 9548.064763116343 10105.08822033546 83.83116114292878
  endloop
endfacet
facet normal 1.402002234354764e-16 2.9803266989971806e-08 -0.9999999999999997
  outer loop
    vertex 9557.737600852819 10122.17273446556 83.8311616521031
    vertex 9548.064763116343 10105.08822033546 83.83116114292878
    vertex 9547.844762363618 10105.619349136421 83.83116115875815
  endloop
endfacet
facet normal 1.402002234354764e-16 2.9803266989971806e-08 -0.9999999999999997
  outer loop
    vertex 9557.737600852819 10122.17273446556 83.8311616521031
    vertex 9547.844762363618 10105.619349136421 83.83116115875815
    vertex 9547.494791705658 10106.075439777625 83.83116117235113
  endloop
endfacet
facet normal 1.402002234354764e-16 2.9803266989971806e-08 -0.9999999999999997
  outer loop
    vertex 9557.737600852819 10122.17273446556 83.8311616521031
    vertex 9547.494791705658 10106.075439777625 83.83116117235113
    vertex 9547.038701064468 10106.425410435575 83.83116118278141
  endloop
endfacet
facet normal 1.402002234354764e-16 2.9803266989971806e-08 -0.9999999999999997
  outer loop
    vertex 9557.737600852819 10122.17273446556 83.8311616521031
    vertex 9547.038701064468 10106.425410435575 83.83116118278141
    vertex 9546.507572263503 10106.645411188301 83.83116118933815
  endloop
endfacet
facet normal 1.402002234354764e-16 2.9803266989971806e-08 -0.9999999999999997
  outer loop
    vertex 9557.737600852819 10122.17273446556 83.8311616521031
    vertex 9546.507572263503 10106.645411188301 83.83116118933815
    vertex 9545.937600852818 10106.720449348071 83.83116119157452
  endloop
endfacet
facet normal 1.402002234354764e-16 2.9803266989971806e-08 -0.9999999999999997
  outer loop
    vertex 9557.737600852819 10122.17273446556 83.8311616521031
    vertex 9545.937600852818 10106.720449348071 83.83116119157452
    vertex 9541.137600852819 10113.097770147884 83.83116138163952
  endloop
endfacet
facet normal -0.7071067811865467 2.1074092168115288e-08 -0.7071067811865482
  outer loop
    vertex 9495.577600801964 10122.179281781688 84.0311616522982
    vertex 9495.777600801965 10048.179281750854 83.83115944685647
    vertex 9495.577600801964 10047.979281744894 84.03115944089579
  endloop
endfacet
facet normal -0.7071067811865467 2.1074092168115288e-08 -0.7071067811865482
  outer loop
    vertex 9495.777600801965 10048.179281750854 83.83115944685647
    vertex 9495.577600801964 10122.179281781688 84.0311616522982
    vertex 9495.777600801965 10122.17273446556 83.8311616521031
  endloop
endfacet
facet normal 0.3826834323653755 2.7534628191350313e-08 -0.923879532511168
  outer loop
    vertex 9523.474758114917 10113.097770147884 83.83116138163952
    vertex 9523.95760082739 10126.179281781675 84.03116177151126
    vertex 9523.95760082739 10112.897770141924 84.03116137567882
  endloop
endfacet
facet normal 0.3826834323653755 2.7534628191350313e-08 -0.923879532511168
  outer loop
    vertex 9523.95760082739 10126.179281781675 84.03116177151126
    vertex 9523.474758114917 10113.097770147884 83.83116138163952
    vertex 9523.474758114917 10125.979281787633 83.83116176555065
  endloop
endfacet
facet normal -0.3826834323653755 2.7534628190724763e-08 -0.923879532511168
  outer loop
    vertex 9529.557600827391 10126.179281781675 84.03116177151126
    vertex 9530.040443539865 10113.097770147884 83.83116138163952
    vertex 9529.557600827391 10112.897770141924 84.03116137567882
  endloop
endfacet
facet normal -0.3826834323653755 2.7534628190724763e-08 -0.923879532511168
  outer loop
    vertex 9530.040443539865 10113.097770147884 83.83116138163952
    vertex 9529.557600827391 10126.179281781675 84.03116177151126
    vertex 9530.040443539865 10125.979281787633 83.83116176555065
  endloop
endfacet
facet normal 0.7071067811865467 2.1074092168115288e-08 -0.7071067811865482
  outer loop
    vertex 9557.737600852819 10048.179281750854 83.83115944685647
    vertex 9557.937600852818 10122.179281781688 84.0311616522982
    vertex 9557.937600852818 10047.979281744894 84.03115944089579
  endloop
endfacet
facet normal 0.7071067811865467 2.1074092168115288e-08 -0.7071067811865482
  outer loop
    vertex 9557.937600852818 10122.179281781688 84.0311616522982
    vertex 9557.737600852819 10048.179281750854 83.83115944685647
    vertex 9557.737600852819 10122.17273446556 83.8311616521031
  endloop
endfacet
facet normal 3.7716474286251883e-10 0.9999999999999997 3.040152066744734e-08
  outer loop
    vertex 9510.07209095023 10112.659281242793 102.13116106153885
    vertex 9504.872090949004 10112.659281312766 99.93950072049714
    vertex 9504.872090949004 10112.659281243441 102.13116106402695
  endloop
endfacet
facet normal 3.7716474286251883e-10 0.9999999999999997 3.040152066744734e-08
  outer loop
    vertex 9504.872090949004 10112.659281312766 99.93950072049714
    vertex 9510.07209095023 10112.659281242793 102.13116106153885
    vertex 9507.17209096397 10112.659281358821 98.43950072121898
  endloop
endfacet
facet normal 3.7716474286251883e-10 0.9999999999999997 3.040152066744734e-08
  outer loop
    vertex 9507.17209096397 10112.659281358821 98.43950072121898
    vertex 9510.07209095023 10112.659281242793 102.13116106153885
    vertex 9507.172090977285 10112.659281465225 94.83116139305858
  endloop
endfacet
facet normal 3.7716474286251883e-10 0.9999999999999997 3.040152066744734e-08
  outer loop
    vertex 9507.172090977285 10112.659281465225 94.83116139305858
    vertex 9510.07209095023 10112.659281242793 102.13116106153885
    vertex 9510.07209097809 10112.659281464947 94.83116139305858
  endloop
endfacet
facet normal 1.0 -3.739131725546368e-10 3.816241487923436e-09
  outer loop
    vertex 9510.072090929967 10058.519281262701 102.13115941733483
    vertex 9510.07209097809 10112.659281464947 94.83116139305858
    vertex 9510.07209095023 10112.659281242793 102.13116106153885
  endloop
endfacet
facet normal 1.0 -3.739131725546368e-10 3.816241487923436e-09
  outer loop
    vertex 9510.07209097809 10112.659281464947 94.83116139305858
    vertex 9510.072090929967 10058.519281262701 102.13115941733483
    vertex 9510.072090957825 10058.519281484852 94.83115974885419
  endloop
endfacet
facet normal 4.784832320482749e-10 -3.036949007355257e-08 0.9999999999999997
  outer loop
    vertex 9510.07209095023 10112.659281242793 102.13116106153885
    vertex 9504.87209092874 10058.519281263347 102.13115941982294
    vertex 9510.072090929967 10058.519281262701 102.13115941733483
  endloop
endfacet
facet normal 4.784832320482749e-10 -3.036949007355257e-08 0.9999999999999997
  outer loop
    vertex 9504.87209092874 10058.519281263347 102.13115941982294
    vertex 9510.07209095023 10112.659281242793 102.13116106153885
    vertex 9504.872090949004 10112.659281243441 102.13116106402695
  endloop
endfacet
facet normal -1.0 3.739130566573285e-10 1.182737104722782e-17
  outer loop
    vertex 9504.872090949004 10112.659281312766 99.93950072049714
    vertex 9504.87209092874 10058.519281263347 102.13115941982294
    vertex 9504.872090949004 10112.659281243441 102.13116106402695
  endloop
endfacet
facet normal -1.0 3.739130566573285e-10 1.182737104722782e-17
  outer loop
    vertex 9504.87209092874 10058.519281263347 102.13115941982294
    vertex 9504.872090949004 10112.659281312766 99.93950072049714
    vertex 9504.87209092874 10058.519281332672 99.93949907629276
  endloop
endfacet
facet normal -0.5462677778688713 2.5642063413661225e-08 -0.8376105985851691
  outer loop
    vertex 9504.872090949004 10112.659281312766 99.93950072049714
    vertex 9507.172090943706 10058.519281378727 98.4394990770146
    vertex 9504.87209092874 10058.519281332672 99.93949907629276
  endloop
endfacet
facet normal -0.5462677778688713 2.5642063413661225e-08 -0.8376105985851691
  outer loop
    vertex 9507.172090943706 10058.519281378727 98.4394990770146
    vertex 9504.872090949004 10112.659281312766 99.93950072049714
    vertex 9507.17209096397 10112.659281358821 98.43950072121898
  endloop
endfacet
facet normal -1.0 3.7391316872211117e-10 -3.6900449129476622e-09
  outer loop
    vertex 9507.172090977285 10112.659281465225 94.83116139305858
    vertex 9507.172090943706 10058.519281378727 98.4394990770146
    vertex 9507.17209096397 10112.659281358821 98.43950072121898
  endloop
endfacet
facet normal -1.0 3.7391316872211117e-10 -3.6900449129476622e-09
  outer loop
    vertex 9507.172090943706 10058.519281378727 98.4394990770146
    vertex 9507.172090977285 10112.659281465225 94.83116139305858
    vertex 9507.17209095702 10058.519281485133 94.83115974885419
  endloop
endfacet
facet normal -4.958821630538858e-10 0.9999999999999997 2.9840457867997315e-08
  outer loop
    vertex 9543.457343953778 10112.659281257953 102.13116103314975
    vertex 9546.357343926731 10112.659281472825 94.83116136465463
    vertex 9543.457343925917 10112.659281472545 94.83116136465463
  endloop
endfacet
facet normal -4.958821630538858e-10 0.9999999999999997 2.9840457867997315e-08
  outer loop
    vertex 9546.357343926731 10112.659281472825 94.83116136465463
    vertex 9543.457343953778 10112.659281257953 102.13116103314975
    vertex 9546.35734394002 10112.65928137398 98.43950069282943
  endloop
endfacet
facet normal -4.958821630538858e-10 0.9999999999999997 2.9840457867997315e-08
  outer loop
    vertex 9546.35734394002 10112.65928137398 98.43950069282943
    vertex 9543.457343953778 10112.659281257953 102.13116103314975
    vertex 9548.657343955008 10112.6592812586 102.13116103563786
  endloop
endfacet
facet normal -4.958821630538858e-10 0.9999999999999997 2.9840457867997315e-08
  outer loop
    vertex 9546.35734394002 10112.65928137398 98.43950069282943
    vertex 9548.657343955008 10112.6592812586 102.13116103563786
    vertex 9548.657343955008 10112.659281327926 99.93950069210734
  endloop
endfacet
facet normal 1.0 4.910293243753022e-10 -3.682842480598006e-09
  outer loop
    vertex 9546.357343966603 10058.519281393852 98.43949907702897
    vertex 9546.357343926731 10112.659281472825 94.83116136465463
    vertex 9546.35734394002 10112.65928137398 98.43950069282943
  endloop
endfacet
facet normal 1.0 4.910293243753022e-10 -3.682842480598006e-09
  outer loop
    vertex 9546.357343926731 10112.659281472825 94.83116136465463
    vertex 9546.357343966603 10058.519281393852 98.43949907702897
    vertex 9546.357343953316 10058.519281492696 94.83115974885419
  endloop
endfacet
facet normal 0.5462677778649584 2.5266600128297254e-08 -0.8376105985877209
  outer loop
    vertex 9546.357343966603 10058.519281393852 98.43949907702897
    vertex 9548.657343955008 10112.659281327926 99.93950069210734
    vertex 9548.657343981591 10058.519281347797 99.9394990763069
  endloop
endfacet
facet normal 0.5462677778649584 2.5266600128297254e-08 -0.8376105985877209
  outer loop
    vertex 9548.657343955008 10112.659281327926 99.93950069210734
    vertex 9546.357343966603 10058.519281393852 98.43949907702897
    vertex 9546.35734394002 10112.65928137398 98.43950069282943
  endloop
endfacet
facet normal 1.0 4.910292144614027e-10 1.5531912061004552e-17
  outer loop
    vertex 9548.657343981591 10058.519281278472 102.13115941983737
    vertex 9548.657343955008 10112.659281327926 99.93950069210734
    vertex 9548.657343955008 10112.6592812586 102.13116103563786
  endloop
endfacet
facet normal 1.0 4.910292144614027e-10 1.5531912061004552e-17
  outer loop
    vertex 9548.657343955008 10112.659281327926 99.93950069210734
    vertex 9548.657343981591 10058.519281278472 102.13115941983737
    vertex 9548.657343981591 10058.519281347797 99.9394990763069
  endloop
endfacet
facet normal -4.784832321048495e-10 -2.984485479624147e-08 0.9999999999999997
  outer loop
    vertex 9548.657343981591 10058.519281278472 102.13115941983737
    vertex 9543.457343953778 10112.659281257953 102.13116103314975
    vertex 9543.45734398036 10058.519281277824 102.13115941734927
  endloop
endfacet
facet normal -4.784832321048495e-10 -2.984485479624147e-08 0.9999999999999997
  outer loop
    vertex 9543.457343953778 10112.659281257953 102.13116103314975
    vertex 9548.657343981591 10058.519281278472 102.13115941983737
    vertex 9548.657343955008 10112.6592812586 102.13116103563786
  endloop
endfacet
facet normal -1.0 -4.910293283683819e-10 3.8166370527793695e-09
  outer loop
    vertex 9543.457343925917 10112.659281472545 94.83116136465463
    vertex 9543.45734398036 10058.519281277824 102.13115941734927
    vertex 9543.457343953778 10112.659281257953 102.13116103314975
  endloop
endfacet
facet normal -1.0 -4.910293283683819e-10 3.8166370527793695e-09
  outer loop
    vertex 9543.45734398036 10058.519281277824 102.13115941734927
    vertex 9543.457343925917 10112.659281472545 94.83116136465463
    vertex 9543.4573439525 10058.519281492416 94.83115974885419
  endloop
endfacet
facet normal 4.964684864976259e-10 -0.9999999999999997 -2.983768031048372e-08
  outer loop
    vertex 9546.357343953316 10058.519281492696 94.83115974885419
    vertex 9543.45734398036 10058.519281277824 102.13115941734927
    vertex 9543.4573439525 10058.519281492416 94.83115974885419
  endloop
endfacet
facet normal 4.964684864976259e-10 -0.9999999999999997 -2.983768031048372e-08
  outer loop
    vertex 9543.45734398036 10058.519281277824 102.13115941734927
    vertex 9546.357343953316 10058.519281492696 94.83115974885419
    vertex 9546.357343966603 10058.519281393852 98.43949907702897
  endloop
endfacet
facet normal 4.964684864976259e-10 -0.9999999999999997 -2.983768031048372e-08
  outer loop
    vertex 9543.45734398036 10058.519281277824 102.13115941734927
    vertex 9546.357343966603 10058.519281393852 98.43949907702897
    vertex 9548.657343981591 10058.519281278472 102.13115941983737
  endloop
endfacet
facet normal 4.964684864976259e-10 -0.9999999999999997 -2.983768031048372e-08
  outer loop
    vertex 9548.657343981591 10058.519281278472 102.13115941983737
    vertex 9546.357343966603 10058.519281393852 98.43949907702897
    vertex 9548.657343981591 10058.519281347797 99.9394990763069
  endloop
endfacet
facet normal -0.5555702330199597 0.8314696123023062 2.4780584187038045e-08
  outer loop
    vertex 9497.14255508593 10125.352694820962 94.83116174687638
    vertex 9497.577600801977 10125.643383396819 84.03116175553974
    vertex 9497.14255508592 10125.352695142834 84.03116174687628
  endloop
endfacet
facet normal -0.5555702330199597 0.8314696123023062 2.4780584187038045e-08
  outer loop
    vertex 9497.577600801977 10125.643383396819 84.03116175553974
    vertex 9497.14255508593 10125.352694820962 94.83116174687638
    vertex 9497.577600801964 10125.643383074936 94.83116175553985
  endloop
endfacet
facet normal 0.659345815099953 0.7518398074790786 2.240749177067661e-08
  outer loop
    vertex 9556.766027977565 10125.007708584544 94.83116173659468
    vertex 9556.372646568861 10125.352695142834 84.03116174687628
    vertex 9556.372646568854 10125.352694820962 94.83116174687638
  endloop
endfacet
facet normal 0.659345815099953 0.7518398074790786 2.240749177067661e-08
  outer loop
    vertex 9556.372646568861 10125.352695142834 84.03116174687628
    vertex 9556.766027977565 10125.007708584544 94.83116173659468
    vertex 9556.766027977561 10125.007708906425 84.03116173659456
  endloop
endfacet
facet normal -0.9469301294959379 0.32143946530071 9.580131025083505e-09
  outer loop
    vertex 9495.882082671917 10123.710015511133 84.03116169791906
    vertex 9495.71389749681 10123.214557640209 94.8311616831529
    vertex 9495.882082671918 10123.710015189257 94.83116169791919
  endloop
endfacet
facet normal -0.9469301294959379 0.32143946530071 9.580131025083505e-09
  outer loop
    vertex 9495.71389749681 10123.214557640209 94.8311616831529
    vertex 9495.882082671917 10123.710015511133 84.03116169791906
    vertex 9495.71389749681 10123.214557962092 84.0311616831528
  endloop
endfacet
facet normal 0.9978589232385608 0.06540312923079425 1.9493314645088674e-09
  outer loop
    vertex 9557.937600852818 10122.179281459797 94.8311616522983
    vertex 9557.903380298314 10122.70138655055 84.03116166785863
    vertex 9557.903380298312 10122.701386228677 94.83116166785875
  endloop
endfacet
facet normal 0.9978589232385608 0.06540312923079425 1.9493314645088674e-09
  outer loop
    vertex 9557.903380298314 10122.70138655055 84.03116166785863
    vertex 9557.937600852818 10122.179281459797 94.8311616522983
    vertex 9557.937600852818 10122.179281781688 84.0311616522982
  endloop
endfacet
facet normal 0.06540312922980385 0.9978589232386255 2.973969538486419e-08
  outer loop
    vertex 9554.459705621697 10126.145060905292 94.83116177049148
    vertex 9553.937600852818 10126.179281781675 84.03116177151126
    vertex 9553.937600852818 10126.179281459797 94.83116177151138
  endloop
endfacet
facet normal 0.06540312922980385 0.9978589232386255 2.973969538486419e-08
  outer loop
    vertex 9553.937600852818 10126.179281781675 84.03116177151126
    vertex 9554.459705621697 10126.145060905292 94.83116177049148
    vertex 9554.459705621695 10126.145061227171 84.03116177049138
  endloop
endfacet
facet normal 0.32143946530435363 0.9469301294947007 2.8221928818316002e-08
  outer loop
    vertex 9555.468334582278 10125.874799589843 94.8311617624368
    vertex 9554.97287703323 10126.042985086833 84.03116176744918
    vertex 9554.972877033228 10126.042984764954 94.83116176744927
  endloop
endfacet
facet normal 0.32143946530435363 0.9469301294947007 2.8221928818316002e-08
  outer loop
    vertex 9554.97287703323 10126.042985086833 84.03116176744918
    vertex 9555.468334582278 10125.874799589843 94.8311617624368
    vertex 9555.468334582283 10125.87479991172 84.03116176243672
  endloop
endfacet
facet normal 0.7518398074795216 0.6593458150994481 1.9650770235847666e-08
  outer loop
    vertex 9557.111014213982 10124.614327175834 94.83116172487061
    vertex 9556.766027977561 10125.007708906425 84.03116173659456
    vertex 9556.766027977565 10125.007708584544 94.83116173659468
  endloop
endfacet
facet normal 0.7518398074795216 0.6593458150994481 1.9650770235847666e-08
  outer loop
    vertex 9556.766027977561 10125.007708906425 84.03116173659456
    vertex 9557.111014213982 10124.614327175834 94.83116172487061
    vertex 9557.111014213984 10124.61432749771 84.0311617248705
  endloop
endfacet
facet normal -0.6593458150999529 0.7518398074790789 2.2407491769774868e-08
  outer loop
    vertex 9497.14255508593 10125.352694820962 94.83116174687638
    vertex 9496.74917367722 10125.007708906425 84.03116173659456
    vertex 9496.749173677219 10125.007708584544 94.83116173659468
  endloop
endfacet
facet normal -0.6593458150999529 0.7518398074790789 2.2407491769774868e-08
  outer loop
    vertex 9496.74917367722 10125.007708906425 84.03116173659456
    vertex 9497.14255508593 10125.352694820962 94.83116174687638
    vertex 9497.14255508592 10125.352695142834 84.03116174687628
  endloop
endfacet
facet normal 0.9807852804033123 0.19509032201571774 5.814403067230194e-09
  outer loop
    vertex 9557.903380298314 10122.70138655055 84.03116166785863
    vertex 9557.801304157974 10123.214557640209 94.8311616831529
    vertex 9557.903380298312 10122.701386228677 94.83116166785875
  endloop
endfacet
facet normal 0.9807852804033123 0.19509032201571774 5.814403067230194e-09
  outer loop
    vertex 9557.801304157974 10123.214557640209 94.8311616831529
    vertex 9557.903380298314 10122.70138655055 84.03116166785863
    vertex 9557.801304157974 10123.214557962086 84.0311616831528
  endloop
endfacet
facet normal -0.9978589232385608 0.06540312923079425 1.9493314645088674e-09
  outer loop
    vertex 9495.611821356468 10122.70138655055 84.03116166785863
    vertex 9495.577600801964 10122.179281459797 94.8311616522983
    vertex 9495.61182135647 10122.701386228677 94.83116166785875
  endloop
endfacet
facet normal -0.9978589232385608 0.06540312923079425 1.9493314645088674e-09
  outer loop
    vertex 9495.577600801964 10122.179281459797 94.8311616522983
    vertex 9495.611821356468 10122.70138655055 84.03116166785863
    vertex 9495.577600801964 10122.179281781688 84.0311616522982
  endloop
endfacet
facet normal -0.9807852804032582 0.19509032201598897 5.814389669207457e-09
  outer loop
    vertex 9495.71389749681 10123.214557640209 94.8311616831529
    vertex 9495.611821356468 10122.70138655055 84.03116166785863
    vertex 9495.61182135647 10122.701386228677 94.83116166785875
  endloop
endfacet
facet normal -0.9807852804032582 0.19509032201598897 5.814389669207457e-09
  outer loop
    vertex 9495.611821356468 10122.70138655055 84.03116166785863
    vertex 9495.71389749681 10123.214557640209 94.8311616831529
    vertex 9495.71389749681 10123.214557962092 84.0311616831528
  endloop
endfacet
facet normal 0.9469301294948205 0.3214394653040015 9.580043918379896e-09
  outer loop
    vertex 9557.801304157974 10123.214557640209 94.8311616831529
    vertex 9557.633118982865 10123.710015511127 84.03116169791906
    vertex 9557.633118982863 10123.710015189257 94.83116169791919
  endloop
endfacet
facet normal 0.9469301294948205 0.3214394653040015 9.580043918379896e-09
  outer loop
    vertex 9557.633118982865 10123.710015511127 84.03116169791906
    vertex 9557.801304157974 10123.214557640209 94.8311616831529
    vertex 9557.801304157974 10123.214557962086 84.0311616831528
  endloop
endfacet
facet normal -0.8314696123016606 0.555570233020926 1.6557925059186994e-08
  outer loop
    vertex 9496.4041874408 10124.614327175834 94.83116172487061
    vertex 9496.113499186824 10124.179281781671 84.03116171190473
    vertex 9496.113499186826 10124.179281459797 94.83116171190484
  endloop
endfacet
facet normal -0.8314696123016606 0.555570233020926 1.6557925059186994e-08
  outer loop
    vertex 9496.113499186824 10124.179281781671 84.03116171190473
    vertex 9496.4041874408 10124.614327175834 94.83116172487061
    vertex 9496.404187440801 10124.614327497713 84.0311617248705
  endloop
endfacet
facet normal 0.8314696123027123 0.5555702330193522 1.6557944005327967e-08
  outer loop
    vertex 9557.40170246795 10124.179281781682 84.03116171190473
    vertex 9557.111014213982 10124.614327175834 94.83116172487061
    vertex 9557.401702467954 10124.179281459797 94.83116171190484
  endloop
endfacet
facet normal 0.8314696123027123 0.5555702330193522 1.6557944005327967e-08
  outer loop
    vertex 9557.111014213982 10124.614327175834 94.83116172487061
    vertex 9557.40170246795 10124.179281781682 84.03116171190473
    vertex 9557.111014213984 10124.61432749771 84.0311617248705
  endloop
endfacet
facet normal 0.5555702330199597 0.8314696123023062 2.4780584186371705e-08
  outer loop
    vertex 9555.937600852818 10125.643383074936 94.83116175553985
    vertex 9556.372646568861 10125.352695142834 84.03116174687628
    vertex 9555.937600852807 10125.643383396819 84.03116175553974
  endloop
endfacet
facet normal 0.5555702330199597 0.8314696123023062 2.4780584186371705e-08
  outer loop
    vertex 9556.372646568861 10125.352695142834 84.03116174687628
    vertex 9555.937600852818 10125.643383074936 94.83116175553985
    vertex 9556.372646568854 10125.352694820962 94.83116174687638
  endloop
endfacet
facet normal -1.0 0.0 0.0
  outer loop
    vertex 9495.577600801964 10122.179281781688 84.0311616522982
    vertex 9495.577600801964 10047.979281423017 94.83115944089589
    vertex 9495.577600801964 10122.179281459797 94.8311616522983
  endloop
endfacet
facet normal -1.0 0.0 0.0
  outer loop
    vertex 9495.577600801964 10047.979281423017 94.83115944089589
    vertex 9495.577600801964 10122.179281781688 84.0311616522982
    vertex 9495.577600801964 10047.979281744894 84.03115944089579
  endloop
endfacet
facet normal 1.0 0.0 0.0
  outer loop
    vertex 9557.937600852818 10047.979281423017 94.83115944089589
    vertex 9557.937600852818 10122.179281781688 84.0311616522982
    vertex 9557.937600852818 10122.179281459797 94.8311616522983
  endloop
endfacet
facet normal 1.0 0.0 0.0
  outer loop
    vertex 9557.937600852818 10122.179281781688 84.0311616522982
    vertex 9557.937600852818 10047.979281423017 94.83115944089589
    vertex 9557.937600852818 10047.979281744894 84.03115944089579
  endloop
endfacet
facet normal -0.19509032201597473 0.9807852804032607 2.9230910808105417e-08
  outer loop
    vertex 9499.055496033083 10126.145060905292 94.83116177049148
    vertex 9498.542324621554 10126.042985086833 84.03116176744918
    vertex 9498.542324621554 10126.042984764954 94.83116176744927
  endloop
endfacet
facet normal -0.19509032201597473 0.9807852804032607 2.9230910808105417e-08
  outer loop
    vertex 9498.542324621554 10126.042985086833 84.03116176744918
    vertex 9499.055496033083 10126.145060905292 94.83116177049148
    vertex 9499.055496033083 10126.145061227171 84.03116177049138
  endloop
endfacet
facet normal -0.3214394653039337 0.9469301294948432 2.822190733324136e-08
  outer loop
    vertex 9498.046867072504 10125.874799589843 94.8311617624368
    vertex 9498.542324621554 10126.042985086833 84.03116176744918
    vertex 9498.0468670725 10125.87479991172 84.03116176243672
  endloop
endfacet
facet normal -0.3214394653039337 0.9469301294948432 2.822190733324136e-08
  outer loop
    vertex 9498.542324621554 10126.042985086833 84.03116176744918
    vertex 9498.046867072504 10125.874799589843 94.8311617624368
    vertex 9498.542324621554 10126.042984764954 94.83116176744927
  endloop
endfacet
facet normal -0.0654031292295337 0.9978589232386431 2.973969975700201e-08
  outer loop
    vertex 9499.577600801966 10126.179281459797 94.83116177151138
    vertex 9499.055496033083 10126.145061227171 84.03116177049138
    vertex 9499.055496033083 10126.145060905292 94.83116177049148
  endloop
endfacet
facet normal -0.0654031292295337 0.9978589232386431 2.973969975700201e-08
  outer loop
    vertex 9499.055496033083 10126.145061227171 84.03116177049138
    vertex 9499.577600801966 10126.179281459797 94.83116177151138
    vertex 9499.577600801966 10126.179281781675 84.03116177151126
  endloop
endfacet
facet normal -0.8968727415325498 0.44228869021928197 1.3181818420279933e-08
  outer loop
    vertex 9496.113499186826 10124.179281459797 94.83116171190484
    vertex 9495.882082671917 10123.710015511133 84.03116169791906
    vertex 9495.882082671918 10123.710015189257 94.83116169791919
  endloop
endfacet
facet normal -0.8968727415325498 0.44228869021928197 1.3181818420279933e-08
  outer loop
    vertex 9495.882082671917 10123.710015511133 84.03116169791906
    vertex 9496.113499186826 10124.179281459797 94.83116171190484
    vertex 9496.113499186824 10124.179281781671 84.03116171190473
  endloop
endfacet
facet normal 0.1950903220149187 0.9807852804034707 2.923091080764368e-08
  outer loop
    vertex 9554.459705621697 10126.145060905292 94.83116177049148
    vertex 9554.97287703323 10126.042985086833 84.03116176744918
    vertex 9554.459705621695 10126.145061227171 84.03116177049138
  endloop
endfacet
facet normal 0.1950903220149187 0.9807852804034707 2.923091080764368e-08
  outer loop
    vertex 9554.97287703323 10126.042985086833 84.03116176744918
    vertex 9554.459705621697 10126.145060905292 94.83116177049148
    vertex 9554.972877033228 10126.042984764954 94.83116176744927
  endloop
endfacet
facet normal 0.4422886902180964 0.8968727415331343 2.6729988972554516e-08
  outer loop
    vertex 9555.937600852818 10125.643383074936 94.83116175553985
    vertex 9555.468334582283 10125.87479991172 84.03116176243672
    vertex 9555.468334582278 10125.874799589843 94.8311617624368
  endloop
endfacet
facet normal 0.4422886902180964 0.8968727415331343 2.6729988972554516e-08
  outer loop
    vertex 9555.468334582283 10125.87479991172 84.03116176243672
    vertex 9555.937600852818 10125.643383074936 94.83116175553985
    vertex 9555.937600852807 10125.643383396819 84.03116175553974
  endloop
endfacet
facet normal 1.098360049037942e-15 0.9999999999999997 2.980342738591193e-08
  outer loop
    vertex 9499.839464477063 10126.179281459797 94.83116177151138
    vertex 9499.577600801966 10126.179281781675 84.03116177151126
    vertex 9499.577600801966 10126.179281459797 94.83116177151138
  endloop
endfacet
facet normal 1.098360049037942e-15 0.9999999999999997 2.980342738591193e-08
  outer loop
    vertex 9499.577600801966 10126.179281781675 84.03116177151126
    vertex 9499.839464477063 10126.179281459797 94.83116177151138
    vertex 9523.95760082739 10126.179281781675 84.03116177151126
  endloop
endfacet
facet normal 1.098360049037942e-15 0.9999999999999997 2.980342738591193e-08
  outer loop
    vertex 9523.95760082739 10126.179281781675 84.03116177151126
    vertex 9499.839464477063 10126.179281459797 94.83116177151138
    vertex 9517.539464359657 10126.179281459797 94.83116177151138
  endloop
endfacet
facet normal 1.098360049037942e-15 0.9999999999999997 2.980342738591193e-08
  outer loop
    vertex 9523.95760082739 10126.179281781675 84.03116177151126
    vertex 9517.539464359657 10126.179281459797 94.83116177151138
    vertex 9526.757600827392 10126.179281698223 86.83116177151206
  endloop
endfacet
facet normal 1.098360049037942e-15 0.9999999999999997 2.980342738591193e-08
  outer loop
    vertex 9526.757600827392 10126.179281698223 86.83116177151206
    vertex 9517.539464359657 10126.179281459797 94.83116177151138
    vertex 9553.937600852818 10126.179281459797 94.83116177151138
  endloop
endfacet
facet normal 1.098360049037942e-15 0.9999999999999997 2.980342738591193e-08
  outer loop
    vertex 9526.757600827392 10126.179281698223 86.83116177151206
    vertex 9553.937600852818 10126.179281459797 94.83116177151138
    vertex 9529.557600827391 10126.179281781675 84.03116177151126
  endloop
endfacet
facet normal 1.098360049037942e-15 0.9999999999999997 2.980342738591193e-08
  outer loop
    vertex 9529.557600827391 10126.179281781675 84.03116177151126
    vertex 9553.937600852818 10126.179281459797 94.83116177151138
    vertex 9553.937600852818 10126.179281781675 84.03116177151126
  endloop
endfacet
facet normal -0.44228869021809647 0.8968727415331343 2.6729988972554516e-08
  outer loop
    vertex 9498.046867072504 10125.874799589843 94.8311617624368
    vertex 9497.577600801977 10125.643383396819 84.03116175553974
    vertex 9497.577600801964 10125.643383074936 94.83116175553985
  endloop
endfacet
facet normal -0.44228869021809647 0.8968727415331343 2.6729988972554516e-08
  outer loop
    vertex 9497.577600801977 10125.643383396819 84.03116175553974
    vertex 9498.046867072504 10125.874799589843 94.8311617624368
    vertex 9498.0468670725 10125.87479991172 84.03116176243672
  endloop
endfacet
facet normal -0.7518398074790901 0.6593458150999403 1.9650801944122465e-08
  outer loop
    vertex 9496.74917367722 10125.007708906425 84.03116173659456
    vertex 9496.4041874408 10124.614327175834 94.83116172487061
    vertex 9496.749173677219 10125.007708584544 94.83116173659468
  endloop
endfacet
facet normal -0.7518398074790901 0.6593458150999403 1.9650801944122465e-08
  outer loop
    vertex 9496.4041874408 10124.614327175834 94.83116172487061
    vertex 9496.74917367722 10125.007708906425 84.03116173659456
    vertex 9496.404187440801 10124.614327497713 84.0311617248705
  endloop
endfacet
facet normal 0.8968727415327822 0.4422886902188108 1.3181666490514682e-08
  outer loop
    vertex 9557.633118982865 10123.710015511127 84.03116169791906
    vertex 9557.401702467954 10124.179281459797 94.83116171190484
    vertex 9557.633118982863 10123.710015189257 94.83116169791919
  endloop
endfacet
facet normal 0.8968727415327822 0.4422886902188108 1.3181666490514682e-08
  outer loop
    vertex 9557.401702467954 10124.179281459797 94.83116171190484
    vertex 9557.633118982865 10123.710015511127 84.03116169791906
    vertex 9557.40170246795 10124.179281781682 84.03116171190473
  endloop
endfacet
facet normal -1.0 0.0 0.0
  outer loop
    vertex 9540.93760085282 10112.897770141924 84.03116137567882
    vertex 9540.93760085282 10097.897769820045 94.83116092862994
    vertex 9540.93760085282 10112.897769820047 94.83116137567895
  endloop
endfacet
facet normal -1.0 0.0 0.0
  outer loop
    vertex 9540.93760085282 10097.897769820045 94.83116092862994
    vertex 9540.93760085282 10112.897770141924 84.03116137567882
    vertex 9540.93760085282 10097.897770141926 84.03116092862982
  endloop
endfacet
facet normal -8.096296731280854e-27 0.9999999999999997 2.9803700615826196e-08
  outer loop
    vertex 9540.93760085282 10097.897769820045 94.83116092862994
    vertex 9512.577600801964 10097.897770141926 84.03116092862982
    vertex 9512.577600801964 10097.897769820045 94.83116092862994
  endloop
endfacet
facet normal -8.096296731280854e-27 0.9999999999999997 2.9803700615826196e-08
  outer loop
    vertex 9512.577600801964 10097.897770141926 84.03116092862982
    vertex 9540.93760085282 10097.897769820045 94.83116092862994
    vertex 9526.757600827392 10097.897770058473 86.83116092863061
  endloop
endfacet
facet normal -8.096296731280854e-27 0.9999999999999997 2.9803700615826196e-08
  outer loop
    vertex 9512.577600801964 10097.897770141926 84.03116092862982
    vertex 9526.757600827392 10097.897770058473 86.83116092863061
    vertex 9523.95760082739 10097.897770141926 84.03116092862982
  endloop
endfacet
facet normal -8.096296731280854e-27 0.9999999999999997 2.9803700615826196e-08
  outer loop
    vertex 9526.757600827392 10097.897770058473 86.83116092863061
    vertex 9540.93760085282 10097.897769820045 94.83116092862994
    vertex 9529.557600827391 10097.897770141926 84.03116092862982
  endloop
endfacet
facet normal -8.096296731280854e-27 0.9999999999999997 2.9803700615826196e-08
  outer loop
    vertex 9529.557600827391 10097.897770141926 84.03116092862982
    vertex 9540.93760085282 10097.897769820045 94.83116092862994
    vertex 9540.93760085282 10097.897770141926 84.03116092862982
  endloop
endfacet
facet normal 1.0 0.0 0.0
  outer loop
    vertex 9512.577600801964 10097.897769820045 94.83116092862994
    vertex 9512.577600801964 10112.897770141924 84.03116137567882
    vertex 9512.577600801964 10112.897769820047 94.83116137567895
  endloop
endfacet
facet normal 1.0 0.0 0.0
  outer loop
    vertex 9512.577600801964 10112.897770141924 84.03116137567882
    vertex 9512.577600801964 10097.897769820045 94.83116092862994
    vertex 9512.577600801964 10097.897770141926 84.03116092862982
  endloop
endfacet
facet normal -0.9908615095027955 0.13044939351009335 -0.03429904836420902
  outer loop
    vertex 9509.56375464812 10104.518248918817 84.03116112594172
    vertex 9509.161719157079 10104.093785386813 94.0311611132916
    vertex 9509.217600801963 10104.518248620781 94.031161125942
  endloop
endfacet
facet normal -0.9908615095027955 0.13044939351009335 -0.03429904836420902
  outer loop
    vertex 9509.161719157079 10104.093785386813 94.0311611132916
    vertex 9509.56375464812 10104.518248918817 84.03116112594172
    vertex 9509.557407921364 10104.470040742975 84.03116112450496
  endloop
endfacet
facet normal -0.9908615095027955 0.13044939351009335 -0.03429904836420902
  outer loop
    vertex 9509.161719157079 10104.093785386813 94.0311611132916
    vertex 9509.557407921364 10104.470040742975 84.03116112450496
    vertex 9509.496078096949 10104.004194476933 84.03116111062121
  endloop
endfacet
facet normal 0.792886542617824 -0.6084032415317261 -0.03429907038451341
  outer loop
    vertex 9544.21754116623 10105.511325841899 84.03116115553865
    vertex 9544.777945731672 10105.677903741927 94.03116116050352
    vertex 9544.51731919061 10105.338248620781 94.03116115038067
  endloop
endfacet
facet normal 0.792886542617824 -0.6084032415317261 -0.03429907038451341
  outer loop
    vertex 9544.777945731672 10105.677903741927 94.03116116050352
    vertex 9544.21754116623 10105.511325841899 84.03116115553865
    vertex 9544.533177999725 10105.922671771916 84.0311611677981
  endloop
endfacet
facet normal 0.7928865426170789 -0.6084032415326944 -0.03429907038456663
  outer loop
    vertex 9505.85754111537 10105.511325841893 84.03116115553865
    vertex 9506.417945680818 10105.677903741927 94.03116116050352
    vertex 9506.157319139758 10105.338248620781 94.03116115038067
  endloop
endfacet
facet normal 0.7928865426170789 -0.6084032415326944 -0.03429907038456663
  outer loop
    vertex 9506.417945680818 10105.677903741927 94.03116116050352
    vertex 9505.85754111537 10105.511325841893 84.03116115553865
    vertex 9506.173177948871 10105.922671771916 84.0311611677981
  endloop
endfacet
facet normal -0.13044939248913448 -0.9908615084803897 -0.03429908178337158
  outer loop
    vertex 9508.091655243854 10106.4367262138 84.03116118311863
    vertex 9507.577600801966 10106.15824862078 94.03116117481935
    vertex 9507.577600801966 10106.504402764971 84.0311611851356
  endloop
endfacet
facet normal -0.13044939248913448 -0.9908615084803897 -0.03429908178337158
  outer loop
    vertex 9507.577600801966 10106.15824862078 94.03116117481935
    vertex 9508.091655243854 10106.4367262138 84.03116118311863
    vertex 9508.002064035933 10106.102366975894 94.0311611731539
  endloop
endfacet
facet normal 0.9908615095027974 -0.13044939146560913 -0.034299056139934184
  outer loop
    vertex 9544.297600852819 10104.518248620781 94.031161125942
    vertex 9544.019123557833 10105.0323033607 84.03116114126222
    vertex 9544.353482497705 10104.94271185475 94.03116113859241
  endloop
endfacet
facet normal 0.9908615095027974 -0.13044939146560913 -0.034299056139934184
  outer loop
    vertex 9544.019123557833 10105.0323033607 84.03116114126222
    vertex 9544.297600852819 10104.518248620781 94.031161125942
    vertex 9543.951447006664 10104.518248918816 84.03116112594172
  endloop
endfacet
facet normal 0.9908615095027974 -0.13044939146560913 -0.034299056139934184
  outer loop
    vertex 9544.019123557833 10105.0323033607 84.03116114126222
    vertex 9543.951447006664 10104.518248918816 84.03116112594172
    vertex 9543.957793733418 10104.566457094661 84.03116112737848
  endloop
endfacet
facet normal 0.9233359351061939 0.38245826796935173 -0.034299040853268147
  outer loop
    vertex 9505.85754111537 10103.525171995741 84.03116109634477
    vertex 9505.99348244685 10104.093785386813 94.0311611132916
    vertex 9506.157319139758 10103.69824862078 94.03116110150333
  endloop
endfacet
facet normal 0.9233359351061939 0.38245826796935173 -0.034299040853268147
  outer loop
    vertex 9505.99348244685 10104.093785386813 94.0311611132916
    vertex 9505.85754111537 10103.525171995741 84.03116109634477
    vertex 9505.65912350698 10104.00419447693 84.03116111062121
  endloop
endfacet
facet normal -0.13044939248895773 -0.9908615084804134 -0.034299081783362176
  outer loop
    vertex 9546.451655294706 10106.4367262138 84.03116118311863
    vertex 9545.937600852818 10106.15824862078 94.03116117481935
    vertex 9545.937600852818 10106.504402764971 84.0311611851356
  endloop
endfacet
facet normal -0.13044939248895773 -0.9908615084804134 -0.034299081783362176
  outer loop
    vertex 9545.937600852818 10106.15824862078 94.03116117481935
    vertex 9546.451655294706 10106.4367262138 84.03116118311863
    vertex 9546.362064086787 10106.102366975894 94.0311611731539
  endloop
endfacet
facet normal -4.125836926701084e-25 -0.9999999999999997 -2.98034362955935e-08
  outer loop
    vertex 9523.95760082739 10047.979281744894 84.03115944089579
    vertex 9495.577600801964 10047.979281423017 94.83115944089589
    vertex 9495.577600801964 10047.979281744894 84.03115944089579
  endloop
endfacet
facet normal -4.125836926701084e-25 -0.9999999999999997 -2.98034362955935e-08
  outer loop
    vertex 9495.577600801964 10047.979281423017 94.83115944089589
    vertex 9523.95760082739 10047.979281744894 84.03115944089579
    vertex 9526.757600827392 10047.979281661443 86.83115944089658
  endloop
endfacet
facet normal -4.125836926701084e-25 -0.9999999999999997 -2.98034362955935e-08
  outer loop
    vertex 9495.577600801964 10047.979281423017 94.83115944089589
    vertex 9526.757600827392 10047.979281661443 86.83115944089658
    vertex 9557.937600852818 10047.979281423017 94.83115944089589
  endloop
endfacet
facet normal -4.125836926701084e-25 -0.9999999999999997 -2.98034362955935e-08
  outer loop
    vertex 9557.937600852818 10047.979281423017 94.83115944089589
    vertex 9526.757600827392 10047.979281661443 86.83115944089658
    vertex 9529.557600827391 10047.979281744894 84.03115944089579
  endloop
endfacet
facet normal -4.125836926701084e-25 -0.9999999999999997 -2.98034362955935e-08
  outer loop
    vertex 9557.937600852818 10047.979281423017 94.83115944089589
    vertex 9529.557600827391 10047.979281744894 84.03115944089579
    vertex 9557.937600852818 10047.979281744894 84.03115944089579
  endloop
endfacet
facet normal -0.13044939248828155 0.9908615105249766 -0.034299022720771795
  outer loop
    vertex 9508.002064035933 10102.934130265667 94.03116107873012
    vertex 9507.577600801966 10102.532095072664 84.03116106674784
    vertex 9507.577600801966 10102.878248620782 94.03116107706464
  endloop
endfacet
facet normal -0.13044939248828155 0.9908615105249766 -0.034299022720771795
  outer loop
    vertex 9507.577600801966 10102.532095072664 84.03116106674784
    vertex 9508.002064035933 10102.934130265667 94.03116107873012
    vertex 9508.09165524386 10102.599771623834 84.03116106876483
  endloop
endfacet
facet normal -0.79288654261758 -0.6084032415320386 -0.03429907038461049
  outer loop
    vertex 9508.98202365506 10105.92267177191 84.0311611677981
    vertex 9508.997882464171 10105.338248620781 94.03116115038067
    vertex 9508.73725592311 10105.677903741927 94.03116116050352
  endloop
endfacet
facet normal -0.79288654261758 -0.6084032415320386 -0.03429907038461049
  outer loop
    vertex 9508.997882464171 10105.338248620781 94.03116115038067
    vertex 9508.98202365506 10105.92267177191 84.0311611677981
    vertex 9509.297660488553 10105.511325841899 84.03116115553865
  endloop
endfacet
facet normal 0.6084032425549986 0.7928865436392571 -0.03429902862117333
  outer loop
    vertex 9506.417945680818 10103.358593499634 94.03116109138051
    vertex 9506.584523878888 10102.798189232222 84.03116107467832
    vertex 9506.173177948871 10103.113826065719 84.03116108408533
  endloop
endfacet
facet normal 0.6084032425549986 0.7928865436392571 -0.03429902862117333
  outer loop
    vertex 9506.584523878888 10102.798189232222 84.03116107467832
    vertex 9506.417945680818 10103.358593499634 94.03116109138051
    vertex 9506.757600801964 10103.097966958574 94.03116108361296
  endloop
endfacet
facet normal -0.79288654261709 0.6084032435771506 -0.034299034119344034
  outer loop
    vertex 9547.357882515025 10103.69824862078 94.03116110150333
    vertex 9547.34202370591 10103.113826065719 84.03116108408533
    vertex 9547.097255973964 10103.358593499634 94.03116109138051
  endloop
endfacet
facet normal -0.79288654261709 0.6084032435771506 -0.034299034119344034
  outer loop
    vertex 9547.34202370591 10103.113826065719 84.03116108408533
    vertex 9547.357882515025 10103.69824862078 94.03116110150333
    vertex 9547.657660539411 10103.525171995741 84.03116109634477
  endloop
endfacet
facet normal 0.13044939248810478 0.9908615105250002 -0.03429902272076238
  outer loop
    vertex 9507.153137567997 10102.934130265667 94.03116107873012
    vertex 9507.577600801966 10102.532095072664 84.03116106674784
    vertex 9507.06354636007 10102.599771623834 84.03116106876483
  endloop
endfacet
facet normal 0.13044939248810478 0.9908615105250002 -0.03429902272076238
  outer loop
    vertex 9507.577600801966 10102.532095072664 84.03116106674784
    vertex 9507.153137567997 10102.934130265667 94.03116107873012
    vertex 9507.577600801966 10102.878248620782 94.03116107706464
  endloop
endfacet
facet normal -0.38245826694512636 -0.9233359340847748 -0.03429907977084546
  outer loop
    vertex 9546.451655294706 10106.4367262138 84.03116118311863
    vertex 9546.757600852818 10105.938530282989 94.03116116827103
    vertex 9546.362064086787 10106.102366975894 94.0311611731539
  endloop
endfacet
facet normal -0.38245826694512636 -0.9233359340847748 -0.03429907977084546
  outer loop
    vertex 9546.757600852818 10105.938530282989 94.03116116827103
    vertex 9546.451655294706 10106.4367262138 84.03116118311863
    vertex 9546.930677775894 10106.238308605412 84.03116117720514
  endloop
endfacet
facet normal -0.7928865426170787 -0.6084032415326942 -0.034299070384566616
  outer loop
    vertex 9547.34202370591 10105.922671771916 84.0311611677981
    vertex 9547.357882515025 10105.338248620781 94.03116115038067
    vertex 9547.097255973964 10105.677903741927 94.03116116050352
  endloop
endfacet
facet normal -0.7928865426170787 -0.6084032415326942 -0.034299070384566616
  outer loop
    vertex 9547.357882515025 10105.338248620781 94.03116115038067
    vertex 9547.34202370591 10105.922671771916 84.0311611677981
    vertex 9547.657660539411 10105.511325841893 84.03116115553865
  endloop
endfacet
facet normal 0.9908615095026582 0.1304493935111851 -0.03429904836402869
  outer loop
    vertex 9505.65912350698 10104.00419447693 84.03116111062121
    vertex 9505.937600801964 10104.518248620781 94.031161125942
    vertex 9505.99348244685 10104.093785386813 94.0311611132916
  endloop
endfacet
facet normal 0.9908615095026582 0.1304493935111851 -0.03429904836402869
  outer loop
    vertex 9505.937600801964 10104.518248620781 94.031161125942
    vertex 9505.65912350698 10104.00419447693 84.03116111062121
    vertex 9505.591446955812 10104.518248918817 84.03116112594172
  endloop
endfacet
facet normal 0.13044939248828155 0.9908615105249766 -0.03429902272077179
  outer loop
    vertex 9545.513137618851 10102.934130265667 94.03116107873012
    vertex 9545.937600852818 10102.532095072664 84.03116106674784
    vertex 9545.423546410924 10102.599771623834 84.03116106876483
  endloop
endfacet
facet normal 0.13044939248828155 0.9908615105249766 -0.03429902272077179
  outer loop
    vertex 9545.937600852818 10102.532095072664 84.03116106674784
    vertex 9545.513137618851 10102.934130265667 94.03116107873012
    vertex 9545.937600852818 10102.878248620782 94.03116107706464
  endloop
endfacet
facet normal -0.3824582669457111 -0.9233359340845317 -0.03429907977087304
  outer loop
    vertex 9508.091655243854 10106.4367262138 84.03116118311863
    vertex 9508.397600801964 10105.938530282989 94.03116116827103
    vertex 9508.002064035933 10106.102366975894 94.0311611731539
  endloop
endfacet
facet normal -0.3824582669457111 -0.9233359340845317 -0.03429907977087304
  outer loop
    vertex 9508.397600801964 10105.938530282989 94.03116116827103
    vertex 9508.091655243854 10106.4367262138 84.03116118311863
    vertex 9508.570677725038 10106.238308605412 84.03116117720514
  endloop
endfacet
facet normal 0.38245826694689017 0.9233359361285151 -0.03429902473336705
  outer loop
    vertex 9506.757600801964 10103.097966958574 94.03116108361296
    vertex 9507.06354636007 10102.599771623834 84.03116106876483
    vertex 9506.584523878888 10102.798189232222 84.03116107467832
  endloop
endfacet
facet normal 0.38245826694689017 0.9233359361285151 -0.03429902473336705
  outer loop
    vertex 9507.06354636007 10102.599771623834 84.03116106876483
    vertex 9506.757600801964 10103.097966958574 94.03116108361296
    vertex 9507.153137567997 10102.934130265667 94.03116107873012
  endloop
endfacet
facet normal -0.9908615095027743 -0.13044939146578266 -0.03429905613993923
  outer loop
    vertex 9509.496078096949 10105.0323033607 84.03116114126222
    vertex 9509.217600801963 10104.518248620781 94.031161125942
    vertex 9509.161719157079 10104.94271185475 94.03116113859241
  endloop
endfacet
facet normal -0.9908615095027743 -0.13044939146578266 -0.03429905613993923
  outer loop
    vertex 9509.217600801963 10104.518248620781 94.031161125942
    vertex 9509.496078096949 10105.0323033607 84.03116114126222
    vertex 9509.56375464812 10104.518248918817 84.03116112594172
  endloop
endfacet
facet normal -0.9908615095027743 -0.13044939146578266 -0.03429905613993923
  outer loop
    vertex 9509.56375464812 10104.518248918817 84.03116112594172
    vertex 9509.496078096949 10105.0323033607 84.03116114126222
    vertex 9509.557407921364 10104.56645709466 84.03116112737848
  endloop
endfacet
facet normal -0.6084032425552406 0.7928865436390709 -0.03429902862118663
  outer loop
    vertex 9547.097255973964 10103.358593499634 94.03116109138051
    vertex 9546.930677775894 10102.79818923222 84.03116107467832
    vertex 9546.757600852818 10103.097966958574 94.03116108361296
  endloop
endfacet
facet normal -0.6084032425552406 0.7928865436390709 -0.03429902862118663
  outer loop
    vertex 9546.930677775894 10102.79818923222 84.03116107467832
    vertex 9547.097255973964 10103.358593499634 94.03116109138051
    vertex 9547.34202370591 10103.113826065719 84.03116108408533
  endloop
endfacet
facet normal -0.923335935106918 0.38245826796759974 -0.03429904085330713
  outer loop
    vertex 9547.52171920793 10104.093785386813 94.0311611132916
    vertex 9547.657660539411 10103.525171995741 84.03116109634477
    vertex 9547.357882515025 10103.69824862078 94.03116110150333
  endloop
endfacet
facet normal -0.923335935106918 0.38245826796759974 -0.03429904085330713
  outer loop
    vertex 9547.657660539411 10103.525171995741 84.03116109634477
    vertex 9547.52171920793 10104.093785386813 94.0311611132916
    vertex 9547.8560781478 10104.004194476931 84.03116111062121
  endloop
endfacet
facet normal 0.3824582669461642 0.9233359361288143 -0.034299024733406056
  outer loop
    vertex 9545.117600852818 10103.097966958574 94.03116108361296
    vertex 9545.423546410924 10102.599771623834 84.03116106876483
    vertex 9544.944523929744 10102.79818923222 84.03116107467832
  endloop
endfacet
facet normal 0.3824582669461642 0.9233359361288143 -0.034299024733406056
  outer loop
    vertex 9545.423546410924 10102.599771623834 84.03116106876483
    vertex 9545.117600852818 10103.097966958574 94.03116108361296
    vertex 9545.513137618851 10102.934130265667 94.03116107873012
  endloop
endfacet
facet normal 0.6084032425559702 0.7928865436385165 -0.034299028621058984
  outer loop
    vertex 9544.777945731672 10103.358593499634 94.03116109138051
    vertex 9544.944523929744 10102.79818923222 84.03116107467832
    vertex 9544.533177999721 10103.113826065723 84.03116108408533
  endloop
endfacet
facet normal 0.6084032425559702 0.7928865436385165 -0.034299028621058984
  outer loop
    vertex 9544.944523929744 10102.79818923222 84.03116107467832
    vertex 9544.777945731672 10103.358593499634 94.03116109138051
    vertex 9545.117600852818 10103.097966958574 94.03116108361296
  endloop
endfacet
facet normal 0.608403242554988 -0.7928865415947943 -0.03429907588293154
  outer loop
    vertex 9506.584523878888 10106.238308605412 84.03116117720514
    vertex 9506.417945680818 10105.677903741927 94.03116116050352
    vertex 9506.173177948871 10105.922671771916 84.0311611677981
  endloop
endfacet
facet normal 0.608403242554988 -0.7928865415947943 -0.03429907588293154
  outer loop
    vertex 9506.417945680818 10105.677903741927 94.03116116050352
    vertex 9506.584523878888 10106.238308605412 84.03116117720514
    vertex 9506.757600801964 10105.938530282989 94.03116116827103
  endloop
endfacet
facet normal -0.990861509502451 0.13044939351274215 -0.03429904836409073
  outer loop
    vertex 9547.923754698972 10104.518248918817 84.03116112594172
    vertex 9547.52171920793 10104.093785386813 94.0311611132916
    vertex 9547.57760085282 10104.518248620781 94.031161125942
  endloop
endfacet
facet normal -0.990861509502451 0.13044939351274215 -0.03429904836409073
  outer loop
    vertex 9547.52171920793 10104.093785386813 94.0311611132916
    vertex 9547.923754698972 10104.518248918817 84.03116112594172
    vertex 9547.8560781478 10104.004194476931 84.03116111062121
  endloop
endfacet
facet normal 0.13044939248874354 -0.9908615084804412 -0.03429908178337158
  outer loop
    vertex 9507.577600801966 10106.504402764971 84.0311611851356
    vertex 9507.153137567997 10106.102366975894 94.0311611731539
    vertex 9507.063546360076 10106.4367262138 84.03116118311863
  endloop
endfacet
facet normal 0.13044939248874354 -0.9908615084804412 -0.03429908178337158
  outer loop
    vertex 9507.153137567997 10106.102366975894 94.0311611731539
    vertex 9507.577600801966 10106.504402764971 84.0311611851356
    vertex 9507.577600801966 10106.15824862078 94.03116117481935
  endloop
endfacet
facet normal 0.13044939248913448 -0.9908615084803897 -0.03429908178337158
  outer loop
    vertex 9545.937600852818 10106.504402764971 84.0311611851356
    vertex 9545.513137618851 10106.102366975894 94.0311611731539
    vertex 9545.42354641093 10106.4367262138 84.03116118311863
  endloop
endfacet
facet normal 0.13044939248913448 -0.9908615084803897 -0.03429908178337158
  outer loop
    vertex 9545.513137618851 10106.102366975894 94.0311611731539
    vertex 9545.937600852818 10106.504402764971 84.0311611851356
    vertex 9545.937600852818 10106.15824862078 94.03116117481935
  endloop
endfacet
facet normal -0.7928865426175913 0.6084032435764948 -0.03429903411938791
  outer loop
    vertex 9508.997882464171 10103.69824862078 94.03116110150333
    vertex 9508.98202365506 10103.113826065723 84.03116108408533
    vertex 9508.73725592311 10103.358593499634 94.03116109138051
  endloop
endfacet
facet normal -0.7928865426175913 0.6084032435764948 -0.03429903411938791
  outer loop
    vertex 9508.98202365506 10103.113826065723 84.03116108408533
    vertex 9508.997882464171 10103.69824862078 94.03116110150333
    vertex 9509.297660488553 10103.525171995734 84.03116109634477
  endloop
endfacet
facet normal -0.38245826694606216 0.9233359361288566 -0.03429902473340605
  outer loop
    vertex 9546.757600852818 10103.097966958574 94.03116108361296
    vertex 9546.451655294712 10102.599771623834 84.03116106876483
    vertex 9546.362064086787 10102.934130265667 94.03116107873012
  endloop
endfacet
facet normal -0.38245826694606216 0.9233359361288566 -0.03429902473340605
  outer loop
    vertex 9546.451655294712 10102.599771623834 84.03116106876483
    vertex 9546.757600852818 10103.097966958574 94.03116108361296
    vertex 9546.930677775894 10102.79818923222 84.03116107467832
  endloop
endfacet
facet normal -0.3824582669483889 -0.9233359340834207 -0.03429907977092339
  outer loop
    vertex 9546.45165529471 10067.4367262138 84.03116002079119
    vertex 9546.757600852818 10066.938530282987 94.03116000594365
    vertex 9546.362064086787 10067.102366975894 94.03116001082648
  endloop
endfacet
facet normal -0.3824582669483889 -0.9233359340834207 -0.03429907977092339
  outer loop
    vertex 9546.757600852818 10066.938530282987 94.03116000594365
    vertex 9546.45165529471 10067.4367262138 84.03116002079119
    vertex 9546.930677775888 10067.238308605414 84.0311600148777
  endloop
endfacet
facet normal 0.6084032425557863 -0.79288654159418 -0.03429907588297541
  outer loop
    vertex 9544.94452392974 10106.238308605412 84.03116117720514
    vertex 9544.777945731672 10105.677903741927 94.03116116050352
    vertex 9544.533177999725 10105.922671771916 84.0311611677981
  endloop
endfacet
facet normal 0.6084032425557863 -0.79288654159418 -0.03429907588297541
  outer loop
    vertex 9544.777945731672 10105.677903741927 94.03116116050352
    vertex 9544.94452392974 10106.238308605412 84.03116117720514
    vertex 9545.117600852818 10105.938530282989 94.03116116827103
  endloop
endfacet
facet normal -0.9233359351069095 -0.3824582659231498 -0.03429906365057908
  outer loop
    vertex 9547.357882515025 10105.338248620781 94.03116115038067
    vertex 9547.8560781478 10105.032303360704 84.03116114126222
    vertex 9547.52171920793 10104.94271185475 94.03116113859241
  endloop
endfacet
facet normal -0.9233359351069095 -0.3824582659231498 -0.03429906365057908
  outer loop
    vertex 9547.8560781478 10105.032303360704 84.03116114126222
    vertex 9547.357882515025 10105.338248620781 94.03116115038067
    vertex 9547.657660539411 10105.511325841893 84.03116115553865
  endloop
endfacet
facet normal -0.6084032425552299 -0.7928865415946083 -0.03429907588294485
  outer loop
    vertex 9546.930677775894 10106.238308605412 84.03116117720514
    vertex 9547.097255973964 10105.677903741927 94.03116116050352
    vertex 9546.757600852818 10105.938530282989 94.03116116827103
  endloop
endfacet
facet normal -0.6084032425552299 -0.7928865415946083 -0.03429907588294485
  outer loop
    vertex 9547.097255973964 10105.677903741927 94.03116116050352
    vertex 9546.930677775894 10106.238308605412 84.03116117720514
    vertex 9547.34202370591 10105.922671771916 84.0311611677981
  endloop
endfacet
facet normal -0.6084032425559684 0.7928865436385141 -0.03429902862114672
  outer loop
    vertex 9508.73725592311 10103.358593499634 94.03116109138051
    vertex 9508.570677725038 10102.79818923222 84.03116107467832
    vertex 9508.397600801964 10103.097966958574 94.03116108361296
  endloop
endfacet
facet normal -0.6084032425559684 0.7928865436385141 -0.03429902862114672
  outer loop
    vertex 9508.570677725038 10102.79818923222 84.03116107467832
    vertex 9508.73725592311 10103.358593499634 94.03116109138051
    vertex 9508.98202365506 10103.113826065723 84.03116108408533
  endloop
endfacet
facet normal 0.9233359351061854 -0.3824582659249017 -0.034299063650540085
  outer loop
    vertex 9505.65912350698 10105.032303360706 84.03116114126222
    vertex 9506.157319139758 10105.338248620781 94.03116115038067
    vertex 9505.99348244685 10104.94271185475 94.03116113859241
  endloop
endfacet
facet normal 0.9233359351061854 -0.3824582659249017 -0.034299063650540085
  outer loop
    vertex 9506.157319139758 10105.338248620781 94.03116115038067
    vertex 9505.65912350698 10105.032303360706 84.03116114126222
    vertex 9505.85754111537 10105.511325841893 84.03116115553865
  endloop
endfacet
facet normal -0.6084032425559579 -0.792886541594051 -0.034299075882904935
  outer loop
    vertex 9508.570677725038 10106.238308605412 84.03116117720514
    vertex 9508.73725592311 10105.677903741927 94.03116116050352
    vertex 9508.397600801964 10105.938530282989 94.03116116827103
  endloop
endfacet
facet normal -0.6084032425559579 -0.792886541594051 -0.034299075882904935
  outer loop
    vertex 9508.73725592311 10105.677903741927 94.03116116050352
    vertex 9508.570677725038 10106.238308605412 84.03116117720514
    vertex 9508.98202365506 10105.92267177191 84.0311611677981
  endloop
endfacet
facet normal 0.9889634263576536 0.14412047490670912 -0.0343602974316971
  outer loop
    vertex 9543.951447006664 10104.46844015282 84.03116112445726
    vertex 9544.353482497705 10104.093785386813 94.0311611132916
    vertex 9544.019088727533 10104.004278564717 84.03116111062373
  endloop
endfacet
facet normal 0.9908392188652957 0.13044645891199086 -0.034948014474830986
  outer loop
    vertex 9543.951447006664 10104.46844015282 84.03116112445726
    vertex 9544.297600852819 10104.518248620781 94.031161125942
    vertex 9544.353482497705 10104.093785386813 94.0311611132916
  endloop
endfacet
facet normal 0.9994014254404675 1.0310341408625086e-09 -0.03459466472683198
  outer loop
    vertex 9543.951447006664 10104.518248918816 84.03116112594172
    vertex 9544.297600852819 10104.518248620781 94.031161125942
    vertex 9543.951447006664 10104.46844015282 84.03116112445726
  endloop
endfacet
facet normal 0.9908615095026265 -0.13044939146695045 -0.03429905613976298
  outer loop
    vertex 9505.937600801964 10104.518248620781 94.031161125942
    vertex 9505.65912350698 10105.032303360706 84.03116114126222
    vertex 9505.99348244685 10104.94271185475 94.03116113859241
  endloop
endfacet
facet normal 0.9908615095026265 -0.13044939146695045 -0.03429905613976298
  outer loop
    vertex 9505.65912350698 10105.032303360706 84.03116114126222
    vertex 9505.937600801964 10104.518248620781 94.031161125942
    vertex 9505.591446955812 10104.518248918817 84.03116112594172
  endloop
endfacet
facet normal 0.382458266946539 -0.92333593408419 -0.034299079770834046
  outer loop
    vertex 9507.063546360076 10106.4367262138 84.03116118311863
    vertex 9506.757600801964 10105.938530282989 94.03116116827103
    vertex 9506.584523878888 10106.238308605412 84.03116117720514
  endloop
endfacet
facet normal 0.382458266946539 -0.92333593408419 -0.034299079770834046
  outer loop
    vertex 9506.757600801964 10105.938530282989 94.03116116827103
    vertex 9507.063546360076 10106.4367262138 84.03116118311863
    vertex 9507.153137567997 10106.102366975894 94.0311611731539
  endloop
endfacet
facet normal -0.13044939248810478 0.9908615105250002 -0.03429902272076238
  outer loop
    vertex 9546.362064086787 10102.934130265667 94.03116107873012
    vertex 9545.937600852818 10102.532095072664 84.03116106674784
    vertex 9545.937600852818 10102.878248620782 94.03116107706464
  endloop
endfacet
facet normal -0.13044939248810478 0.9908615105250002 -0.03429902272076238
  outer loop
    vertex 9545.937600852818 10102.532095072664 84.03116106674784
    vertex 9546.362064086787 10102.934130265667 94.03116107873012
    vertex 9546.451655294712 10102.599771623834 84.03116106876483
  endloop
endfacet
facet normal 0.3824582669448854 -0.9233359340848741 -0.03429907977086162
  outer loop
    vertex 9545.42354641093 10106.4367262138 84.03116118311863
    vertex 9545.117600852818 10105.938530282989 94.03116116827103
    vertex 9544.94452392974 10106.238308605412 84.03116117720514
  endloop
endfacet
facet normal 0.3824582669448854 -0.9233359340848741 -0.03429907977086162
  outer loop
    vertex 9545.117600852818 10105.938530282989 94.03116116827103
    vertex 9545.42354641093 10106.4367262138 84.03116118311863
    vertex 9545.513137618851 10106.102366975894 94.0311611731539
  endloop
endfacet
facet normal -0.9233359351049663 0.3824582679723189 -0.034299040853229136
  outer loop
    vertex 9509.161719157079 10104.093785386813 94.0311611132916
    vertex 9509.297660488553 10103.525171995734 84.03116109634477
    vertex 9508.997882464171 10103.69824862078 94.03116110150333
  endloop
endfacet
facet normal -0.9233359351049663 0.3824582679723189 -0.034299040853229136
  outer loop
    vertex 9509.297660488553 10103.525171995734 84.03116109634477
    vertex 9509.161719157079 10104.093785386813 94.0311611132916
    vertex 9509.496078096949 10104.004194476933 84.03116111062121
  endloop
endfacet
facet normal -0.9908615095024194 -0.13044939146850745 -0.03429905613982502
  outer loop
    vertex 9547.8560781478 10105.032303360704 84.03116114126222
    vertex 9547.57760085282 10104.518248620781 94.031161125942
    vertex 9547.52171920793 10104.94271185475 94.03116113859241
  endloop
endfacet
facet normal -0.9908615095024194 -0.13044939146850745 -0.03429905613982502
  outer loop
    vertex 9547.57760085282 10104.518248620781 94.031161125942
    vertex 9547.8560781478 10105.032303360704 84.03116114126222
    vertex 9547.923754698972 10104.518248918817 84.03116112594172
  endloop
endfacet
facet normal -0.9233359351049576 -0.38245826592786875 -0.034299063650501074
  outer loop
    vertex 9508.997882464171 10105.338248620781 94.03116115038067
    vertex 9509.496078096949 10105.0323033607 84.03116114126222
    vertex 9509.161719157079 10104.94271185475 94.03116113859241
  endloop
endfacet
facet normal -0.9233359351049576 -0.38245826592786875 -0.034299063650501074
  outer loop
    vertex 9509.496078096949 10105.0323033607 84.03116114126222
    vertex 9508.997882464171 10105.338248620781 94.03116115038067
    vertex 9509.297660488553 10105.511325841899 84.03116115553865
  endloop
endfacet
facet normal 0.79288654261709 0.6084032435771506 -0.034299034119344034
  outer loop
    vertex 9506.173177948871 10103.113826065719 84.03116108408533
    vertex 9506.157319139758 10103.69824862078 94.03116110150333
    vertex 9506.417945680818 10103.358593499634 94.03116109138051
  endloop
endfacet
facet normal 0.79288654261709 0.6084032435771506 -0.034299034119344034
  outer loop
    vertex 9506.157319139758 10103.69824862078 94.03116110150333
    vertex 9506.173177948871 10103.113826065719 84.03116108408533
    vertex 9505.85754111537 10103.525171995741 84.03116109634477
  endloop
endfacet
facet normal 0.9233359351055408 0.3824582679709389 -0.03429904085315242
  outer loop
    vertex 9544.21754116623 10103.525171995734 84.03116109634477
    vertex 9544.353482497705 10104.093785386813 94.0311611132916
    vertex 9544.51731919061 10103.69824862078 94.03116110150333
  endloop
endfacet
facet normal 0.9233359351055408 0.3824582679709389 -0.03429904085315242
  outer loop
    vertex 9544.353482497705 10104.093785386813 94.0311611132916
    vertex 9544.21754116623 10103.525171995734 84.03116109634477
    vertex 9544.019088727533 10104.004278564717 84.03116111062373
  endloop
endfacet
facet normal -0.382458266946647 0.9233359361286134 -0.03429902473343363
  outer loop
    vertex 9508.397600801964 10103.097966958574 94.03116108361296
    vertex 9508.09165524386 10102.599771623834 84.03116106876483
    vertex 9508.002064035933 10102.934130265667 94.03116107873012
  endloop
endfacet
facet normal -0.382458266946647 0.9233359361286134 -0.03429902473343363
  outer loop
    vertex 9508.09165524386 10102.599771623834 84.03116106876483
    vertex 9508.397600801964 10103.097966958574 94.03116108361296
    vertex 9508.570677725038 10102.79818923222 84.03116107467832
  endloop
endfacet
facet normal 0.9233359351049661 0.3824582679723192 -0.03429904085322914
  outer loop
    vertex 9544.21754116623 10064.525171995736 84.03115993401738
    vertex 9544.353482497705 10065.093785386813 94.0311599509642
    vertex 9544.517319190612 10064.69824862078 94.03115993917594
  endloop
endfacet
facet normal 0.9233359351049661 0.3824582679723192 -0.03429904085322914
  outer loop
    vertex 9544.353482497705 10065.093785386813 94.0311599509642
    vertex 9544.21754116623 10064.525171995736 84.03115993401738
    vertex 9544.019123557833 10065.004194476933 84.0311599482938
  endloop
endfacet
facet normal 0.9233359351054428 -0.38245826592670346 -0.034299063650434496
  outer loop
    vertex 9544.019123557833 10105.0323033607 84.03116114126222
    vertex 9544.51731919061 10105.338248620781 94.03116115038067
    vertex 9544.353482497705 10104.94271185475 94.03116113859241
  endloop
endfacet
facet normal 0.9233359351054428 -0.38245826592670346 -0.034299063650434496
  outer loop
    vertex 9544.51731919061 10105.338248620781 94.03116115038067
    vertex 9544.019123557833 10105.0323033607 84.03116114126222
    vertex 9544.21754116623 10105.511325841899 84.03116115553865
  endloop
endfacet
facet normal 0.7928865426175945 0.6084032435764971 -0.03429903411927356
  outer loop
    vertex 9544.533177999721 10103.113826065723 84.03116108408533
    vertex 9544.51731919061 10103.69824862078 94.03116110150333
    vertex 9544.777945731672 10103.358593499634 94.03116109138051
  endloop
endfacet
facet normal 0.7928865426175945 0.6084032435764971 -0.03429903411927356
  outer loop
    vertex 9544.51731919061 10103.69824862078 94.03116110150333
    vertex 9544.533177999721 10103.113826065723 84.03116108408533
    vertex 9544.21754116623 10103.525171995734 84.03116109634477
  endloop
endfacet
facet normal -0.9908615095024349 0.1304493935128685 -0.034299048364076615
  outer loop
    vertex 9547.923754698972 10065.518248918817 84.0311599636143
    vertex 9547.52171920793 10065.093785386813 94.0311599509642
    vertex 9547.57760085282 10065.518248620781 94.03115996361458
  endloop
endfacet
facet normal -0.9908615095024349 0.1304493935128685 -0.034299048364076615
  outer loop
    vertex 9547.52171920793 10065.093785386813 94.0311599509642
    vertex 9547.923754698972 10065.518248918817 84.0311599636143
    vertex 9547.8560781478 10065.004194476933 84.0311599482938
  endloop
endfacet
facet normal -0.9908615095024349 0.1304493935128685 -0.034299048364076615
  outer loop
    vertex 9547.8560781478 10065.004194476933 84.0311599482938
    vertex 9547.923754698972 10065.518248918817 84.0311599636143
    vertex 9547.917407972218 10065.470040742975 84.03115996217754
  endloop
endfacet
facet normal -0.3824582669448921 0.9233359361293432 -0.03429902473335089
  outer loop
    vertex 9546.757600852818 10064.097966958574 94.03115992128558
    vertex 9546.45165529471 10063.599771623834 84.03115990643742
    vertex 9546.362064086787 10063.934130265667 94.03115991640269
  endloop
endfacet
facet normal -0.3824582669448921 0.9233359361293432 -0.03429902473335089
  outer loop
    vertex 9546.45165529471 10063.599771623834 84.03115990643742
    vertex 9546.757600852818 10064.097966958574 94.03115992128558
    vertex 9546.930677775894 10063.79818923222 84.03115991235092
  endloop
endfacet
facet normal 0.9908615095024127 0.1304493935130272 -0.034299048364111843
  outer loop
    vertex 9505.65912350698 10065.00419447693 84.0311599482938
    vertex 9505.937600801964 10065.518248620781 94.03115996361458
    vertex 9505.99348244685 10065.093785386813 94.0311599509642
  endloop
endfacet
facet normal 0.9908615095024127 0.1304493935130272 -0.034299048364111843
  outer loop
    vertex 9505.937600801964 10065.518248620781 94.03115996361458
    vertex 9505.65912350698 10065.00419447693 84.0311599482938
    vertex 9505.59144695581 10065.518248918817 84.0311599636143
  endloop
endfacet
facet normal 0.9908615095024127 0.1304493935130272 -0.034299048364111843
  outer loop
    vertex 9505.59144695581 10065.518248918817 84.0311599636143
    vertex 9505.65912350698 10065.00419447693 84.0311599482938
    vertex 9505.597793682564 10065.470040742975 84.03115996217754
  endloop
endfacet
facet normal 0.9908615095027397 -0.1304493914660419 -0.034299056139953085
  outer loop
    vertex 9543.951447006664 10065.518248918817 84.0311599636143
    vertex 9544.353482497705 10065.942711854748 94.03115997626497
    vertex 9544.297600852819 10065.518248620781 94.03115996361458
  endloop
endfacet
facet normal 0.9908615095027397 -0.1304493914660419 -0.034299056139953085
  outer loop
    vertex 9544.353482497705 10065.942711854748 94.03115997626497
    vertex 9543.951447006664 10065.518248918817 84.0311599636143
    vertex 9543.957793733418 10065.566457094661 84.03115996505106
  endloop
endfacet
facet normal 0.9908615095027397 -0.1304493914660419 -0.034299056139953085
  outer loop
    vertex 9544.019123557833 10066.0323033607 84.03115997893481
    vertex 9544.353482497705 10065.942711854748 94.03115997626497
    vertex 9543.957793733418 10065.566457094661 84.03115996505106
  endloop
endfacet
facet normal -0.9908615095028094 0.1304493935099903 -0.034299048364203506
  outer loop
    vertex 9509.56375464812 10065.518248918817 84.0311599636143
    vertex 9509.161719157079 10065.093785386813 94.0311599509642
    vertex 9509.217600801963 10065.518248620781 94.03115996361458
  endloop
endfacet
facet normal -0.9908615095028094 0.1304493935099903 -0.034299048364203506
  outer loop
    vertex 9509.161719157079 10065.093785386813 94.0311599509642
    vertex 9509.56375464812 10065.518248918817 84.0311599636143
    vertex 9509.496078096949 10065.004194476933 84.0311599482938
  endloop
endfacet
facet normal -0.9908615095028094 0.1304493935099903 -0.034299048364203506
  outer loop
    vertex 9509.496078096949 10065.004194476933 84.0311599482938
    vertex 9509.56375464812 10065.518248918817 84.0311599636143
    vertex 9509.557407921364 10065.470040742977 84.03115996217754
  endloop
endfacet
facet normal 0.9233359351060433 -0.3824582659252457 -0.03429906365052868
  outer loop
    vertex 9505.65912350698 10066.032303360706 84.03115997893481
    vertex 9506.157319139758 10066.338248620781 94.03115998805326
    vertex 9505.99348244685 10065.942711854748 94.03115997626497
  endloop
endfacet
facet normal 0.9233359351060433 -0.3824582659252457 -0.03429906365052868
  outer loop
    vertex 9506.157319139758 10066.338248620781 94.03115998805326
    vertex 9505.65912350698 10066.032303360706 84.03115997893481
    vertex 9505.857541115372 10066.511325841895 84.03115999321123
  endloop
endfacet
facet normal -0.13044939249150356 0.9908615105245534 -0.034299022720743574
  outer loop
    vertex 9546.362064086787 10063.934130265667 94.03115991640269
    vertex 9545.937600852818 10063.532095072662 84.03115990442043
    vertex 9545.937600852818 10063.87824862078 94.03115991473724
  endloop
endfacet
facet normal -0.13044939249150356 0.9908615105245534 -0.034299022720743574
  outer loop
    vertex 9545.937600852818 10063.532095072662 84.03115990442043
    vertex 9546.362064086787 10063.934130265667 94.03115991640269
    vertex 9546.45165529471 10063.599771623834 84.03115990643742
  endloop
endfacet
facet normal 0.13044939249168036 0.9908615105245299 -0.034299022720752984
  outer loop
    vertex 9545.513137618851 10063.934130265667 94.03115991640269
    vertex 9545.937600852818 10063.532095072662 84.03115990442043
    vertex 9545.423546410926 10063.599771623834 84.03115990643742
  endloop
endfacet
facet normal 0.13044939249168036 0.9908615105245299 -0.034299022720752984
  outer loop
    vertex 9545.937600852818 10063.532095072662 84.03115990442043
    vertex 9545.513137618851 10063.934130265667 94.03115991640269
    vertex 9545.937600852818 10063.87824862078 94.03115991473724
  endloop
endfacet
facet normal 0.13044939248870807 -0.9908615084804451 -0.03429908178339037
  outer loop
    vertex 9545.937600852818 10067.504402764971 84.0311600228082
    vertex 9545.513137618851 10067.102366975894 94.03116001082648
    vertex 9545.423546410926 10067.4367262138 84.03116002079119
  endloop
endfacet
facet normal 0.13044939248870807 -0.9908615084804451 -0.03429908178339037
  outer loop
    vertex 9545.513137618851 10067.102366975894 94.03116001082648
    vertex 9545.937600852818 10067.504402764971 84.0311600228082
    vertex 9545.937600852818 10067.15824862078 94.03116001249197
  endloop
endfacet
facet normal -0.13044939248853135 -0.9908615084804688 -0.03429908178338096
  outer loop
    vertex 9546.45165529471 10067.4367262138 84.03116002079119
    vertex 9545.937600852818 10067.15824862078 94.03116001249197
    vertex 9545.937600852818 10067.504402764971 84.0311600228082
  endloop
endfacet
facet normal -0.13044939248853135 -0.9908615084804688 -0.03429908178338096
  outer loop
    vertex 9545.937600852818 10067.15824862078 94.03116001249197
    vertex 9546.45165529471 10067.4367262138 84.03116002079119
    vertex 9546.362064086787 10067.102366975894 94.03116001082648
  endloop
endfacet
facet normal -0.7928865426164122 -0.6084032415335674 -0.03429907038449219
  outer loop
    vertex 9547.342023705914 10066.92267177191 84.03116000547071
    vertex 9547.357882515025 10066.338248620781 94.03115998805326
    vertex 9547.097255973964 10066.677903741927 94.0311599981761
  endloop
endfacet
facet normal -0.7928865426164122 -0.6084032415335674 -0.03429907038449219
  outer loop
    vertex 9547.357882515025 10066.338248620781 94.03115998805326
    vertex 9547.342023705914 10066.92267177191 84.03116000547071
    vertex 9547.657660539411 10066.511325841895 84.03115999321123
  endloop
endfacet
facet normal 0.38245826694572016 0.9233359361290017 -0.0342990247333119
  outer loop
    vertex 9506.757600801964 10064.097966958574 94.03115992128558
    vertex 9507.063546360074 10063.599771623834 84.03115990643742
    vertex 9506.584523878888 10063.798189232222 84.03115991235092
  endloop
endfacet
facet normal 0.38245826694572016 0.9233359361290017 -0.0342990247333119
  outer loop
    vertex 9507.063546360074 10063.599771623834 84.03115990643742
    vertex 9506.757600801964 10064.097966958574 94.03115992128558
    vertex 9507.153137567997 10063.934130265667 94.03115991640269
  endloop
endfacet
facet normal -0.6084032425552411 0.7928865436390704 -0.03429902862118663
  outer loop
    vertex 9547.097255973964 10064.358593499635 94.03115992905308
    vertex 9546.930677775894 10063.79818923222 84.03115991235092
    vertex 9546.757600852818 10064.097966958574 94.03115992128558
  endloop
endfacet
facet normal -0.6084032425552411 0.7928865436390704 -0.03429902862118663
  outer loop
    vertex 9546.930677775894 10063.79818923222 84.03115991235092
    vertex 9547.097255973964 10064.358593499635 94.03115992905308
    vertex 9547.34202370591 10064.113826065719 84.0311599217579
  endloop
endfacet
facet normal 0.6084032425547875 -0.7928865415949576 -0.0342990758827161
  outer loop
    vertex 9544.944523929747 10067.238308605412 84.0311600148777
    vertex 9544.777945731672 10066.677903741927 94.0311599981761
    vertex 9544.53317799972 10066.922671771908 84.03116000547071
  endloop
endfacet
facet normal 0.6084032425547875 -0.7928865415949576 -0.0342990758827161
  outer loop
    vertex 9544.777945731672 10066.677903741927 94.0311599981761
    vertex 9544.944523929747 10067.238308605412 84.0311600148777
    vertex 9545.117600852818 10066.938530282987 94.03116000594365
  endloop
endfacet
facet normal -0.9233359351070106 -0.3824582659229091 -0.0342990636505401
  outer loop
    vertex 9547.657660539411 10066.511325841895 84.03115999321123
    vertex 9547.52171920793 10065.942711854748 94.03115997626497
    vertex 9547.357882515025 10066.338248620781 94.03115998805326
  endloop
endfacet
facet normal -0.9233359351070106 -0.3824582659229091 -0.0342990636505401
  outer loop
    vertex 9547.52171920793 10065.942711854748 94.03115997626497
    vertex 9547.657660539411 10066.511325841895 84.03115999321123
    vertex 9547.8560781478 10066.032303360702 84.03115997893481
  endloop
endfacet
facet normal -0.9233359351071613 0.3824582679670151 -0.03429904085327956
  outer loop
    vertex 9547.52171920793 10065.093785386813 94.0311599509642
    vertex 9547.657660539411 10064.525171995741 84.03115993401738
    vertex 9547.357882515025 10064.69824862078 94.03115993917594
  endloop
endfacet
facet normal -0.9233359351071613 0.3824582679670151 -0.03429904085327956
  outer loop
    vertex 9547.657660539411 10064.525171995741 84.03115993401738
    vertex 9547.52171920793 10065.093785386813 94.0311599509642
    vertex 9547.8560781478 10065.004194476933 84.0311599482938
  endloop
endfacet
facet normal -0.608403242554787 -0.7928865415949566 -0.034299075882742704
  outer loop
    vertex 9546.930677775888 10067.238308605414 84.0311600148777
    vertex 9547.097255973964 10066.677903741927 94.0311599981761
    vertex 9546.757600852818 10066.938530282987 94.03116000594365
  endloop
endfacet
facet normal -0.608403242554787 -0.7928865415949566 -0.034299075882742704
  outer loop
    vertex 9547.097255973964 10066.677903741927 94.0311599981761
    vertex 9546.930677775888 10067.238308605414 84.0311600148777
    vertex 9547.342023705914 10066.92267177191 84.03116000547071
  endloop
endfacet
facet normal -0.13044939249168042 0.9908615105245299 -0.034299022720752984
  outer loop
    vertex 9508.002064035933 10063.934130265667 94.03115991640269
    vertex 9507.577600801966 10063.532095072662 84.03115990442043
    vertex 9507.577600801966 10063.87824862078 94.03115991473724
  endloop
endfacet
facet normal -0.13044939249168042 0.9908615105245299 -0.034299022720752984
  outer loop
    vertex 9507.577600801966 10063.532095072662 84.03115990442043
    vertex 9508.002064035933 10063.934130265667 94.03115991640269
    vertex 9508.091655243856 10063.599771623834 84.03115990643742
  endloop
endfacet
facet normal 0.38245826694499424 0.923335936129301 -0.0342990247333509
  outer loop
    vertex 9545.117600852818 10064.097966958574 94.03115992128558
    vertex 9545.423546410926 10063.599771623834 84.03115990643742
    vertex 9544.944523929744 10063.79818923222 84.03115991235092
  endloop
endfacet
facet normal 0.38245826694499424 0.923335936129301 -0.0342990247333509
  outer loop
    vertex 9545.423546410926 10063.599771623834 84.03115990643742
    vertex 9545.117600852818 10064.097966958574 94.03115992128558
    vertex 9545.513137618851 10063.934130265667 94.03115991640269
  endloop
endfacet
facet normal -0.13044939248870807 -0.9908615084804451 -0.03429908178339036
  outer loop
    vertex 9508.091655243856 10067.4367262138 84.03116002079119
    vertex 9507.577600801966 10067.15824862078 94.03116001249197
    vertex 9507.577600801966 10067.504402764971 84.0311600228082
  endloop
endfacet
facet normal -0.13044939248870807 -0.9908615084804451 -0.03429908178339036
  outer loop
    vertex 9507.577600801966 10067.15824862078 94.03116001249197
    vertex 9508.091655243856 10067.4367262138 84.03116002079119
    vertex 9508.002064035933 10067.102366975894 94.03116001082648
  endloop
endfacet
facet normal -0.6084032425547148 -0.7928865415950119 -0.03429907588274668
  outer loop
    vertex 9508.570677725033 10067.238308605414 84.0311600148777
    vertex 9508.73725592311 10066.677903741927 94.0311599981761
    vertex 9508.397600801964 10066.938530282987 94.03116000594365
  endloop
endfacet
facet normal -0.6084032425547148 -0.7928865415950119 -0.03429907588274668
  outer loop
    vertex 9508.73725592311 10066.677903741927 94.0311599981761
    vertex 9508.570677725033 10067.238308605414 84.0311600148777
    vertex 9508.982023655066 10066.922671771905 84.03116000547071
  endloop
endfacet
facet normal -0.608403242555969 0.7928865436385135 -0.03429902862114673
  outer loop
    vertex 9508.73725592311 10064.358593499635 94.03115992905308
    vertex 9508.570677725038 10063.79818923222 84.03115991235092
    vertex 9508.397600801964 10064.097966958574 94.03115992128558
  endloop
endfacet
facet normal -0.608403242555969 0.7928865436385135 -0.03429902862114673
  outer loop
    vertex 9508.570677725038 10063.79818923222 84.03115991235092
    vertex 9508.73725592311 10064.358593499635 94.03115992905308
    vertex 9508.98202365506 10064.113826065723 84.0311599217579
  endloop
endfacet
facet normal 0.7928865426170896 0.6084032435771513 -0.03429903411934404
  outer loop
    vertex 9506.417945680818 10064.358593499635 94.03115992905308
    vertex 9505.85754111537 10064.525171995741 84.03115993401738
    vertex 9506.157319139758 10064.69824862078 94.03115993917594
  endloop
endfacet
facet normal 0.7928865426170896 0.6084032435771513 -0.03429903411934404
  outer loop
    vertex 9505.85754111537 10064.525171995741 84.03115993401738
    vertex 9506.417945680818 10064.358593499635 94.03115992905308
    vertex 9506.173177948871 10064.113826065719 84.0311599217579
  endloop
endfacet
facet normal 0.6084032425549991 0.7928865436392568 -0.03429902862117333
  outer loop
    vertex 9506.417945680818 10064.358593499635 94.03115992905308
    vertex 9506.584523878888 10063.798189232222 84.03115991235092
    vertex 9506.173177948871 10064.113826065719 84.0311599217579
  endloop
endfacet
facet normal 0.6084032425549991 0.7928865436392568 -0.03429902862117333
  outer loop
    vertex 9506.584523878888 10063.798189232222 84.03115991235092
    vertex 9506.417945680818 10064.358593499635 94.03115992905308
    vertex 9506.757600801964 10064.097966958574 94.03115992128558
  endloop
endfacet
facet normal -0.38245826694897356 -0.9233359340831775 -0.03429907977095097
  outer loop
    vertex 9508.091655243856 10067.4367262138 84.03116002079119
    vertex 9508.397600801964 10066.938530282987 94.03116000594365
    vertex 9508.002064035933 10067.102366975894 94.03116001082648
  endloop
endfacet
facet normal -0.38245826694897356 -0.9233359340831775 -0.03429907977095097
  outer loop
    vertex 9508.397600801964 10066.938530282987 94.03116000594365
    vertex 9508.091655243856 10067.4367262138 84.03116002079119
    vertex 9508.570677725033 10067.238308605414 84.0311600148777
  endloop
endfacet
facet normal 0.7928865426172008 -0.6084032415325354 -0.03429907038456663
  outer loop
    vertex 9544.21754116623 10066.5113258419 84.03115999321123
    vertex 9544.777945731672 10066.677903741927 94.0311599981761
    vertex 9544.517319190612 10066.338248620781 94.03115998805326
  endloop
endfacet
facet normal 0.7928865426172008 -0.6084032415325354 -0.03429907038456663
  outer loop
    vertex 9544.777945731672 10066.677903741927 94.0311599981761
    vertex 9544.21754116623 10066.5113258419 84.03115999321123
    vertex 9544.53317799972 10066.922671771908 84.03116000547071
  endloop
endfacet
facet normal -0.9233359351053985 -0.38245826592679966 -0.03429906365055625
  outer loop
    vertex 9509.297660488553 10066.5113258419 84.03115999321123
    vertex 9509.161719157079 10065.942711854748 94.03115997626497
    vertex 9508.997882464171 10066.338248620781 94.03115998805326
  endloop
endfacet
facet normal -0.9233359351053985 -0.38245826592679966 -0.03429906365055625
  outer loop
    vertex 9509.161719157079 10065.942711854748 94.03115997626497
    vertex 9509.297660488553 10066.5113258419 84.03115999321123
    vertex 9509.496078096949 10066.0323033607 84.03115997893481
  endloop
endfacet
facet normal 0.6084032425537467 -0.7928865415957576 -0.034299075882685534
  outer loop
    vertex 9506.584523878895 10067.238308605412 84.0311600148777
    vertex 9506.417945680818 10066.677903741927 94.0311599981761
    vertex 9506.17317794887 10066.92267177191 84.03116000547071
  endloop
endfacet
facet normal 0.6084032425537467 -0.7928865415957576 -0.034299075882685534
  outer loop
    vertex 9506.417945680818 10066.677903741927 94.0311599981761
    vertex 9506.584523878895 10067.238308605412 84.0311600148777
    vertex 9506.757600801964 10066.938530282987 94.03116000594365
  endloop
endfacet
facet normal -0.9233359351049663 0.3824582679723191 -0.03429904085322914
  outer loop
    vertex 9509.161719157079 10065.093785386813 94.0311599509642
    vertex 9509.297660488553 10064.525171995736 84.03115993401738
    vertex 9508.997882464171 10064.69824862078 94.03115993917594
  endloop
endfacet
facet normal -0.9233359351049663 0.3824582679723191 -0.03429904085322914
  outer loop
    vertex 9509.297660488553 10064.525171995736 84.03115993401738
    vertex 9509.161719157079 10065.093785386813 94.0311599509642
    vertex 9509.496078096949 10065.004194476933 84.0311599482938
  endloop
endfacet
facet normal 0.7928865426164122 -0.6084032415335674 -0.03429907038449219
  outer loop
    vertex 9505.857541115372 10066.511325841895 84.03115999321123
    vertex 9506.417945680818 10066.677903741927 94.0311599981761
    vertex 9506.157319139758 10066.338248620781 94.03115998805326
  endloop
endfacet
facet normal 0.7928865426164122 -0.6084032415335674 -0.03429907038449219
  outer loop
    vertex 9506.417945680818 10066.677903741927 94.0311599981761
    vertex 9505.857541115372 10066.511325841895 84.03115999321123
    vertex 9506.17317794887 10066.92267177191 84.03116000547071
  endloop
endfacet
facet normal 0.7928865426182524 0.6084032435756366 -0.03429903411933074
  outer loop
    vertex 9544.777945731672 10064.358593499635 94.03115992905308
    vertex 9544.21754116623 10064.525171995736 84.03115993401738
    vertex 9544.517319190612 10064.69824862078 94.03115993917594
  endloop
endfacet
facet normal 0.7928865426182524 0.6084032435756366 -0.03429903411933074
  outer loop
    vertex 9544.21754116623 10064.525171995736 84.03115993401738
    vertex 9544.777945731672 10064.358593499635 94.03115992905308
    vertex 9544.533177999721 10064.113826065723 84.0311599217579
  endloop
endfacet
facet normal -0.3824582669454768 0.9233359361290999 -0.03429902473337847
  outer loop
    vertex 9508.397600801964 10064.097966958574 94.03115992128558
    vertex 9508.091655243856 10063.599771623834 84.03115990643742
    vertex 9508.002064035933 10063.934130265667 94.03115991640269
  endloop
endfacet
facet normal -0.3824582669454768 0.9233359361290999 -0.03429902473337847
  outer loop
    vertex 9508.091655243856 10063.599771623834 84.03115990643742
    vertex 9508.397600801964 10064.097966958574 94.03115992128558
    vertex 9508.570677725038 10063.79818923222 84.03115991235092
  endloop
endfacet
facet normal 0.9233359351061939 0.38245826796935173 -0.03429904085326814
  outer loop
    vertex 9505.85754111537 10064.525171995741 84.03115993401738
    vertex 9505.99348244685 10065.093785386813 94.0311599509642
    vertex 9506.157319139758 10064.69824862078 94.03115993917594
  endloop
endfacet
facet normal 0.9233359351061939 0.38245826796935173 -0.03429904085326814
  outer loop
    vertex 9505.99348244685 10065.093785386813 94.0311599509642
    vertex 9505.85754111537 10064.525171995741 84.03115993401738
    vertex 9505.65912350698 10065.00419447693 84.0311599482938
  endloop
endfacet
facet normal 0.6084032425559708 0.7928865436385161 -0.034299028621058984
  outer loop
    vertex 9544.777945731672 10064.358593499635 94.03115992905308
    vertex 9544.944523929744 10063.79818923222 84.03115991235092
    vertex 9544.533177999721 10064.113826065723 84.0311599217579
  endloop
endfacet
facet normal 0.6084032425559708 0.7928865436385161 -0.034299028621058984
  outer loop
    vertex 9544.944523929744 10063.79818923222 84.03115991235092
    vertex 9544.777945731672 10064.358593499635 94.03115992905308
    vertex 9545.117600852818 10064.097966958574 94.03115992128558
  endloop
endfacet
facet normal 0.9908615095028092 0.13044939350999035 -0.0342990483642035
  outer loop
    vertex 9544.019123557833 10065.004194476933 84.0311599482938
    vertex 9544.297600852819 10065.518248620781 94.03115996361458
    vertex 9544.353482497705 10065.093785386813 94.0311599509642
  endloop
endfacet
facet normal 0.9908615095028092 0.13044939350999035 -0.0342990483642035
  outer loop
    vertex 9544.297600852819 10065.518248620781 94.03115996361458
    vertex 9544.019123557833 10065.004194476933 84.0311599482938
    vertex 9543.951447006664 10065.518248918817 84.0311599636143
  endloop
endfacet
facet normal 0.9908615095028092 0.13044939350999035 -0.0342990483642035
  outer loop
    vertex 9543.951447006664 10065.518248918817 84.0311599636143
    vertex 9544.019123557833 10065.004194476933 84.0311599482938
    vertex 9543.957793733418 10065.470040742977 84.03115996217754
  endloop
endfacet
facet normal 0.13044939248853135 -0.9908615084804688 -0.034299081783380966
  outer loop
    vertex 9507.577600801966 10067.504402764971 84.0311600228082
    vertex 9507.153137567997 10067.102366975894 94.03116001082648
    vertex 9507.063546360074 10067.4367262138 84.03116002079119
  endloop
endfacet
facet normal 0.13044939248853135 -0.9908615084804688 -0.034299081783380966
  outer loop
    vertex 9507.153137567997 10067.102366975894 94.03116001082648
    vertex 9507.577600801966 10067.504402764971 84.0311600228082
    vertex 9507.577600801966 10067.15824862078 94.03116001249197
  endloop
endfacet
facet normal -0.9908615095024061 -0.1304493914686124 -0.034299056139809554
  outer loop
    vertex 9547.8560781478 10066.032303360702 84.03115997893481
    vertex 9547.57760085282 10065.518248620781 94.03115996361458
    vertex 9547.52171920793 10065.942711854748 94.03115997626497
  endloop
endfacet
facet normal -0.9908615095024061 -0.1304493914686124 -0.034299056139809554
  outer loop
    vertex 9547.57760085282 10065.518248620781 94.03115996361458
    vertex 9547.8560781478 10066.032303360702 84.03115997893481
    vertex 9547.917407972218 10065.566457094657 84.03115996505106
  endloop
endfacet
facet normal -0.9908615095024061 -0.1304493914686124 -0.034299056139809554
  outer loop
    vertex 9547.57760085282 10065.518248620781 94.03115996361458
    vertex 9547.917407972218 10065.566457094657 84.03115996505106
    vertex 9547.923754698972 10065.518248918817 84.0311599636143
  endloop
endfacet
facet normal 0.9233359351053985 -0.3824582659267996 -0.034299063650556245
  outer loop
    vertex 9544.019123557833 10066.0323033607 84.03115997893481
    vertex 9544.517319190612 10066.338248620781 94.03115998805326
    vertex 9544.353482497705 10065.942711854748 94.03115997626497
  endloop
endfacet
facet normal 0.9233359351053985 -0.3824582659267996 -0.034299063650556245
  outer loop
    vertex 9544.517319190612 10066.338248620781 94.03115998805326
    vertex 9544.019123557833 10066.0323033607 84.03115997893481
    vertex 9544.21754116623 10066.5113258419 84.03115999321123
  endloop
endfacet
facet normal 0.3824582669487334 -0.9233359340832785 -0.034299079770911976
  outer loop
    vertex 9545.423546410926 10067.4367262138 84.03116002079119
    vertex 9545.117600852818 10066.938530282987 94.03116000594365
    vertex 9544.944523929747 10067.238308605412 84.0311600148777
  endloop
endfacet
facet normal 0.3824582669487334 -0.9233359340832785 -0.034299079770911976
  outer loop
    vertex 9545.117600852818 10066.938530282987 94.03116000594365
    vertex 9545.423546410926 10067.4367262138 84.03116002079119
    vertex 9545.513137618851 10067.102366975894 94.03116001082648
  endloop
endfacet
facet normal 0.13044939249150356 0.9908615105245534 -0.034299022720743574
  outer loop
    vertex 9507.153137567997 10063.934130265667 94.03115991640269
    vertex 9507.577600801966 10063.532095072662 84.03115990442043
    vertex 9507.063546360074 10063.599771623834 84.03115990643742
  endloop
endfacet
facet normal 0.13044939249150356 0.9908615105245534 -0.034299022720743574
  outer loop
    vertex 9507.577600801966 10063.532095072662 84.03115990442043
    vertex 9507.153137567997 10063.934130265667 94.03115991640269
    vertex 9507.577600801966 10063.87824862078 94.03115991473724
  endloop
endfacet
facet normal -0.7928865426169103 -0.6084032415329093 -0.03429907038465041
  outer loop
    vertex 9508.982023655066 10066.922671771905 84.03116000547071
    vertex 9508.997882464171 10066.338248620781 94.03115998805326
    vertex 9508.73725592311 10066.677903741927 94.0311599981761
  endloop
endfacet
facet normal -0.7928865426169103 -0.6084032415329093 -0.03429907038465041
  outer loop
    vertex 9508.997882464171 10066.338248620781 94.03115998805326
    vertex 9508.982023655066 10066.922671771905 84.03116000547071
    vertex 9509.297660488553 10066.5113258419 84.03115999321123
  endloop
endfacet
facet normal 0.9908615095024607 -0.1304493914681974 -0.03429905613981375
  outer loop
    vertex 9505.59144695581 10065.518248918817 84.0311599636143
    vertex 9505.99348244685 10065.942711854748 94.03115997626497
    vertex 9505.937600801964 10065.518248620781 94.03115996361458
  endloop
endfacet
facet normal 0.9908615095024607 -0.1304493914681974 -0.03429905613981375
  outer loop
    vertex 9505.99348244685 10065.942711854748 94.03115997626497
    vertex 9505.59144695581 10065.518248918817 84.0311599636143
    vertex 9505.597793682566 10065.566457094661 84.03115996505106
  endloop
endfacet
facet normal 0.9908615095024607 -0.1304493914681974 -0.03429905613981375
  outer loop
    vertex 9505.65912350698 10066.032303360706 84.03115997893481
    vertex 9505.99348244685 10065.942711854748 94.03115997626497
    vertex 9505.597793682566 10065.566457094661 84.03115996505106
  endloop
endfacet
facet normal 5.464962537642766e-27 -0.9999999999999997 -2.9803565283867035e-08
  outer loop
    vertex 9523.95760082739 10112.897770141924 84.03116137567882
    vertex 9512.577600801964 10112.897769820047 94.83116137567895
    vertex 9512.577600801964 10112.897770141924 84.03116137567882
  endloop
endfacet
facet normal 5.464962537642766e-27 -0.9999999999999997 -2.9803565283867035e-08
  outer loop
    vertex 9512.577600801964 10112.897769820047 94.83116137567895
    vertex 9523.95760082739 10112.897770141924 84.03116137567882
    vertex 9526.757600827392 10112.897770058473 86.83116137567963
  endloop
endfacet
facet normal 5.464962537642766e-27 -0.9999999999999997 -2.9803565283867035e-08
  outer loop
    vertex 9512.577600801964 10112.897769820047 94.83116137567895
    vertex 9526.757600827392 10112.897770058473 86.83116137567963
    vertex 9540.93760085282 10112.897769820047 94.83116137567895
  endloop
endfacet
facet normal 5.464962537642766e-27 -0.9999999999999997 -2.9803565283867035e-08
  outer loop
    vertex 9540.93760085282 10112.897769820047 94.83116137567895
    vertex 9526.757600827392 10112.897770058473 86.83116137567963
    vertex 9529.557600827391 10112.897770141924 84.03116137567882
  endloop
endfacet
facet normal 5.464962537642766e-27 -0.9999999999999997 -2.9803565283867035e-08
  outer loop
    vertex 9540.93760085282 10112.897769820047 94.83116137567895
    vertex 9529.557600827391 10112.897770141924 84.03116137567882
    vertex 9540.93760085282 10112.897770141924 84.03116137567882
  endloop
endfacet
facet normal 0.38245826694980223 -0.9233359340828377 -0.03429907977085682
  outer loop
    vertex 9507.063546360074 10067.4367262138 84.03116002079119
    vertex 9506.757600801964 10066.938530282987 94.03116000594365
    vertex 9506.584523878895 10067.238308605412 84.0311600148777
  endloop
endfacet
facet normal 0.38245826694980223 -0.9233359340828377 -0.03429907977085682
  outer loop
    vertex 9506.757600801964 10066.938530282987 94.03116000594365
    vertex 9507.063546360074 10067.4367262138 84.03116002079119
    vertex 9507.153137567997 10067.102366975894 94.03116001082648
  endloop
endfacet
facet normal -0.7928865426175908 0.6084032435764954 -0.03429903411938791
  outer loop
    vertex 9509.297660488553 10064.525171995736 84.03115993401738
    vertex 9508.73725592311 10064.358593499635 94.03115992905308
    vertex 9508.997882464171 10064.69824862078 94.03115993917594
  endloop
endfacet
facet normal -0.7928865426175908 0.6084032435764954 -0.03429903411938791
  outer loop
    vertex 9508.73725592311 10064.358593499635 94.03115992905308
    vertex 9509.297660488553 10064.525171995736 84.03115993401738
    vertex 9508.98202365506 10064.113826065723 84.0311599217579
  endloop
endfacet
facet normal -0.7928865426170897 0.608403243577151 -0.03429903411934403
  outer loop
    vertex 9547.657660539411 10064.525171995741 84.03115993401738
    vertex 9547.097255973964 10064.358593499635 94.03115992905308
    vertex 9547.357882515025 10064.69824862078 94.03115993917594
  endloop
endfacet
facet normal -0.7928865426170897 0.608403243577151 -0.03429903411934403
  outer loop
    vertex 9547.097255973964 10064.358593499635 94.03115992905308
    vertex 9547.657660539411 10064.525171995741 84.03115993401738
    vertex 9547.34202370591 10064.113826065719 84.0311599217579
  endloop
endfacet
facet normal -0.9908615095027671 -0.1304493914658368 -0.03429905613994199
  outer loop
    vertex 9509.496078096949 10066.0323033607 84.03115997893481
    vertex 9509.217600801963 10065.518248620781 94.03115996361458
    vertex 9509.161719157079 10065.942711854748 94.03115997626497
  endloop
endfacet
facet normal -0.9908615095027671 -0.1304493914658368 -0.03429905613994199
  outer loop
    vertex 9509.217600801963 10065.518248620781 94.03115996361458
    vertex 9509.496078096949 10066.0323033607 84.03115997893481
    vertex 9509.557407921364 10065.566457094657 84.03115996505106
  endloop
endfacet
facet normal -0.9908615095027671 -0.1304493914658368 -0.03429905613994199
  outer loop
    vertex 9509.217600801963 10065.518248620781 94.03115996361458
    vertex 9509.557407921364 10065.566457094657 84.03115996505106
    vertex 9509.56375464812 10065.518248918817 84.0311599636143
  endloop
endfacet
endsolid xyplotter2_without4pi
