solid xyplotter2_without4pi
facet normal 0.6000000000000137 5.184266466989904e-14 -0.7999999999999897
  outer loop
    vertex 9313.612640825884 10057.163850241426 94.83116145997501
    vertex 9306.012640825886 10112.163850241426 89.13116145997857
    vertex 9313.612640825884 10112.163850241426 94.83116145997857
  endloop
endfacet
facet normal 0.6000000000000137 5.184266466989904e-14 -0.7999999999999897
  outer loop
    vertex 9306.012640825886 10112.163850241426 89.13116145997857
    vertex 9313.612640825884 10057.163850241426 94.83116145997501
    vertex 9306.012640825886 10057.163850241426 89.13116145997502
  endloop
endfacet
facet normal 0.9914448613735364 -0.13052619222213396 2.3018869704074567e-13
  outer loop
    vertex 9330.667604033477 10104.733252140652 91.83116145997808
    vertex 9330.592640851311 10104.163850241428 89.13116145997806
    vertex 9330.667604033479 10104.733252140653 89.13116145997809
  endloop
endfacet
facet normal 0.9914448613735364 -0.13052619222213396 2.3018869704074567e-13
  outer loop
    vertex 9330.592640851311 10104.163850241428 89.13116145997806
    vertex 9330.667604033477 10104.733252140652 91.83116145997808
    vertex 9330.592640851311 10104.163850241428 91.83116145997805
  endloop
endfacet
facet normal 0.9914448613736006 0.1305261922216459 1.9528729595034377e-13
  outer loop
    vertex 9330.592640851311 10104.163850241428 91.83116145997805
    vertex 9330.667604033479 10103.594448342197 89.13116145997803
    vertex 9330.592640851311 10104.163850241428 89.13116145997806
  endloop
endfacet
facet normal 0.9914448613736006 0.1305261922216459 1.9528729595034377e-13
  outer loop
    vertex 9330.667604033479 10103.594448342197 89.13116145997803
    vertex 9330.592640851311 10104.163850241428 91.83116145997805
    vertex 9330.667604033477 10103.5944483422 91.83116145997802
  endloop
endfacet
facet normal 0.9238795325120485 0.3826834323632509 8.476378674384282e-14
  outer loop
    vertex 9330.667604033479 10103.594448342197 89.13116145997803
    vertex 9330.887384962985 10103.063850241426 91.83116145997799
    vertex 9330.887384962987 10103.063850241424 89.13116145997797
  endloop
endfacet
facet normal 0.9238795325120485 0.3826834323632509 8.476378674384282e-14
  outer loop
    vertex 9330.887384962985 10103.063850241426 91.83116145997799
    vertex 9330.667604033479 10103.594448342197 89.13116145997803
    vertex 9330.667604033477 10103.5944483422 91.83116145997802
  endloop
endfacet
facet normal 0.7933533402905067 0.60876142900967 -2.1212332139198308e-13
  outer loop
    vertex 9330.887384962985 10103.063850241426 91.83116145997799
    vertex 9331.237005932699 10102.608215322818 89.13116145997795
    vertex 9330.887384962987 10103.063850241424 89.13116145997797
  endloop
endfacet
facet normal 0.7933533402905067 0.60876142900967 -2.1212332139198308e-13
  outer loop
    vertex 9331.237005932699 10102.608215322818 89.13116145997795
    vertex 9330.887384962985 10103.063850241426 91.83116145997799
    vertex 9331.237005932702 10102.608215322816 91.83116145997793
  endloop
endfacet
facet normal 0.6087614290082171 0.7933533402916216 1.4806383914158559e-13
  outer loop
    vertex 9331.237005932702 10102.608215322816 91.83116145997793
    vertex 9331.69264085131 10102.258594353103 89.13116145997792
    vertex 9331.237005932699 10102.608215322818 89.13116145997795
  endloop
endfacet
facet normal 0.6087614290082171 0.7933533402916216 1.4806383914158559e-13
  outer loop
    vertex 9331.69264085131 10102.258594353103 89.13116145997792
    vertex 9331.237005932702 10102.608215322816 91.83116145997793
    vertex 9331.692640851312 10102.258594353101 91.83116145997792
  endloop
endfacet
facet normal 0.3826834323653968 0.9238795325111597 2.8940339894139355e-13
  outer loop
    vertex 9331.692640851312 10102.258594353101 91.83116145997792
    vertex 9332.223238952085 10102.038813423593 89.13116145997793
    vertex 9331.69264085131 10102.258594353103 89.13116145997792
  endloop
endfacet
facet normal 0.3826834323653968 0.9238795325111597 2.8940339894139355e-13
  outer loop
    vertex 9332.223238952085 10102.038813423593 89.13116145997793
    vertex 9331.692640851312 10102.258594353101 91.83116145997792
    vertex 9332.223238952087 10102.03881342359 91.83116145997792
  endloop
endfacet
facet normal 0.13052619222089837 0.991444861373699 4.952747396484946e-13
  outer loop
    vertex 9332.223238952087 10102.03881342359 91.83116145997792
    vertex 9332.792640851312 10101.963850241427 89.1311614599779
    vertex 9332.223238952085 10102.038813423593 89.13116145997793
  endloop
endfacet
facet normal 0.13052619222089837 0.991444861373699 4.952747396484946e-13
  outer loop
    vertex 9332.792640851312 10101.963850241427 89.1311614599779
    vertex 9332.223238952087 10102.03881342359 91.83116145997792
    vertex 9332.792640851312 10101.963850241427 91.83116145997789
  endloop
endfacet
facet normal -0.1305261922196628 0.9914448613738616 2.999867481133193e-13
  outer loop
    vertex 9333.362042750538 10102.03881342359 91.83116145997792
    vertex 9332.792640851312 10101.963850241427 89.1311614599779
    vertex 9332.792640851312 10101.963850241427 91.83116145997789
  endloop
endfacet
facet normal -0.1305261922196628 0.9914448613738616 2.999867481133193e-13
  outer loop
    vertex 9332.792640851312 10101.963850241427 89.1311614599779
    vertex 9333.362042750538 10102.03881342359 91.83116145997792
    vertex 9333.362042750538 10102.03881342359 89.13116145997792
  endloop
endfacet
facet normal -0.38268343236620944 0.9238795325108231 3.9172174005953634e-13
  outer loop
    vertex 9333.362042750538 10102.03881342359 91.83116145997792
    vertex 9333.892640851316 10102.258594353105 89.13116145997792
    vertex 9333.362042750538 10102.03881342359 89.13116145997792
  endloop
endfacet
facet normal -0.38268343236620944 0.9238795325108231 3.9172174005953634e-13
  outer loop
    vertex 9333.892640851316 10102.258594353105 89.13116145997792
    vertex 9333.362042750538 10102.03881342359 91.83116145997792
    vertex 9333.892640851313 10102.258594353101 91.83116145997792
  endloop
endfacet
facet normal -0.6087614290078488 0.7933533402919041 1.4806472473240256e-13
  outer loop
    vertex 9334.348275769922 10102.608215322816 91.83116145997793
    vertex 9333.892640851316 10102.258594353105 89.13116145997792
    vertex 9333.892640851313 10102.258594353101 91.83116145997792
  endloop
endfacet
facet normal -0.6087614290078488 0.7933533402919041 1.4806472473240256e-13
  outer loop
    vertex 9333.892640851316 10102.258594353105 89.13116145997792
    vertex 9334.348275769922 10102.608215322816 91.83116145997793
    vertex 9334.348275769924 10102.608215322818 89.13116145997795
  endloop
endfacet
facet normal -0.7933533402917629 0.6087614290080329 -9.87150172918064e-14
  outer loop
    vertex 9334.348275769922 10102.608215322816 91.83116145997793
    vertex 9334.697896739639 10103.063850241428 89.131161459978
    vertex 9334.348275769924 10102.608215322818 89.13116145997795
  endloop
endfacet
facet normal -0.7933533402917629 0.6087614290080329 -9.87150172918064e-14
  outer loop
    vertex 9334.697896739639 10103.063850241428 89.131161459978
    vertex 9334.348275769922 10102.608215322816 91.83116145997793
    vertex 9334.697896739637 10103.063850241426 91.83116145997799
  endloop
endfacet
facet normal -0.92387953251142 0.3826834323647682 -1.4469901254632917e-13
  outer loop
    vertex 9334.697896739639 10103.063850241428 89.131161459978
    vertex 9334.917677669147 10103.5944483422 91.83116145997802
    vertex 9334.917677669147 10103.5944483422 89.13116145997803
  endloop
endfacet
facet normal -0.92387953251142 0.3826834323647682 -1.4469901254632917e-13
  outer loop
    vertex 9334.917677669147 10103.5944483422 91.83116145997802
    vertex 9334.697896739639 10103.063850241428 89.131161459978
    vertex 9334.697896739637 10103.063850241426 91.83116145997799
  endloop
endfacet
facet normal -0.9914448613735578 0.1305261922219713 -2.65088460191045e-13
  outer loop
    vertex 9334.917677669147 10103.5944483422 91.83116145997802
    vertex 9334.992640851315 10104.163850241428 89.13116145997806
    vertex 9334.917677669147 10103.5944483422 89.13116145997803
  endloop
endfacet
facet normal -0.9914448613735578 0.1305261922219713 -2.65088460191045e-13
  outer loop
    vertex 9334.992640851315 10104.163850241428 89.13116145997806
    vertex 9334.917677669147 10103.5944483422 91.83116145997802
    vertex 9334.992640851313 10104.163850241428 91.83116145997805
  endloop
endfacet
facet normal -0.9914448613736562 -0.1305261922212237 -4.952747003215122e-13
  outer loop
    vertex 9334.992640851315 10104.163850241428 89.13116145997806
    vertex 9334.917677669147 10104.733252140652 91.83116145997808
    vertex 9334.91767766915 10104.733252140652 89.13116145997809
  endloop
endfacet
facet normal -0.9914448613736562 -0.1305261922212237 -4.952747003215122e-13
  outer loop
    vertex 9334.917677669147 10104.733252140652 91.83116145997808
    vertex 9334.992640851315 10104.163850241428 89.13116145997806
    vertex 9334.992640851313 10104.163850241428 91.83116145997805
  endloop
endfacet
facet normal -0.9238795325111597 -0.3826834323653968 -2.8940305612483063e-13
  outer loop
    vertex 9334.91767766915 10104.733252140652 89.13116145997809
    vertex 9334.697896739637 10105.263850241427 91.8311614599781
    vertex 9334.697896739639 10105.263850241425 89.1311614599781
  endloop
endfacet
facet normal -0.9238795325111597 -0.3826834323653968 -2.8940305612483063e-13
  outer loop
    vertex 9334.697896739637 10105.263850241427 91.8311614599781
    vertex 9334.91767766915 10104.733252140652 89.13116145997809
    vertex 9334.917677669147 10104.733252140652 91.83116145997808
  endloop
endfacet
facet normal -0.7933533402917629 -0.608761429008033 -9.87098911669903e-14
  outer loop
    vertex 9334.697896739637 10105.263850241427 91.8311614599781
    vertex 9334.348275769924 10105.719485160036 89.13116145997816
    vertex 9334.697896739639 10105.263850241425 89.1311614599781
  endloop
endfacet
facet normal -0.7933533402917629 -0.608761429008033 -9.87098911669903e-14
  outer loop
    vertex 9334.348275769924 10105.719485160036 89.13116145997816
    vertex 9334.697896739637 10105.263850241427 91.8311614599781
    vertex 9334.348275769922 10105.719485160038 91.83116145997816
  endloop
endfacet
facet normal -0.6087614290091922 -0.7933533402908735 2.1212254821269932e-13
  outer loop
    vertex 9334.348275769924 10105.719485160036 89.13116145997816
    vertex 9333.892640851313 10106.069106129753 91.83116145997818
    vertex 9333.89264085131 10106.069106129753 89.13116145997819
  endloop
endfacet
facet normal -0.6087614290091922 -0.7933533402908735 2.1212254821269932e-13
  outer loop
    vertex 9333.892640851313 10106.069106129753 91.83116145997818
    vertex 9334.348275769924 10105.719485160036 89.13116145997816
    vertex 9334.348275769922 10105.719485160038 91.83116145997816
  endloop
endfacet
facet normal -0.382683432363435 -0.9238795325119722 1.622575132090973e-13
  outer loop
    vertex 9333.89264085131 10106.069106129753 89.13116145997819
    vertex 9333.362042750538 10106.288887059261 91.83116145997818
    vertex 9333.362042750534 10106.288887059263 89.13116145997819
  endloop
endfacet
facet normal -0.382683432363435 -0.9238795325119722 1.622575132090973e-13
  outer loop
    vertex 9333.362042750538 10106.288887059261 91.83116145997818
    vertex 9333.89264085131 10106.069106129753 89.13116145997819
    vertex 9333.892640851313 10106.069106129753 91.83116145997818
  endloop
endfacet
facet normal -0.1305261922199881 -0.9914448613738188 -1.6038894792832228e-13
  outer loop
    vertex 9333.362042750534 10106.288887059263 89.13116145997819
    vertex 9332.792640851312 10106.363850241427 91.8311614599782
    vertex 9332.792640851312 10106.363850241427 89.1311614599782
  endloop
endfacet
facet normal -0.1305261922199881 -0.9914448613738188 -1.6038894792832228e-13
  outer loop
    vertex 9332.792640851312 10106.363850241427 91.8311614599782
    vertex 9333.362042750534 10106.288887059263 89.13116145997819
    vertex 9333.362042750538 10106.288887059261 91.83116145997818
  endloop
endfacet
facet normal 0.1305261922199881 -0.9914448613738188 -2.301872218139558e-13
  outer loop
    vertex 9332.223238952089 10106.288887059263 89.13116145997819
    vertex 9332.792640851312 10106.363850241427 91.8311614599782
    vertex 9332.223238952087 10106.288887059261 91.83116145997818
  endloop
endfacet
facet normal 0.1305261922199881 -0.9914448613738188 -2.301872218139558e-13
  outer loop
    vertex 9332.792640851312 10106.363850241427 91.8311614599782
    vertex 9332.223238952089 10106.288887059263 89.13116145997819
    vertex 9332.792640851312 10106.363850241427 89.1311614599782
  endloop
endfacet
facet normal 0.3826834323636954 -0.9238795325118644 -1.8708355542271673e-13
  outer loop
    vertex 9331.692640851315 10106.069106129755 89.13116145997819
    vertex 9332.223238952087 10106.288887059261 91.83116145997818
    vertex 9331.692640851312 10106.069106129753 91.83116145997818
  endloop
endfacet
facet normal 0.3826834323636954 -0.9238795325118644 -1.8708355542271673e-13
  outer loop
    vertex 9332.223238952087 10106.288887059261 91.83116145997818
    vertex 9331.692640851315 10106.069106129755 89.13116145997819
    vertex 9332.223238952089 10106.288887059263 89.13116145997819
  endloop
endfacet
facet normal 0.6087614290095605 -0.7933533402905909 2.1212254821262303e-13
  outer loop
    vertex 9331.692640851315 10106.069106129755 89.13116145997819
    vertex 9331.237005932702 10105.719485160038 91.83116145997816
    vertex 9331.237005932699 10105.719485160034 89.13116145997816
  endloop
endfacet
facet normal 0.6087614290095605 -0.7933533402905909 2.1212254821262303e-13
  outer loop
    vertex 9331.237005932702 10105.719485160038 91.83116145997816
    vertex 9331.692640851315 10106.069106129755 89.13116145997819
    vertex 9331.692640851312 10106.069106129753 91.83116145997818
  endloop
endfacet
facet normal 0.7933533402905067 -0.6087614290096701 -2.1211576488843019e-13
  outer loop
    vertex 9331.237005932702 10105.719485160038 91.83116145997816
    vertex 9330.887384962987 10105.26385024143 89.13116145997813
    vertex 9331.237005932699 10105.719485160034 89.13116145997816
  endloop
endfacet
facet normal 0.7933533402905067 -0.6087614290096701 -2.1211576488843019e-13
  outer loop
    vertex 9330.887384962987 10105.26385024143 89.13116145997813
    vertex 9331.237005932702 10105.719485160038 91.83116145997816
    vertex 9330.887384962985 10105.263850241427 91.8311614599781
  endloop
endfacet
facet normal 0.9238795325122326 -0.38268343236280655 1.8708205302174484e-13
  outer loop
    vertex 9330.887384962987 10105.26385024143 89.13116145997813
    vertex 9330.667604033477 10104.733252140652 91.83116145997808
    vertex 9330.667604033479 10104.733252140653 89.13116145997809
  endloop
endfacet
facet normal 0.9238795325122326 -0.38268343236280655 1.8708205302174484e-13
  outer loop
    vertex 9330.667604033477 10104.733252140652 91.83116145997808
    vertex 9330.887384962987 10105.26385024143 89.13116145997813
    vertex 9330.887384962985 10105.263850241427 91.8311614599781
  endloop
endfacet
facet normal -0.7933533402917629 -0.6087614290080329 -9.871281173490708e-14
  outer loop
    vertex 9334.697896739637 10066.263850241427 91.83116145997559
    vertex 9334.348275769924 10066.719485160036 89.13116145997563
    vertex 9334.697896739639 10066.263850241427 89.13116145997559
  endloop
endfacet
facet normal -0.7933533402917629 -0.6087614290080329 -9.871281173490708e-14
  outer loop
    vertex 9334.348275769924 10066.719485160036 89.13116145997563
    vertex 9334.697896739637 10066.263850241427 91.83116145997559
    vertex 9334.348275769922 10066.719485160038 91.83116145997563
  endloop
endfacet
facet normal -0.6087614290084009 -0.7933533402914804 1.5447884374380712e-18
  outer loop
    vertex 9334.348275769924 10066.719485160036 89.13116145997563
    vertex 9333.892640851313 10067.069106129751 91.83116145997565
    vertex 9333.89264085131 10067.069106129753 89.13116145997566
  endloop
endfacet
facet normal -0.6087614290084009 -0.7933533402914804 1.5447884374380712e-18
  outer loop
    vertex 9333.892640851313 10067.069106129751 91.83116145997565
    vertex 9334.348275769924 10066.719485160036 89.13116145997563
    vertex 9334.348275769922 10066.719485160038 91.83116145997563
  endloop
endfacet
facet normal -0.38268343236450786 -0.9238795325115278 -8.476575667598478e-14
  outer loop
    vertex 9333.89264085131 10067.069106129753 89.13116145997566
    vertex 9333.362042750538 10067.288887059263 91.83116145997566
    vertex 9333.362042750534 10067.288887059263 89.13116145997567
  endloop
endfacet
facet normal -0.38268343236450786 -0.9238795325115278 -8.476575667598478e-14
  outer loop
    vertex 9333.362042750538 10067.288887059263 91.83116145997566
    vertex 9333.89264085131 10067.069106129753 89.13116145997566
    vertex 9333.892640851313 10067.069106129751 91.83116145997565
  endloop
endfacet
facet normal -0.1305261922199881 -0.9914448613738188 -1.6038841505715124e-13
  outer loop
    vertex 9333.362042750534 10067.288887059263 89.13116145997567
    vertex 9332.792640851312 10067.363850241427 91.83116145997565
    vertex 9332.792640851312 10067.363850241427 89.13116145997566
  endloop
endfacet
facet normal -0.1305261922199881 -0.9914448613738188 -1.6038841505715124e-13
  outer loop
    vertex 9332.792640851312 10067.363850241427 91.83116145997565
    vertex 9333.362042750534 10067.288887059263 89.13116145997567
    vertex 9333.362042750538 10067.288887059263 91.83116145997566
  endloop
endfacet
facet normal 0.1305261922199881 -0.9914448613738188 -2.301866889427845e-13
  outer loop
    vertex 9332.223238952089 10067.288887059263 89.13116145997567
    vertex 9332.792640851312 10067.363850241427 91.83116145997565
    vertex 9332.223238952087 10067.288887059263 91.83116145997566
  endloop
endfacet
facet normal 0.1305261922199881 -0.9914448613738188 -2.301866889427845e-13
  outer loop
    vertex 9332.792640851312 10067.363850241427 91.83116145997565
    vertex 9332.223238952089 10067.288887059263 89.13116145997567
    vertex 9332.792640851312 10067.363850241427 89.13116145997566
  endloop
endfacet
facet normal 0.38268343236476826 -0.92387953251142 -4.341031534164435e-13
  outer loop
    vertex 9331.692640851315 10067.069106129755 89.13116145997566
    vertex 9332.223238952087 10067.288887059263 91.83116145997566
    vertex 9331.692640851312 10067.069106129751 91.83116145997565
  endloop
endfacet
facet normal 0.38268343236476826 -0.92387953251142 -4.341031534164435e-13
  outer loop
    vertex 9332.223238952087 10067.288887059263 91.83116145997566
    vertex 9331.692640851315 10067.069106129755 89.13116145997566
    vertex 9332.223238952089 10067.288887059263 89.13116145997567
  endloop
endfacet
facet normal 0.6087614290087693 -0.793353340291198 1.5447884366113453e-18
  outer loop
    vertex 9331.692640851315 10067.069106129755 89.13116145997566
    vertex 9331.237005932702 10066.719485160038 91.83116145997563
    vertex 9331.237005932699 10066.719485160034 89.13116145997563
  endloop
endfacet
facet normal 0.6087614290087693 -0.793353340291198 1.5447884366113453e-18
  outer loop
    vertex 9331.237005932702 10066.719485160038 91.83116145997563
    vertex 9331.692640851315 10067.069106129755 89.13116145997566
    vertex 9331.692640851312 10067.069106129751 91.83116145997565
  endloop
endfacet
facet normal 0.7933533402905067 -0.6087614290096701 -2.1212160602426777e-13
  outer loop
    vertex 9331.237005932702 10066.719485160038 91.83116145997563
    vertex 9330.887384962987 10066.26385024143 89.13116145997562
    vertex 9331.237005932699 10066.719485160034 89.13116145997563
  endloop
endfacet
facet normal 0.7933533402905067 -0.6087614290096701 -2.1212160602426777e-13
  outer loop
    vertex 9330.887384962987 10066.26385024143 89.13116145997562
    vertex 9331.237005932702 10066.719485160038 91.83116145997563
    vertex 9330.887384962985 10066.263850241427 91.83116145997559
  endloop
endfacet
facet normal 0.9238795325122326 -0.38268343236280655 1.8708205302174484e-13
  outer loop
    vertex 9330.887384962987 10066.26385024143 89.13116145997562
    vertex 9330.667604033477 10065.733252140653 91.83116145997556
    vertex 9330.667604033479 10065.733252140653 89.13116145997557
  endloop
endfacet
facet normal 0.9238795325122326 -0.38268343236280655 1.8708205302174484e-13
  outer loop
    vertex 9330.667604033477 10065.733252140653 91.83116145997556
    vertex 9330.887384962987 10066.26385024143 89.13116145997562
    vertex 9330.887384962985 10066.263850241427 91.83116145997559
  endloop
endfacet
facet normal 0.9914448613735578 -0.13052619222197126 1.9528946676171505e-13
  outer loop
    vertex 9330.667604033479 10065.733252140653 89.13116145997557
    vertex 9330.592640851311 10065.163850241426 91.83116145997553
    vertex 9330.592640851311 10065.163850241428 89.13116145997552
  endloop
endfacet
facet normal 0.9914448613735578 -0.13052619222197126 1.9528946676171505e-13
  outer loop
    vertex 9330.592640851311 10065.163850241426 91.83116145997553
    vertex 9330.667604033479 10065.733252140653 89.13116145997557
    vertex 9330.667604033477 10065.733252140653 91.83116145997556
  endloop
endfacet
facet normal 0.9914448613736006 0.13052619222164594 1.9528801549297887e-13
  outer loop
    vertex 9330.592640851311 10065.163850241426 91.83116145997553
    vertex 9330.667604033479 10064.594448342197 89.13116145997547
    vertex 9330.592640851311 10065.163850241428 89.13116145997552
  endloop
endfacet
facet normal 0.9914448613736006 0.13052619222164594 1.9528801549297887e-13
  outer loop
    vertex 9330.667604033479 10064.594448342197 89.13116145997547
    vertex 9330.592640851311 10065.163850241426 91.83116145997553
    vertex 9330.667604033477 10064.5944483422 91.83116145997548
  endloop
endfacet
facet normal 0.9238795325121246 0.3826834323630669 -1.622616993249837e-13
  outer loop
    vertex 9330.667604033477 10064.5944483422 91.83116145997548
    vertex 9330.887384962985 10064.063850241424 89.13116145997544
    vertex 9330.667604033479 10064.594448342197 89.13116145997547
  endloop
endfacet
facet normal 0.9238795325121246 0.3826834323630669 -1.622616993249837e-13
  outer loop
    vertex 9330.887384962985 10064.063850241424 89.13116145997544
    vertex 9330.667604033477 10064.5944483422 91.83116145997548
    vertex 9330.887384962985 10064.063850241426 91.83116145997543
  endloop
endfacet
facet normal 0.7933533402902241 0.6087614290100383 -2.1211945863565636e-13
  outer loop
    vertex 9330.887384962985 10064.063850241426 91.83116145997543
    vertex 9331.2370059327 10063.608215322818 89.13116145997543
    vertex 9330.887384962985 10064.063850241424 89.13116145997544
  endloop
endfacet
facet normal 0.7933533402902241 0.6087614290100383 -2.1211945863565636e-13
  outer loop
    vertex 9331.2370059327 10063.608215322818 89.13116145997543
    vertex 9330.887384962985 10064.063850241426 91.83116145997543
    vertex 9331.237005932702 10063.608215322816 91.83116145997542
  endloop
endfacet
facet normal 0.608761429008824 0.7933533402911558 3.1083000978544325e-13
  outer loop
    vertex 9331.237005932702 10063.608215322816 91.83116145997542
    vertex 9331.69264085131 10063.258594353103 89.1311614599754
    vertex 9331.2370059327 10063.608215322818 89.13116145997543
  endloop
endfacet
facet normal 0.608761429008824 0.7933533402911558 3.1083000978544325e-13
  outer loop
    vertex 9331.69264085131 10063.258594353103 89.1311614599754
    vertex 9331.237005932702 10063.608215322816 91.83116145997542
    vertex 9331.692640851312 10063.2585943531 91.8311614599754
  endloop
endfacet
facet normal 0.38268343236432384 0.9238795325116039 5.364251664266921e-13
  outer loop
    vertex 9331.692640851312 10063.2585943531 91.8311614599754
    vertex 9332.223238952085 10063.038813423593 89.13116145997537
    vertex 9331.69264085131 10063.258594353103 89.1311614599754
  endloop
endfacet
facet normal 0.38268343236432384 0.9238795325116039 5.364251664266921e-13
  outer loop
    vertex 9332.223238952085 10063.038813423593 89.13116145997537
    vertex 9331.692640851312 10063.2585943531 91.8311614599754
    vertex 9332.223238952087 10063.03881342359 91.83116145997536
  endloop
endfacet
facet normal 0.1305261922208984 0.991444861373699 4.952755192918136e-13
  outer loop
    vertex 9332.223238952087 10063.03881342359 91.83116145997536
    vertex 9332.792640851312 10062.963850241427 89.13116145997539
    vertex 9332.223238952085 10063.038813423593 89.13116145997537
  endloop
endfacet
facet normal 0.1305261922208984 0.991444861373699 4.952755192918136e-13
  outer loop
    vertex 9332.792640851312 10062.963850241427 89.13116145997539
    vertex 9332.223238952087 10063.03881342359 91.83116145997536
    vertex 9332.792640851312 10062.963850241427 91.83116145997538
  endloop
endfacet
facet normal -0.13052619221966277 0.9914448613738616 2.999862152421563e-13
  outer loop
    vertex 9333.362042750538 10063.03881342359 91.83116145997536
    vertex 9332.792640851312 10062.963850241427 89.13116145997539
    vertex 9332.792640851312 10062.963850241427 91.83116145997538
  endloop
endfacet
facet normal -0.13052619221966277 0.9914448613738616 2.999862152421563e-13
  outer loop
    vertex 9332.792640851312 10062.963850241427 89.13116145997539
    vertex 9333.362042750538 10063.03881342359 91.83116145997536
    vertex 9333.362042750538 10063.03881342359 89.13116145997537
  endloop
endfacet
facet normal -0.38268343236513647 0.9238795325112674 6.387460946911442e-13
  outer loop
    vertex 9333.362042750538 10063.03881342359 91.83116145997536
    vertex 9333.892640851316 10063.258594353105 89.1311614599754
    vertex 9333.362042750538 10063.03881342359 89.13116145997537
  endloop
endfacet
facet normal -0.38268343236513647 0.9238795325112674 6.387460946911442e-13
  outer loop
    vertex 9333.892640851316 10063.258594353105 89.1311614599754
    vertex 9333.362042750538 10063.03881342359 91.83116145997536
    vertex 9333.892640851313 10063.2585943531 91.8311614599754
  endloop
endfacet
facet normal -0.6087614290084558 0.7933533402914383 3.10830009785866e-13
  outer loop
    vertex 9334.348275769922 10063.608215322816 91.83116145997542
    vertex 9333.892640851316 10063.258594353105 89.1311614599754
    vertex 9333.892640851313 10063.2585943531 91.8311614599754
  endloop
endfacet
facet normal -0.6087614290084558 0.7933533402914383 3.10830009785866e-13
  outer loop
    vertex 9333.892640851316 10063.258594353105 89.1311614599754
    vertex 9334.348275769922 10063.608215322816 91.83116145997542
    vertex 9334.348275769922 10063.608215322816 89.13116145997543
  endloop
endfacet
facet normal -0.7933533402914804 0.6087614290084009 -9.870900636150292e-14
  outer loop
    vertex 9334.348275769922 10063.608215322816 89.13116145997543
    vertex 9334.697896739637 10064.063850241426 91.83116145997543
    vertex 9334.69789673964 10064.06385024143 89.13116145997544
  endloop
endfacet
facet normal -0.7933533402914804 0.6087614290084009 -9.870900636150292e-14
  outer loop
    vertex 9334.697896739637 10064.063850241426 91.83116145997543
    vertex 9334.348275769922 10063.608215322816 89.13116145997543
    vertex 9334.348275769922 10063.608215322816 91.83116145997542
  endloop
endfacet
facet normal -0.9238795325114961 0.38268343236458413 -3.9172336717754157e-13
  outer loop
    vertex 9334.697896739637 10064.063850241426 91.83116145997543
    vertex 9334.917677669147 10064.594448342199 89.13116145997547
    vertex 9334.69789673964 10064.06385024143 89.13116145997544
  endloop
endfacet
facet normal -0.9238795325114961 0.38268343236458413 -3.9172336717754157e-13
  outer loop
    vertex 9334.917677669147 10064.594448342199 89.13116145997547
    vertex 9334.697896739637 10064.063850241426 91.83116145997543
    vertex 9334.917677669147 10064.5944483422 91.83116145997548
  endloop
endfacet
facet normal -0.9914448613735578 0.13052619222197126 -2.650878039337982e-13
  outer loop
    vertex 9334.917677669147 10064.5944483422 91.83116145997548
    vertex 9334.992640851315 10065.163850241428 89.13116145997552
    vertex 9334.917677669147 10064.594448342199 89.13116145997547
  endloop
endfacet
facet normal -0.9914448613735578 0.13052619222197126 -2.650878039337982e-13
  outer loop
    vertex 9334.992640851315 10065.163850241428 89.13116145997552
    vertex 9334.917677669147 10064.5944483422 91.83116145997548
    vertex 9334.992640851313 10065.163850241426 91.83116145997553
  endloop
endfacet
facet normal -0.9914448613736776 -0.13052619222106107 -5.301739306004013e-13
  outer loop
    vertex 9334.992640851313 10065.163850241426 91.83116145997553
    vertex 9334.91767766915 10065.733252140652 89.13116145997557
    vertex 9334.992640851315 10065.163850241428 89.13116145997552
  endloop
endfacet
facet normal -0.9914448613736776 -0.13052619222106107 -5.301739306004013e-13
  outer loop
    vertex 9334.91767766915 10065.733252140652 89.13116145997557
    vertex 9334.992640851313 10065.163850241426 91.83116145997553
    vertex 9334.917677669147 10065.733252140653 91.83116145997556
  endloop
endfacet
facet normal -0.9238795325111597 -0.3826834323653968 -2.8940305612483063e-13
  outer loop
    vertex 9334.91767766915 10065.733252140652 89.13116145997557
    vertex 9334.697896739637 10066.263850241427 91.83116145997559
    vertex 9334.697896739639 10066.263850241427 89.13116145997559
  endloop
endfacet
facet normal -0.9238795325111597 -0.3826834323653968 -2.8940305612483063e-13
  outer loop
    vertex 9334.697896739637 10066.263850241427 91.83116145997559
    vertex 9334.91767766915 10065.733252140652 89.13116145997557
    vertex 9334.917677669147 10065.733252140653 91.83116145997556
  endloop
endfacet
facet normal -0.3826834323643238 0.9238795325116039 5.364273826092151e-13
  outer loop
    vertex 9295.532640800458 10063.2585943531 91.8311614599754
    vertex 9295.002042699685 10063.038813423593 89.13116145997529
    vertex 9295.002042699683 10063.03881342359 91.83116145997536
  endloop
endfacet
facet normal -0.3826834323643238 0.9238795325116039 5.364273826092151e-13
  outer loop
    vertex 9295.002042699685 10063.038813423593 89.13116145997529
    vertex 9295.532640800458 10063.2585943531 91.8311614599754
    vertex 9295.53264080046 10063.258594353103 89.13116145997532
  endloop
endfacet
facet normal -0.608761429008824 0.7933533402911558 3.108338159436365e-13
  outer loop
    vertex 9295.988275719068 10063.608215322816 91.83116145997542
    vertex 9295.53264080046 10063.258594353103 89.13116145997532
    vertex 9295.532640800458 10063.2585943531 91.8311614599754
  endloop
endfacet
facet normal -0.608761429008824 0.7933533402911558 3.108338159436365e-13
  outer loop
    vertex 9295.53264080046 10063.258594353103 89.13116145997532
    vertex 9295.988275719068 10063.608215322816 91.83116145997542
    vertex 9295.98827571907 10063.608215322818 89.13116145997535
  endloop
endfacet
facet normal -0.7933533402905487 0.6087614290096153 -9.871281251856553e-14
  outer loop
    vertex 9295.98827571907 10063.608215322818 89.13116145997535
    vertex 9296.337896688785 10064.063850241426 91.83116145997543
    vertex 9296.337896688785 10064.063850241428 89.13116145997535
  endloop
endfacet
facet normal -0.7933533402905487 0.6087614290096153 -9.871281251856553e-14
  outer loop
    vertex 9296.337896688785 10064.063850241426 91.83116145997543
    vertex 9295.98827571907 10063.608215322818 89.13116145997535
    vertex 9295.988275719068 10063.608215322816 91.83116145997542
  endloop
endfacet
facet normal -0.9238795325108676 0.38268343236610153 -4.5166012353188067e-13
  outer loop
    vertex 9296.337896688785 10064.063850241426 91.83116145997543
    vertex 9296.557677618295 10064.594448342197 89.13116145997539
    vertex 9296.337896688785 10064.063850241428 89.13116145997535
  endloop
endfacet
facet normal -0.9238795325108676 0.38268343236610153 -4.5166012353188067e-13
  outer loop
    vertex 9296.557677618295 10064.594448342197 89.13116145997539
    vertex 9296.337896688785 10064.063850241426 91.83116145997543
    vertex 9296.557677618295 10064.5944483422 91.83116145997548
  endloop
endfacet
facet normal -0.9914448613740886 0.13052619221793918 -6.979962572588368e-14
  outer loop
    vertex 9296.557677618295 10064.5944483422 91.83116145997548
    vertex 9296.632640800459 10065.163850241428 89.13116145997543
    vertex 9296.557677618295 10064.594448342197 89.13116145997539
  endloop
endfacet
facet normal -0.9914448613740886 0.13052619221793918 -6.979962572588368e-14
  outer loop
    vertex 9296.632640800459 10065.163850241428 89.13116145997543
    vertex 9296.557677618295 10064.5944483422 91.83116145997548
    vertex 9296.632640800459 10065.163850241426 91.83116145997553
  endloop
endfacet
facet normal -0.9914448613740456 -0.1305261922182645 -6.979942687096899e-14
  outer loop
    vertex 9296.632640800459 10065.163850241426 91.83116145997553
    vertex 9296.557677618295 10065.733252140653 89.13116145997547
    vertex 9296.632640800459 10065.163850241428 89.13116145997543
  endloop
endfacet
facet normal -0.9914448613740456 -0.1305261922182645 -6.979942687096899e-14
  outer loop
    vertex 9296.557677618295 10065.733252140653 89.13116145997547
    vertex 9296.632640800459 10065.163850241426 91.83116145997553
    vertex 9296.557677618295 10065.733252140653 91.83116145997556
  endloop
endfacet
facet normal -0.9238795325111597 -0.3826834323653968 -2.046417318150963e-13
  outer loop
    vertex 9296.557677618295 10065.733252140653 91.83116145997556
    vertex 9296.337896688785 10066.263850241428 89.13116145997552
    vertex 9296.557677618295 10065.733252140653 89.13116145997547
  endloop
endfacet
facet normal -0.9238795325111597 -0.3826834323653968 -2.046417318150963e-13
  outer loop
    vertex 9296.337896688785 10066.263850241428 89.13116145997552
    vertex 9296.557677618295 10065.733252140653 91.83116145997556
    vertex 9296.337896688785 10066.263850241427 91.83116145997559
  endloop
endfacet
facet normal -0.7933533402903654 -0.6087614290098541 -2.614744038257228e-13
  outer loop
    vertex 9296.337896688785 10066.263850241428 89.13116145997552
    vertex 9295.988275719068 10066.719485160038 91.83116145997563
    vertex 9295.988275719072 10066.719485160034 89.13116145997554
  endloop
endfacet
facet normal -0.7933533402903654 -0.6087614290098541 -2.614744038257228e-13
  outer loop
    vertex 9295.988275719068 10066.719485160038 91.83116145997563
    vertex 9296.337896688785 10066.263850241428 89.13116145997552
    vertex 9296.337896688785 10066.263850241427 91.83116145997559
  endloop
endfacet
facet normal -0.6087614290087693 -0.793353340291198 6.591981407318007e-19
  outer loop
    vertex 9295.988275719072 10066.719485160034 89.13116145997554
    vertex 9295.532640800458 10067.069106129751 91.83116145997565
    vertex 9295.532640800455 10067.069106129755 89.13116145997557
  endloop
endfacet
facet normal -0.6087614290087693 -0.793353340291198 6.591981407318007e-19
  outer loop
    vertex 9295.532640800458 10067.069106129751 91.83116145997565
    vertex 9295.988275719072 10066.719485160034 89.13116145997554
    vertex 9295.988275719068 10066.719485160038 91.83116145997563
  endloop
endfacet
facet normal -0.38268343236476826 -0.92387953251142 -4.3411271338195357e-13
  outer loop
    vertex 9295.532640800455 10067.069106129755 89.13116145997557
    vertex 9295.002042699683 10067.288887059263 91.83116145997566
    vertex 9295.002042699682 10067.288887059263 89.13116145997557
  endloop
endfacet
facet normal -0.38268343236476826 -0.92387953251142 -4.3411271338195357e-13
  outer loop
    vertex 9295.002042699683 10067.288887059263 91.83116145997566
    vertex 9295.532640800455 10067.069106129755 89.13116145997557
    vertex 9295.532640800458 10067.069106129751 91.83116145997565
  endloop
endfacet
facet normal -0.13052619221998812 -0.9914448613738188 -2.3018787807118493e-13
  outer loop
    vertex 9295.002042699682 10067.288887059263 89.13116145997557
    vertex 9294.432640800458 10067.363850241427 91.83116145997565
    vertex 9294.432640800458 10067.363850241427 89.13116145997557
  endloop
endfacet
facet normal -0.13052619221998812 -0.9914448613738188 -2.3018787807118493e-13
  outer loop
    vertex 9294.432640800458 10067.363850241427 91.83116145997565
    vertex 9295.002042699682 10067.288887059263 89.13116145997557
    vertex 9295.002042699683 10067.288887059263 91.83116145997566
  endloop
endfacet
facet normal 0.13052619221998812 -0.9914448613738188 -2.3018787807118493e-13
  outer loop
    vertex 9293.863238901235 10067.288887059263 89.13116145997557
    vertex 9294.432640800458 10067.363850241427 91.83116145997565
    vertex 9293.863238901233 10067.288887059263 91.83116145997566
  endloop
endfacet
facet normal 0.13052619221998812 -0.9914448613738188 -2.3018787807118493e-13
  outer loop
    vertex 9294.432640800458 10067.363850241427 91.83116145997565
    vertex 9293.863238901235 10067.288887059263 89.13116145997557
    vertex 9294.432640800458 10067.363850241427 89.13116145997557
  endloop
endfacet
facet normal 0.38268343236521263 -0.9238795325112359 -3.3179178511628183e-13
  outer loop
    vertex 9293.332640800463 10067.069106129755 89.13116145997557
    vertex 9293.863238901233 10067.288887059263 91.83116145997566
    vertex 9293.33264080046 10067.069106129751 91.83116145997565
  endloop
endfacet
facet normal 0.38268343236521263 -0.9238795325112359 -3.3179178511628183e-13
  outer loop
    vertex 9293.863238901233 10067.288887059263 91.83116145997566
    vertex 9293.332640800463 10067.069106129755 89.13116145997557
    vertex 9293.863238901235 10067.288887059263 89.13116145997557
  endloop
endfacet
facet normal 0.6087614290069481 -0.7933533402925954 1.6276390927443108e-13
  outer loop
    vertex 9293.332640800463 10067.069106129755 89.13116145997557
    vertex 9292.877005881846 10066.719485160038 91.83116145997563
    vertex 9292.877005881845 10066.719485160034 89.13116145997554
  endloop
endfacet
facet normal 0.6087614290069481 -0.7933533402925954 1.6276390927443108e-13
  outer loop
    vertex 9292.877005881846 10066.719485160038 91.83116145997563
    vertex 9293.332640800463 10067.069106129755 89.13116145997557
    vertex 9293.33264080046 10067.069106129751 91.83116145997565
  endloop
endfacet
facet normal 0.7933533402919041 -0.6087614290078488 -1.480609177890175e-13
  outer loop
    vertex 9292.877005881845 10066.719485160034 89.13116145997554
    vertex 9292.527384912133 10066.263850241427 91.83116145997559
    vertex 9292.527384912131 10066.263850241427 89.1311614599755
  endloop
endfacet
facet normal 0.7933533402919041 -0.6087614290078488 -1.480609177890175e-13
  outer loop
    vertex 9292.527384912133 10066.263850241427 91.83116145997559
    vertex 9292.877005881845 10066.719485160034 89.13116145997554
    vertex 9292.877005881846 10066.719485160038 91.83116145997563
  endloop
endfacet
facet normal 0.9238795325111597 -0.3826834323653968 -2.89407488489929e-13
  outer loop
    vertex 9292.527384912133 10066.263850241427 91.83116145997559
    vertex 9292.307603982621 10065.733252140652 89.13116145997547
    vertex 9292.527384912131 10066.263850241427 89.1311614599755
  endloop
endfacet
facet normal 0.9238795325111597 -0.3826834323653968 -2.89407488489929e-13
  outer loop
    vertex 9292.307603982621 10065.733252140652 89.13116145997547
    vertex 9292.527384912133 10066.263850241427 91.83116145997559
    vertex 9292.307603982623 10065.733252140653 91.83116145997556
  endloop
endfacet
facet normal 0.9914448613736776 -0.13052619222106104 -5.30172741471951e-13
  outer loop
    vertex 9292.307603982621 10065.733252140652 89.13116145997547
    vertex 9292.232640800457 10065.163850241426 91.83116145997553
    vertex 9292.232640800456 10065.163850241428 89.13116145997543
  endloop
endfacet
facet normal 0.9914448613736776 -0.13052619222106104 -5.30172741471951e-13
  outer loop
    vertex 9292.232640800457 10065.163850241426 91.83116145997553
    vertex 9292.307603982621 10065.733252140652 89.13116145997547
    vertex 9292.307603982623 10065.733252140653 91.83116145997556
  endloop
endfacet
facet normal 0.9914448613735578 0.13052619222197126 -2.6508536239155753e-13
  outer loop
    vertex 9292.232640800457 10065.163850241426 91.83116145997553
    vertex 9292.307603982623 10064.594448342199 89.13116145997539
    vertex 9292.232640800456 10065.163850241428 89.13116145997543
  endloop
endfacet
facet normal 0.9914448613735578 0.13052619222197126 -2.6508536239155753e-13
  outer loop
    vertex 9292.307603982623 10064.594448342199 89.13116145997539
    vertex 9292.232640800457 10065.163850241426 91.83116145997553
    vertex 9292.307603982623 10064.5944483422 91.83116145997548
  endloop
endfacet
facet normal 0.9238795325114961 0.38268343236458413 -3.917233671775161e-13
  outer loop
    vertex 9292.307603982623 10064.5944483422 91.83116145997548
    vertex 9292.52738491213 10064.06385024143 89.13116145997535
    vertex 9292.307603982623 10064.594448342199 89.13116145997539
  endloop
endfacet
facet normal 0.9238795325114961 0.38268343236458413 -3.917233671775161e-13
  outer loop
    vertex 9292.52738491213 10064.06385024143 89.13116145997535
    vertex 9292.307603982623 10064.5944483422 91.83116145997548
    vertex 9292.527384912133 10064.063850241426 91.83116145997543
  endloop
endfacet
facet normal 0.7933533402916216 0.6087614290082171 -1.480676452997897e-13
  outer loop
    vertex 9292.527384912133 10064.063850241426 91.83116145997543
    vertex 9292.877005881846 10063.608215322818 89.13116145997535
    vertex 9292.52738491213 10064.06385024143 89.13116145997535
  endloop
endfacet
facet normal 0.7933533402916216 0.6087614290082171 -1.480676452997897e-13
  outer loop
    vertex 9292.877005881846 10063.608215322818 89.13116145997535
    vertex 9292.527384912133 10064.063850241426 91.83116145997543
    vertex 9292.877005881846 10063.608215322816 91.83116145997542
  endloop
endfacet
facet normal 0.6087614290077941 0.7933533402919463 2.614789831647132e-13
  outer loop
    vertex 9292.877005881846 10063.608215322816 91.83116145997542
    vertex 9293.33264080046 10063.258594353101 89.13116145997532
    vertex 9292.877005881846 10063.608215322818 89.13116145997535
  endloop
endfacet
facet normal 0.6087614290077941 0.7933533402919463 2.614789831647132e-13
  outer loop
    vertex 9293.33264080046 10063.258594353101 89.13116145997532
    vertex 9292.877005881846 10063.608215322816 91.83116145997542
    vertex 9293.33264080046 10063.2585943531 91.8311614599754
  endloop
endfacet
facet normal 0.38268343236369534 0.9238795325118644 3.917222824331408e-13
  outer loop
    vertex 9293.863238901233 10063.03881342359 91.83116145997536
    vertex 9293.33264080046 10063.258594353101 89.13116145997532
    vertex 9293.33264080046 10063.2585943531 91.8311614599754
  endloop
endfacet
facet normal 0.38268343236369534 0.9238795325118644 3.917222824331408e-13
  outer loop
    vertex 9293.33264080046 10063.258594353101 89.13116145997532
    vertex 9293.863238901233 10063.03881342359 91.83116145997536
    vertex 9293.863238901233 10063.038813423593 89.13116145997529
  endloop
endfacet
facet normal 0.1305261922208984 0.991444861373699 4.952731410349488e-13
  outer loop
    vertex 9293.863238901233 10063.03881342359 91.83116145997536
    vertex 9294.432640800458 10062.963850241427 89.13116145997529
    vertex 9293.863238901233 10063.038813423593 89.13116145997529
  endloop
endfacet
facet normal 0.1305261922208984 0.991444861373699 4.952731410349488e-13
  outer loop
    vertex 9294.432640800458 10062.963850241427 89.13116145997529
    vertex 9293.863238901233 10063.03881342359 91.83116145997536
    vertex 9294.432640800458 10062.963850241427 91.83116145997538
  endloop
endfacet
facet normal -0.1305261922208984 0.991444861373699 4.952755192917894e-13
  outer loop
    vertex 9295.002042699683 10063.03881342359 91.83116145997536
    vertex 9294.432640800458 10062.963850241427 89.13116145997529
    vertex 9294.432640800458 10062.963850241427 91.83116145997538
  endloop
endfacet
facet normal -0.1305261922208984 0.991444861373699 4.952755192917894e-13
  outer loop
    vertex 9294.432640800458 10062.963850241427 89.13116145997529
    vertex 9295.002042699683 10063.03881342359 91.83116145997536
    vertex 9295.002042699685 10063.038813423593 89.13116145997529
  endloop
endfacet
facet normal -0.9914448613740886 0.13052619221793918 -6.979909285471731e-14
  outer loop
    vertex 9296.557677618295 10103.5944483422 91.83116145997802
    vertex 9296.632640800459 10104.163850241428 89.13116145997802
    vertex 9296.557677618295 10103.594448342197 89.13116145997797
  endloop
endfacet
facet normal -0.9914448613740886 0.13052619221793918 -6.979909285471731e-14
  outer loop
    vertex 9296.632640800459 10104.163850241428 89.13116145997802
    vertex 9296.557677618295 10103.5944483422 91.83116145997802
    vertex 9296.632640800459 10104.163850241428 91.83116145997805
  endloop
endfacet
facet normal -0.9914448613740242 -0.13052619221842718 -3.489894417911819e-14
  outer loop
    vertex 9296.632640800459 10104.163850241428 89.13116145997802
    vertex 9296.557677618295 10104.733252140652 91.83116145997808
    vertex 9296.557677618295 10104.733252140653 89.13116145997803
  endloop
endfacet
facet normal -0.9914448613740242 -0.13052619221842718 -3.489894417911819e-14
  outer loop
    vertex 9296.557677618295 10104.733252140652 91.83116145997808
    vertex 9296.632640800459 10104.163850241428 89.13116145997802
    vertex 9296.632640800459 10104.163850241428 91.83116145997805
  endloop
endfacet
facet normal -0.9238795325111597 -0.3826834323653968 -2.0463805992361297e-13
  outer loop
    vertex 9296.557677618295 10104.733252140652 91.83116145997808
    vertex 9296.337896688785 10105.263850241428 89.13116145997809
    vertex 9296.557677618295 10104.733252140653 89.13116145997803
  endloop
endfacet
facet normal -0.9238795325111597 -0.3826834323653968 -2.0463805992361297e-13
  outer loop
    vertex 9296.337896688785 10105.263850241428 89.13116145997809
    vertex 9296.557677618295 10104.733252140652 91.83116145997808
    vertex 9296.337896688785 10105.263850241427 91.8311614599781
  endloop
endfacet
facet normal -0.7933533402903654 -0.6087614290098542 -2.614744038257356e-13
  outer loop
    vertex 9296.337896688785 10105.263850241427 91.8311614599781
    vertex 9295.988275719072 10105.719485160034 89.13116145997812
    vertex 9296.337896688785 10105.263850241428 89.13116145997809
  endloop
endfacet
facet normal -0.7933533402903654 -0.6087614290098542 -2.614744038257356e-13
  outer loop
    vertex 9295.988275719072 10105.719485160034 89.13116145997812
    vertex 9296.337896688785 10105.263850241427 91.8311614599781
    vertex 9295.988275719068 10105.719485160038 91.83116145997816
  endloop
endfacet
facet normal -0.6087614290095604 -0.7933533402905908 2.1211874205440194e-13
  outer loop
    vertex 9295.988275719072 10105.719485160034 89.13116145997812
    vertex 9295.532640800458 10106.069106129753 91.83116145997818
    vertex 9295.532640800455 10106.069106129755 89.13116145997813
  endloop
endfacet
facet normal -0.6087614290095604 -0.7933533402905908 2.1211874205440194e-13
  outer loop
    vertex 9295.532640800458 10106.069106129753 91.83116145997818
    vertex 9295.988275719072 10105.719485160034 89.13116145997812
    vertex 9295.988275719068 10105.719485160038 91.83116145997816
  endloop
endfacet
facet normal -0.38268343236369534 -0.9238795325118644 -1.8708355542271052e-13
  outer loop
    vertex 9295.532640800455 10106.069106129755 89.13116145997813
    vertex 9295.002042699683 10106.288887059261 91.83116145997818
    vertex 9295.002042699682 10106.288887059263 89.13116145997814
  endloop
endfacet
facet normal -0.38268343236369534 -0.9238795325118644 -1.8708355542271052e-13
  outer loop
    vertex 9295.002042699683 10106.288887059261 91.83116145997818
    vertex 9295.532640800455 10106.069106129755 89.13116145997813
    vertex 9295.532640800458 10106.069106129753 91.83116145997818
  endloop
endfacet
facet normal -0.1305261922199881 -0.9914448613738188 -2.301872218139482e-13
  outer loop
    vertex 9295.002042699682 10106.288887059263 89.13116145997814
    vertex 9294.432640800458 10106.363850241427 91.8311614599782
    vertex 9294.432640800458 10106.363850241427 89.13116145997816
  endloop
endfacet
facet normal -0.1305261922199881 -0.9914448613738188 -2.301872218139482e-13
  outer loop
    vertex 9294.432640800458 10106.363850241427 91.8311614599782
    vertex 9295.002042699682 10106.288887059263 89.13116145997814
    vertex 9295.002042699683 10106.288887059261 91.83116145997818
  endloop
endfacet
facet normal 0.1305261922199881 -0.9914448613738188 -2.301872218139482e-13
  outer loop
    vertex 9293.863238901235 10106.288887059263 89.13116145997814
    vertex 9294.432640800458 10106.363850241427 91.8311614599782
    vertex 9293.863238901233 10106.288887059261 91.83116145997818
  endloop
endfacet
facet normal 0.1305261922199881 -0.9914448613738188 -2.301872218139482e-13
  outer loop
    vertex 9294.432640800458 10106.363850241427 91.8311614599782
    vertex 9293.863238901235 10106.288887059263 89.13116145997814
    vertex 9294.432640800458 10106.363850241427 89.13116145997816
  endloop
endfacet
facet normal 0.3826834323641398 -0.9238795325116803 -8.476262715737096e-14
  outer loop
    vertex 9293.332640800463 10106.069106129755 89.13116145997813
    vertex 9293.863238901233 10106.288887059261 91.83116145997818
    vertex 9293.33264080046 10106.069106129753 91.83116145997818
  endloop
endfacet
facet normal 0.3826834323641398 -0.9238795325116803 -8.476262715737096e-14
  outer loop
    vertex 9293.863238901233 10106.288887059261 91.83116145997818
    vertex 9293.332640800463 10106.069106129755 89.13116145997813
    vertex 9293.863238901235 10106.288887059263 89.13116145997814
  endloop
endfacet
facet normal 0.6087614290077392 -0.7933533402919882 3.74884912699201e-13
  outer loop
    vertex 9293.332640800463 10106.069106129755 89.13116145997813
    vertex 9292.877005881846 10105.719485160038 91.83116145997816
    vertex 9292.877005881845 10105.719485160034 89.13116145997812
  endloop
endfacet
facet normal 0.6087614290077392 -0.7933533402919882 3.74884912699201e-13
  outer loop
    vertex 9292.877005881846 10105.719485160038 91.83116145997816
    vertex 9293.332640800463 10106.069106129755 89.13116145997813
    vertex 9293.33264080046 10106.069106129753 91.83116145997818
  endloop
endfacet
facet normal 0.7933533402919041 -0.6087614290078488 -1.4806853010545038e-13
  outer loop
    vertex 9292.877005881845 10105.719485160034 89.13116145997812
    vertex 9292.527384912133 10105.263850241427 91.8311614599781
    vertex 9292.527384912131 10105.263850241425 89.13116145997806
  endloop
endfacet
facet normal 0.7933533402919041 -0.6087614290078488 -1.4806853010545038e-13
  outer loop
    vertex 9292.527384912133 10105.263850241427 91.8311614599781
    vertex 9292.877005881845 10105.719485160034 89.13116145997812
    vertex 9292.877005881846 10105.719485160038 91.83116145997816
  endloop
endfacet
facet normal 0.9238795325111597 -0.3826834323653968 -2.8940748848993864e-13
  outer loop
    vertex 9292.527384912133 10105.263850241427 91.8311614599781
    vertex 9292.307603982621 10104.733252140652 89.13116145997803
    vertex 9292.527384912131 10105.263850241425 89.13116145997806
  endloop
endfacet
facet normal 0.9238795325111597 -0.3826834323653968 -2.8940748848993864e-13
  outer loop
    vertex 9292.307603982621 10104.733252140652 89.13116145997803
    vertex 9292.527384912133 10105.263850241427 91.8311614599781
    vertex 9292.307603982623 10104.733252140652 91.83116145997808
  endloop
endfacet
facet normal 0.9914448613736562 -0.1305261922212237 -4.952747636068875e-13
  outer loop
    vertex 9292.307603982623 10104.733252140652 91.83116145997808
    vertex 9292.232640800456 10104.163850241428 89.13116145997802
    vertex 9292.307603982621 10104.733252140652 89.13116145997803
  endloop
endfacet
facet normal 0.9914448613736562 -0.1305261922212237 -4.952747636068875e-13
  outer loop
    vertex 9292.232640800456 10104.163850241428 89.13116145997802
    vertex 9292.307603982623 10104.733252140652 91.83116145997808
    vertex 9292.232640800457 10104.163850241428 91.83116145997805
  endloop
endfacet
facet normal 0.9914448613735578 0.13052619222197123 -2.650872710626203e-13
  outer loop
    vertex 9292.232640800457 10104.163850241428 91.83116145997805
    vertex 9292.307603982623 10103.5944483422 89.13116145997797
    vertex 9292.232640800456 10104.163850241428 89.13116145997802
  endloop
endfacet
facet normal 0.9914448613735578 0.13052619222197123 -2.650872710626203e-13
  outer loop
    vertex 9292.307603982623 10103.5944483422 89.13116145997797
    vertex 9292.232640800457 10104.163850241428 91.83116145997805
    vertex 9292.307603982623 10103.5944483422 91.83116145997802
  endloop
endfacet
facet normal 0.92387953251142 0.38268343236476826 -1.4470414014675084e-13
  outer loop
    vertex 9292.307603982623 10103.5944483422 91.83116145997802
    vertex 9292.527384912131 10103.063850241428 89.13116145997796
    vertex 9292.307603982623 10103.5944483422 89.13116145997797
  endloop
endfacet
facet normal 0.92387953251142 0.38268343236476826 -1.4470414014675084e-13
  outer loop
    vertex 9292.527384912131 10103.063850241428 89.13116145997796
    vertex 9292.307603982623 10103.5944483422 91.83116145997802
    vertex 9292.527384912133 10103.063850241426 91.83116145997799
  endloop
endfacet
facet normal 0.7933533402919041 0.6087614290078488 -1.4806312334592634e-13
  outer loop
    vertex 9292.527384912131 10103.063850241428 89.13116145997796
    vertex 9292.877005881846 10102.608215322816 91.83116145997793
    vertex 9292.877005881845 10102.608215322818 89.1311614599779
  endloop
endfacet
facet normal 0.7933533402919041 0.6087614290078488 -1.4806312334592634e-13
  outer loop
    vertex 9292.877005881846 10102.608215322816 91.83116145997793
    vertex 9292.527384912131 10103.063850241428 89.13116145997796
    vertex 9292.527384912133 10103.063850241426 91.83116145997799
  endloop
endfacet
facet normal 0.608761429007187 0.793353340292412 9.870900636264429e-14
  outer loop
    vertex 9292.877005881846 10102.608215322816 91.83116145997793
    vertex 9293.33264080046 10102.258594353101 89.13116145997787
    vertex 9292.877005881845 10102.608215322818 89.1311614599779
  endloop
endfacet
facet normal 0.608761429007187 0.793353340292412 9.870900636264429e-14
  outer loop
    vertex 9293.33264080046 10102.258594353101 89.13116145997787
    vertex 9292.877005881846 10102.608215322816 91.83116145997793
    vertex 9293.33264080046 10102.258594353101 91.83116145997792
  endloop
endfacet
facet normal 0.3826834323647682 0.92387953251142 1.447019706571316e-13
  outer loop
    vertex 9293.863238901233 10102.03881342359 91.83116145997792
    vertex 9293.33264080046 10102.258594353101 89.13116145997787
    vertex 9293.33264080046 10102.258594353101 91.83116145997792
  endloop
endfacet
facet normal 0.3826834323647682 0.92387953251142 1.447019706571316e-13
  outer loop
    vertex 9293.33264080046 10102.258594353101 89.13116145997787
    vertex 9293.863238901233 10102.03881342359 91.83116145997792
    vertex 9293.863238901233 10102.038813423593 89.13116145997789
  endloop
endfacet
facet normal 0.13052619222089837 0.991444861373699 4.952747396484781e-13
  outer loop
    vertex 9293.863238901233 10102.03881342359 91.83116145997792
    vertex 9294.432640800458 10101.963850241427 89.13116145997786
    vertex 9293.863238901233 10102.038813423593 89.13116145997789
  endloop
endfacet
facet normal 0.13052619222089837 0.991444861373699 4.952747396484781e-13
  outer loop
    vertex 9294.432640800458 10101.963850241427 89.13116145997786
    vertex 9293.863238901233 10102.03881342359 91.83116145997792
    vertex 9294.432640800458 10101.963850241427 91.83116145997789
  endloop
endfacet
facet normal -0.13052619222089837 0.991444861373699 4.952747396484781e-13
  outer loop
    vertex 9295.002042699683 10102.03881342359 91.83116145997792
    vertex 9294.432640800458 10101.963850241427 89.13116145997786
    vertex 9294.432640800458 10101.963850241427 91.83116145997789
  endloop
endfacet
facet normal -0.13052619222089837 0.991444861373699 4.952747396484781e-13
  outer loop
    vertex 9294.432640800458 10101.963850241427 89.13116145997786
    vertex 9295.002042699683 10102.03881342359 91.83116145997792
    vertex 9295.002042699685 10102.038813423593 89.13116145997789
  endloop
endfacet
facet normal -0.3826834323653968 0.9238795325111597 2.89403398941384e-13
  outer loop
    vertex 9295.532640800458 10102.258594353101 91.83116145997792
    vertex 9295.002042699685 10102.038813423593 89.13116145997789
    vertex 9295.002042699683 10102.03881342359 91.83116145997792
  endloop
endfacet
facet normal -0.3826834323653968 0.9238795325111597 2.89403398941384e-13
  outer loop
    vertex 9295.002042699685 10102.038813423593 89.13116145997789
    vertex 9295.532640800458 10102.258594353101 91.83116145997792
    vertex 9295.53264080046 10102.258594353103 89.13116145997787
  endloop
endfacet
facet normal -0.608761429008217 0.7933533402916216 1.4806383914158066e-13
  outer loop
    vertex 9295.988275719068 10102.608215322816 91.83116145997793
    vertex 9295.53264080046 10102.258594353103 89.13116145997787
    vertex 9295.532640800458 10102.258594353101 91.83116145997792
  endloop
endfacet
facet normal -0.608761429008217 0.7933533402916216 1.4806383914158066e-13
  outer loop
    vertex 9295.53264080046 10102.258594353103 89.13116145997787
    vertex 9295.988275719068 10102.608215322816 91.83116145997793
    vertex 9295.988275719072 10102.608215322818 89.1311614599779
  endloop
endfacet
facet normal -0.7933533402908313 0.6087614290092471 -9.871198352665942e-14
  outer loop
    vertex 9295.988275719068 10102.608215322816 91.83116145997793
    vertex 9296.337896688785 10103.063850241426 89.13116145997793
    vertex 9295.988275719072 10102.608215322818 89.1311614599779
  endloop
endfacet
facet normal -0.7933533402908313 0.6087614290092471 -9.871198352665942e-14
  outer loop
    vertex 9296.337896688785 10103.063850241426 89.13116145997793
    vertex 9295.988275719068 10102.608215322816 91.83116145997793
    vertex 9296.337896688785 10103.063850241426 91.83116145997799
  endloop
endfacet
facet normal -0.9238795325107915 0.38268343236628566 -2.0463830935476564e-13
  outer loop
    vertex 9296.337896688785 10103.063850241426 91.83116145997799
    vertex 9296.557677618295 10103.594448342197 89.13116145997797
    vertex 9296.337896688785 10103.063850241426 89.13116145997793
  endloop
endfacet
facet normal -0.9238795325107915 0.38268343236628566 -2.0463830935476564e-13
  outer loop
    vertex 9296.557677618295 10103.594448342197 89.13116145997797
    vertex 9296.337896688785 10103.063850241426 91.83116145997799
    vertex 9296.557677618295 10103.5944483422 91.83116145997802
  endloop
endfacet
facet normal 0.9978589232386413 0.06540312922956713 3.367511287628041e-13
  outer loop
    vertex 9338.724199742303 10105.208059779188 91.83116145997812
    vertex 9338.792640851312 10104.163850241439 89.13116145997806
    vertex 9338.724199742304 10105.208059779181 89.13116145997813
  endloop
endfacet
facet normal 0.9978589232386413 0.06540312922956713 3.367511287628041e-13
  outer loop
    vertex 9338.792640851312 10104.163850241439 89.13116145997806
    vertex 9338.724199742303 10105.208059779188 91.83116145997812
    vertex 9338.792640851312 10104.163850241428 91.83116145997805
  endloop
endfacet
facet normal 0.9807852804033129 0.1950903220157142 1.0575094823298774e-13
  outer loop
    vertex 9338.520047461625 10106.234402602247 91.83116145997819
    vertex 9338.724199742304 10105.208059779181 89.13116145997813
    vertex 9338.520047461625 10106.23440260225 89.13116145997819
  endloop
endfacet
facet normal 0.9807852804033129 0.1950903220157142 1.0575094823298774e-13
  outer loop
    vertex 9338.724199742304 10105.208059779181 89.13116145997813
    vertex 9338.520047461625 10106.234402602247 91.83116145997819
    vertex 9338.724199742303 10105.208059779188 91.83116145997812
  endloop
endfacet
facet normal 0.946930129494832 0.3214394653039677 1.6725103169463915e-13
  outer loop
    vertex 9338.183677111401 10107.225317700348 91.83116145997826
    vertex 9338.520047461625 10106.23440260225 89.13116145997819
    vertex 9338.183677111403 10107.225317700344 89.13116145997826
  endloop
endfacet
facet normal 0.946930129494832 0.3214394653039677 1.6725103169463915e-13
  outer loop
    vertex 9338.520047461625 10106.23440260225 89.13116145997819
    vertex 9338.183677111401 10107.225317700348 91.83116145997826
    vertex 9338.520047461625 10106.234402602247 91.83116145997819
  endloop
endfacet
facet normal 0.8968727415324073 0.442288690219571 -1.1825646463993048e-13
  outer loop
    vertex 9337.720844081587 10108.163850241426 91.83116145997832
    vertex 9338.183677111403 10107.225317700344 89.13116145997826
    vertex 9337.720844081585 10108.163850241428 89.13116145997832
  endloop
endfacet
facet normal 0.8968727415324073 0.442288690219571 -1.1825646463993048e-13
  outer loop
    vertex 9338.183677111403 10107.225317700344 89.13116145997826
    vertex 9337.720844081587 10108.163850241426 91.83116145997832
    vertex 9338.183677111401 10107.225317700348 91.83116145997826
  endloop
endfacet
facet normal 0.8314696123030353 0.555570233018869 7.37643260927685e-14
  outer loop
    vertex 9337.139467573641 10109.033941673497 91.83116145997838
    vertex 9337.720844081585 10108.163850241428 89.13116145997832
    vertex 9337.139467573645 10109.033941673493 89.13116145997836
  endloop
endfacet
facet normal 0.8314696123030353 0.555570233018869 7.37643260927685e-14
  outer loop
    vertex 9337.720844081585 10108.163850241428 89.13116145997832
    vertex 9337.139467573641 10109.033941673497 91.83116145997838
    vertex 9337.720844081587 10108.163850241426 91.83116145997832
  endloop
endfacet
facet normal 0.44228869021818 -0.8968727415330933 -9.852758168972263e-15
  outer loop
    vertex 9333.854108310237 10057.772813981339 89.13116145997503
    vertex 9334.792640851312 10058.235647011152 91.83116145997508
    vertex 9333.854108310232 10057.772813981335 91.83116145997504
  endloop
endfacet
facet normal 0.44228869021818 -0.8968727415330933 -9.852758168972263e-15
  outer loop
    vertex 9334.792640851312 10058.235647011152 91.83116145997508
    vertex 9333.854108310237 10057.772813981339 89.13116145997503
    vertex 9334.792640851318 10058.235647011152 89.13116145997509
  endloop
endfacet
facet normal -0.6593458150996527 -0.7518398074793423 9.893136833385068e-14
  outer loop
    vertex 9290.775786550974 10059.506995991926 89.13116145997515
    vertex 9291.56254936839 10058.817023519096 91.83116145997509
    vertex 9290.775786550965 10059.506995991935 91.83116145997515
  endloop
endfacet
facet normal -0.6593458150996527 -0.7518398074793423 9.893136833385068e-14
  outer loop
    vertex 9291.56254936839 10058.817023519096 91.83116145997509
    vertex 9290.775786550974 10059.506995991926 89.13116145997515
    vertex 9291.562549368386 10058.8170235191 89.1311614599751
  endloop
endfacet
facet normal 0.321439465303105 -0.946930129495125 -3.3912842484183345e-13
  outer loop
    vertex 9333.854108310237 10057.772813981339 89.13116145997503
    vertex 9332.863193212132 10057.436443631115 91.83116145997501
    vertex 9332.863193212126 10057.436443631113 89.13116145997502
  endloop
endfacet
facet normal 0.321439465303105 -0.946930129495125 -3.3912842484183345e-13
  outer loop
    vertex 9332.863193212132 10057.436443631115 91.83116145997501
    vertex 9333.854108310237 10057.772813981339 89.13116145997503
    vertex 9333.854108310232 10057.772813981335 91.83116145997504
  endloop
endfacet
facet normal -0.9469301294954023 -0.32143946530228784 -3.2983794935693413e-13
  outer loop
    vertex 9289.041604540367 10062.102382782507 91.83116145997532
    vertex 9288.705234190147 10063.093297880605 89.1311614599754
    vertex 9289.04160454037 10062.1023827825 89.1311614599753
  endloop
endfacet
facet normal -0.9469301294954023 -0.32143946530228784 -3.2983794935693413e-13
  outer loop
    vertex 9288.705234190147 10063.093297880605 89.1311614599754
    vertex 9289.041604540367 10062.102382782507 91.83116145997532
    vertex 9288.705234190147 10063.093297880607 91.83116145997539
  endloop
endfacet
facet normal 0.7518398074789215 0.6593458151001325 -9.061238048664164e-18
  outer loop
    vertex 9336.449495100802 10109.820704490921 89.13116145997844
    vertex 9337.139467573641 10109.033941673497 91.83116145997838
    vertex 9337.139467573645 10109.033941673493 89.13116145997836
  endloop
endfacet
facet normal 0.7518398074789215 0.6593458151001325 -9.061238048664164e-18
  outer loop
    vertex 9337.139467573641 10109.033941673497 91.83116145997838
    vertex 9336.449495100802 10109.820704490921 89.13116145997844
    vertex 9336.449495100806 10109.82070449092 91.83116145997843
  endloop
endfacet
facet normal 0.6593458151006246 0.7518398074784901 4.945624165225423e-14
  outer loop
    vertex 9336.449495100806 10109.82070449092 91.83116145997843
    vertex 9335.662732283383 10110.510676963757 89.13116145997847
    vertex 9335.662732283383 10110.510676963757 91.83116145997847
  endloop
endfacet
facet normal 0.6593458151006246 0.7518398074784901 4.945624165225423e-14
  outer loop
    vertex 9335.662732283383 10110.510676963757 89.13116145997847
    vertex 9336.449495100806 10109.82070449092 91.83116145997843
    vertex 9336.449495100802 10109.820704490921 89.13116145997844
  endloop
endfacet
facet normal -0.44228869021926703 -0.8968727415325572 2.2993801667897153e-13
  outer loop
    vertex 9293.371173341531 10057.772813981339 89.13116145997503
    vertex 9292.432640800458 10058.235647011152 91.83116145997508
    vertex 9292.432640800458 10058.235647011152 89.13116145997509
  endloop
endfacet
facet normal -0.44228869021926703 -0.8968727415325572 2.2993801667897153e-13
  outer loop
    vertex 9292.432640800458 10058.235647011152 91.83116145997508
    vertex 9293.371173341531 10057.772813981339 89.13116145997503
    vertex 9293.371173341538 10057.772813981335 91.83116145997504
  endloop
endfacet
facet normal -0.8968727415326959 -0.44228869021898565 1.149648395559178e-13
  outer loop
    vertex 9289.504437570182 10061.163850241428 89.13116145997527
    vertex 9289.041604540367 10062.102382782507 91.83116145997532
    vertex 9289.04160454037 10062.1023827825 89.1311614599753
  endloop
endfacet
facet normal -0.8968727415326959 -0.44228869021898565 1.149648395559178e-13
  outer loop
    vertex 9289.041604540367 10062.102382782507 91.83116145997532
    vertex 9289.504437570182 10061.163850241428 89.13116145997527
    vertex 9289.504437570184 10061.163850241426 91.83116145997526
  endloop
endfacet
facet normal 0.5555702330193438 0.8314696123027179 -2.911764158647067e-18
  outer loop
    vertex 9335.662732283383 10110.510676963757 91.83116145997847
    vertex 9334.792640851312 10111.092053471702 89.13116145997851
    vertex 9334.792640851312 10111.092053471702 91.8311614599785
  endloop
endfacet
facet normal 0.5555702330193438 0.8314696123027179 -2.911764158647067e-18
  outer loop
    vertex 9334.792640851312 10111.092053471702 89.13116145997851
    vertex 9335.662732283383 10110.510676963757 91.83116145997847
    vertex 9335.662732283383 10110.510676963757 89.13116145997847
  endloop
endfacet
facet normal 0.06540312922968032 0.9978589232386339 -2.6680140465263966e-13
  outer loop
    vertex 9330.792640851312 10112.163850241426 91.83116145997857
    vertex 9331.836850389083 10112.095409132417 89.13116145997857
    vertex 9330.792640851301 10112.163850241426 89.13116145997857
  endloop
endfacet
facet normal 0.06540312922968032 0.9978589232386339 -2.6680140465263966e-13
  outer loop
    vertex 9331.836850389083 10112.095409132417 89.13116145997857
    vertex 9330.792640851312 10112.163850241426 91.83116145997857
    vertex 9331.836850389072 10112.095409132418 91.83116145997857
  endloop
endfacet
facet normal -0.1950903220163707 -0.9807852804031824 -1.5648509911668336e-13
  outer loop
    vertex 9294.362088439644 10057.436443631113 89.13116145997502
    vertex 9295.388431262698 10057.232291350436 91.831161459975
    vertex 9294.362088439637 10057.436443631115 91.83116145997501
  endloop
endfacet
facet normal -0.1950903220163707 -0.9807852804031824 -1.5648509911668336e-13
  outer loop
    vertex 9295.388431262698 10057.232291350436 91.831161459975
    vertex 9294.362088439644 10057.436443631113 89.13116145997502
    vertex 9295.388431262696 10057.232291350438 89.13116145997502
  endloop
endfacet
facet normal -0.7518398074787535 -0.6593458151003243 -9.89142027827578e-14
  outer loop
    vertex 9290.775786550965 10059.506995991935 91.83116145997515
    vertex 9290.085814078126 10060.293758809361 89.13116145997523
    vertex 9290.775786550974 10059.506995991926 89.13116145997515
  endloop
endfacet
facet normal -0.7518398074787535 -0.6593458151003243 -9.89142027827578e-14
  outer loop
    vertex 9290.085814078126 10060.293758809361 89.13116145997523
    vertex 9290.775786550965 10059.506995991935 91.83116145997515
    vertex 9290.085814078127 10060.293758809357 91.8311614599752
  endloop
endfacet
facet normal -0.5555702330199791 -0.8314696123022934 9.988425763972965e-16
  outer loop
    vertex 9292.432640800458 10058.235647011152 89.13116145997509
    vertex 9291.56254936839 10058.817023519096 91.83116145997509
    vertex 9291.562549368386 10058.8170235191 89.1311614599751
  endloop
endfacet
facet normal -0.5555702330199791 -0.8314696123022934 9.988425763972965e-16
  outer loop
    vertex 9291.56254936839 10058.817023519096 91.83116145997509
    vertex 9292.432640800458 10058.235647011152 89.13116145997509
    vertex 9292.432640800458 10058.235647011152 91.83116145997508
  endloop
endfacet
facet normal -0.06540312923035566 -0.9978589232385896 -2.493141354809349e-13
  outer loop
    vertex 9296.432640800458 10057.163850241426 89.13116145997502
    vertex 9295.388431262698 10057.232291350436 91.831161459975
    vertex 9295.388431262696 10057.232291350438 89.13116145997502
  endloop
endfacet
facet normal -0.06540312923035566 -0.9978589232385896 -2.493141354809349e-13
  outer loop
    vertex 9295.388431262698 10057.232291350436 91.831161459975
    vertex 9296.432640800458 10057.163850241426 89.13116145997502
    vertex 9296.432640800458 10057.163850241426 91.83116145997501
  endloop
endfacet
facet normal -0.8314696123028236 -0.5555702330191855 2.2130749225414194e-13
  outer loop
    vertex 9290.085814078126 10060.293758809361 89.13116145997523
    vertex 9289.504437570184 10061.163850241426 91.83116145997526
    vertex 9289.504437570182 10061.163850241428 89.13116145997527
  endloop
endfacet
facet normal -0.8314696123028236 -0.5555702330191855 2.2130749225414194e-13
  outer loop
    vertex 9289.504437570184 10061.163850241426 91.83116145997526
    vertex 9290.085814078126 10060.293758809361 89.13116145997523
    vertex 9290.085814078127 10060.293758809357 91.8311614599752
  endloop
endfacet
facet normal 0.44228869021902373 0.8968727415326773 1.2483213512718107e-13
  outer loop
    vertex 9333.854108310232 10111.554886501517 91.83116145997855
    vertex 9334.792640851312 10111.092053471702 89.13116145997851
    vertex 9333.854108310228 10111.55488650152 89.13116145997851
  endloop
endfacet
facet normal 0.44228869021902373 0.8968727415326773 1.2483213512718107e-13
  outer loop
    vertex 9334.792640851312 10111.092053471702 89.13116145997851
    vertex 9333.854108310232 10111.554886501517 91.83116145997855
    vertex 9334.792640851312 10111.092053471702 91.8311614599785
  endloop
endfacet
facet normal -0.9978589232386385 -0.06540312922961215 2.4931484719244207e-13
  outer loop
    vertex 9288.501081909468 10064.119640703666 91.83116145997546
    vertex 9288.432640800458 10065.163850241417 89.13116145997553
    vertex 9288.501081909466 10064.119640703677 89.13116145997546
  endloop
endfacet
facet normal -0.9978589232386385 -0.06540312922961215 2.4931484719244207e-13
  outer loop
    vertex 9288.432640800458 10065.163850241417 89.13116145997553
    vertex 9288.501081909468 10064.119640703666 91.83116145997546
    vertex 9288.432640800458 10065.163850241426 91.83116145997553
  endloop
endfacet
facet normal 0.9978589232386502 -0.06540312922943206 3.192628269163733e-13
  outer loop
    vertex 9338.792640851312 10065.163850241426 91.83116145997553
    vertex 9338.724199742304 10064.11964070367 89.13116145997546
    vertex 9338.792640851312 10065.163850241417 89.13116145997553
  endloop
endfacet
facet normal 0.9978589232386502 -0.06540312922943206 3.192628269163733e-13
  outer loop
    vertex 9338.724199742304 10064.11964070367 89.13116145997546
    vertex 9338.792640851312 10065.163850241426 91.83116145997553
    vertex 9338.724199742303 10064.119640703666 91.83116145997546
  endloop
endfacet
facet normal 0.9807852804032341 -0.19509032201611023 1.5791408118071816e-13
  outer loop
    vertex 9338.724199742303 10064.119640703666 91.83116145997546
    vertex 9338.520047461625 10063.093297880605 89.1311614599754
    vertex 9338.724199742304 10064.11964070367 89.13116145997546
  endloop
endfacet
facet normal 0.9807852804032341 -0.19509032201611023 1.5791408118071816e-13
  outer loop
    vertex 9338.520047461625 10063.093297880605 89.1311614599754
    vertex 9338.724199742303 10064.119640703666 91.83116145997546
    vertex 9338.520047461625 10063.093297880607 91.83116145997539
  endloop
endfacet
facet normal 0.9469301294949785 -0.32143946530353645 1.7188384310625292e-13
  outer loop
    vertex 9338.520047461625 10063.093297880605 89.1311614599754
    vertex 9338.183677111401 10062.102382782507 91.83116145997532
    vertex 9338.183677111401 10062.102382782505 89.1311614599753
  endloop
endfacet
facet normal 0.9469301294949785 -0.32143946530353645 1.7188384310625292e-13
  outer loop
    vertex 9338.183677111401 10062.102382782507 91.83116145997532
    vertex 9338.520047461625 10063.093297880605 89.1311614599754
    vertex 9338.520047461625 10063.093297880607 91.83116145997539
  endloop
endfacet
facet normal 0.7518398074788375 -0.6593458151002285 -4.945979727837668e-14
  outer loop
    vertex 9337.139467573645 10060.293758809361 89.13116145997523
    vertex 9336.449495100806 10059.506995991935 91.83116145997515
    vertex 9336.449495100798 10059.50699599193 89.13116145997515
  endloop
endfacet
facet normal 0.7518398074788375 -0.6593458151002285 -4.945979727837668e-14
  outer loop
    vertex 9336.449495100806 10059.506995991935 91.83116145997515
    vertex 9337.139467573645 10060.293758809361 89.13116145997523
    vertex 9337.139467573641 10060.293758809357 91.8311614599752
  endloop
endfacet
facet normal 0.19509032201689866 0.9807852804030773 3.6513452932218704e-13
  outer loop
    vertex 9332.863193212132 10111.891256851739 91.83116145997855
    vertex 9331.836850389083 10112.095409132417 89.13116145997857
    vertex 9331.836850389072 10112.095409132418 91.83116145997857
  endloop
endfacet
facet normal 0.19509032201689866 0.9807852804030773 3.6513452932218704e-13
  outer loop
    vertex 9331.836850389083 10112.095409132417 89.13116145997857
    vertex 9332.863193212132 10111.891256851739 91.83116145997855
    vertex 9332.863193212132 10111.89125685174 89.13116145997854
  endloop
endfacet
facet normal -0.9807852804029431 -0.1950903220175731 -3.1297073750224097e-13
  outer loop
    vertex 9288.705234190147 10063.093297880607 91.83116145997539
    vertex 9288.501081909466 10064.119640703677 89.13116145997546
    vertex 9288.705234190147 10063.093297880605 89.1311614599754
  endloop
endfacet
facet normal -0.9807852804029431 -0.1950903220175731 -3.1297073750224097e-13
  outer loop
    vertex 9288.501081909466 10064.119640703677 89.13116145997546
    vertex 9288.705234190147 10063.093297880607 91.83116145997539
    vertex 9288.501081909468 10064.119640703666 91.83116145997546
  endloop
endfacet
facet normal -0.3214394653026851 -0.9469301294952673 -1.6723708234201817e-13
  outer loop
    vertex 9294.362088439644 10057.436443631113 89.13116145997502
    vertex 9293.371173341538 10057.772813981335 91.83116145997504
    vertex 9293.371173341531 10057.772813981339 89.13116145997503
  endloop
endfacet
facet normal -0.3214394653026851 -0.9469301294952673 -1.6723708234201817e-13
  outer loop
    vertex 9293.371173341538 10057.772813981335 91.83116145997504
    vertex 9294.362088439644 10057.436443631113 89.13116145997502
    vertex 9294.362088439637 10057.436443631115 91.83116145997501
  endloop
endfacet
facet normal 0.32143946530252043 0.9469301294953233 4.1578200824765185e-13
  outer loop
    vertex 9332.863193212132 10111.891256851739 91.83116145997855
    vertex 9333.854108310228 10111.55488650152 89.13116145997851
    vertex 9332.863193212132 10111.89125685174 89.13116145997854
  endloop
endfacet
facet normal 0.32143946530252043 0.9469301294953233 4.1578200824765185e-13
  outer loop
    vertex 9333.854108310228 10111.55488650152 89.13116145997851
    vertex 9332.863193212132 10111.891256851739 91.83116145997855
    vertex 9333.854108310232 10111.554886501517 91.83116145997855
  endloop
endfacet
facet normal 0.8968727415325535 -0.4422886902192746 2.397935732185589e-13
  outer loop
    vertex 9338.183677111401 10062.102382782507 91.83116145997532
    vertex 9337.720844081588 10061.163850241428 89.13116145997527
    vertex 9338.183677111401 10062.102382782505 89.1311614599753
  endloop
endfacet
facet normal 0.8968727415325535 -0.4422886902192746 2.397935732185589e-13
  outer loop
    vertex 9337.720844081588 10061.163850241428 89.13116145997527
    vertex 9338.183677111401 10062.102382782507 91.83116145997532
    vertex 9337.720844081587 10061.163850241426 91.83116145997526
  endloop
endfacet
facet normal 0.8314696123028237 -0.5555702330191855 2.2131547030057939e-13
  outer loop
    vertex 9337.720844081587 10061.163850241426 91.83116145997526
    vertex 9337.139467573645 10060.293758809361 89.13116145997523
    vertex 9337.720844081588 10061.163850241428 89.13116145997527
  endloop
endfacet
facet normal 0.8314696123028237 -0.5555702330191855 2.2131547030057939e-13
  outer loop
    vertex 9337.139467573645 10060.293758809361 89.13116145997523
    vertex 9337.720844081587 10061.163850241426 91.83116145997526
    vertex 9337.139467573641 10060.293758809357 91.8311614599752
  endloop
endfacet
facet normal 0.6593458151001387 -0.7518398074789162 -1.0210631083978151e-13
  outer loop
    vertex 9336.449495100798 10059.50699599193 89.13116145997515
    vertex 9335.662732283383 10058.817023519096 91.83116145997509
    vertex 9335.662732283383 10058.817023519097 89.1311614599751
  endloop
endfacet
facet normal 0.6593458151001387 -0.7518398074789162 -1.0210631083978151e-13
  outer loop
    vertex 9335.662732283383 10058.817023519096 91.83116145997509
    vertex 9336.449495100798 10059.50699599193 89.13116145997515
    vertex 9336.449495100806 10059.506995991935 91.83116145997515
  endloop
endfacet
facet normal 0.5555702330202998 -0.831469612302079 1.0014898630059658e-15
  outer loop
    vertex 9334.792640851318 10058.235647011152 89.13116145997509
    vertex 9335.662732283383 10058.817023519096 91.83116145997509
    vertex 9334.792640851312 10058.235647011152 91.83116145997508
  endloop
endfacet
facet normal 0.5555702330202998 -0.831469612302079 1.0014898630059658e-15
  outer loop
    vertex 9335.662732283383 10058.817023519096 91.83116145997509
    vertex 9334.792640851318 10058.235647011152 89.13116145997509
    vertex 9335.662732283383 10058.817023519097 89.1311614599751
  endloop
endfacet
facet normal -0.5555702330193417 0.8314696123027193 1.4854756778743396e-13
  outer loop
    vertex 9291.56254936839 10110.510676963757 91.83116145997847
    vertex 9292.43264080046 10111.092053471704 89.13116145997851
    vertex 9291.562549368386 10110.510676963755 89.13116145997846
  endloop
endfacet
facet normal -0.5555702330193417 0.8314696123027193 1.4854756778743396e-13
  outer loop
    vertex 9292.43264080046 10111.092053471704 89.13116145997851
    vertex 9291.56254936839 10110.510676963757 91.83116145997847
    vertex 9292.432640800458 10111.092053471702 91.8311614599785
  endloop
endfacet
facet normal -0.8968727415324147 0.4422886902195559 -1.2482722923637155e-13
  outer loop
    vertex 9289.041604540369 10107.225317700351 89.13116145997827
    vertex 9289.504437570184 10108.163850241426 91.83116145997832
    vertex 9289.504437570184 10108.163850241428 89.13116145997832
  endloop
endfacet
facet normal -0.8968727415324147 0.4422886902195559 -1.2482722923637155e-13
  outer loop
    vertex 9289.504437570184 10108.163850241426 91.83116145997832
    vertex 9289.041604540369 10107.225317700351 89.13116145997827
    vertex 9289.041604540367 10107.225317700348 91.83116145997826
  endloop
endfacet
facet normal -0.6593458151001387 0.7518398074789162 2.5048035530402614e-13
  outer loop
    vertex 9291.56254936839 10110.510676963757 91.83116145997847
    vertex 9290.77578655097 10109.820704490925 89.13116145997844
    vertex 9290.775786550965 10109.82070449092 91.83116145997843
  endloop
endfacet
facet normal -0.6593458151001387 0.7518398074789162 2.5048035530402614e-13
  outer loop
    vertex 9290.77578655097 10109.820704490925 89.13116145997844
    vertex 9291.56254936839 10110.510676963757 91.83116145997847
    vertex 9291.562549368386 10110.510676963755 89.13116145997846
  endloop
endfacet
facet normal -0.32143946530292916 0.9469301294951846 2.4853372794542566e-13
  outer loop
    vertex 9294.362088439637 10111.891256851739 91.83116145997855
    vertex 9293.37117334154 10111.554886501519 89.13116145997851
    vertex 9293.371173341538 10111.554886501517 91.83116145997855
  endloop
endfacet
facet normal -0.32143946530292916 0.9469301294951846 2.4853372794542566e-13
  outer loop
    vertex 9293.37117334154 10111.554886501519 89.13116145997851
    vertex 9294.362088439637 10111.891256851739 91.83116145997855
    vertex 9294.362088439639 10111.89125685174 89.13116145997854
  endloop
endfacet
facet normal -0.9807852804030219 0.19509032201717708 -3.651338704499891e-13
  outer loop
    vertex 9288.501081909468 10105.208059779188 91.83116145997812
    vertex 9288.705234190147 10106.23440260225 89.13116145997819
    vertex 9288.501081909466 10105.208059779176 89.13116145997813
  endloop
endfacet
facet normal -0.9807852804030219 0.19509032201717708 -3.651338704499891e-13
  outer loop
    vertex 9288.705234190147 10106.23440260225 89.13116145997819
    vertex 9288.501081909468 10105.208059779188 91.83116145997812
    vertex 9288.705234190147 10106.234402602247 91.83116145997819
  endloop
endfacet
facet normal 0.06540312923035567 -0.9978589232385896 -2.4931413548093507e-13
  outer loop
    vertex 9331.836850389074 10057.232291350438 89.13116145997502
    vertex 9330.792640851312 10057.163850241426 91.83116145997501
    vertex 9330.792640851312 10057.163850241426 89.13116145997502
  endloop
endfacet
facet normal 0.06540312923035567 -0.9978589232385896 -2.4931413548093507e-13
  outer loop
    vertex 9330.792640851312 10057.163850241426 91.83116145997501
    vertex 9331.836850389074 10057.232291350438 89.13116145997502
    vertex 9331.836850389072 10057.232291350436 91.831161459975
  endloop
endfacet
facet normal 0.1950903220163707 -0.9807852804031824 -1.564827464298211e-13
  outer loop
    vertex 9331.836850389074 10057.232291350438 89.13116145997502
    vertex 9332.863193212132 10057.436443631115 91.83116145997501
    vertex 9331.836850389072 10057.232291350436 91.831161459975
  endloop
endfacet
facet normal 0.1950903220163707 -0.9807852804031824 -1.564827464298211e-13
  outer loop
    vertex 9332.863193212132 10057.436443631115 91.83116145997501
    vertex 9331.836850389074 10057.232291350438 89.13116145997502
    vertex 9332.863193212126 10057.436443631113 89.13116145997502
  endloop
endfacet
facet normal -0.9978589232386295 0.06540312922974721 2.668018356579967e-13
  outer loop
    vertex 9288.432640800458 10104.163850241428 91.83116145997805
    vertex 9288.501081909466 10105.208059779176 89.13116145997813
    vertex 9288.432640800458 10104.163850241439 89.13116145997806
  endloop
endfacet
facet normal -0.9978589232386295 0.06540312922974721 2.668018356579967e-13
  outer loop
    vertex 9288.501081909466 10105.208059779176 89.13116145997813
    vertex 9288.432640800458 10104.163850241428 91.83116145997805
    vertex 9288.501081909468 10105.208059779188 91.83116145997812
  endloop
endfacet
facet normal -0.8314696123030351 0.555570233018869 7.377763489940368e-14
  outer loop
    vertex 9289.504437570184 10108.163850241428 89.13116145997832
    vertex 9290.085814078127 10109.033941673497 91.83116145997838
    vertex 9290.085814078126 10109.033941673493 89.13116145997836
  endloop
endfacet
facet normal -0.8314696123030351 0.555570233018869 7.377763489940368e-14
  outer loop
    vertex 9290.085814078127 10109.033941673497 91.83116145997838
    vertex 9289.504437570184 10108.163850241428 89.13116145997832
    vertex 9289.504437570184 10108.163850241426 91.83116145997832
  endloop
endfacet
facet normal -0.44228869021900863 0.8968727415326846 1.2482795030410965e-13
  outer loop
    vertex 9293.371173341538 10111.554886501517 91.83116145997855
    vertex 9292.43264080046 10111.092053471704 89.13116145997851
    vertex 9292.432640800458 10111.092053471702 91.8311614599785
  endloop
endfacet
facet normal -0.44228869021900863 0.8968727415326846 1.2482795030410965e-13
  outer loop
    vertex 9292.43264080046 10111.092053471704 89.13116145997851
    vertex 9293.371173341538 10111.554886501517 91.83116145997855
    vertex 9293.37117334154 10111.554886501519 89.13116145997851
  endloop
endfacet
facet normal -0.0654031292296803 0.9978589232386339 -2.6680140465263966e-13
  outer loop
    vertex 9295.388431262698 10112.095409132418 91.83116145997857
    vertex 9296.432640800469 10112.163850241426 89.13116145997857
    vertex 9295.388431262687 10112.095409132417 89.13116145997857
  endloop
endfacet
facet normal -0.0654031292296803 0.9978589232386339 -2.6680140465263966e-13
  outer loop
    vertex 9296.432640800469 10112.163850241426 89.13116145997857
    vertex 9295.388431262698 10112.095409132418 91.83116145997857
    vertex 9296.432640800458 10112.163850241426 91.83116145997857
  endloop
endfacet
facet normal -0.19509032201689863 0.9807852804030773 3.6513452932218694e-13
  outer loop
    vertex 9295.388431262698 10112.095409132418 91.83116145997857
    vertex 9294.362088439639 10111.89125685174 89.13116145997854
    vertex 9294.362088439637 10111.891256851739 91.83116145997855
  endloop
endfacet
facet normal -0.19509032201689863 0.9807852804030773 3.6513452932218694e-13
  outer loop
    vertex 9294.362088439639 10111.89125685174 89.13116145997854
    vertex 9295.388431262698 10112.095409132418 91.83116145997857
    vertex 9295.388431262687 10112.095409132417 89.13116145997857
  endloop
endfacet
facet normal -0.9469301294953271 0.3214394653025091 -2.4852651001384577e-13
  outer loop
    vertex 9288.705234190147 10106.234402602247 91.83116145997819
    vertex 9289.041604540369 10107.225317700351 89.13116145997827
    vertex 9288.705234190147 10106.23440260225 89.13116145997819
  endloop
endfacet
facet normal -0.9469301294953271 0.3214394653025091 -2.4852651001384577e-13
  outer loop
    vertex 9289.041604540369 10107.225317700351 89.13116145997827
    vertex 9288.705234190147 10106.234402602247 91.83116145997819
    vertex 9289.041604540367 10107.225317700348 91.83116145997826
  endloop
endfacet
facet normal -0.7518398074788375 0.6593458151002285 -4.947068073193636e-14
  outer loop
    vertex 9290.085814078127 10109.033941673497 91.83116145997838
    vertex 9290.77578655097 10109.820704490925 89.13116145997844
    vertex 9290.085814078126 10109.033941673493 89.13116145997836
  endloop
endfacet
facet normal -0.7518398074788375 0.6593458151002285 -4.947068073193636e-14
  outer loop
    vertex 9290.77578655097 10109.820704490925 89.13116145997844
    vertex 9290.085814078127 10109.033941673497 91.83116145997838
    vertex 9290.775786550965 10109.82070449092 91.83116145997843
  endloop
endfacet
facet normal 0.0 -6.487865800153257e-14 1.0
  outer loop
    vertex 9321.855281513004 10086.663850241426 91.8311614599769
    vertex 9330.792640851312 10112.163850241426 91.83116145997857
    vertex 9321.855281513004 10112.163850241426 91.83116145997857
  endloop
endfacet
facet normal 0.0 -6.487865800153257e-14 1.0
  outer loop
    vertex 9330.792640851312 10112.163850241426 91.83116145997857
    vertex 9321.855281513004 10086.663850241426 91.8311614599769
    vertex 9331.836850389072 10112.095409132418 91.83116145997857
  endloop
endfacet
facet normal 0.0 -6.487865800153257e-14 1.0
  outer loop
    vertex 9331.836850389072 10112.095409132418 91.83116145997857
    vertex 9321.855281513004 10086.663850241426 91.8311614599769
    vertex 9332.863193212132 10111.891256851739 91.83116145997855
  endloop
endfacet
facet normal 0.0 -6.487865800153257e-14 1.0
  outer loop
    vertex 9332.863193212132 10111.891256851739 91.83116145997855
    vertex 9321.855281513004 10086.663850241426 91.8311614599769
    vertex 9333.854108310232 10111.554886501517 91.83116145997855
  endloop
endfacet
facet normal 0.0 -6.487865800153257e-14 1.0
  outer loop
    vertex 9333.854108310232 10111.554886501517 91.83116145997855
    vertex 9321.855281513004 10086.663850241426 91.8311614599769
    vertex 9330.887384962985 10105.263850241427 91.8311614599781
  endloop
endfacet
facet normal 0.0 -6.487865800153257e-14 1.0
  outer loop
    vertex 9333.854108310232 10111.554886501517 91.83116145997855
    vertex 9330.887384962985 10105.263850241427 91.8311614599781
    vertex 9334.792640851312 10111.092053471702 91.8311614599785
  endloop
endfacet
facet normal 0.0 -6.487865800153257e-14 1.0
  outer loop
    vertex 9334.792640851312 10111.092053471702 91.8311614599785
    vertex 9330.887384962985 10105.263850241427 91.8311614599781
    vertex 9331.237005932702 10105.719485160038 91.83116145997816
  endloop
endfacet
facet normal 0.0 -6.487865800153257e-14 1.0
  outer loop
    vertex 9334.792640851312 10111.092053471702 91.8311614599785
    vertex 9331.237005932702 10105.719485160038 91.83116145997816
    vertex 9335.662732283383 10110.510676963757 91.83116145997847
  endloop
endfacet
facet normal 0.0 -6.487865800153257e-14 1.0
  outer loop
    vertex 9335.662732283383 10110.510676963757 91.83116145997847
    vertex 9331.237005932702 10105.719485160038 91.83116145997816
    vertex 9336.449495100806 10109.82070449092 91.83116145997843
  endloop
endfacet
facet normal 0.0 -6.487865800153257e-14 1.0
  outer loop
    vertex 9336.449495100806 10109.82070449092 91.83116145997843
    vertex 9331.237005932702 10105.719485160038 91.83116145997816
    vertex 9331.692640851312 10106.069106129753 91.83116145997818
  endloop
endfacet
facet normal 0.0 -6.487865800153257e-14 1.0
  outer loop
    vertex 9336.449495100806 10109.82070449092 91.83116145997843
    vertex 9331.692640851312 10106.069106129753 91.83116145997818
    vertex 9337.139467573641 10109.033941673497 91.83116145997838
  endloop
endfacet
facet normal 0.0 -6.487865800153257e-14 1.0
  outer loop
    vertex 9337.139467573641 10109.033941673497 91.83116145997838
    vertex 9331.692640851312 10106.069106129753 91.83116145997818
    vertex 9332.223238952087 10106.288887059261 91.83116145997818
  endloop
endfacet
facet normal 0.0 -6.487865800153257e-14 1.0
  outer loop
    vertex 9337.139467573641 10109.033941673497 91.83116145997838
    vertex 9332.223238952087 10106.288887059261 91.83116145997818
    vertex 9337.720844081587 10108.163850241426 91.83116145997832
  endloop
endfacet
facet normal 0.0 -6.487865800153257e-14 1.0
  outer loop
    vertex 9337.720844081587 10108.163850241426 91.83116145997832
    vertex 9332.223238952087 10106.288887059261 91.83116145997818
    vertex 9338.183677111401 10107.225317700348 91.83116145997826
  endloop
endfacet
facet normal 0.0 -6.487865800153257e-14 1.0
  outer loop
    vertex 9338.183677111401 10107.225317700348 91.83116145997826
    vertex 9332.223238952087 10106.288887059261 91.83116145997818
    vertex 9332.792640851312 10106.363850241427 91.8311614599782
  endloop
endfacet
facet normal 0.0 -6.487865800153257e-14 1.0
  outer loop
    vertex 9330.887384962985 10105.263850241427 91.8311614599781
    vertex 9321.855281513004 10086.663850241426 91.8311614599769
    vertex 9330.667604033477 10104.733252140652 91.83116145997808
  endloop
endfacet
facet normal 0.0 -6.487865800153257e-14 1.0
  outer loop
    vertex 9330.667604033477 10104.733252140652 91.83116145997808
    vertex 9321.855281513004 10086.663850241426 91.8311614599769
    vertex 9330.592640851311 10104.163850241428 91.83116145997805
  endloop
endfacet
facet normal 0.0 -6.487865800153257e-14 1.0
  outer loop
    vertex 9330.592640851311 10104.163850241428 91.83116145997805
    vertex 9321.855281513004 10086.663850241426 91.8311614599769
    vertex 9330.667604033477 10103.5944483422 91.83116145997802
  endloop
endfacet
facet normal 0.0 -6.487865800153257e-14 1.0
  outer loop
    vertex 9330.667604033477 10103.5944483422 91.83116145997802
    vertex 9321.855281513004 10086.663850241426 91.8311614599769
    vertex 9330.887384962985 10103.063850241426 91.83116145997799
  endloop
endfacet
facet normal 0.0 -6.487865800153257e-14 1.0
  outer loop
    vertex 9330.887384962985 10103.063850241426 91.83116145997799
    vertex 9321.855281513004 10086.663850241426 91.8311614599769
    vertex 9331.237005932702 10102.608215322816 91.83116145997793
  endloop
endfacet
facet normal 0.0 -6.487865800153257e-14 1.0
  outer loop
    vertex 9331.237005932702 10102.608215322816 91.83116145997793
    vertex 9321.855281513004 10086.663850241426 91.8311614599769
    vertex 9331.692640851312 10102.258594353101 91.83116145997792
  endloop
endfacet
facet normal 0.0 -6.487865800153257e-14 1.0
  outer loop
    vertex 9331.692640851312 10102.258594353101 91.83116145997792
    vertex 9321.855281513004 10086.663850241426 91.8311614599769
    vertex 9332.223238952087 10102.03881342359 91.83116145997792
  endloop
endfacet
facet normal 0.0 -6.487865800153257e-14 1.0
  outer loop
    vertex 9332.223238952087 10102.03881342359 91.83116145997792
    vertex 9321.855281513004 10086.663850241426 91.8311614599769
    vertex 9332.792640851312 10101.963850241427 91.83116145997789
  endloop
endfacet
facet normal 0.0 -6.487865800153257e-14 1.0
  outer loop
    vertex 9321.855281513004 10057.163850241426 91.83116145997501
    vertex 9328.158546955194 10082.663850241426 91.83116145997664
    vertex 9321.855281513004 10082.663850241426 91.83116145997664
  endloop
endfacet
facet normal 0.0 -6.487865800153257e-14 1.0
  outer loop
    vertex 9328.158546955194 10082.663850241426 91.83116145997664
    vertex 9321.855281513004 10057.163850241426 91.83116145997501
    vertex 9331.237005932702 10066.719485160038 91.83116145997563
  endloop
endfacet
facet normal 0.0 -6.487865800153257e-14 1.0
  outer loop
    vertex 9328.158546955194 10082.663850241426 91.83116145997664
    vertex 9331.237005932702 10066.719485160038 91.83116145997563
    vertex 9331.692640851312 10067.069106129751 91.83116145997565
  endloop
endfacet
facet normal 0.0 -6.487865800153257e-14 1.0
  outer loop
    vertex 9328.158546955194 10082.663850241426 91.83116145997664
    vertex 9331.692640851312 10067.069106129751 91.83116145997565
    vertex 9332.223238952087 10067.288887059263 91.83116145997566
  endloop
endfacet
facet normal 0.0 -6.487865800153257e-14 1.0
  outer loop
    vertex 9328.158546955194 10082.663850241426 91.83116145997664
    vertex 9332.223238952087 10067.288887059263 91.83116145997566
    vertex 9332.792640851312 10067.363850241427 91.83116145997565
  endloop
endfacet
facet normal 0.0 -6.487865800153257e-14 1.0
  outer loop
    vertex 9331.237005932702 10066.719485160038 91.83116145997563
    vertex 9321.855281513004 10057.163850241426 91.83116145997501
    vertex 9330.887384962985 10066.263850241427 91.83116145997559
  endloop
endfacet
facet normal 0.0 -6.487865800153257e-14 1.0
  outer loop
    vertex 9330.887384962985 10066.263850241427 91.83116145997559
    vertex 9321.855281513004 10057.163850241426 91.83116145997501
    vertex 9330.667604033477 10065.733252140653 91.83116145997556
  endloop
endfacet
facet normal 0.0 -6.487865800153257e-14 1.0
  outer loop
    vertex 9330.667604033477 10065.733252140653 91.83116145997556
    vertex 9321.855281513004 10057.163850241426 91.83116145997501
    vertex 9330.592640851311 10065.163850241426 91.83116145997553
  endloop
endfacet
facet normal 0.0 -6.487865800153257e-14 1.0
  outer loop
    vertex 9330.592640851311 10065.163850241426 91.83116145997553
    vertex 9321.855281513004 10057.163850241426 91.83116145997501
    vertex 9330.667604033477 10064.5944483422 91.83116145997548
  endloop
endfacet
facet normal 0.0 -6.487865800153257e-14 1.0
  outer loop
    vertex 9330.667604033477 10064.5944483422 91.83116145997548
    vertex 9321.855281513004 10057.163850241426 91.83116145997501
    vertex 9330.887384962985 10064.063850241426 91.83116145997543
  endloop
endfacet
facet normal 0.0 -6.487865800153257e-14 1.0
  outer loop
    vertex 9330.887384962985 10064.063850241426 91.83116145997543
    vertex 9321.855281513004 10057.163850241426 91.83116145997501
    vertex 9331.237005932702 10063.608215322816 91.83116145997542
  endloop
endfacet
facet normal 0.0 -6.487865800153257e-14 1.0
  outer loop
    vertex 9331.237005932702 10063.608215322816 91.83116145997542
    vertex 9321.855281513004 10057.163850241426 91.83116145997501
    vertex 9331.692640851312 10063.2585943531 91.8311614599754
  endloop
endfacet
facet normal 0.0 -6.487865800153257e-14 1.0
  outer loop
    vertex 9331.692640851312 10063.2585943531 91.8311614599754
    vertex 9321.855281513004 10057.163850241426 91.83116145997501
    vertex 9332.223238952087 10063.03881342359 91.83116145997536
  endloop
endfacet
facet normal 0.0 -6.487865800153257e-14 1.0
  outer loop
    vertex 9332.223238952087 10063.03881342359 91.83116145997536
    vertex 9321.855281513004 10057.163850241426 91.83116145997501
    vertex 9332.792640851312 10062.963850241427 91.83116145997538
  endloop
endfacet
facet normal 0.0 -6.487865800153257e-14 1.0
  outer loop
    vertex 9332.792640851312 10062.963850241427 91.83116145997538
    vertex 9321.855281513004 10057.163850241426 91.83116145997501
    vertex 9338.183677111401 10062.102382782507 91.83116145997532
  endloop
endfacet
facet normal 0.0 -6.487865800153257e-14 1.0
  outer loop
    vertex 9338.183677111401 10062.102382782507 91.83116145997532
    vertex 9321.855281513004 10057.163850241426 91.83116145997501
    vertex 9337.720844081587 10061.163850241426 91.83116145997526
  endloop
endfacet
facet normal 0.0 -6.487865800153257e-14 1.0
  outer loop
    vertex 9337.720844081587 10061.163850241426 91.83116145997526
    vertex 9321.855281513004 10057.163850241426 91.83116145997501
    vertex 9337.139467573641 10060.293758809357 91.8311614599752
  endloop
endfacet
facet normal 0.0 -6.487865800153257e-14 1.0
  outer loop
    vertex 9337.139467573641 10060.293758809357 91.8311614599752
    vertex 9321.855281513004 10057.163850241426 91.83116145997501
    vertex 9336.449495100806 10059.506995991935 91.83116145997515
  endloop
endfacet
facet normal 0.0 -6.487865800153257e-14 1.0
  outer loop
    vertex 9336.449495100806 10059.506995991935 91.83116145997515
    vertex 9321.855281513004 10057.163850241426 91.83116145997501
    vertex 9335.662732283383 10058.817023519096 91.83116145997509
  endloop
endfacet
facet normal 0.0 -6.487865800153257e-14 1.0
  outer loop
    vertex 9335.662732283383 10058.817023519096 91.83116145997509
    vertex 9321.855281513004 10057.163850241426 91.83116145997501
    vertex 9334.792640851312 10058.235647011152 91.83116145997508
  endloop
endfacet
facet normal 0.0 -6.487865800153257e-14 1.0
  outer loop
    vertex 9334.792640851312 10058.235647011152 91.83116145997508
    vertex 9321.855281513004 10057.163850241426 91.83116145997501
    vertex 9333.854108310232 10057.772813981335 91.83116145997504
  endloop
endfacet
facet normal 0.0 -6.487865800153257e-14 1.0
  outer loop
    vertex 9333.854108310232 10057.772813981335 91.83116145997504
    vertex 9321.855281513004 10057.163850241426 91.83116145997501
    vertex 9332.863193212132 10057.436443631115 91.83116145997501
  endloop
endfacet
facet normal 0.0 -6.487865800153257e-14 1.0
  outer loop
    vertex 9332.863193212132 10057.436443631115 91.83116145997501
    vertex 9321.855281513004 10057.163850241426 91.83116145997501
    vertex 9331.836850389072 10057.232291350436 91.831161459975
  endloop
endfacet
facet normal 0.0 -6.487865800153257e-14 1.0
  outer loop
    vertex 9331.836850389072 10057.232291350436 91.831161459975
    vertex 9321.855281513004 10057.163850241426 91.83116145997501
    vertex 9330.792640851312 10057.163850241426 91.83116145997501
  endloop
endfacet
facet normal 0.0 -6.487865800153257e-14 1.0
  outer loop
    vertex 9332.792640851312 10106.363850241427 91.8311614599782
    vertex 9338.520047461625 10106.234402602247 91.83116145997819
    vertex 9338.183677111401 10107.225317700348 91.83116145997826
  endloop
endfacet
facet normal 0.0 -6.487865800153257e-14 1.0
  outer loop
    vertex 9338.520047461625 10106.234402602247 91.83116145997819
    vertex 9332.792640851312 10106.363850241427 91.8311614599782
    vertex 9333.362042750538 10106.288887059261 91.83116145997818
  endloop
endfacet
facet normal 0.0 -6.487865800153257e-14 1.0
  outer loop
    vertex 9338.520047461625 10106.234402602247 91.83116145997819
    vertex 9333.362042750538 10106.288887059261 91.83116145997818
    vertex 9333.892640851313 10106.069106129753 91.83116145997818
  endloop
endfacet
facet normal 0.0 -6.487865800153257e-14 1.0
  outer loop
    vertex 9338.520047461625 10106.234402602247 91.83116145997819
    vertex 9333.892640851313 10106.069106129753 91.83116145997818
    vertex 9338.724199742303 10105.208059779188 91.83116145997812
  endloop
endfacet
facet normal 0.0 -6.487865800153257e-14 1.0
  outer loop
    vertex 9338.724199742303 10105.208059779188 91.83116145997812
    vertex 9333.892640851313 10106.069106129753 91.83116145997818
    vertex 9334.348275769922 10105.719485160038 91.83116145997816
  endloop
endfacet
facet normal 0.0 -6.487865800153257e-14 1.0
  outer loop
    vertex 9338.724199742303 10105.208059779188 91.83116145997812
    vertex 9334.348275769922 10105.719485160038 91.83116145997816
    vertex 9334.697896739637 10105.263850241427 91.8311614599781
  endloop
endfacet
facet normal 0.0 -6.487865800153257e-14 1.0
  outer loop
    vertex 9338.724199742303 10105.208059779188 91.83116145997812
    vertex 9334.697896739637 10105.263850241427 91.8311614599781
    vertex 9334.917677669147 10104.733252140652 91.83116145997808
  endloop
endfacet
facet normal 0.0 -6.487865800153257e-14 1.0
  outer loop
    vertex 9338.724199742303 10105.208059779188 91.83116145997812
    vertex 9334.917677669147 10104.733252140652 91.83116145997808
    vertex 9338.792640851312 10104.163850241428 91.83116145997805
  endloop
endfacet
facet normal 0.0 -6.487865800153257e-14 1.0
  outer loop
    vertex 9338.792640851312 10104.163850241428 91.83116145997805
    vertex 9334.917677669147 10104.733252140652 91.83116145997808
    vertex 9334.992640851313 10104.163850241428 91.83116145997805
  endloop
endfacet
facet normal 0.0 -6.487865800153257e-14 1.0
  outer loop
    vertex 9338.792640851312 10104.163850241428 91.83116145997805
    vertex 9334.992640851313 10104.163850241428 91.83116145997805
    vertex 9334.917677669147 10103.5944483422 91.83116145997802
  endloop
endfacet
facet normal 0.0 -6.487865800153257e-14 1.0
  outer loop
    vertex 9338.792640851312 10104.163850241428 91.83116145997805
    vertex 9334.917677669147 10103.5944483422 91.83116145997802
    vertex 9338.792640851312 10065.163850241426 91.83116145997553
  endloop
endfacet
facet normal 0.0 -6.487865800153257e-14 1.0
  outer loop
    vertex 9338.792640851312 10065.163850241426 91.83116145997553
    vertex 9334.917677669147 10103.5944483422 91.83116145997802
    vertex 9334.697896739637 10103.063850241426 91.83116145997799
  endloop
endfacet
facet normal 0.0 -6.487865800153257e-14 1.0
  outer loop
    vertex 9338.792640851312 10065.163850241426 91.83116145997553
    vertex 9334.697896739637 10103.063850241426 91.83116145997799
    vertex 9334.348275769922 10102.608215322816 91.83116145997793
  endloop
endfacet
facet normal 0.0 -6.487865800153257e-14 1.0
  outer loop
    vertex 9338.792640851312 10065.163850241426 91.83116145997553
    vertex 9334.348275769922 10102.608215322816 91.83116145997793
    vertex 9333.892640851313 10102.258594353101 91.83116145997792
  endloop
endfacet
facet normal 0.0 -6.487865800153257e-14 1.0
  outer loop
    vertex 9338.792640851312 10065.163850241426 91.83116145997553
    vertex 9333.892640851313 10102.258594353101 91.83116145997792
    vertex 9333.362042750538 10102.03881342359 91.83116145997792
  endloop
endfacet
facet normal 0.0 -6.487865800153257e-14 1.0
  outer loop
    vertex 9338.792640851312 10065.163850241426 91.83116145997553
    vertex 9333.362042750538 10102.03881342359 91.83116145997792
    vertex 9332.792640851312 10101.963850241427 91.83116145997789
  endloop
endfacet
facet normal 0.0 -6.487865800153257e-14 1.0
  outer loop
    vertex 9338.792640851312 10065.163850241426 91.83116145997553
    vertex 9332.792640851312 10101.963850241427 91.83116145997789
    vertex 9328.158546955194 10086.663850241426 91.8311614599769
  endloop
endfacet
facet normal 0.0 -6.487865800153257e-14 1.0
  outer loop
    vertex 9328.158546955194 10086.663850241426 91.8311614599769
    vertex 9332.792640851312 10101.963850241427 91.83116145997789
    vertex 9321.855281513004 10086.663850241426 91.8311614599769
  endloop
endfacet
facet normal 0.0 -6.487865800153257e-14 1.0
  outer loop
    vertex 9338.792640851312 10065.163850241426 91.83116145997553
    vertex 9328.158546955194 10086.663850241426 91.8311614599769
    vertex 9328.158546955194 10082.663850241426 91.83116145997664
  endloop
endfacet
facet normal 0.0 -6.487865800153257e-14 1.0
  outer loop
    vertex 9338.792640851312 10065.163850241426 91.83116145997553
    vertex 9328.158546955194 10082.663850241426 91.83116145997664
    vertex 9333.362042750538 10067.288887059263 91.83116145997566
  endloop
endfacet
facet normal 0.0 -6.487865800153257e-14 1.0
  outer loop
    vertex 9333.362042750538 10067.288887059263 91.83116145997566
    vertex 9328.158546955194 10082.663850241426 91.83116145997664
    vertex 9332.792640851312 10067.363850241427 91.83116145997565
  endloop
endfacet
facet normal 0.0 -6.487865800153257e-14 1.0
  outer loop
    vertex 9338.792640851312 10065.163850241426 91.83116145997553
    vertex 9333.362042750538 10067.288887059263 91.83116145997566
    vertex 9333.892640851313 10067.069106129751 91.83116145997565
  endloop
endfacet
facet normal 0.0 -6.487865800153257e-14 1.0
  outer loop
    vertex 9338.792640851312 10065.163850241426 91.83116145997553
    vertex 9333.892640851313 10067.069106129751 91.83116145997565
    vertex 9334.348275769922 10066.719485160038 91.83116145997563
  endloop
endfacet
facet normal 0.0 -6.487865800153257e-14 1.0
  outer loop
    vertex 9338.792640851312 10065.163850241426 91.83116145997553
    vertex 9334.348275769922 10066.719485160038 91.83116145997563
    vertex 9334.697896739637 10066.263850241427 91.83116145997559
  endloop
endfacet
facet normal 0.0 -6.487865800153257e-14 1.0
  outer loop
    vertex 9338.792640851312 10065.163850241426 91.83116145997553
    vertex 9334.697896739637 10066.263850241427 91.83116145997559
    vertex 9334.917677669147 10065.733252140653 91.83116145997556
  endloop
endfacet
facet normal 0.0 -6.487865800153257e-14 1.0
  outer loop
    vertex 9338.792640851312 10065.163850241426 91.83116145997553
    vertex 9334.917677669147 10065.733252140653 91.83116145997556
    vertex 9334.992640851313 10065.163850241426 91.83116145997553
  endloop
endfacet
facet normal 0.0 -6.487865800153257e-14 1.0
  outer loop
    vertex 9338.792640851312 10065.163850241426 91.83116145997553
    vertex 9334.992640851313 10065.163850241426 91.83116145997553
    vertex 9334.917677669147 10064.5944483422 91.83116145997548
  endloop
endfacet
facet normal 0.0 -6.487865800153257e-14 1.0
  outer loop
    vertex 9338.792640851312 10065.163850241426 91.83116145997553
    vertex 9334.917677669147 10064.5944483422 91.83116145997548
    vertex 9338.724199742303 10064.119640703666 91.83116145997546
  endloop
endfacet
facet normal 0.0 -6.487865800153257e-14 1.0
  outer loop
    vertex 9338.724199742303 10064.119640703666 91.83116145997546
    vertex 9334.917677669147 10064.5944483422 91.83116145997548
    vertex 9334.697896739637 10064.063850241426 91.83116145997543
  endloop
endfacet
facet normal 0.0 -6.487865800153257e-14 1.0
  outer loop
    vertex 9338.724199742303 10064.119640703666 91.83116145997546
    vertex 9334.697896739637 10064.063850241426 91.83116145997543
    vertex 9338.520047461625 10063.093297880607 91.83116145997539
  endloop
endfacet
facet normal 0.0 -6.487865800153257e-14 1.0
  outer loop
    vertex 9338.520047461625 10063.093297880607 91.83116145997539
    vertex 9334.697896739637 10064.063850241426 91.83116145997543
    vertex 9334.348275769922 10063.608215322816 91.83116145997542
  endloop
endfacet
facet normal 0.0 -6.487865800153257e-14 1.0
  outer loop
    vertex 9338.520047461625 10063.093297880607 91.83116145997539
    vertex 9334.348275769922 10063.608215322816 91.83116145997542
    vertex 9333.892640851313 10063.2585943531 91.8311614599754
  endloop
endfacet
facet normal 0.0 -6.487865800153257e-14 1.0
  outer loop
    vertex 9338.520047461625 10063.093297880607 91.83116145997539
    vertex 9333.892640851313 10063.2585943531 91.8311614599754
    vertex 9333.362042750538 10063.03881342359 91.83116145997536
  endloop
endfacet
facet normal 0.0 -6.487865800153257e-14 1.0
  outer loop
    vertex 9338.520047461625 10063.093297880607 91.83116145997539
    vertex 9333.362042750538 10063.03881342359 91.83116145997536
    vertex 9338.183677111401 10062.102382782507 91.83116145997532
  endloop
endfacet
facet normal 0.0 -6.487865800153257e-14 1.0
  outer loop
    vertex 9338.183677111401 10062.102382782507 91.83116145997532
    vertex 9333.362042750538 10063.03881342359 91.83116145997536
    vertex 9332.792640851312 10062.963850241427 91.83116145997538
  endloop
endfacet
facet normal 0.0 -6.487865800153257e-14 1.0
  outer loop
    vertex 9288.705234190147 10106.234402602247 91.83116145997819
    vertex 9294.432640800458 10106.363850241427 91.8311614599782
    vertex 9289.041604540367 10107.225317700348 91.83116145997826
  endloop
endfacet
facet normal 0.0 -6.487865800153257e-14 1.0
  outer loop
    vertex 9294.432640800458 10106.363850241427 91.8311614599782
    vertex 9288.705234190147 10106.234402602247 91.83116145997819
    vertex 9293.863238901233 10106.288887059261 91.83116145997818
  endloop
endfacet
facet normal 0.0 -6.487865800153257e-14 1.0
  outer loop
    vertex 9293.863238901233 10106.288887059261 91.83116145997818
    vertex 9288.705234190147 10106.234402602247 91.83116145997819
    vertex 9293.33264080046 10106.069106129753 91.83116145997818
  endloop
endfacet
facet normal 0.0 -6.487865800153257e-14 1.0
  outer loop
    vertex 9293.33264080046 10106.069106129753 91.83116145997818
    vertex 9288.705234190147 10106.234402602247 91.83116145997819
    vertex 9288.501081909468 10105.208059779188 91.83116145997812
  endloop
endfacet
facet normal 0.0 -6.487865800153257e-14 1.0
  outer loop
    vertex 9293.33264080046 10106.069106129753 91.83116145997818
    vertex 9288.501081909468 10105.208059779188 91.83116145997812
    vertex 9292.877005881846 10105.719485160038 91.83116145997816
  endloop
endfacet
facet normal 0.0 -6.487865800153257e-14 1.0
  outer loop
    vertex 9292.877005881846 10105.719485160038 91.83116145997816
    vertex 9288.501081909468 10105.208059779188 91.83116145997812
    vertex 9292.527384912133 10105.263850241427 91.8311614599781
  endloop
endfacet
facet normal 0.0 -6.487865800153257e-14 1.0
  outer loop
    vertex 9292.527384912133 10105.263850241427 91.8311614599781
    vertex 9288.501081909468 10105.208059779188 91.83116145997812
    vertex 9292.307603982623 10104.733252140652 91.83116145997808
  endloop
endfacet
facet normal 0.0 -6.487865800153257e-14 1.0
  outer loop
    vertex 9292.307603982623 10104.733252140652 91.83116145997808
    vertex 9288.501081909468 10105.208059779188 91.83116145997812
    vertex 9288.432640800458 10104.163850241428 91.83116145997805
  endloop
endfacet
facet normal 0.0 -6.487865800153257e-14 1.0
  outer loop
    vertex 9292.307603982623 10104.733252140652 91.83116145997808
    vertex 9288.432640800458 10104.163850241428 91.83116145997805
    vertex 9292.232640800457 10104.163850241428 91.83116145997805
  endloop
endfacet
facet normal 0.0 -6.487865800153257e-14 1.0
  outer loop
    vertex 9292.232640800457 10104.163850241428 91.83116145997805
    vertex 9288.432640800458 10104.163850241428 91.83116145997805
    vertex 9288.432640800458 10065.163850241426 91.83116145997553
  endloop
endfacet
facet normal 0.0 -6.487865800153257e-14 1.0
  outer loop
    vertex 9292.232640800457 10104.163850241428 91.83116145997805
    vertex 9288.432640800458 10065.163850241426 91.83116145997553
    vertex 9292.307603982623 10103.5944483422 91.83116145997802
  endloop
endfacet
facet normal 0.0 -6.487865800153257e-14 1.0
  outer loop
    vertex 9292.307603982623 10103.5944483422 91.83116145997802
    vertex 9288.432640800458 10065.163850241426 91.83116145997553
    vertex 9292.527384912133 10103.063850241426 91.83116145997799
  endloop
endfacet
facet normal 0.0 -6.487865800153257e-14 1.0
  outer loop
    vertex 9292.527384912133 10103.063850241426 91.83116145997799
    vertex 9288.432640800458 10065.163850241426 91.83116145997553
    vertex 9292.877005881846 10102.608215322816 91.83116145997793
  endloop
endfacet
facet normal 0.0 -6.487865800153257e-14 1.0
  outer loop
    vertex 9292.877005881846 10102.608215322816 91.83116145997793
    vertex 9288.432640800458 10065.163850241426 91.83116145997553
    vertex 9293.33264080046 10102.258594353101 91.83116145997792
  endloop
endfacet
facet normal 0.0 -6.487865800153257e-14 1.0
  outer loop
    vertex 9293.33264080046 10102.258594353101 91.83116145997792
    vertex 9288.432640800458 10065.163850241426 91.83116145997553
    vertex 9293.863238901233 10102.03881342359 91.83116145997792
  endloop
endfacet
facet normal 0.0 -6.487865800153257e-14 1.0
  outer loop
    vertex 9293.863238901233 10102.03881342359 91.83116145997792
    vertex 9288.432640800458 10065.163850241426 91.83116145997553
    vertex 9294.432640800458 10101.963850241427 91.83116145997789
  endloop
endfacet
facet normal 0.0 -6.487865800153257e-14 1.0
  outer loop
    vertex 9294.432640800458 10101.963850241427 91.83116145997789
    vertex 9288.432640800458 10065.163850241426 91.83116145997553
    vertex 9299.066734696577 10086.663850241426 91.8311614599769
  endloop
endfacet
facet normal 0.0 -6.487865800153257e-14 1.0
  outer loop
    vertex 9299.066734696577 10086.663850241426 91.8311614599769
    vertex 9288.432640800458 10065.163850241426 91.83116145997553
    vertex 9299.066734696577 10082.663850241426 91.83116145997664
  endloop
endfacet
facet normal 0.0 -6.487865800153257e-14 1.0
  outer loop
    vertex 9299.066734696577 10082.663850241426 91.83116145997664
    vertex 9288.432640800458 10065.163850241426 91.83116145997553
    vertex 9305.370000138766 10082.663850241426 91.83116145997664
  endloop
endfacet
facet normal 0.0 -6.487865800153257e-14 1.0
  outer loop
    vertex 9305.370000138766 10082.663850241426 91.83116145997664
    vertex 9288.432640800458 10065.163850241426 91.83116145997553
    vertex 9293.863238901233 10067.288887059263 91.83116145997566
  endloop
endfacet
facet normal 0.0 -6.487865800153257e-14 1.0
  outer loop
    vertex 9305.370000138766 10082.663850241426 91.83116145997664
    vertex 9293.863238901233 10067.288887059263 91.83116145997566
    vertex 9294.432640800458 10067.363850241427 91.83116145997565
  endloop
endfacet
facet normal 0.0 -6.487865800153257e-14 1.0
  outer loop
    vertex 9293.863238901233 10067.288887059263 91.83116145997566
    vertex 9288.432640800458 10065.163850241426 91.83116145997553
    vertex 9293.33264080046 10067.069106129751 91.83116145997565
  endloop
endfacet
facet normal 0.0 -6.487865800153257e-14 1.0
  outer loop
    vertex 9293.33264080046 10067.069106129751 91.83116145997565
    vertex 9288.432640800458 10065.163850241426 91.83116145997553
    vertex 9292.877005881846 10066.719485160038 91.83116145997563
  endloop
endfacet
facet normal 0.0 -6.487865800153257e-14 1.0
  outer loop
    vertex 9292.877005881846 10066.719485160038 91.83116145997563
    vertex 9288.432640800458 10065.163850241426 91.83116145997553
    vertex 9292.527384912133 10066.263850241427 91.83116145997559
  endloop
endfacet
facet normal 0.0 -6.487865800153257e-14 1.0
  outer loop
    vertex 9292.527384912133 10066.263850241427 91.83116145997559
    vertex 9288.432640800458 10065.163850241426 91.83116145997553
    vertex 9292.307603982623 10065.733252140653 91.83116145997556
  endloop
endfacet
facet normal 0.0 -6.487865800153257e-14 1.0
  outer loop
    vertex 9292.307603982623 10065.733252140653 91.83116145997556
    vertex 9288.432640800458 10065.163850241426 91.83116145997553
    vertex 9292.232640800457 10065.163850241426 91.83116145997553
  endloop
endfacet
facet normal 0.0 -6.487865800153257e-14 1.0
  outer loop
    vertex 9292.232640800457 10065.163850241426 91.83116145997553
    vertex 9288.432640800458 10065.163850241426 91.83116145997553
    vertex 9288.501081909468 10064.119640703666 91.83116145997546
  endloop
endfacet
facet normal 0.0 -6.487865800153257e-14 1.0
  outer loop
    vertex 9292.232640800457 10065.163850241426 91.83116145997553
    vertex 9288.501081909468 10064.119640703666 91.83116145997546
    vertex 9292.307603982623 10064.5944483422 91.83116145997548
  endloop
endfacet
facet normal 0.0 -6.487865800153257e-14 1.0
  outer loop
    vertex 9292.307603982623 10064.5944483422 91.83116145997548
    vertex 9288.501081909468 10064.119640703666 91.83116145997546
    vertex 9292.527384912133 10064.063850241426 91.83116145997543
  endloop
endfacet
facet normal 0.0 -6.487865800153257e-14 1.0
  outer loop
    vertex 9292.527384912133 10064.063850241426 91.83116145997543
    vertex 9288.501081909468 10064.119640703666 91.83116145997546
    vertex 9288.705234190147 10063.093297880607 91.83116145997539
  endloop
endfacet
facet normal 0.0 -6.487865800153257e-14 1.0
  outer loop
    vertex 9292.527384912133 10064.063850241426 91.83116145997543
    vertex 9288.705234190147 10063.093297880607 91.83116145997539
    vertex 9292.877005881846 10063.608215322816 91.83116145997542
  endloop
endfacet
facet normal 0.0 -6.487865800153257e-14 1.0
  outer loop
    vertex 9292.877005881846 10063.608215322816 91.83116145997542
    vertex 9288.705234190147 10063.093297880607 91.83116145997539
    vertex 9293.33264080046 10063.2585943531 91.8311614599754
  endloop
endfacet
facet normal 0.0 -6.487865800153257e-14 1.0
  outer loop
    vertex 9293.33264080046 10063.2585943531 91.8311614599754
    vertex 9288.705234190147 10063.093297880607 91.83116145997539
    vertex 9293.863238901233 10063.03881342359 91.83116145997536
  endloop
endfacet
facet normal 0.0 -6.487865800153257e-14 1.0
  outer loop
    vertex 9293.863238901233 10063.03881342359 91.83116145997536
    vertex 9288.705234190147 10063.093297880607 91.83116145997539
    vertex 9289.041604540367 10062.102382782507 91.83116145997532
  endloop
endfacet
facet normal 0.0 -6.487865800153257e-14 1.0
  outer loop
    vertex 9293.863238901233 10063.03881342359 91.83116145997536
    vertex 9289.041604540367 10062.102382782507 91.83116145997532
    vertex 9294.432640800458 10062.963850241427 91.83116145997538
  endloop
endfacet
facet normal 0.0 -6.487865800153257e-14 1.0
  outer loop
    vertex 9305.370000138766 10082.663850241426 91.83116145997664
    vertex 9295.988275719068 10066.719485160038 91.83116145997563
    vertex 9305.370000138766 10057.163850241426 91.83116145997501
  endloop
endfacet
facet normal 0.0 -6.487865800153257e-14 1.0
  outer loop
    vertex 9295.988275719068 10066.719485160038 91.83116145997563
    vertex 9305.370000138766 10082.663850241426 91.83116145997664
    vertex 9295.532640800458 10067.069106129751 91.83116145997565
  endloop
endfacet
facet normal 0.0 -6.487865800153257e-14 1.0
  outer loop
    vertex 9295.532640800458 10067.069106129751 91.83116145997565
    vertex 9305.370000138766 10082.663850241426 91.83116145997664
    vertex 9295.002042699683 10067.288887059263 91.83116145997566
  endloop
endfacet
facet normal 0.0 -6.487865800153257e-14 1.0
  outer loop
    vertex 9295.002042699683 10067.288887059263 91.83116145997566
    vertex 9305.370000138766 10082.663850241426 91.83116145997664
    vertex 9294.432640800458 10067.363850241427 91.83116145997565
  endloop
endfacet
facet normal 0.0 -6.487865800153257e-14 1.0
  outer loop
    vertex 9305.370000138766 10057.163850241426 91.83116145997501
    vertex 9295.988275719068 10066.719485160038 91.83116145997563
    vertex 9296.337896688785 10066.263850241427 91.83116145997559
  endloop
endfacet
facet normal 0.0 -6.487865800153257e-14 1.0
  outer loop
    vertex 9305.370000138766 10057.163850241426 91.83116145997501
    vertex 9296.337896688785 10066.263850241427 91.83116145997559
    vertex 9296.557677618295 10065.733252140653 91.83116145997556
  endloop
endfacet
facet normal 0.0 -6.487865800153257e-14 1.0
  outer loop
    vertex 9305.370000138766 10057.163850241426 91.83116145997501
    vertex 9296.557677618295 10065.733252140653 91.83116145997556
    vertex 9296.632640800459 10065.163850241426 91.83116145997553
  endloop
endfacet
facet normal 0.0 -6.487865800153257e-14 1.0
  outer loop
    vertex 9305.370000138766 10057.163850241426 91.83116145997501
    vertex 9296.632640800459 10065.163850241426 91.83116145997553
    vertex 9296.557677618295 10064.5944483422 91.83116145997548
  endloop
endfacet
facet normal 0.0 -6.487865800153257e-14 1.0
  outer loop
    vertex 9305.370000138766 10057.163850241426 91.83116145997501
    vertex 9296.557677618295 10064.5944483422 91.83116145997548
    vertex 9296.337896688785 10064.063850241426 91.83116145997543
  endloop
endfacet
facet normal 0.0 -6.487865800153257e-14 1.0
  outer loop
    vertex 9305.370000138766 10057.163850241426 91.83116145997501
    vertex 9296.337896688785 10064.063850241426 91.83116145997543
    vertex 9295.988275719068 10063.608215322816 91.83116145997542
  endloop
endfacet
facet normal 0.0 -6.487865800153257e-14 1.0
  outer loop
    vertex 9305.370000138766 10057.163850241426 91.83116145997501
    vertex 9295.988275719068 10063.608215322816 91.83116145997542
    vertex 9295.532640800458 10063.2585943531 91.8311614599754
  endloop
endfacet
facet normal 0.0 -6.487865800153257e-14 1.0
  outer loop
    vertex 9305.370000138766 10057.163850241426 91.83116145997501
    vertex 9295.532640800458 10063.2585943531 91.8311614599754
    vertex 9295.002042699683 10063.03881342359 91.83116145997536
  endloop
endfacet
facet normal 0.0 -6.487865800153257e-14 1.0
  outer loop
    vertex 9305.370000138766 10057.163850241426 91.83116145997501
    vertex 9295.002042699683 10063.03881342359 91.83116145997536
    vertex 9294.432640800458 10062.963850241427 91.83116145997538
  endloop
endfacet
facet normal 0.0 -6.487865800153257e-14 1.0
  outer loop
    vertex 9305.370000138766 10057.163850241426 91.83116145997501
    vertex 9294.432640800458 10062.963850241427 91.83116145997538
    vertex 9289.041604540367 10062.102382782507 91.83116145997532
  endloop
endfacet
facet normal 0.0 -6.487865800153257e-14 1.0
  outer loop
    vertex 9305.370000138766 10057.163850241426 91.83116145997501
    vertex 9289.041604540367 10062.102382782507 91.83116145997532
    vertex 9289.504437570184 10061.163850241426 91.83116145997526
  endloop
endfacet
facet normal 0.0 -6.487865800153257e-14 1.0
  outer loop
    vertex 9305.370000138766 10057.163850241426 91.83116145997501
    vertex 9289.504437570184 10061.163850241426 91.83116145997526
    vertex 9290.085814078127 10060.293758809357 91.8311614599752
  endloop
endfacet
facet normal 0.0 -6.487865800153257e-14 1.0
  outer loop
    vertex 9305.370000138766 10057.163850241426 91.83116145997501
    vertex 9290.085814078127 10060.293758809357 91.8311614599752
    vertex 9290.775786550965 10059.506995991935 91.83116145997515
  endloop
endfacet
facet normal 0.0 -6.487865800153257e-14 1.0
  outer loop
    vertex 9305.370000138766 10057.163850241426 91.83116145997501
    vertex 9290.775786550965 10059.506995991935 91.83116145997515
    vertex 9291.56254936839 10058.817023519096 91.83116145997509
  endloop
endfacet
facet normal 0.0 -6.487865800153257e-14 1.0
  outer loop
    vertex 9305.370000138766 10057.163850241426 91.83116145997501
    vertex 9291.56254936839 10058.817023519096 91.83116145997509
    vertex 9292.432640800458 10058.235647011152 91.83116145997508
  endloop
endfacet
facet normal 0.0 -6.487865800153257e-14 1.0
  outer loop
    vertex 9305.370000138766 10057.163850241426 91.83116145997501
    vertex 9292.432640800458 10058.235647011152 91.83116145997508
    vertex 9293.371173341538 10057.772813981335 91.83116145997504
  endloop
endfacet
facet normal 0.0 -6.487865800153257e-14 1.0
  outer loop
    vertex 9305.370000138766 10057.163850241426 91.83116145997501
    vertex 9293.371173341538 10057.772813981335 91.83116145997504
    vertex 9294.362088439637 10057.436443631115 91.83116145997501
  endloop
endfacet
facet normal 0.0 -6.487865800153257e-14 1.0
  outer loop
    vertex 9305.370000138766 10057.163850241426 91.83116145997501
    vertex 9294.362088439637 10057.436443631115 91.83116145997501
    vertex 9295.388431262698 10057.232291350436 91.831161459975
  endloop
endfacet
facet normal 0.0 -6.487865800153257e-14 1.0
  outer loop
    vertex 9305.370000138766 10057.163850241426 91.83116145997501
    vertex 9295.388431262698 10057.232291350436 91.831161459975
    vertex 9296.432640800458 10057.163850241426 91.83116145997501
  endloop
endfacet
facet normal 0.0 -6.487865800153257e-14 1.0
  outer loop
    vertex 9295.388431262698 10112.095409132418 91.83116145997857
    vertex 9305.370000138766 10112.163850241426 91.83116145997857
    vertex 9296.432640800458 10112.163850241426 91.83116145997857
  endloop
endfacet
facet normal 0.0 -6.487865800153257e-14 1.0
  outer loop
    vertex 9305.370000138766 10112.163850241426 91.83116145997857
    vertex 9295.388431262698 10112.095409132418 91.83116145997857
    vertex 9305.370000138766 10086.663850241426 91.8311614599769
  endloop
endfacet
facet normal 0.0 -6.487865800153257e-14 1.0
  outer loop
    vertex 9305.370000138766 10086.663850241426 91.8311614599769
    vertex 9295.388431262698 10112.095409132418 91.83116145997857
    vertex 9294.362088439637 10111.891256851739 91.83116145997855
  endloop
endfacet
facet normal 0.0 -6.487865800153257e-14 1.0
  outer loop
    vertex 9305.370000138766 10086.663850241426 91.8311614599769
    vertex 9294.362088439637 10111.891256851739 91.83116145997855
    vertex 9293.371173341538 10111.554886501517 91.83116145997855
  endloop
endfacet
facet normal 0.0 -6.487865800153257e-14 1.0
  outer loop
    vertex 9305.370000138766 10086.663850241426 91.8311614599769
    vertex 9293.371173341538 10111.554886501517 91.83116145997855
    vertex 9296.337896688785 10105.263850241427 91.8311614599781
  endloop
endfacet
facet normal 0.0 -6.487865800153257e-14 1.0
  outer loop
    vertex 9296.337896688785 10105.263850241427 91.8311614599781
    vertex 9293.371173341538 10111.554886501517 91.83116145997855
    vertex 9292.432640800458 10111.092053471702 91.8311614599785
  endloop
endfacet
facet normal 0.0 -6.487865800153257e-14 1.0
  outer loop
    vertex 9296.337896688785 10105.263850241427 91.8311614599781
    vertex 9292.432640800458 10111.092053471702 91.8311614599785
    vertex 9295.988275719068 10105.719485160038 91.83116145997816
  endloop
endfacet
facet normal 0.0 -6.487865800153257e-14 1.0
  outer loop
    vertex 9295.988275719068 10105.719485160038 91.83116145997816
    vertex 9292.432640800458 10111.092053471702 91.8311614599785
    vertex 9291.56254936839 10110.510676963757 91.83116145997847
  endloop
endfacet
facet normal 0.0 -6.487865800153257e-14 1.0
  outer loop
    vertex 9295.988275719068 10105.719485160038 91.83116145997816
    vertex 9291.56254936839 10110.510676963757 91.83116145997847
    vertex 9290.775786550965 10109.82070449092 91.83116145997843
  endloop
endfacet
facet normal 0.0 -6.487865800153257e-14 1.0
  outer loop
    vertex 9295.988275719068 10105.719485160038 91.83116145997816
    vertex 9290.775786550965 10109.82070449092 91.83116145997843
    vertex 9295.532640800458 10106.069106129753 91.83116145997818
  endloop
endfacet
facet normal 0.0 -6.487865800153257e-14 1.0
  outer loop
    vertex 9295.532640800458 10106.069106129753 91.83116145997818
    vertex 9290.775786550965 10109.82070449092 91.83116145997843
    vertex 9290.085814078127 10109.033941673497 91.83116145997838
  endloop
endfacet
facet normal 0.0 -6.487865800153257e-14 1.0
  outer loop
    vertex 9295.532640800458 10106.069106129753 91.83116145997818
    vertex 9290.085814078127 10109.033941673497 91.83116145997838
    vertex 9295.002042699683 10106.288887059261 91.83116145997818
  endloop
endfacet
facet normal 0.0 -6.487865800153257e-14 1.0
  outer loop
    vertex 9295.002042699683 10106.288887059261 91.83116145997818
    vertex 9290.085814078127 10109.033941673497 91.83116145997838
    vertex 9289.504437570184 10108.163850241426 91.83116145997832
  endloop
endfacet
facet normal 0.0 -6.487865800153257e-14 1.0
  outer loop
    vertex 9295.002042699683 10106.288887059261 91.83116145997818
    vertex 9289.504437570184 10108.163850241426 91.83116145997832
    vertex 9289.041604540367 10107.225317700348 91.83116145997826
  endloop
endfacet
facet normal 0.0 -6.487865800153257e-14 1.0
  outer loop
    vertex 9295.002042699683 10106.288887059261 91.83116145997818
    vertex 9289.041604540367 10107.225317700348 91.83116145997826
    vertex 9294.432640800458 10106.363850241427 91.8311614599782
  endloop
endfacet
facet normal 0.0 -6.487865800153257e-14 1.0
  outer loop
    vertex 9305.370000138766 10086.663850241426 91.8311614599769
    vertex 9296.337896688785 10105.263850241427 91.8311614599781
    vertex 9296.557677618295 10104.733252140652 91.83116145997808
  endloop
endfacet
facet normal 0.0 -6.487865800153257e-14 1.0
  outer loop
    vertex 9305.370000138766 10086.663850241426 91.8311614599769
    vertex 9296.557677618295 10104.733252140652 91.83116145997808
    vertex 9296.632640800459 10104.163850241428 91.83116145997805
  endloop
endfacet
facet normal 0.0 -6.487865800153257e-14 1.0
  outer loop
    vertex 9305.370000138766 10086.663850241426 91.8311614599769
    vertex 9296.632640800459 10104.163850241428 91.83116145997805
    vertex 9296.557677618295 10103.5944483422 91.83116145997802
  endloop
endfacet
facet normal 0.0 -6.487865800153257e-14 1.0
  outer loop
    vertex 9305.370000138766 10086.663850241426 91.8311614599769
    vertex 9296.557677618295 10103.5944483422 91.83116145997802
    vertex 9296.337896688785 10103.063850241426 91.83116145997799
  endloop
endfacet
facet normal 0.0 -6.487865800153257e-14 1.0
  outer loop
    vertex 9305.370000138766 10086.663850241426 91.8311614599769
    vertex 9296.337896688785 10103.063850241426 91.83116145997799
    vertex 9295.988275719068 10102.608215322816 91.83116145997793
  endloop
endfacet
facet normal 0.0 -6.487865800153257e-14 1.0
  outer loop
    vertex 9305.370000138766 10086.663850241426 91.8311614599769
    vertex 9295.988275719068 10102.608215322816 91.83116145997793
    vertex 9295.532640800458 10102.258594353101 91.83116145997792
  endloop
endfacet
facet normal 0.0 -6.487865800153257e-14 1.0
  outer loop
    vertex 9305.370000138766 10086.663850241426 91.8311614599769
    vertex 9295.532640800458 10102.258594353101 91.83116145997792
    vertex 9295.002042699683 10102.03881342359 91.83116145997792
  endloop
endfacet
facet normal 0.0 -6.487865800153257e-14 1.0
  outer loop
    vertex 9305.370000138766 10086.663850241426 91.8311614599769
    vertex 9295.002042699683 10102.03881342359 91.83116145997792
    vertex 9294.432640800458 10101.963850241427 91.83116145997789
  endloop
endfacet
facet normal 0.0 -6.487865800153257e-14 1.0
  outer loop
    vertex 9305.370000138766 10086.663850241426 91.8311614599769
    vertex 9294.432640800458 10101.963850241427 91.83116145997789
    vertex 9299.066734696577 10086.663850241426 91.8311614599769
  endloop
endfacet
facet normal 0.0 -6.487865800153257e-14 1.0
  outer loop
    vertex 9312.660007511447 10086.663850241426 97.50352885941811
    vertex 9314.565274140321 10112.163850241426 97.50352885941977
    vertex 9312.660007511447 10112.163850241426 97.50352885941977
  endloop
endfacet
facet normal 0.0 -6.487865800153257e-14 1.0
  outer loop
    vertex 9314.565274140321 10112.163850241426 97.50352885941977
    vertex 9312.660007511447 10086.663850241426 97.50352885941811
    vertex 9314.565274140321 10086.663850241426 97.50352885941811
  endloop
endfacet
facet normal 0.0 -6.487865800153257e-14 1.0
  outer loop
    vertex 9314.565274140321 10086.663850241426 97.50352885941811
    vertex 9312.660007511447 10086.663850241426 97.50352885941811
    vertex 9312.660007511447 10082.663850241426 97.50352885941786
  endloop
endfacet
facet normal 0.0 -6.487865800153257e-14 1.0
  outer loop
    vertex 9314.565274140321 10086.663850241426 97.50352885941811
    vertex 9312.660007511447 10082.663850241426 97.50352885941786
    vertex 9314.565274140321 10082.663850241426 97.50352885941786
  endloop
endfacet
facet normal 0.0 -6.487865800153257e-14 1.0
  outer loop
    vertex 9314.565274140321 10082.663850241426 97.50352885941786
    vertex 9312.660007511447 10082.663850241426 97.50352885941786
    vertex 9312.660007511447 10057.163850241426 97.50352885941622
  endloop
endfacet
facet normal 0.0 -6.487865800153257e-14 1.0
  outer loop
    vertex 9314.565274140321 10082.663850241426 97.50352885941786
    vertex 9312.660007511447 10057.163850241426 97.50352885941622
    vertex 9314.565274140321 10057.163850241426 97.50352885941622
  endloop
endfacet
facet normal -0.6140999079401032 -5.1211477791259165e-14 0.7892282959118717
  outer loop
    vertex 9305.370000138766 10057.163850241426 91.83116145997501
    vertex 9312.660007511447 10082.663850241426 97.50352885941786
    vertex 9305.370000138766 10082.663850241426 91.83116145997664
  endloop
endfacet
facet normal -0.6140999079401032 -5.1211477791259165e-14 0.7892282959118717
  outer loop
    vertex 9312.660007511447 10082.663850241426 97.50352885941786
    vertex 9305.370000138766 10057.163850241426 91.83116145997501
    vertex 9312.660007511447 10057.163850241426 97.50352885941622
  endloop
endfacet
facet normal 0.6140999079400715 -5.615910234723195e-14 0.7892282959118962
  outer loop
    vertex 9314.565274140321 10086.663850241426 97.50352885941811
    vertex 9321.855281513004 10112.163850241426 91.83116145997857
    vertex 9314.565274140321 10112.163850241426 97.50352885941977
  endloop
endfacet
facet normal 0.6140999079400715 -5.615910234723195e-14 0.7892282959118962
  outer loop
    vertex 9321.855281513004 10112.163850241426 91.83116145997857
    vertex 9314.565274140321 10086.663850241426 97.50352885941811
    vertex 9321.855281513004 10086.663850241426 91.8311614599769
  endloop
endfacet
facet normal -5.368582062889693e-15 1.0 6.581255467212982e-14
  outer loop
    vertex 9312.660007511447 10086.663850241426 97.50352885941811
    vertex 9305.370000138766 10086.663850241426 91.8311614599769
    vertex 9299.066734696577 10086.663850241426 91.8311614599769
  endloop
endfacet
facet normal -0.6140999079401032 -5.121333479622071e-14 0.7892282959118717
  outer loop
    vertex 9305.370000138766 10086.663850241426 91.8311614599769
    vertex 9312.660007511447 10112.163850241426 97.50352885941977
    vertex 9305.370000138766 10112.163850241426 91.83116145997857
  endloop
endfacet
facet normal -0.6140999079401032 -5.121333479622071e-14 0.7892282959118717
  outer loop
    vertex 9312.660007511447 10112.163850241426 97.50352885941977
    vertex 9305.370000138766 10086.663850241426 91.8311614599769
    vertex 9312.660007511447 10086.663850241426 97.50352885941811
  endloop
endfacet
facet normal 5.368582062889693e-15 -1.0 -6.581255467212982e-14
  outer loop
    vertex 9312.660007511447 10082.663850241426 97.50352885941786
    vertex 9299.066734696577 10082.663850241426 91.83116145997664
    vertex 9305.370000138766 10082.663850241426 91.83116145997664
  endloop
endfacet
facet normal -5.3685820628899996e-15 -1.0 -6.581255467213064e-14
  outer loop
    vertex 9328.158546955194 10082.663850241426 91.83116145997664
    vertex 9314.565274140321 10082.663850241426 97.50352885941786
    vertex 9321.855281513004 10082.663850241426 91.83116145997664
  endloop
endfacet
facet normal 0.6140999079400676 -4.577362618574945e-14 0.7892282959118992
  outer loop
    vertex 9314.565274140321 10057.163850241426 97.50352885941622
    vertex 9321.855281513004 10082.663850241426 91.83116145997664
    vertex 9314.565274140321 10082.663850241426 97.50352885941786
  endloop
endfacet
facet normal 0.6140999079400676 -4.577362618574945e-14 0.7892282959118992
  outer loop
    vertex 9321.855281513004 10082.663850241426 91.83116145997664
    vertex 9314.565274140321 10057.163850241426 97.50352885941622
    vertex 9321.855281513004 10057.163850241426 91.83116145997501
  endloop
endfacet
facet normal 5.3685820628899996e-15 1.0 6.581255467213064e-14
  outer loop
    vertex 9328.158546955194 10086.663850241426 91.8311614599769
    vertex 9321.855281513004 10086.663850241426 91.8311614599769
    vertex 9314.565274140321 10086.663850241426 97.50352885941811
  endloop
endfacet
facet normal 0.3851072590009841 -5.986308859025873e-14 0.9228718215791124
  outer loop
    vertex 9314.565274140321 10082.663850241426 97.50352885941786
    vertex 9328.158546955194 10086.663850241426 91.8311614599769
    vertex 9314.565274140321 10086.663850241426 97.50352885941811
  endloop
endfacet
facet normal 0.3851072590009841 -5.986308859025873e-14 0.9228718215791124
  outer loop
    vertex 9328.158546955194 10086.663850241426 91.8311614599769
    vertex 9314.565274140321 10082.663850241426 97.50352885941786
    vertex 9328.158546955194 10082.663850241426 91.83116145997664
  endloop
endfacet
facet normal -0.38510725900098625 -5.988444485466643e-14 0.9228718215791114
  outer loop
    vertex 9299.066734696577 10082.663850241426 91.83116145997664
    vertex 9312.660007511447 10086.663850241426 97.50352885941811
    vertex 9299.066734696577 10086.663850241426 91.8311614599769
  endloop
endfacet
facet normal -0.38510725900098625 -5.988444485466643e-14 0.9228718215791114
  outer loop
    vertex 9312.660007511447 10086.663850241426 97.50352885941811
    vertex 9299.066734696577 10082.663850241426 91.83116145997664
    vertex 9312.660007511447 10082.663850241426 97.50352885941786
  endloop
endfacet
facet normal -1.0 0.0 0.0
  outer loop
    vertex 9288.432640800458 10065.163850241426 91.83116145997553
    vertex 9288.432640800458 10104.163850241439 89.13116145997806
    vertex 9288.432640800458 10065.163850241417 89.13116145997553
  endloop
endfacet
facet normal -1.0 0.0 0.0
  outer loop
    vertex 9288.432640800458 10104.163850241439 89.13116145997806
    vertex 9288.432640800458 10065.163850241426 91.83116145997553
    vertex 9288.432640800458 10104.163850241428 91.83116145997805
  endloop
endfacet
facet normal 3.6696829988481025e-18 6.483058776276455e-14 -1.0
  outer loop
    vertex 9305.112640825886 10057.463850241427 88.83116145997502
    vertex 9296.442461783587 10111.863850241427 88.83116145997855
    vertex 9305.112640825886 10111.863850241427 88.83116145997855
  endloop
endfacet
facet normal 3.6696829988481025e-18 6.483058776276455e-14 -1.0
  outer loop
    vertex 9296.442461783587 10111.863850241427 88.83116145997855
    vertex 9305.112640825886 10057.463850241427 88.83116145997502
    vertex 9296.849955846945 10104.811567855986 88.83116145997805
  endloop
endfacet
facet normal 3.6696829988481025e-18 6.483058776276455e-14 -1.0
  outer loop
    vertex 9296.442461783587 10111.863850241427 88.83116145997855
    vertex 9296.849955846945 10104.811567855986 88.83116145997805
    vertex 9295.427673140228 10111.797337479717 88.83116145997856
  endloop
endfacet
facet normal 3.6696829988481025e-18 6.483058776276455e-14 -1.0
  outer loop
    vertex 9295.427673140228 10111.797337479717 88.83116145997856
    vertex 9296.849955846945 10104.811567855986 88.83116145997805
    vertex 9294.439900755315 10111.6008573362 88.83116145997853
  endloop
endfacet
facet normal 3.6696829988481025e-18 6.483058776276455e-14 -1.0
  outer loop
    vertex 9294.439900755315 10111.6008573362 88.83116145997853
    vertex 9296.849955846945 10104.811567855986 88.83116145997805
    vertex 9296.59994617964 10105.415144585517 88.83116145997808
  endloop
endfacet
facet normal 3.6696829988481025e-18 6.483058776276455e-14 -1.0
  outer loop
    vertex 9294.439900755315 10111.6008573362 88.83116145997853
    vertex 9296.59994617964 10105.415144585517 88.83116145997808
    vertex 9293.486224705051 10111.277127939362 88.83116145997852
  endloop
endfacet
facet normal 3.6696829988481025e-18 6.483058776276455e-14 -1.0
  outer loop
    vertex 9293.486224705051 10111.277127939362 88.83116145997852
    vertex 9296.59994617964 10105.415144585517 88.83116145997808
    vertex 9292.582962651084 10110.831688388942 88.83116145997849
  endloop
endfacet
facet normal 3.6696829988481025e-18 6.483058776276455e-14 -1.0
  outer loop
    vertex 9292.582962651084 10110.831688388942 88.83116145997849
    vertex 9296.59994617964 10105.415144585517 88.83116145997808
    vertex 9296.20223823239 10105.933447673353 88.83116145997812
  endloop
endfacet
facet normal 3.6696829988481025e-18 6.483058776276455e-14 -1.0
  outer loop
    vertex 9292.582962651084 10110.831688388942 88.83116145997849
    vertex 9296.20223823239 10105.933447673353 88.83116145997812
    vertex 9291.745569657574 10110.272160279135 88.83116145997845
  endloop
endfacet
facet normal 3.6696829988481025e-18 6.483058776276455e-14 -1.0
  outer loop
    vertex 9291.745569657574 10110.272160279135 88.83116145997845
    vertex 9296.20223823239 10105.933447673353 88.83116145997812
    vertex 9295.683935144543 10106.331155620612 88.83116145997813
  endloop
endfacet
facet normal 3.6696829988481025e-18 6.483058776276455e-14 -1.0
  outer loop
    vertex 9291.745569657574 10110.272160279135 88.83116145997845
    vertex 9295.683935144543 10106.331155620612 88.83116145997813
    vertex 9290.98837375084 10109.608117291054 88.83116145997842
  endloop
endfacet
facet normal 3.6696829988481025e-18 6.483058776276455e-14 -1.0
  outer loop
    vertex 9290.98837375084 10109.608117291054 88.83116145997842
    vertex 9295.683935144543 10106.331155620612 88.83116145997813
    vertex 9290.324330762745 10108.850921384304 88.83116145997836
  endloop
endfacet
facet normal 3.6696829988481025e-18 6.483058776276455e-14 -1.0
  outer loop
    vertex 9290.324330762745 10108.850921384304 88.83116145997836
    vertex 9295.683935144543 10106.331155620612 88.83116145997813
    vertex 9295.080358415016 10106.581165287913 88.83116145997818
  endloop
endfacet
facet normal 3.6696829988481025e-18 6.483058776276455e-14 -1.0
  outer loop
    vertex 9290.324330762745 10108.850921384304 88.83116145997836
    vertex 9295.080358415016 10106.581165287913 88.83116145997818
    vertex 9289.764802652946 10108.013528390804 88.83116145997829
  endloop
endfacet
facet normal 3.6696829988481025e-18 6.483058776276455e-14 -1.0
  outer loop
    vertex 9289.764802652946 10108.013528390804 88.83116145997829
    vertex 9295.080358415016 10106.581165287913 88.83116145997818
    vertex 9294.432640800458 10106.666438929602 88.83116145997819
  endloop
endfacet
facet normal 3.6696829988481025e-18 6.483058776276455e-14 -1.0
  outer loop
    vertex 9289.764802652946 10108.013528390804 88.83116145997829
    vertex 9294.432640800458 10106.666438929602 88.83116145997819
    vertex 9289.319363102526 10107.11026633684 88.83116145997825
  endloop
endfacet
facet normal 3.6696829988481025e-18 6.483058776276455e-14 -1.0
  outer loop
    vertex 9296.849955846945 10104.811567855986 88.83116145997805
    vertex 9305.112640825886 10057.463850241427 88.83116145997502
    vertex 9296.93522948863 10104.163850241428 88.83116145997802
  endloop
endfacet
facet normal 3.6696829988481025e-18 6.483058776276455e-14 -1.0
  outer loop
    vertex 9296.93522948863 10104.163850241428 88.83116145997802
    vertex 9305.112640825886 10057.463850241427 88.83116145997502
    vertex 9296.849955846945 10103.516132626866 88.83116145997796
  endloop
endfacet
facet normal 3.6696829988481025e-18 6.483058776276455e-14 -1.0
  outer loop
    vertex 9296.849955846945 10103.516132626866 88.83116145997796
    vertex 9305.112640825886 10057.463850241427 88.83116145997502
    vertex 9296.59994617964 10102.912555897336 88.83116145997793
  endloop
endfacet
facet normal 3.6696829988481025e-18 6.483058776276455e-14 -1.0
  outer loop
    vertex 9296.59994617964 10102.912555897336 88.83116145997793
    vertex 9305.112640825886 10057.463850241427 88.83116145997502
    vertex 9296.20223823239 10102.3942528095 88.8311614599779
  endloop
endfacet
facet normal 3.6696829988481025e-18 6.483058776276455e-14 -1.0
  outer loop
    vertex 9296.20223823239 10102.3942528095 88.8311614599779
    vertex 9305.112640825886 10057.463850241427 88.83116145997502
    vertex 9295.683935144549 10101.996544862246 88.83116145997788
  endloop
endfacet
facet normal 3.6696829988481025e-18 6.483058776276455e-14 -1.0
  outer loop
    vertex 9295.683935144549 10101.996544862246 88.83116145997788
    vertex 9305.112640825886 10057.463850241427 88.83116145997502
    vertex 9295.080358415016 10101.746535194941 88.83116145997785
  endloop
endfacet
facet normal 3.6696829988481025e-18 6.483058776276455e-14 -1.0
  outer loop
    vertex 9295.080358415016 10101.746535194941 88.83116145997785
    vertex 9305.112640825886 10057.463850241427 88.83116145997502
    vertex 9294.432640800458 10101.661261553254 88.83116145997784
  endloop
endfacet
facet normal 3.6696829988481025e-18 6.483058776276455e-14 -1.0
  outer loop
    vertex 9294.432640800458 10101.661261553254 88.83116145997784
    vertex 9305.112640825886 10057.463850241427 88.83116145997502
    vertex 9296.20223823239 10066.933447673353 88.83116145997556
  endloop
endfacet
facet normal 3.6696829988481025e-18 6.483058776276455e-14 -1.0
  outer loop
    vertex 9294.432640800458 10101.661261553254 88.83116145997784
    vertex 9296.20223823239 10066.933447673353 88.83116145997556
    vertex 9295.683935144543 10067.331155620612 88.83116145997556
  endloop
endfacet
facet normal 3.6696829988481025e-18 6.483058776276455e-14 -1.0
  outer loop
    vertex 9294.432640800458 10101.661261553254 88.83116145997784
    vertex 9295.683935144543 10067.331155620612 88.83116145997556
    vertex 9295.080358415016 10067.581165287913 88.8311614599756
  endloop
endfacet
facet normal 3.6696829988481025e-18 6.483058776276455e-14 -1.0
  outer loop
    vertex 9294.432640800458 10101.661261553254 88.83116145997784
    vertex 9295.080358415016 10067.581165287913 88.8311614599756
    vertex 9294.432640800458 10067.666438929602 88.83116145997559
  endloop
endfacet
facet normal 3.6696829988481025e-18 6.483058776276455e-14 -1.0
  outer loop
    vertex 9296.20223823239 10066.933447673353 88.83116145997556
    vertex 9305.112640825886 10057.463850241427 88.83116145997502
    vertex 9296.59994617964 10066.415144585517 88.83116145997552
  endloop
endfacet
facet normal 3.6696829988481025e-18 6.483058776276455e-14 -1.0
  outer loop
    vertex 9296.59994617964 10066.415144585517 88.83116145997552
    vertex 9305.112640825886 10057.463850241427 88.83116145997502
    vertex 9296.849955846945 10065.811567855986 88.83116145997546
  endloop
endfacet
facet normal 3.6696829988481025e-18 6.483058776276455e-14 -1.0
  outer loop
    vertex 9296.849955846945 10065.811567855986 88.83116145997546
    vertex 9305.112640825886 10057.463850241427 88.83116145997502
    vertex 9296.93522948863 10065.163850241428 88.83116145997543
  endloop
endfacet
facet normal 3.6696829988481025e-18 6.483058776276455e-14 -1.0
  outer loop
    vertex 9296.93522948863 10065.163850241428 88.83116145997543
    vertex 9305.112640825886 10057.463850241427 88.83116145997502
    vertex 9296.849955846945 10064.516132626864 88.83116145997539
  endloop
endfacet
facet normal 3.6696829988481025e-18 6.483058776276455e-14 -1.0
  outer loop
    vertex 9296.849955846945 10064.516132626864 88.83116145997539
    vertex 9305.112640825886 10057.463850241427 88.83116145997502
    vertex 9296.59994617964 10063.912555897337 88.83116145997533
  endloop
endfacet
facet normal 3.6696829988481025e-18 6.483058776276455e-14 -1.0
  outer loop
    vertex 9296.59994617964 10063.912555897337 88.83116145997533
    vertex 9305.112640825886 10057.463850241427 88.83116145997502
    vertex 9296.202238232388 10063.3942528095 88.83116145997532
  endloop
endfacet
facet normal 3.6696829988481025e-18 6.483058776276455e-14 -1.0
  outer loop
    vertex 9296.202238232388 10063.3942528095 88.83116145997532
    vertex 9305.112640825886 10057.463850241427 88.83116145997502
    vertex 9295.683935144549 10062.996544862246 88.83116145997529
  endloop
endfacet
facet normal 3.6696829988481025e-18 6.483058776276455e-14 -1.0
  outer loop
    vertex 9295.683935144549 10062.996544862246 88.83116145997529
    vertex 9305.112640825886 10057.463850241427 88.83116145997502
    vertex 9295.080358415016 10062.746535194941 88.83116145997528
  endloop
endfacet
facet normal 3.6696829988481025e-18 6.483058776276455e-14 -1.0
  outer loop
    vertex 9295.080358415016 10062.746535194941 88.83116145997528
    vertex 9305.112640825886 10057.463850241427 88.83116145997502
    vertex 9294.432640800458 10062.661261553254 88.83116145997526
  endloop
endfacet
facet normal 3.6696829988481025e-18 6.483058776276455e-14 -1.0
  outer loop
    vertex 9294.432640800458 10062.661261553254 88.83116145997526
    vertex 9305.112640825886 10057.463850241427 88.83116145997502
    vertex 9289.319363102528 10062.21743414601 88.83116145997533
  endloop
endfacet
facet normal 3.6696829988481025e-18 6.483058776276455e-14 -1.0
  outer loop
    vertex 9289.319363102528 10062.21743414601 88.83116145997533
    vertex 9305.112640825886 10057.463850241427 88.83116145997502
    vertex 9289.764802652944 10061.314172092052 88.83116145997529
  endloop
endfacet
facet normal 3.6696829988481025e-18 6.483058776276455e-14 -1.0
  outer loop
    vertex 9289.764802652944 10061.314172092052 88.83116145997529
    vertex 9305.112640825886 10057.463850241427 88.83116145997502
    vertex 9290.324330762745 10060.47677909855 88.83116145997523
  endloop
endfacet
facet normal 3.6696829988481025e-18 6.483058776276455e-14 -1.0
  outer loop
    vertex 9290.324330762745 10060.47677909855 88.83116145997523
    vertex 9305.112640825886 10057.463850241427 88.83116145997502
    vertex 9290.988373750848 10059.71958319179 88.83116145997516
  endloop
endfacet
facet normal 3.6696829988481025e-18 6.483058776276455e-14 -1.0
  outer loop
    vertex 9290.988373750848 10059.71958319179 88.83116145997516
    vertex 9305.112640825886 10057.463850241427 88.83116145997502
    vertex 9291.745569657576 10059.055540203717 88.83116145997512
  endloop
endfacet
facet normal 3.6696829988481025e-18 6.483058776276455e-14 -1.0
  outer loop
    vertex 9291.745569657576 10059.055540203717 88.83116145997512
    vertex 9305.112640825886 10057.463850241427 88.83116145997502
    vertex 9292.582962651073 10058.496012093918 88.83116145997508
  endloop
endfacet
facet normal 3.6696829988481025e-18 6.483058776276455e-14 -1.0
  outer loop
    vertex 9292.582962651073 10058.496012093918 88.83116145997508
    vertex 9305.112640825886 10057.463850241427 88.83116145997502
    vertex 9293.48622470504 10058.050572543496 88.83116145997506
  endloop
endfacet
facet normal 3.6696829988481025e-18 6.483058776276455e-14 -1.0
  outer loop
    vertex 9293.48622470504 10058.050572543496 88.83116145997506
    vertex 9305.112640825886 10057.463850241427 88.83116145997502
    vertex 9294.43990075532 10057.726843146653 88.83116145997505
  endloop
endfacet
facet normal 3.6696829988481025e-18 6.483058776276455e-14 -1.0
  outer loop
    vertex 9294.43990075532 10057.726843146653 88.83116145997505
    vertex 9305.112640825886 10057.463850241427 88.83116145997502
    vertex 9295.427673140235 10057.530363003138 88.83116145997505
  endloop
endfacet
facet normal 3.6696829988481025e-18 6.483058776276455e-14 -1.0
  outer loop
    vertex 9295.427673140235 10057.530363003138 88.83116145997505
    vertex 9305.112640825886 10057.463850241427 88.83116145997502
    vertex 9296.442461783576 10057.463850241427 88.83116145997502
  endloop
endfacet
facet normal 3.6696829988481025e-18 6.483058776276455e-14 -1.0
  outer loop
    vertex 9294.432640800458 10106.666438929602 88.83116145997819
    vertex 9288.995633705686 10106.156590286575 88.83116145997818
    vertex 9289.319363102526 10107.11026633684 88.83116145997825
  endloop
endfacet
facet normal 3.6696829988481025e-18 6.483058776276455e-14 -1.0
  outer loop
    vertex 9288.995633705686 10106.156590286575 88.83116145997818
    vertex 9294.432640800458 10106.666438929602 88.83116145997819
    vertex 9293.7849231859 10106.581165287913 88.83116145997818
  endloop
endfacet
facet normal 3.6696829988481025e-18 6.483058776276455e-14 -1.0
  outer loop
    vertex 9288.995633705686 10106.156590286575 88.83116145997818
    vertex 9293.7849231859 10106.581165287913 88.83116145997818
    vertex 9293.181346456377 10106.331155620612 88.83116145997813
  endloop
endfacet
facet normal 3.6696829988481025e-18 6.483058776276455e-14 -1.0
  outer loop
    vertex 9288.995633705686 10106.156590286575 88.83116145997818
    vertex 9293.181346456377 10106.331155620612 88.83116145997813
    vertex 9292.663043368528 10105.933447673353 88.83116145997812
  endloop
endfacet
facet normal 3.6696829988481025e-18 6.483058776276455e-14 -1.0
  outer loop
    vertex 9288.995633705686 10106.156590286575 88.83116145997818
    vertex 9292.663043368528 10105.933447673353 88.83116145997812
    vertex 9288.799153562166 10105.168817901633 88.83116145997813
  endloop
endfacet
facet normal 3.6696829988481025e-18 6.483058776276455e-14 -1.0
  outer loop
    vertex 9288.799153562166 10105.168817901633 88.83116145997813
    vertex 9292.663043368528 10105.933447673353 88.83116145997812
    vertex 9292.265335421276 10105.415144585515 88.83116145997808
  endloop
endfacet
facet normal 3.6696829988481025e-18 6.483058776276455e-14 -1.0
  outer loop
    vertex 9288.799153562166 10105.168817901633 88.83116145997813
    vertex 9292.265335421276 10105.415144585515 88.83116145997808
    vertex 9292.015325753971 10104.811567855983 88.83116145997805
  endloop
endfacet
facet normal 3.6696829988481025e-18 6.483058776276455e-14 -1.0
  outer loop
    vertex 9288.799153562166 10105.168817901633 88.83116145997813
    vertex 9292.015325753971 10104.811567855983 88.83116145997805
    vertex 9288.73264080046 10104.154029258321 88.83116145997806
  endloop
endfacet
facet normal 3.6696829988481025e-18 6.483058776276455e-14 -1.0
  outer loop
    vertex 9288.73264080046 10104.154029258321 88.83116145997806
    vertex 9292.015325753971 10104.811567855983 88.83116145997805
    vertex 9291.930052112282 10104.163850241428 88.83116145997802
  endloop
endfacet
facet normal 3.6696829988481025e-18 6.483058776276455e-14 -1.0
  outer loop
    vertex 9288.73264080046 10104.154029258321 88.83116145997806
    vertex 9291.930052112282 10104.163850241428 88.83116145997802
    vertex 9292.015325753971 10103.51613262687 88.83116145997796
  endloop
endfacet
facet normal 3.6696829988481025e-18 6.483058776276455e-14 -1.0
  outer loop
    vertex 9288.73264080046 10104.154029258321 88.83116145997806
    vertex 9292.015325753971 10103.51613262687 88.83116145997796
    vertex 9288.73264080046 10065.173671224535 88.83116145997553
  endloop
endfacet
facet normal 3.6696829988481025e-18 6.483058776276455e-14 -1.0
  outer loop
    vertex 9288.73264080046 10065.173671224535 88.83116145997553
    vertex 9292.015325753971 10103.51613262687 88.83116145997796
    vertex 9292.265335421274 10102.912555897341 88.83116145997793
  endloop
endfacet
facet normal 3.6696829988481025e-18 6.483058776276455e-14 -1.0
  outer loop
    vertex 9288.73264080046 10065.173671224535 88.83116145997553
    vertex 9292.265335421274 10102.912555897341 88.83116145997793
    vertex 9292.663043368528 10102.3942528095 88.8311614599779
  endloop
endfacet
facet normal 3.6696829988481025e-18 6.483058776276455e-14 -1.0
  outer loop
    vertex 9288.73264080046 10065.173671224535 88.83116145997553
    vertex 9292.663043368528 10102.3942528095 88.8311614599779
    vertex 9293.181346456373 10101.996544862246 88.83116145997788
  endloop
endfacet
facet normal 3.6696829988481025e-18 6.483058776276455e-14 -1.0
  outer loop
    vertex 9288.73264080046 10065.173671224535 88.83116145997553
    vertex 9293.181346456373 10101.996544862246 88.83116145997788
    vertex 9293.7849231859 10101.746535194941 88.83116145997785
  endloop
endfacet
facet normal 3.6696829988481025e-18 6.483058776276455e-14 -1.0
  outer loop
    vertex 9288.73264080046 10065.173671224535 88.83116145997553
    vertex 9293.7849231859 10101.746535194941 88.83116145997785
    vertex 9294.432640800458 10101.661261553254 88.83116145997784
  endloop
endfacet
facet normal 3.6696829988481025e-18 6.483058776276455e-14 -1.0
  outer loop
    vertex 9288.73264080046 10065.173671224535 88.83116145997553
    vertex 9294.432640800458 10101.661261553254 88.83116145997784
    vertex 9293.181346456377 10067.331155620612 88.83116145997556
  endloop
endfacet
facet normal 3.6696829988481025e-18 6.483058776276455e-14 -1.0
  outer loop
    vertex 9293.181346456377 10067.331155620612 88.83116145997556
    vertex 9294.432640800458 10101.661261553254 88.83116145997784
    vertex 9293.7849231859 10067.581165287913 88.8311614599756
  endloop
endfacet
facet normal 3.6696829988481025e-18 6.483058776276455e-14 -1.0
  outer loop
    vertex 9293.7849231859 10067.581165287913 88.8311614599756
    vertex 9294.432640800458 10101.661261553254 88.83116145997784
    vertex 9294.432640800458 10067.666438929602 88.83116145997559
  endloop
endfacet
facet normal 3.6696829988481025e-18 6.483058776276455e-14 -1.0
  outer loop
    vertex 9288.73264080046 10065.173671224535 88.83116145997553
    vertex 9293.181346456377 10067.331155620612 88.83116145997556
    vertex 9292.663043368528 10066.933447673353 88.83116145997556
  endloop
endfacet
facet normal 3.6696829988481025e-18 6.483058776276455e-14 -1.0
  outer loop
    vertex 9288.73264080046 10065.173671224535 88.83116145997553
    vertex 9292.663043368528 10066.933447673353 88.83116145997556
    vertex 9292.265335421276 10066.415144585515 88.83116145997552
  endloop
endfacet
facet normal 3.6696829988481025e-18 6.483058776276455e-14 -1.0
  outer loop
    vertex 9288.73264080046 10065.173671224535 88.83116145997553
    vertex 9292.265335421276 10066.415144585515 88.83116145997552
    vertex 9292.015325753971 10065.811567855983 88.83116145997546
  endloop
endfacet
facet normal 3.6696829988481025e-18 6.483058776276455e-14 -1.0
  outer loop
    vertex 9288.73264080046 10065.173671224535 88.83116145997553
    vertex 9292.015325753971 10065.811567855983 88.83116145997546
    vertex 9291.930052112282 10065.163850241428 88.83116145997543
  endloop
endfacet
facet normal 3.6696829988481025e-18 6.483058776276455e-14 -1.0
  outer loop
    vertex 9288.73264080046 10065.173671224535 88.83116145997553
    vertex 9291.930052112282 10065.163850241428 88.83116145997543
    vertex 9288.799153562166 10064.158882581218 88.83116145997546
  endloop
endfacet
facet normal 3.6696829988481025e-18 6.483058776276455e-14 -1.0
  outer loop
    vertex 9288.799153562166 10064.158882581218 88.83116145997546
    vertex 9291.930052112282 10065.163850241428 88.83116145997543
    vertex 9292.015325753971 10064.516132626868 88.83116145997539
  endloop
endfacet
facet normal 3.6696829988481025e-18 6.483058776276455e-14 -1.0
  outer loop
    vertex 9288.799153562166 10064.158882581218 88.83116145997546
    vertex 9292.015325753971 10064.516132626868 88.83116145997539
    vertex 9292.265335421274 10063.912555897341 88.83116145997533
  endloop
endfacet
facet normal 3.6696829988481025e-18 6.483058776276455e-14 -1.0
  outer loop
    vertex 9288.799153562166 10064.158882581218 88.83116145997546
    vertex 9292.265335421274 10063.912555897341 88.83116145997533
    vertex 9288.995633705686 10063.171110196281 88.83116145997539
  endloop
endfacet
facet normal 3.6696829988481025e-18 6.483058776276455e-14 -1.0
  outer loop
    vertex 9288.995633705686 10063.171110196281 88.83116145997539
    vertex 9292.265335421274 10063.912555897341 88.83116145997533
    vertex 9292.663043368526 10063.394252809501 88.83116145997532
  endloop
endfacet
facet normal 3.6696829988481025e-18 6.483058776276455e-14 -1.0
  outer loop
    vertex 9288.995633705686 10063.171110196281 88.83116145997539
    vertex 9292.663043368526 10063.394252809501 88.83116145997532
    vertex 9293.181346456373 10062.996544862246 88.83116145997529
  endloop
endfacet
facet normal 3.6696829988481025e-18 6.483058776276455e-14 -1.0
  outer loop
    vertex 9288.995633705686 10063.171110196281 88.83116145997539
    vertex 9293.181346456373 10062.996544862246 88.83116145997529
    vertex 9289.319363102528 10062.21743414601 88.83116145997533
  endloop
endfacet
facet normal 3.6696829988481025e-18 6.483058776276455e-14 -1.0
  outer loop
    vertex 9289.319363102528 10062.21743414601 88.83116145997533
    vertex 9293.181346456373 10062.996544862246 88.83116145997529
    vertex 9293.7849231859 10062.746535194941 88.83116145997528
  endloop
endfacet
facet normal 3.6696829988481025e-18 6.483058776276455e-14 -1.0
  outer loop
    vertex 9289.319363102528 10062.21743414601 88.83116145997533
    vertex 9293.7849231859 10062.746535194941 88.83116145997528
    vertex 9294.432640800458 10062.661261553254 88.83116145997526
  endloop
endfacet
facet normal 1.0 0.0 0.0
  outer loop
    vertex 9338.792640851312 10104.163850241428 91.83116145997805
    vertex 9338.792640851312 10065.163850241417 89.13116145997553
    vertex 9338.792640851312 10104.163850241439 89.13116145997806
  endloop
endfacet
facet normal 1.0 0.0 0.0
  outer loop
    vertex 9338.792640851312 10065.163850241417 89.13116145997553
    vertex 9338.792640851312 10104.163850241428 91.83116145997805
    vertex 9338.792640851312 10065.163850241426 91.83116145997553
  endloop
endfacet
facet normal 0.0 -1.0 0.0
  outer loop
    vertex 9306.012640825886 10057.163850241426 89.13116145997502
    vertex 9296.432640800458 10057.163850241426 91.83116145997501
    vertex 9296.432640800458 10057.163850241426 89.13116145997502
  endloop
endfacet
facet normal 0.0 -1.0 0.0
  outer loop
    vertex 9296.432640800458 10057.163850241426 91.83116145997501
    vertex 9306.012640825886 10057.163850241426 89.13116145997502
    vertex 9305.370000138766 10057.163850241426 91.83116145997501
  endloop
endfacet
facet normal 0.0 -1.0 0.0
  outer loop
    vertex 9305.370000138766 10057.163850241426 91.83116145997501
    vertex 9306.012640825886 10057.163850241426 89.13116145997502
    vertex 9312.660007511447 10057.163850241426 97.50352885941622
  endloop
endfacet
facet normal 0.0 -1.0 0.0
  outer loop
    vertex 9312.660007511447 10057.163850241426 97.50352885941622
    vertex 9306.012640825886 10057.163850241426 89.13116145997502
    vertex 9313.612640825884 10057.163850241426 94.83116145997501
  endloop
endfacet
facet normal 0.0 -1.0 0.0
  outer loop
    vertex 9312.660007511447 10057.163850241426 97.50352885941622
    vertex 9313.612640825884 10057.163850241426 94.83116145997501
    vertex 9314.565274140321 10057.163850241426 97.50352885941622
  endloop
endfacet
facet normal 0.0 -1.0 0.0
  outer loop
    vertex 9314.565274140321 10057.163850241426 97.50352885941622
    vertex 9313.612640825884 10057.163850241426 94.83116145997501
    vertex 9321.212640825885 10057.163850241426 89.13116145997502
  endloop
endfacet
facet normal 0.0 -1.0 0.0
  outer loop
    vertex 9314.565274140321 10057.163850241426 97.50352885941622
    vertex 9321.212640825885 10057.163850241426 89.13116145997502
    vertex 9321.855281513004 10057.163850241426 91.83116145997501
  endloop
endfacet
facet normal 0.0 -1.0 0.0
  outer loop
    vertex 9321.855281513004 10057.163850241426 91.83116145997501
    vertex 9321.212640825885 10057.163850241426 89.13116145997502
    vertex 9330.792640851312 10057.163850241426 89.13116145997502
  endloop
endfacet
facet normal 0.0 -1.0 0.0
  outer loop
    vertex 9321.855281513004 10057.163850241426 91.83116145997501
    vertex 9330.792640851312 10057.163850241426 89.13116145997502
    vertex 9330.792640851312 10057.163850241426 91.83116145997501
  endloop
endfacet
facet normal -0.6000000000000137 5.184266466989904e-14 -0.7999999999999897
  outer loop
    vertex 9321.212640825885 10057.163850241426 89.13116145997502
    vertex 9313.612640825884 10112.163850241426 94.83116145997857
    vertex 9321.212640825885 10112.163850241426 89.13116145997857
  endloop
endfacet
facet normal -0.6000000000000137 5.184266466989904e-14 -0.7999999999999897
  outer loop
    vertex 9313.612640825884 10112.163850241426 94.83116145997857
    vertex 9321.212640825885 10057.163850241426 89.13116145997502
    vertex 9313.612640825884 10057.163850241426 94.83116145997501
  endloop
endfacet
facet normal 0.0 1.0 0.0
  outer loop
    vertex 9305.370000138766 10112.163850241426 91.83116145997857
    vertex 9296.432640800469 10112.163850241426 89.13116145997857
    vertex 9296.432640800458 10112.163850241426 91.83116145997857
  endloop
endfacet
facet normal 0.0 1.0 0.0
  outer loop
    vertex 9296.432640800469 10112.163850241426 89.13116145997857
    vertex 9305.370000138766 10112.163850241426 91.83116145997857
    vertex 9306.012640825886 10112.163850241426 89.13116145997857
  endloop
endfacet
facet normal 0.0 1.0 0.0
  outer loop
    vertex 9306.012640825886 10112.163850241426 89.13116145997857
    vertex 9305.370000138766 10112.163850241426 91.83116145997857
    vertex 9312.660007511447 10112.163850241426 97.50352885941977
  endloop
endfacet
facet normal 0.0 1.0 0.0
  outer loop
    vertex 9306.012640825886 10112.163850241426 89.13116145997857
    vertex 9312.660007511447 10112.163850241426 97.50352885941977
    vertex 9313.612640825884 10112.163850241426 94.83116145997857
  endloop
endfacet
facet normal 0.0 1.0 0.0
  outer loop
    vertex 9313.612640825884 10112.163850241426 94.83116145997857
    vertex 9312.660007511447 10112.163850241426 97.50352885941977
    vertex 9314.565274140321 10112.163850241426 97.50352885941977
  endloop
endfacet
facet normal 0.0 1.0 0.0
  outer loop
    vertex 9313.612640825884 10112.163850241426 94.83116145997857
    vertex 9314.565274140321 10112.163850241426 97.50352885941977
    vertex 9321.212640825885 10112.163850241426 89.13116145997857
  endloop
endfacet
facet normal 0.0 1.0 0.0
  outer loop
    vertex 9321.212640825885 10112.163850241426 89.13116145997857
    vertex 9314.565274140321 10112.163850241426 97.50352885941977
    vertex 9321.855281513004 10112.163850241426 91.83116145997857
  endloop
endfacet
facet normal 0.0 1.0 0.0
  outer loop
    vertex 9321.212640825885 10112.163850241426 89.13116145997857
    vertex 9321.855281513004 10112.163850241426 91.83116145997857
    vertex 9330.792640851301 10112.163850241426 89.13116145997857
  endloop
endfacet
facet normal 0.0 1.0 0.0
  outer loop
    vertex 9330.792640851301 10112.163850241426 89.13116145997857
    vertex 9321.855281513004 10112.163850241426 91.83116145997857
    vertex 9330.792640851312 10112.163850241426 91.83116145997857
  endloop
endfacet
facet normal -3.669682998849591e-18 6.483058776276459e-14 -1.0
  outer loop
    vertex 9338.229647946084 10106.156590286579 88.83116145997818
    vertex 9332.792640851312 10106.666438929602 88.83116145997823
    vertex 9337.90591854925 10107.11026633683 88.83116145997825
  endloop
endfacet
facet normal -3.669682998849591e-18 6.483058776276459e-14 -1.0
  outer loop
    vertex 9332.792640851312 10106.666438929602 88.83116145997823
    vertex 9338.229647946084 10106.156590286579 88.83116145997818
    vertex 9333.440358465868 10106.581165287913 88.83116145997822
  endloop
endfacet
facet normal -3.669682998849591e-18 6.483058776276459e-14 -1.0
  outer loop
    vertex 9333.440358465868 10106.581165287913 88.83116145997822
    vertex 9338.229647946084 10106.156590286579 88.83116145997818
    vertex 9334.0439351954 10106.331155620612 88.83116145997819
  endloop
endfacet
facet normal -3.669682998849591e-18 6.483058776276459e-14 -1.0
  outer loop
    vertex 9334.0439351954 10106.331155620612 88.83116145997819
    vertex 9338.229647946084 10106.156590286579 88.83116145997818
    vertex 9334.562238283243 10105.933447673353 88.83116145997816
  endloop
endfacet
facet normal -3.669682998849591e-18 6.483058776276459e-14 -1.0
  outer loop
    vertex 9334.562238283243 10105.933447673353 88.83116145997816
    vertex 9338.229647946084 10106.156590286579 88.83116145997818
    vertex 9338.426128089603 10105.16881790164 88.83116145997813
  endloop
endfacet
facet normal -3.669682998849591e-18 6.483058776276459e-14 -1.0
  outer loop
    vertex 9334.562238283243 10105.933447673353 88.83116145997816
    vertex 9338.426128089603 10105.16881790164 88.83116145997813
    vertex 9334.959946230494 10105.415144585515 88.83116145997813
  endloop
endfacet
facet normal -3.669682998849591e-18 6.483058776276459e-14 -1.0
  outer loop
    vertex 9334.959946230494 10105.415144585515 88.83116145997813
    vertex 9338.426128089603 10105.16881790164 88.83116145997813
    vertex 9335.209955897799 10104.811567855983 88.83116145997809
  endloop
endfacet
facet normal -3.669682998849591e-18 6.483058776276459e-14 -1.0
  outer loop
    vertex 9335.209955897799 10104.811567855983 88.83116145997809
    vertex 9338.426128089603 10105.16881790164 88.83116145997813
    vertex 9338.492640851311 10104.154029258321 88.83116145997806
  endloop
endfacet
facet normal -3.669682998849591e-18 6.483058776276459e-14 -1.0
  outer loop
    vertex 9335.209955897799 10104.811567855983 88.83116145997809
    vertex 9338.492640851311 10104.154029258321 88.83116145997806
    vertex 9335.295229539486 10104.163850241428 88.83116145997806
  endloop
endfacet
facet normal -3.669682998849591e-18 6.483058776276459e-14 -1.0
  outer loop
    vertex 9335.295229539486 10104.163850241428 88.83116145997806
    vertex 9338.492640851311 10104.154029258321 88.83116145997806
    vertex 9335.209955897799 10103.51613262687 88.83116145997802
  endloop
endfacet
facet normal -3.669682998849591e-18 6.483058776276459e-14 -1.0
  outer loop
    vertex 9335.209955897799 10103.51613262687 88.83116145997802
    vertex 9338.492640851311 10104.154029258321 88.83116145997806
    vertex 9338.492640851311 10065.173671224535 88.83116145997553
  endloop
endfacet
facet normal -3.669682998849591e-18 6.483058776276459e-14 -1.0
  outer loop
    vertex 9335.209955897799 10103.51613262687 88.83116145997802
    vertex 9338.492640851311 10065.173671224535 88.83116145997553
    vertex 9334.959946230496 10102.912555897341 88.83116145997798
  endloop
endfacet
facet normal -3.669682998849591e-18 6.483058776276459e-14 -1.0
  outer loop
    vertex 9334.959946230496 10102.912555897341 88.83116145997798
    vertex 9338.492640851311 10065.173671224535 88.83116145997553
    vertex 9334.56223828324 10102.394252809498 88.83116145997795
  endloop
endfacet
facet normal -3.669682998849591e-18 6.483058776276459e-14 -1.0
  outer loop
    vertex 9334.56223828324 10102.394252809498 88.83116145997795
    vertex 9338.492640851311 10065.173671224535 88.83116145997553
    vertex 9334.043935195405 10101.996544862248 88.83116145997792
  endloop
endfacet
facet normal -3.669682998849591e-18 6.483058776276459e-14 -1.0
  outer loop
    vertex 9334.043935195405 10101.996544862248 88.83116145997792
    vertex 9338.492640851311 10065.173671224535 88.83116145997553
    vertex 9333.440358465868 10101.746535194941 88.83116145997789
  endloop
endfacet
facet normal -3.669682998849591e-18 6.483058776276459e-14 -1.0
  outer loop
    vertex 9333.440358465868 10101.746535194941 88.83116145997789
    vertex 9338.492640851311 10065.173671224535 88.83116145997553
    vertex 9332.792640851312 10101.661261553254 88.83116145997788
  endloop
endfacet
facet normal -3.669682998849591e-18 6.483058776276459e-14 -1.0
  outer loop
    vertex 9332.792640851312 10101.661261553254 88.83116145997788
    vertex 9338.492640851311 10065.173671224535 88.83116145997553
    vertex 9334.0439351954 10067.331155620612 88.83116145997566
  endloop
endfacet
facet normal -3.669682998849591e-18 6.483058776276459e-14 -1.0
  outer loop
    vertex 9332.792640851312 10101.661261553254 88.83116145997788
    vertex 9334.0439351954 10067.331155620612 88.83116145997566
    vertex 9333.440358465868 10067.581165287913 88.83116145997569
  endloop
endfacet
facet normal -3.669682998849591e-18 6.483058776276459e-14 -1.0
  outer loop
    vertex 9332.792640851312 10101.661261553254 88.83116145997788
    vertex 9333.440358465868 10067.581165287913 88.83116145997569
    vertex 9332.792640851312 10067.666438929602 88.83116145997568
  endloop
endfacet
facet normal -3.669682998849591e-18 6.483058776276459e-14 -1.0
  outer loop
    vertex 9334.0439351954 10067.331155620612 88.83116145997566
    vertex 9338.492640851311 10065.173671224535 88.83116145997553
    vertex 9334.562238283243 10066.933447673353 88.83116145997565
  endloop
endfacet
facet normal -3.669682998849591e-18 6.483058776276459e-14 -1.0
  outer loop
    vertex 9334.562238283243 10066.933447673353 88.83116145997565
    vertex 9338.492640851311 10065.173671224535 88.83116145997553
    vertex 9334.959946230494 10066.415144585515 88.83116145997562
  endloop
endfacet
facet normal -3.669682998849591e-18 6.483058776276459e-14 -1.0
  outer loop
    vertex 9334.959946230494 10066.415144585515 88.83116145997562
    vertex 9338.492640851311 10065.173671224535 88.83116145997553
    vertex 9335.209955897799 10065.811567855983 88.83116145997556
  endloop
endfacet
facet normal -3.669682998849591e-18 6.483058776276459e-14 -1.0
  outer loop
    vertex 9335.209955897799 10065.811567855983 88.83116145997556
    vertex 9338.492640851311 10065.173671224535 88.83116145997553
    vertex 9335.295229539486 10065.163850241428 88.83116145997552
  endloop
endfacet
facet normal -3.669682998849591e-18 6.483058776276459e-14 -1.0
  outer loop
    vertex 9335.295229539486 10065.163850241428 88.83116145997552
    vertex 9338.492640851311 10065.173671224535 88.83116145997553
    vertex 9338.426128089603 10064.15888258121 88.83116145997546
  endloop
endfacet
facet normal -3.669682998849591e-18 6.483058776276459e-14 -1.0
  outer loop
    vertex 9335.295229539486 10065.163850241428 88.83116145997552
    vertex 9338.426128089603 10064.15888258121 88.83116145997546
    vertex 9335.209955897799 10064.516132626868 88.83116145997549
  endloop
endfacet
facet normal -3.669682998849591e-18 6.483058776276459e-14 -1.0
  outer loop
    vertex 9335.209955897799 10064.516132626868 88.83116145997549
    vertex 9338.426128089603 10064.15888258121 88.83116145997546
    vertex 9334.959946230496 10063.912555897341 88.83116145997543
  endloop
endfacet
facet normal -3.669682998849591e-18 6.483058776276459e-14 -1.0
  outer loop
    vertex 9334.959946230496 10063.912555897341 88.83116145997543
    vertex 9338.426128089603 10064.15888258121 88.83116145997546
    vertex 9338.229647946084 10063.171110196276 88.83116145997539
  endloop
endfacet
facet normal -3.669682998849591e-18 6.483058776276459e-14 -1.0
  outer loop
    vertex 9334.959946230496 10063.912555897341 88.83116145997543
    vertex 9338.229647946084 10063.171110196276 88.83116145997539
    vertex 9334.562238283243 10063.394252809498 88.8311614599754
  endloop
endfacet
facet normal -3.669682998849591e-18 6.483058776276459e-14 -1.0
  outer loop
    vertex 9334.562238283243 10063.394252809498 88.8311614599754
    vertex 9338.229647946084 10063.171110196276 88.83116145997539
    vertex 9334.043935195405 10062.996544862248 88.83116145997538
  endloop
endfacet
facet normal -3.669682998849591e-18 6.483058776276459e-14 -1.0
  outer loop
    vertex 9334.043935195405 10062.996544862248 88.83116145997538
    vertex 9338.229647946084 10063.171110196276 88.83116145997539
    vertex 9337.90591854925 10062.217434146021 88.83116145997533
  endloop
endfacet
facet normal -3.669682998849591e-18 6.483058776276459e-14 -1.0
  outer loop
    vertex 9334.043935195405 10062.996544862248 88.83116145997538
    vertex 9337.90591854925 10062.217434146021 88.83116145997533
    vertex 9333.440358465868 10062.746535194941 88.83116145997536
  endloop
endfacet
facet normal -3.669682998849591e-18 6.483058776276459e-14 -1.0
  outer loop
    vertex 9333.440358465868 10062.746535194941 88.83116145997536
    vertex 9337.90591854925 10062.217434146021 88.83116145997533
    vertex 9332.792640851312 10062.661261553254 88.83116145997535
  endloop
endfacet
facet normal -3.669682998849591e-18 6.483058776276459e-14 -1.0
  outer loop
    vertex 9331.79760851154 10111.797337479717 88.83116145997856
    vertex 9322.112640825884 10111.863850241427 88.83116145997855
    vertex 9330.782819868184 10111.863850241427 88.83116145997855
  endloop
endfacet
facet normal -3.669682998849591e-18 6.483058776276459e-14 -1.0
  outer loop
    vertex 9322.112640825884 10111.863850241427 88.83116145997855
    vertex 9331.79760851154 10111.797337479717 88.83116145997856
    vertex 9330.375325804827 10104.811567855988 88.83116145997809
  endloop
endfacet
facet normal -3.669682998849591e-18 6.483058776276459e-14 -1.0
  outer loop
    vertex 9322.112640825884 10111.863850241427 88.83116145997855
    vertex 9330.375325804827 10104.811567855988 88.83116145997809
    vertex 9322.112640825884 10057.463850241427 88.83116145997502
  endloop
endfacet
facet normal -3.669682998849591e-18 6.483058776276459e-14 -1.0
  outer loop
    vertex 9330.375325804827 10104.811567855988 88.83116145997809
    vertex 9331.79760851154 10111.797337479717 88.83116145997856
    vertex 9332.785380896456 10111.6008573362 88.83116145997853
  endloop
endfacet
facet normal -3.669682998849591e-18 6.483058776276459e-14 -1.0
  outer loop
    vertex 9330.375325804827 10104.811567855988 88.83116145997809
    vertex 9332.785380896456 10111.6008573362 88.83116145997853
    vertex 9330.62533547213 10105.415144585517 88.83116145997813
  endloop
endfacet
facet normal -3.669682998849591e-18 6.483058776276459e-14 -1.0
  outer loop
    vertex 9330.62533547213 10105.415144585517 88.83116145997813
    vertex 9332.785380896456 10111.6008573362 88.83116145997853
    vertex 9333.739056946722 10111.277127939362 88.83116145997852
  endloop
endfacet
facet normal -3.669682998849591e-18 6.483058776276459e-14 -1.0
  outer loop
    vertex 9330.62533547213 10105.415144585517 88.83116145997813
    vertex 9333.739056946722 10111.277127939362 88.83116145997852
    vertex 9334.642319000684 10110.831688388944 88.83116145997849
  endloop
endfacet
facet normal -3.669682998849591e-18 6.483058776276459e-14 -1.0
  outer loop
    vertex 9330.62533547213 10105.415144585517 88.83116145997813
    vertex 9334.642319000684 10110.831688388944 88.83116145997849
    vertex 9331.02304341938 10105.933447673353 88.83116145997816
  endloop
endfacet
facet normal -3.669682998849591e-18 6.483058776276459e-14 -1.0
  outer loop
    vertex 9331.02304341938 10105.933447673353 88.83116145997816
    vertex 9334.642319000684 10110.831688388944 88.83116145997849
    vertex 9335.479711994194 10110.272160279135 88.83116145997845
  endloop
endfacet
facet normal -3.669682998849591e-18 6.483058776276459e-14 -1.0
  outer loop
    vertex 9331.02304341938 10105.933447673353 88.83116145997816
    vertex 9335.479711994194 10110.272160279135 88.83116145997845
    vertex 9331.541346507227 10106.331155620612 88.83116145997819
  endloop
endfacet
facet normal -3.669682998849591e-18 6.483058776276459e-14 -1.0
  outer loop
    vertex 9331.541346507227 10106.331155620612 88.83116145997819
    vertex 9335.479711994194 10110.272160279135 88.83116145997845
    vertex 9336.236907900931 10109.608117291053 88.83116145997842
  endloop
endfacet
facet normal -3.669682998849591e-18 6.483058776276459e-14 -1.0
  outer loop
    vertex 9331.541346507227 10106.331155620612 88.83116145997819
    vertex 9336.236907900931 10109.608117291053 88.83116145997842
    vertex 9336.900950889023 10108.850921384304 88.83116145997836
  endloop
endfacet
facet normal -3.669682998849591e-18 6.483058776276459e-14 -1.0
  outer loop
    vertex 9331.541346507227 10106.331155620612 88.83116145997819
    vertex 9336.900950889023 10108.850921384304 88.83116145997836
    vertex 9332.144923236754 10106.581165287913 88.83116145997822
  endloop
endfacet
facet normal -3.669682998849591e-18 6.483058776276459e-14 -1.0
  outer loop
    vertex 9332.144923236754 10106.581165287913 88.83116145997822
    vertex 9336.900950889023 10108.850921384304 88.83116145997836
    vertex 9337.460478998824 10108.013528390804 88.83116145997829
  endloop
endfacet
facet normal -3.669682998849591e-18 6.483058776276459e-14 -1.0
  outer loop
    vertex 9332.144923236754 10106.581165287913 88.83116145997822
    vertex 9337.460478998824 10108.013528390804 88.83116145997829
    vertex 9332.792640851312 10106.666438929602 88.83116145997823
  endloop
endfacet
facet normal -3.669682998849591e-18 6.483058776276459e-14 -1.0
  outer loop
    vertex 9332.792640851312 10106.666438929602 88.83116145997823
    vertex 9337.460478998824 10108.013528390804 88.83116145997829
    vertex 9337.90591854925 10107.11026633683 88.83116145997825
  endloop
endfacet
facet normal -3.669682998849591e-18 6.483058776276459e-14 -1.0
  outer loop
    vertex 9322.112640825884 10057.463850241427 88.83116145997502
    vertex 9330.375325804827 10104.811567855988 88.83116145997809
    vertex 9330.29005216314 10104.163850241428 88.83116145997806
  endloop
endfacet
facet normal -3.669682998849591e-18 6.483058776276459e-14 -1.0
  outer loop
    vertex 9322.112640825884 10057.463850241427 88.83116145997502
    vertex 9330.29005216314 10104.163850241428 88.83116145997806
    vertex 9330.375325804827 10103.516132626863 88.83116145997802
  endloop
endfacet
facet normal -3.669682998849591e-18 6.483058776276459e-14 -1.0
  outer loop
    vertex 9322.112640825884 10057.463850241427 88.83116145997502
    vertex 9330.375325804827 10103.516132626863 88.83116145997802
    vertex 9330.62533547213 10102.912555897337 88.83116145997798
  endloop
endfacet
facet normal -3.669682998849591e-18 6.483058776276459e-14 -1.0
  outer loop
    vertex 9322.112640825884 10057.463850241427 88.83116145997502
    vertex 9330.62533547213 10102.912555897337 88.83116145997798
    vertex 9331.02304341938 10102.3942528095 88.83116145997795
  endloop
endfacet
facet normal -3.669682998849591e-18 6.483058776276459e-14 -1.0
  outer loop
    vertex 9322.112640825884 10057.463850241427 88.83116145997502
    vertex 9331.02304341938 10102.3942528095 88.83116145997795
    vertex 9331.541346507222 10101.996544862246 88.83116145997792
  endloop
endfacet
facet normal -3.669682998849591e-18 6.483058776276459e-14 -1.0
  outer loop
    vertex 9322.112640825884 10057.463850241427 88.83116145997502
    vertex 9331.541346507222 10101.996544862246 88.83116145997792
    vertex 9332.144923236754 10101.746535194941 88.83116145997789
  endloop
endfacet
facet normal -3.669682998849591e-18 6.483058776276459e-14 -1.0
  outer loop
    vertex 9322.112640825884 10057.463850241427 88.83116145997502
    vertex 9332.144923236754 10101.746535194941 88.83116145997789
    vertex 9332.792640851312 10101.661261553254 88.83116145997788
  endloop
endfacet
facet normal -3.669682998849591e-18 6.483058776276459e-14 -1.0
  outer loop
    vertex 9322.112640825884 10057.463850241427 88.83116145997502
    vertex 9332.792640851312 10101.661261553254 88.83116145997788
    vertex 9331.02304341938 10066.933447673353 88.83116145997565
  endloop
endfacet
facet normal -3.669682998849591e-18 6.483058776276459e-14 -1.0
  outer loop
    vertex 9331.02304341938 10066.933447673353 88.83116145997565
    vertex 9332.792640851312 10101.661261553254 88.83116145997788
    vertex 9331.541346507227 10067.331155620612 88.83116145997566
  endloop
endfacet
facet normal -3.669682998849591e-18 6.483058776276459e-14 -1.0
  outer loop
    vertex 9331.541346507227 10067.331155620612 88.83116145997566
    vertex 9332.792640851312 10101.661261553254 88.83116145997788
    vertex 9332.144923236754 10067.581165287913 88.83116145997569
  endloop
endfacet
facet normal -3.669682998849591e-18 6.483058776276459e-14 -1.0
  outer loop
    vertex 9332.144923236754 10067.581165287913 88.83116145997569
    vertex 9332.792640851312 10101.661261553254 88.83116145997788
    vertex 9332.792640851312 10067.666438929602 88.83116145997568
  endloop
endfacet
facet normal -3.669682998849591e-18 6.483058776276459e-14 -1.0
  outer loop
    vertex 9322.112640825884 10057.463850241427 88.83116145997502
    vertex 9331.02304341938 10066.933447673353 88.83116145997565
    vertex 9330.62533547213 10066.415144585517 88.83116145997562
  endloop
endfacet
facet normal -3.669682998849591e-18 6.483058776276459e-14 -1.0
  outer loop
    vertex 9322.112640825884 10057.463850241427 88.83116145997502
    vertex 9330.62533547213 10066.415144585517 88.83116145997562
    vertex 9330.375325804827 10065.811567855988 88.83116145997556
  endloop
endfacet
facet normal -3.669682998849591e-18 6.483058776276459e-14 -1.0
  outer loop
    vertex 9322.112640825884 10057.463850241427 88.83116145997502
    vertex 9330.375325804827 10065.811567855988 88.83116145997556
    vertex 9330.29005216314 10065.163850241428 88.83116145997552
  endloop
endfacet
facet normal -3.669682998849591e-18 6.483058776276459e-14 -1.0
  outer loop
    vertex 9322.112640825884 10057.463850241427 88.83116145997502
    vertex 9330.29005216314 10065.163850241428 88.83116145997552
    vertex 9330.37532580483 10064.516132626863 88.83116145997549
  endloop
endfacet
facet normal -3.669682998849591e-18 6.483058776276459e-14 -1.0
  outer loop
    vertex 9322.112640825884 10057.463850241427 88.83116145997502
    vertex 9330.37532580483 10064.516132626863 88.83116145997549
    vertex 9330.625335472128 10063.912555897337 88.83116145997543
  endloop
endfacet
facet normal -3.669682998849591e-18 6.483058776276459e-14 -1.0
  outer loop
    vertex 9322.112640825884 10057.463850241427 88.83116145997502
    vertex 9330.625335472128 10063.912555897337 88.83116145997543
    vertex 9331.023043419382 10063.3942528095 88.8311614599754
  endloop
endfacet
facet normal -3.669682998849591e-18 6.483058776276459e-14 -1.0
  outer loop
    vertex 9322.112640825884 10057.463850241427 88.83116145997502
    vertex 9331.023043419382 10063.3942528095 88.8311614599754
    vertex 9331.541346507222 10062.996544862246 88.83116145997538
  endloop
endfacet
facet normal -3.669682998849591e-18 6.483058776276459e-14 -1.0
  outer loop
    vertex 9322.112640825884 10057.463850241427 88.83116145997502
    vertex 9331.541346507222 10062.996544862246 88.83116145997538
    vertex 9332.144923236754 10062.746535194941 88.83116145997536
  endloop
endfacet
facet normal -3.669682998849591e-18 6.483058776276459e-14 -1.0
  outer loop
    vertex 9322.112640825884 10057.463850241427 88.83116145997502
    vertex 9332.144923236754 10062.746535194941 88.83116145997536
    vertex 9332.792640851312 10062.661261553254 88.83116145997535
  endloop
endfacet
facet normal -3.669682998849591e-18 6.483058776276459e-14 -1.0
  outer loop
    vertex 9322.112640825884 10057.463850241427 88.83116145997502
    vertex 9332.792640851312 10062.661261553254 88.83116145997535
    vertex 9337.90591854925 10062.217434146021 88.83116145997533
  endloop
endfacet
facet normal -3.669682998849591e-18 6.483058776276459e-14 -1.0
  outer loop
    vertex 9322.112640825884 10057.463850241427 88.83116145997502
    vertex 9337.90591854925 10062.217434146021 88.83116145997533
    vertex 9337.460478998826 10061.314172092052 88.83116145997529
  endloop
endfacet
facet normal -3.669682998849591e-18 6.483058776276459e-14 -1.0
  outer loop
    vertex 9322.112640825884 10057.463850241427 88.83116145997502
    vertex 9337.460478998826 10061.314172092052 88.83116145997529
    vertex 9336.900950889023 10060.47677909855 88.83116145997523
  endloop
endfacet
facet normal -3.669682998849591e-18 6.483058776276459e-14 -1.0
  outer loop
    vertex 9322.112640825884 10057.463850241427 88.83116145997502
    vertex 9336.900950889023 10060.47677909855 88.83116145997523
    vertex 9336.23690790093 10059.719583191798 88.83116145997516
  endloop
endfacet
facet normal -3.669682998849591e-18 6.483058776276459e-14 -1.0
  outer loop
    vertex 9322.112640825884 10057.463850241427 88.83116145997502
    vertex 9336.23690790093 10059.719583191798 88.83116145997516
    vertex 9335.479711994187 10059.055540203712 88.83116145997512
  endloop
endfacet
facet normal -3.669682998849591e-18 6.483058776276459e-14 -1.0
  outer loop
    vertex 9322.112640825884 10057.463850241427 88.83116145997502
    vertex 9335.479711994187 10059.055540203712 88.83116145997512
    vertex 9334.642319000697 10058.496012093916 88.83116145997508
  endloop
endfacet
facet normal -3.669682998849591e-18 6.483058776276459e-14 -1.0
  outer loop
    vertex 9322.112640825884 10057.463850241427 88.83116145997502
    vertex 9334.642319000697 10058.496012093916 88.83116145997508
    vertex 9333.739056946732 10058.050572543496 88.83116145997506
  endloop
endfacet
facet normal -3.669682998849591e-18 6.483058776276459e-14 -1.0
  outer loop
    vertex 9322.112640825884 10057.463850241427 88.83116145997502
    vertex 9333.739056946732 10058.050572543496 88.83116145997506
    vertex 9332.785380896448 10057.726843146653 88.83116145997505
  endloop
endfacet
facet normal -3.669682998849591e-18 6.483058776276459e-14 -1.0
  outer loop
    vertex 9322.112640825884 10057.463850241427 88.83116145997502
    vertex 9332.785380896448 10057.726843146653 88.83116145997505
    vertex 9331.797608511533 10057.530363003138 88.83116145997505
  endloop
endfacet
facet normal -3.669682998849591e-18 6.483058776276459e-14 -1.0
  outer loop
    vertex 9322.112640825884 10057.463850241427 88.83116145997502
    vertex 9331.797608511533 10057.530363003138 88.83116145997505
    vertex 9330.782819868195 10057.463850241427 88.83116145997502
  endloop
endfacet
facet normal 0.3162277660169021 6.142829154601167e-14 -0.9486832980504923
  outer loop
    vertex 9306.012640825886 10057.163850241426 89.13116145997502
    vertex 9305.112640825886 10111.863850241427 88.83116145997855
    vertex 9306.012640825886 10112.163850241426 89.13116145997857
  endloop
endfacet
facet normal 0.3162277660169021 6.142829154601167e-14 -0.9486832980504923
  outer loop
    vertex 9305.112640825886 10111.863850241427 88.83116145997855
    vertex 9306.012640825886 10057.163850241426 89.13116145997502
    vertex 9305.112640825886 10057.463850241427 88.83116145997502
  endloop
endfacet
facet normal -0.22729202565633105 0.6695807158755318 -0.7071067811870086
  outer loop
    vertex 9294.439900755315 10111.6008573362 88.83116145997853
    vertex 9293.37117334154 10111.554886501519 89.13116145997851
    vertex 9294.362088439639 10111.89125685174 89.13116145997854
  endloop
endfacet
facet normal -0.22729202565633105 0.6695807158755318 -0.7071067811870086
  outer loop
    vertex 9293.37117334154 10111.554886501519 89.13116145997851
    vertex 9294.439900755315 10111.6008573362 88.83116145997853
    vertex 9293.486224705051 10111.277127939362 88.83116145997852
  endloop
endfacet
facet normal -0.7071067811866273 4.5822703217222386e-14 -0.7071067811864679
  outer loop
    vertex 9288.432640800458 10065.163850241417 89.13116145997553
    vertex 9288.73264080046 10104.154029258321 88.83116145997806
    vertex 9288.73264080046 10065.173671224535 88.83116145997553
  endloop
endfacet
facet normal -0.7071067811866273 4.5822703217222386e-14 -0.7071067811864679
  outer loop
    vertex 9288.73264080046 10104.154029258321 88.83116145997806
    vertex 9288.432640800458 10065.163850241417 89.13116145997553
    vertex 9288.432640800458 10104.163850241439 89.13116145997806
  endloop
endfacet
facet normal -0.7055928112897717 0.046246996189422816 -0.7071067811863015
  outer loop
    vertex 9288.799153562166 10105.168817901633 88.83116145997813
    vertex 9288.432640800458 10104.163850241439 89.13116145997806
    vertex 9288.501081909466 10105.208059779176 89.13116145997813
  endloop
endfacet
facet normal -0.7055928112897717 0.046246996189422816 -0.7071067811863015
  outer loop
    vertex 9288.432640800458 10104.163850241439 89.13116145997806
    vertex 9288.799153562166 10105.168817901633 88.83116145997813
    vertex 9288.73264080046 10104.154029258321 88.83116145997806
  endloop
endfacet
facet normal -0.04624699618931788 0.7055928112898621 -0.7071067811862184
  outer loop
    vertex 9296.442461783587 10111.863850241427 88.83116145997855
    vertex 9295.388431262687 10112.095409132417 89.13116145997857
    vertex 9296.432640800469 10112.163850241426 89.13116145997857
  endloop
endfacet
facet normal -0.04624699618931788 0.7055928112898621 -0.7071067811862184
  outer loop
    vertex 9295.388431262687 10112.095409132417 89.13116145997857
    vertex 9296.442461783587 10111.863850241427 88.83116145997855
    vertex 9295.427673140228 10111.797337479717 88.83116145997856
  endloop
endfacet
facet normal -0.39284747919293556 0.5879378012089974 -0.7071067811874566
  outer loop
    vertex 9292.582962651084 10110.831688388942 88.83116145997849
    vertex 9291.562549368386 10110.510676963755 89.13116145997846
    vertex 9292.43264080046 10111.092053471704 89.13116145997851
  endloop
endfacet
facet normal -0.39284747919293556 0.5879378012089974 -0.7071067811874566
  outer loop
    vertex 9291.562549368386 10110.510676963755 89.13116145997846
    vertex 9292.582962651084 10110.831688388942 88.83116145997849
    vertex 9291.745569657574 10110.272160279135 88.83116145997845
  endloop
endfacet
facet normal -0.31274533209587346 0.6341847973992188 -0.7071067811865148
  outer loop
    vertex 9293.486224705051 10111.277127939362 88.83116145997852
    vertex 9292.43264080046 10111.092053471704 89.13116145997851
    vertex 9293.37117334154 10111.554886501519 89.13116145997851
  endloop
endfacet
facet normal -0.31274533209587346 0.6341847973992188 -0.7071067811865148
  outer loop
    vertex 9292.43264080046 10111.092053471704 89.13116145997851
    vertex 9293.486224705051 10111.277127939362 88.83116145997852
    vertex 9292.582962651084 10110.831688388942 88.83116145997849
  endloop
endfacet
facet normal -0.6695807158763241 0.22729202565648252 -0.7071067811862097
  outer loop
    vertex 9289.319363102526 10107.11026633684 88.83116145997825
    vertex 9288.705234190147 10106.23440260225 89.13116145997819
    vertex 9289.041604540369 10107.225317700351 89.13116145997827
  endloop
endfacet
facet normal -0.6695807158763241 0.22729202565648252 -0.7071067811862097
  outer loop
    vertex 9288.705234190147 10106.23440260225 89.13116145997819
    vertex 9289.319363102526 10107.11026633684 88.83116145997825
    vertex 9288.995633705686 10106.156590286575 88.83116145997818
  endloop
endfacet
facet normal -0.6341847973988096 0.3127453320967039 -0.7071067811865146
  outer loop
    vertex 9289.764802652946 10108.013528390804 88.83116145997829
    vertex 9289.041604540369 10107.225317700351 89.13116145997827
    vertex 9289.504437570184 10108.163850241428 89.13116145997832
  endloop
endfacet
facet normal -0.6341847973988096 0.3127453320967039 -0.7071067811865146
  outer loop
    vertex 9289.041604540369 10107.225317700351 89.13116145997827
    vertex 9289.764802652946 10108.013528390804 88.83116145997829
    vertex 9289.319363102526 10107.11026633684 88.83116145997825
  endloop
endfacet
facet normal -0.6935199226611602 0.1379496896419161 -0.707106781186376
  outer loop
    vertex 9288.995633705686 10106.156590286575 88.83116145997818
    vertex 9288.501081909466 10105.208059779176 89.13116145997813
    vertex 9288.705234190147 10106.23440260225 89.13116145997819
  endloop
endfacet
facet normal -0.6935199226611602 0.1379496896419161 -0.707106781186376
  outer loop
    vertex 9288.501081909466 10105.208059779176 89.13116145997813
    vertex 9288.995633705686 10106.156590286575 88.83116145997818
    vertex 9288.799153562166 10105.168817901633 88.83116145997813
  endloop
endfacet
facet normal -0.5879378012088667 0.3928474791922684 -0.707106781187936
  outer loop
    vertex 9290.324330762745 10108.850921384304 88.83116145997836
    vertex 9289.504437570184 10108.163850241428 89.13116145997832
    vertex 9290.085814078126 10109.033941673493 89.13116145997836
  endloop
endfacet
facet normal -0.5879378012088667 0.3928474791922684 -0.707106781187936
  outer loop
    vertex 9289.504437570184 10108.163850241428 89.13116145997832
    vertex 9290.324330762745 10108.850921384304 88.83116145997836
    vertex 9289.764802652946 10108.013528390804 88.83116145997829
  endloop
endfacet
facet normal -0.5316310262333805 0.4662278970036192 -0.7071067811876968
  outer loop
    vertex 9290.98837375084 10109.608117291054 88.83116145997842
    vertex 9290.085814078126 10109.033941673493 89.13116145997836
    vertex 9290.77578655097 10109.820704490925 89.13116145997844
  endloop
endfacet
facet normal -0.5316310262333805 0.4662278970036192 -0.7071067811876968
  outer loop
    vertex 9290.085814078126 10109.033941673493 89.13116145997836
    vertex 9290.98837375084 10109.608117291054 88.83116145997842
    vertex 9290.324330762745 10108.850921384304 88.83116145997836
  endloop
endfacet
facet normal -0.4662278970039688 0.5316310262337242 -0.7071067811872079
  outer loop
    vertex 9291.745569657574 10110.272160279135 88.83116145997845
    vertex 9290.77578655097 10109.820704490925 89.13116145997844
    vertex 9291.562549368386 10110.510676963755 89.13116145997846
  endloop
endfacet
facet normal -0.4662278970039688 0.5316310262337242 -0.7071067811872079
  outer loop
    vertex 9290.77578655097 10109.820704490925 89.13116145997844
    vertex 9291.745569657574 10110.272160279135 88.83116145997845
    vertex 9290.98837375084 10109.608117291054 88.83116145997842
  endloop
endfacet
facet normal -0.1379496896417677 0.6935199226603593 -0.7071067811871904
  outer loop
    vertex 9295.427673140228 10111.797337479717 88.83116145997856
    vertex 9294.362088439639 10111.89125685174 89.13116145997854
    vertex 9295.388431262687 10112.095409132417 89.13116145997857
  endloop
endfacet
facet normal -0.1379496896417677 0.6935199226603593 -0.7071067811871904
  outer loop
    vertex 9294.362088439639 10111.89125685174 89.13116145997854
    vertex 9295.427673140228 10111.797337479717 88.83116145997856
    vertex 9294.439900755315 10111.6008573362 88.83116145997853
  endloop
endfacet
facet normal -7.777439992308872e-19 0.7071067811866539 -0.7071067811864412
  outer loop
    vertex 9306.012640825886 10112.163850241426 89.13116145997857
    vertex 9296.442461783587 10111.863850241427 88.83116145997855
    vertex 9296.432640800469 10112.163850241426 89.13116145997857
  endloop
endfacet
facet normal -7.777439992308872e-19 0.7071067811866539 -0.7071067811864412
  outer loop
    vertex 9296.442461783587 10111.863850241427 88.83116145997855
    vertex 9306.012640825886 10112.163850241426 89.13116145997857
    vertex 9305.112640825886 10111.863850241427 88.83116145997855
  endloop
endfacet
facet normal -0.7055928112898462 -0.04624699618917218 -0.7071067811862438
  outer loop
    vertex 9288.799153562166 10064.158882581218 88.83116145997546
    vertex 9288.432640800458 10065.163850241417 89.13116145997553
    vertex 9288.73264080046 10065.173671224535 88.83116145997553
  endloop
endfacet
facet normal -0.7055928112898462 -0.04624699618917218 -0.7071067811862438
  outer loop
    vertex 9288.432640800458 10065.163850241417 89.13116145997553
    vertex 9288.799153562166 10064.158882581218 88.83116145997546
    vertex 9288.501081909466 10064.119640703677 89.13116145997546
  endloop
endfacet
facet normal -0.7010573846514057 -0.09229595564016534 -0.7071067811852745
  outer loop
    vertex 9296.93522948863 10104.163850241428 88.83116145997802
    vertex 9296.557677618295 10104.733252140653 89.13116145997803
    vertex 9296.849955846945 10104.811567855986 88.83116145997805
  endloop
endfacet
facet normal -0.7010573846514057 -0.09229595564016534 -0.7071067811852745
  outer loop
    vertex 9296.557677618295 10104.733252140653 89.13116145997803
    vertex 9296.93522948863 10104.163850241428 88.83116145997802
    vertex 9296.632640800459 10104.163850241428 89.13116145997802
  endloop
endfacet
facet normal -0.531631026233678 -0.46622789700375283 -0.707106781187385
  outer loop
    vertex 9290.988373750848 10059.71958319179 88.83116145997516
    vertex 9290.085814078126 10060.293758809361 89.13116145997523
    vertex 9290.324330762745 10060.47677909855 88.83116145997523
  endloop
endfacet
facet normal -0.531631026233678 -0.46622789700375283 -0.707106781187385
  outer loop
    vertex 9290.085814078126 10060.293758809361 89.13116145997523
    vertex 9290.988373750848 10059.71958319179 88.83116145997516
    vertex 9290.775786550974 10059.506995991926 89.13116145997515
  endloop
endfacet
facet normal -0.6532814824392198 -0.2705980500736845 -0.7071067811853703
  outer loop
    vertex 9296.849955846945 10104.811567855986 88.83116145997805
    vertex 9296.337896688785 10105.263850241428 89.13116145997809
    vertex 9296.59994617964 10105.415144585517 88.83116145997808
  endloop
endfacet
facet normal -0.6532814824392198 -0.2705980500736845 -0.7071067811853703
  outer loop
    vertex 9296.337896688785 10105.263850241428 89.13116145997809
    vertex 9296.849955846945 10104.811567855986 88.83116145997805
    vertex 9296.557677618295 10104.733252140653 89.13116145997803
  endloop
endfacet
facet normal -0.31274533209553534 -0.6341847973984628 -0.7071067811873425
  outer loop
    vertex 9293.48622470504 10058.050572543496 88.83116145997506
    vertex 9292.432640800458 10058.235647011152 89.13116145997509
    vertex 9292.582962651073 10058.496012093918 88.83116145997508
  endloop
endfacet
facet normal -0.31274533209553534 -0.6341847973984628 -0.7071067811873425
  outer loop
    vertex 9292.432640800458 10058.235647011152 89.13116145997509
    vertex 9293.48622470504 10058.050572543496 88.83116145997506
    vertex 9293.371173341531 10057.772813981339 89.13116145997503
  endloop
endfacet
facet normal -0.4662278970042768 -0.5316310262355478 -0.7071067811856339
  outer loop
    vertex 9291.745569657576 10059.055540203717 88.83116145997512
    vertex 9290.775786550974 10059.506995991926 89.13116145997515
    vertex 9290.988373750848 10059.71958319179 88.83116145997516
  endloop
endfacet
facet normal -0.4662278970042768 -0.5316310262355478 -0.7071067811856339
  outer loop
    vertex 9290.775786550974 10059.506995991926 89.13116145997515
    vertex 9291.745569657576 10059.055540203717 88.83116145997512
    vertex 9291.562549368386 10058.8170235191 89.1311614599751
  endloop
endfacet
facet normal -0.6341847973992094 -0.31274533209580213 -0.7071067811865548
  outer loop
    vertex 9289.764802652944 10061.314172092052 88.83116145997529
    vertex 9289.04160454037 10062.1023827825 89.1311614599753
    vertex 9289.319363102528 10062.21743414601 88.83116145997533
  endloop
endfacet
facet normal -0.6341847973992094 -0.31274533209580213 -0.7071067811865548
  outer loop
    vertex 9289.04160454037 10062.1023827825 89.1311614599753
    vertex 9289.764802652944 10061.314172092052 88.83116145997529
    vertex 9289.504437570182 10061.163850241428 89.13116145997527
  endloop
endfacet
facet normal -0.3928474791946965 -0.5879378012097963 -0.7071067811858139
  outer loop
    vertex 9292.582962651073 10058.496012093918 88.83116145997508
    vertex 9291.562549368386 10058.8170235191 89.1311614599751
    vertex 9291.745569657576 10059.055540203717 88.83116145997512
  endloop
endfacet
facet normal -0.3928474791946965 -0.5879378012097963 -0.7071067811858139
  outer loop
    vertex 9291.562549368386 10058.8170235191 89.1311614599751
    vertex 9292.582962651073 10058.496012093918 88.83116145997508
    vertex 9292.432640800458 10058.235647011152 89.13116145997509
  endloop
endfacet
facet normal -0.13794968964107882 -0.6935199226612929 -0.7071067811864092
  outer loop
    vertex 9295.427673140235 10057.530363003138 88.83116145997505
    vertex 9294.362088439644 10057.436443631113 89.13116145997502
    vertex 9294.43990075532 10057.726843146653 88.83116145997505
  endloop
endfacet
facet normal -0.13794968964107882 -0.6935199226612929 -0.7071067811864092
  outer loop
    vertex 9294.362088439644 10057.436443631113 89.13116145997502
    vertex 9295.427673140235 10057.530363003138 88.83116145997505
    vertex 9295.388431262696 10057.232291350438 89.13116145997502
  endloop
endfacet
facet normal -0.5879378012085895 -0.39284747919265883 -0.7071067811879495
  outer loop
    vertex 9290.324330762745 10060.47677909855 88.83116145997523
    vertex 9289.504437570182 10061.163850241428 89.13116145997527
    vertex 9289.764802652944 10061.314172092052 88.83116145997529
  endloop
endfacet
facet normal -0.5879378012085895 -0.39284747919265883 -0.7071067811879495
  outer loop
    vertex 9289.504437570182 10061.163850241428 89.13116145997527
    vertex 9290.324330762745 10060.47677909855 88.83116145997523
    vertex 9290.085814078126 10060.293758809361 89.13116145997523
  endloop
endfacet
facet normal -0.7010573846514518 0.09229595563981362 -0.7071067811852746
  outer loop
    vertex 9296.849955846945 10103.516132626866 88.83116145997796
    vertex 9296.632640800459 10104.163850241428 89.13116145997802
    vertex 9296.93522948863 10104.163850241428 88.83116145997802
  endloop
endfacet
facet normal -0.7010573846514518 0.09229595563981362 -0.7071067811852746
  outer loop
    vertex 9296.632640800459 10104.163850241428 89.13116145997802
    vertex 9296.849955846945 10103.516132626866 88.83116145997796
    vertex 9296.557677618295 10103.594448342197 89.13116145997797
  endloop
endfacet
facet normal -0.6935199226610883 -0.13794968964220994 -0.7071067811863894
  outer loop
    vertex 9288.995633705686 10063.171110196281 88.83116145997539
    vertex 9288.501081909466 10064.119640703677 89.13116145997546
    vertex 9288.799153562166 10064.158882581218 88.83116145997546
  endloop
endfacet
facet normal -0.6935199226610883 -0.13794968964220994 -0.7071067811863894
  outer loop
    vertex 9288.501081909466 10064.119640703677 89.13116145997546
    vertex 9288.995633705686 10063.171110196281 88.83116145997539
    vertex 9288.705234190147 10063.093297880605 89.1311614599754
  endloop
endfacet
facet normal -0.04624699619019833 -0.7055928112897994 -0.7071067811862232
  outer loop
    vertex 9296.442461783576 10057.463850241427 88.83116145997502
    vertex 9295.388431262696 10057.232291350438 89.13116145997502
    vertex 9295.427673140235 10057.530363003138 88.83116145997505
  endloop
endfacet
facet normal -0.04624699619019833 -0.7055928112897994 -0.7071067811862232
  outer loop
    vertex 9295.388431262696 10057.232291350438 89.13116145997502
    vertex 9296.442461783576 10057.463850241427 88.83116145997502
    vertex 9296.432640800458 10057.163850241426 89.13116145997502
  endloop
endfacet
facet normal -1.166615998843823e-18 -0.7071067811866006 -0.7071067811864944
  outer loop
    vertex 9296.442461783576 10057.463850241427 88.83116145997502
    vertex 9306.012640825886 10057.163850241426 89.13116145997502
    vertex 9296.432640800458 10057.163850241426 89.13116145997502
  endloop
endfacet
facet normal -1.166615998843823e-18 -0.7071067811866006 -0.7071067811864944
  outer loop
    vertex 9306.012640825886 10057.163850241426 89.13116145997502
    vertex 9296.442461783576 10057.463850241427 88.83116145997502
    vertex 9305.112640825886 10057.463850241427 88.83116145997502
  endloop
endfacet
facet normal -0.6695807158763244 -0.22729202565635762 -0.7071067811862496
  outer loop
    vertex 9289.319363102528 10062.21743414601 88.83116145997533
    vertex 9288.705234190147 10063.093297880605 89.1311614599754
    vertex 9288.995633705686 10063.171110196281 88.83116145997539
  endloop
endfacet
facet normal -0.6695807158763244 -0.22729202565635762 -0.7071067811862496
  outer loop
    vertex 9288.705234190147 10063.093297880605 89.1311614599754
    vertex 9289.319363102528 10062.21743414601 88.83116145997533
    vertex 9289.04160454037 10062.1023827825 89.1311614599753
  endloop
endfacet
facet normal -0.2272920256563934 -0.6695807158748769 -0.707106781187609
  outer loop
    vertex 9294.43990075532 10057.726843146653 88.83116145997505
    vertex 9293.371173341531 10057.772813981339 89.13116145997503
    vertex 9293.48622470504 10058.050572543496 88.83116145997506
  endloop
endfacet
facet normal -0.2272920256563934 -0.6695807158748769 -0.707106781187609
  outer loop
    vertex 9293.371173341531 10057.772813981339 89.13116145997503
    vertex 9294.43990075532 10057.726843146653 88.83116145997505
    vertex 9294.362088439644 10057.436443631113 89.13116145997502
  endloop
endfacet
facet normal 0.5609855267983311 0.4304593345763967 -0.7071067811857306
  outer loop
    vertex 9292.877005881845 10102.608215322818 89.1311614599779
    vertex 9292.265335421274 10102.912555897341 88.83116145997793
    vertex 9292.527384912131 10103.063850241428 89.13116145997796
  endloop
endfacet
facet normal 0.5609855267983311 0.4304593345763967 -0.7071067811857306
  outer loop
    vertex 9292.265335421274 10102.912555897341 88.83116145997793
    vertex 9292.877005881845 10102.608215322818 89.1311614599779
    vertex 9292.663043368528 10102.3942528095 88.8311614599779
  endloop
endfacet
facet normal 0.43045933457603963 0.560985526798399 -0.7071067811858942
  outer loop
    vertex 9293.33264080046 10102.258594353101 89.13116145997787
    vertex 9292.663043368528 10102.3942528095 88.8311614599779
    vertex 9292.877005881845 10102.608215322818 89.1311614599779
  endloop
endfacet
facet normal 0.43045933457603963 0.560985526798399 -0.7071067811858942
  outer loop
    vertex 9292.663043368528 10102.3942528095 88.8311614599779
    vertex 9293.33264080046 10102.258594353101 89.13116145997787
    vertex 9293.181346456373 10101.996544862246 88.83116145997788
  endloop
endfacet
facet normal -0.2705980500716269 -0.6532814824380039 -0.7071067811872811
  outer loop
    vertex 9295.683935144543 10106.331155620612 88.83116145997813
    vertex 9295.002042699682 10106.288887059263 89.13116145997814
    vertex 9295.080358415016 10106.581165287913 88.83116145997818
  endloop
endfacet
facet normal -0.2705980500716269 -0.6532814824380039 -0.7071067811872811
  outer loop
    vertex 9295.002042699682 10106.288887059263 89.13116145997814
    vertex 9295.683935144543 10106.331155620612 88.83116145997813
    vertex 9295.532640800455 10106.069106129755 89.13116145997813
  endloop
endfacet
facet normal 0.27059805007317245 0.653281482438464 -0.7071067811862646
  outer loop
    vertex 9293.863238901233 10102.038813423593 89.13116145997789
    vertex 9293.181346456373 10101.996544862246 88.83116145997788
    vertex 9293.33264080046 10102.258594353101 89.13116145997787
  endloop
endfacet
facet normal 0.27059805007317245 0.653281482438464 -0.7071067811862646
  outer loop
    vertex 9293.181346456373 10101.996544862246 88.83116145997788
    vertex 9293.863238901233 10102.038813423593 89.13116145997789
    vertex 9293.7849231859 10101.746535194941 88.83116145997785
  endloop
endfacet
facet normal 0.0922959556415914 0.7010573846495566 -0.7071067811869217
  outer loop
    vertex 9294.432640800458 10101.963850241427 89.13116145997786
    vertex 9293.7849231859 10101.746535194941 88.83116145997785
    vertex 9293.863238901233 10102.038813423593 89.13116145997789
  endloop
endfacet
facet normal 0.0922959556415914 0.7010573846495566 -0.7071067811869217
  outer loop
    vertex 9293.7849231859 10101.746535194941 88.83116145997785
    vertex 9294.432640800458 10101.963850241427 89.13116145997786
    vertex 9294.432640800458 10101.661261553254 88.83116145997784
  endloop
endfacet
facet normal 0.2705980500726487 -0.6532814824379329 -0.7071067811869556
  outer loop
    vertex 9293.863238901235 10106.288887059263 89.13116145997814
    vertex 9293.181346456377 10106.331155620612 88.83116145997813
    vertex 9293.7849231859 10106.581165287913 88.83116145997818
  endloop
endfacet
facet normal 0.2705980500726487 -0.6532814824379329 -0.7071067811869556
  outer loop
    vertex 9293.181346456377 10106.331155620612 88.83116145997813
    vertex 9293.863238901235 10106.288887059263 89.13116145997814
    vertex 9293.332640800463 10106.069106129755 89.13116145997813
  endloop
endfacet
facet normal -0.560985526796506 -0.4304593345770302 -0.7071067811867929
  outer loop
    vertex 9296.59994617964 10105.415144585517 88.83116145997808
    vertex 9295.988275719072 10105.719485160034 89.13116145997812
    vertex 9296.20223823239 10105.933447673353 88.83116145997812
  endloop
endfacet
facet normal -0.560985526796506 -0.4304593345770302 -0.7071067811867929
  outer loop
    vertex 9295.988275719072 10105.719485160034 89.13116145997812
    vertex 9296.59994617964 10105.415144585517 88.83116145997808
    vertex 9296.337896688785 10105.263850241428 89.13116145997809
  endloop
endfacet
facet normal -0.09229595564114197 -0.7010573846501753 -0.7071067811863668
  outer loop
    vertex 9295.080358415016 10106.581165287913 88.83116145997818
    vertex 9294.432640800458 10106.363850241427 89.13116145997816
    vertex 9294.432640800458 10106.666438929602 88.83116145997819
  endloop
endfacet
facet normal -0.09229595564114197 -0.7010573846501753 -0.7071067811863668
  outer loop
    vertex 9294.432640800458 10106.363850241427 89.13116145997816
    vertex 9295.080358415016 10106.581165287913 88.83116145997818
    vertex 9295.002042699682 10106.288887059263 89.13116145997814
  endloop
endfacet
facet normal -0.430459334576863 -0.5609855267955771 -0.7071067811876316
  outer loop
    vertex 9296.20223823239 10105.933447673353 88.83116145997812
    vertex 9295.532640800455 10106.069106129755 89.13116145997813
    vertex 9295.683935144543 10106.331155620612 88.83116145997813
  endloop
endfacet
facet normal -0.430459334576863 -0.5609855267955771 -0.7071067811876316
  outer loop
    vertex 9295.532640800455 10106.069106129755 89.13116145997813
    vertex 9296.20223823239 10105.933447673353 88.83116145997812
    vertex 9295.988275719072 10105.719485160034 89.13116145997812
  endloop
endfacet
facet normal 0.6532814824384313 0.27059805007321674 -0.7071067811862779
  outer loop
    vertex 9292.527384912131 10103.063850241428 89.13116145997796
    vertex 9292.015325753971 10103.51613262687 88.83116145997796
    vertex 9292.307603982623 10103.5944483422 89.13116145997797
  endloop
endfacet
facet normal 0.6532814824384313 0.27059805007321674 -0.7071067811862779
  outer loop
    vertex 9292.015325753971 10103.51613262687 88.83116145997796
    vertex 9292.527384912131 10103.063850241428 89.13116145997796
    vertex 9292.265335421274 10102.912555897341 88.83116145997793
  endloop
endfacet
facet normal 0.09229595564114196 -0.7010573846501755 -0.7071067811863668
  outer loop
    vertex 9294.432640800458 10106.363850241427 89.13116145997816
    vertex 9293.7849231859 10106.581165287913 88.83116145997818
    vertex 9294.432640800458 10106.666438929602 88.83116145997819
  endloop
endfacet
facet normal 0.09229595564114196 -0.7010573846501755 -0.7071067811863668
  outer loop
    vertex 9293.7849231859 10106.581165287913 88.83116145997818
    vertex 9294.432640800458 10106.363850241427 89.13116145997816
    vertex 9293.863238901235 10106.288887059263 89.13116145997814
  endloop
endfacet
facet normal 0.4304593345758936 -0.5609855267976267 -0.7071067811865958
  outer loop
    vertex 9293.332640800463 10106.069106129755 89.13116145997813
    vertex 9292.663043368528 10105.933447673353 88.83116145997812
    vertex 9293.181346456377 10106.331155620612 88.83116145997813
  endloop
endfacet
facet normal 0.4304593345758936 -0.5609855267976267 -0.7071067811865958
  outer loop
    vertex 9292.663043368528 10105.933447673353 88.83116145997812
    vertex 9293.332640800463 10106.069106129755 89.13116145997813
    vertex 9292.877005881845 10105.719485160034 89.13116145997812
  endloop
endfacet
facet normal 0.5609855267971028 -0.4304593345764888 -0.7071067811866492
  outer loop
    vertex 9292.877005881845 10105.719485160034 89.13116145997812
    vertex 9292.265335421276 10105.415144585515 88.83116145997808
    vertex 9292.663043368528 10105.933447673353 88.83116145997812
  endloop
endfacet
facet normal 0.5609855267971028 -0.4304593345764888 -0.7071067811866492
  outer loop
    vertex 9292.265335421276 10105.415144585515 88.83116145997808
    vertex 9292.877005881845 10105.719485160034 89.13116145997812
    vertex 9292.527384912131 10105.263850241425 89.13116145997806
  endloop
endfacet
facet normal 0.6532814824390312 -0.2705980500732543 -0.7071067811857091
  outer loop
    vertex 9292.527384912131 10105.263850241425 89.13116145997806
    vertex 9292.015325753971 10104.811567855983 88.83116145997805
    vertex 9292.265335421276 10105.415144585515 88.83116145997808
  endloop
endfacet
facet normal 0.6532814824390312 -0.2705980500732543 -0.7071067811857091
  outer loop
    vertex 9292.015325753971 10104.811567855983 88.83116145997805
    vertex 9292.527384912131 10105.263850241425 89.13116145997806
    vertex 9292.307603982621 10104.733252140652 89.13116145997803
  endloop
endfacet
facet normal 0.7010573846511349 -0.09229595564222227 -0.7071067811852746
  outer loop
    vertex 9292.307603982621 10104.733252140652 89.13116145997803
    vertex 9291.930052112282 10104.163850241428 88.83116145997802
    vertex 9292.015325753971 10104.811567855983 88.83116145997805
  endloop
endfacet
facet normal 0.7010573846511349 -0.09229595564222227 -0.7071067811852746
  outer loop
    vertex 9291.930052112282 10104.163850241428 88.83116145997802
    vertex 9292.307603982621 10104.733252140652 89.13116145997803
    vertex 9292.232640800456 10104.163850241428 89.13116145997802
  endloop
endfacet
facet normal 0.7010573846502447 0.09229595564252215 -0.707106781186118
  outer loop
    vertex 9292.307603982623 10103.5944483422 89.13116145997797
    vertex 9291.930052112282 10104.163850241428 88.83116145997802
    vertex 9292.232640800456 10104.163850241428 89.13116145997802
  endloop
endfacet
facet normal 0.7010573846502447 0.09229595564252215 -0.707106781186118
  outer loop
    vertex 9291.930052112282 10104.163850241428 88.83116145997802
    vertex 9292.307603982623 10103.5944483422 89.13116145997797
    vertex 9292.015325753971 10103.51613262687 88.83116145997796
  endloop
endfacet
facet normal -0.2705980500731169 0.6532814824377822 -0.7071067811869156
  outer loop
    vertex 9295.683935144549 10062.996544862246 88.83116145997529
    vertex 9295.002042699685 10063.038813423593 89.13116145997529
    vertex 9295.53264080046 10063.258594353103 89.13116145997532
  endloop
endfacet
facet normal -0.2705980500731169 0.6532814824377822 -0.7071067811869156
  outer loop
    vertex 9295.002042699685 10063.038813423593 89.13116145997529
    vertex 9295.683935144549 10062.996544862246 88.83116145997529
    vertex 9295.080358415016 10062.746535194941 88.83116145997528
  endloop
endfacet
facet normal -0.4304593345758329 0.5609855267966074 -0.7071067811874415
  outer loop
    vertex 9296.202238232388 10063.3942528095 88.83116145997532
    vertex 9295.53264080046 10063.258594353103 89.13116145997532
    vertex 9295.98827571907 10063.608215322818 89.13116145997535
  endloop
endfacet
facet normal -0.4304593345758329 0.5609855267966074 -0.7071067811874415
  outer loop
    vertex 9295.53264080046 10063.258594353103 89.13116145997532
    vertex 9296.202238232388 10063.3942528095 88.83116145997532
    vertex 9295.683935144549 10062.996544862246 88.83116145997529
  endloop
endfacet
facet normal -0.7010573846514074 -0.09229595564015254 -0.7071067811852746
  outer loop
    vertex 9296.93522948863 10065.163850241428 88.83116145997543
    vertex 9296.557677618295 10065.733252140653 89.13116145997547
    vertex 9296.849955846945 10065.811567855986 88.83116145997546
  endloop
endfacet
facet normal -0.7010573846514074 -0.09229595564015254 -0.7071067811852746
  outer loop
    vertex 9296.557677618295 10065.733252140653 89.13116145997547
    vertex 9296.93522948863 10065.163850241428 88.83116145997543
    vertex 9296.632640800459 10065.163850241428 89.13116145997543
  endloop
endfacet
facet normal -0.7010573846514802 0.09229595563959926 -0.7071067811852746
  outer loop
    vertex 9296.849955846945 10064.516132626864 88.83116145997539
    vertex 9296.632640800459 10065.163850241428 89.13116145997543
    vertex 9296.93522948863 10065.163850241428 88.83116145997543
  endloop
endfacet
facet normal -0.7010573846514802 0.09229595563959926 -0.7071067811852746
  outer loop
    vertex 9296.632640800459 10065.163850241428 89.13116145997543
    vertex 9296.849955846945 10064.516132626864 88.83116145997539
    vertex 9296.557677618295 10064.594448342197 89.13116145997539
  endloop
endfacet
facet normal -0.430459334576863 -0.5609855267955771 -0.7071067811876316
  outer loop
    vertex 9296.20223823239 10066.933447673353 88.83116145997556
    vertex 9295.532640800455 10067.069106129755 89.13116145997557
    vertex 9295.683935144543 10067.331155620612 88.83116145997556
  endloop
endfacet
facet normal -0.430459334576863 -0.5609855267955771 -0.7071067811876316
  outer loop
    vertex 9295.532640800455 10067.069106129755 89.13116145997557
    vertex 9296.20223823239 10066.933447673353 88.83116145997556
    vertex 9295.988275719072 10066.719485160034 89.13116145997554
  endloop
endfacet
facet normal -0.6532814824386323 0.2705980500742695 -0.7071067811856894
  outer loop
    vertex 9296.849955846945 10064.516132626864 88.83116145997539
    vertex 9296.337896688785 10064.063850241428 89.13116145997535
    vertex 9296.557677618295 10064.594448342197 89.13116145997539
  endloop
endfacet
facet normal -0.6532814824386323 0.2705980500742695 -0.7071067811856894
  outer loop
    vertex 9296.337896688785 10064.063850241428 89.13116145997535
    vertex 9296.849955846945 10064.516132626864 88.83116145997539
    vertex 9296.59994617964 10063.912555897337 88.83116145997533
  endloop
endfacet
facet normal -0.27059805007161875 -0.653281482438 -0.7071067811872878
  outer loop
    vertex 9295.683935144543 10067.331155620612 88.83116145997556
    vertex 9295.002042699682 10067.288887059263 89.13116145997557
    vertex 9295.080358415016 10067.581165287913 88.8311614599756
  endloop
endfacet
facet normal -0.27059805007161875 -0.653281482438 -0.7071067811872878
  outer loop
    vertex 9295.002042699682 10067.288887059263 89.13116145997557
    vertex 9295.683935144543 10067.331155620612 88.83116145997556
    vertex 9295.532640800455 10067.069106129755 89.13116145997557
  endloop
endfacet
facet normal -0.43045933457607694 0.5609855267964117 -0.7071067811874482
  outer loop
    vertex 9296.20223823239 10102.3942528095 88.8311614599779
    vertex 9295.53264080046 10102.258594353103 89.13116145997787
    vertex 9295.988275719072 10102.608215322818 89.1311614599779
  endloop
endfacet
facet normal -0.43045933457607694 0.5609855267964117 -0.7071067811874482
  outer loop
    vertex 9295.53264080046 10102.258594353103 89.13116145997787
    vertex 9296.20223823239 10102.3942528095 88.8311614599779
    vertex 9295.683935144549 10101.996544862246 88.83116145997788
  endloop
endfacet
facet normal -0.6532814824385235 0.2705980500745151 -0.7071067811856959
  outer loop
    vertex 9296.849955846945 10103.516132626866 88.83116145997796
    vertex 9296.337896688785 10103.063850241426 89.13116145997793
    vertex 9296.557677618295 10103.594448342197 89.13116145997797
  endloop
endfacet
facet normal -0.6532814824385235 0.2705980500745151 -0.7071067811856959
  outer loop
    vertex 9296.337896688785 10103.063850241426 89.13116145997793
    vertex 9296.849955846945 10103.516132626866 88.83116145997796
    vertex 9296.59994617964 10102.912555897336 88.83116145997793
  endloop
endfacet
facet normal -0.5609855267965059 -0.43045933457703006 -0.707106781186793
  outer loop
    vertex 9296.59994617964 10066.415144585517 88.83116145997552
    vertex 9295.988275719072 10066.719485160034 89.13116145997554
    vertex 9296.20223823239 10066.933447673353 88.83116145997556
  endloop
endfacet
facet normal -0.5609855267965059 -0.43045933457703006 -0.707106781186793
  outer loop
    vertex 9295.988275719072 10066.719485160034 89.13116145997554
    vertex 9296.59994617964 10066.415144585517 88.83116145997552
    vertex 9296.337896688785 10066.263850241428 89.13116145997552
  endloop
endfacet
facet normal -0.6532814824392198 -0.2705980500736845 -0.7071067811853703
  outer loop
    vertex 9296.849955846945 10065.811567855986 88.83116145997546
    vertex 9296.337896688785 10066.263850241428 89.13116145997552
    vertex 9296.59994617964 10066.415144585517 88.83116145997552
  endloop
endfacet
facet normal -0.6532814824392198 -0.2705980500736845 -0.7071067811853703
  outer loop
    vertex 9296.337896688785 10066.263850241428 89.13116145997552
    vertex 9296.849955846945 10065.811567855986 88.83116145997546
    vertex 9296.557677618295 10065.733252140653 89.13116145997547
  endloop
endfacet
facet normal -0.09229595564159138 0.7010573846495566 -0.7071067811869217
  outer loop
    vertex 9295.080358415016 10101.746535194941 88.83116145997785
    vertex 9294.432640800458 10101.963850241427 89.13116145997786
    vertex 9295.002042699685 10102.038813423593 89.13116145997789
  endloop
endfacet
facet normal -0.09229595564159138 0.7010573846495566 -0.7071067811869217
  outer loop
    vertex 9294.432640800458 10101.963850241427 89.13116145997786
    vertex 9295.080358415016 10101.746535194941 88.83116145997785
    vertex 9294.432640800458 10101.661261553254 88.83116145997784
  endloop
endfacet
facet normal -0.27059805007312815 0.6532814824377775 -0.7071067811869157
  outer loop
    vertex 9295.683935144549 10101.996544862246 88.83116145997788
    vertex 9295.002042699685 10102.038813423593 89.13116145997789
    vertex 9295.53264080046 10102.258594353103 89.13116145997787
  endloop
endfacet
facet normal -0.27059805007312815 0.6532814824377775 -0.7071067811869157
  outer loop
    vertex 9295.002042699685 10102.038813423593 89.13116145997789
    vertex 9295.683935144549 10101.996544862246 88.83116145997788
    vertex 9295.080358415016 10101.746535194941 88.83116145997785
  endloop
endfacet
facet normal -0.5609855267959901 0.43045933457688446 -0.7071067811872909
  outer loop
    vertex 9296.59994617964 10063.912555897337 88.83116145997533
    vertex 9295.98827571907 10063.608215322818 89.13116145997535
    vertex 9296.337896688785 10064.063850241428 89.13116145997535
  endloop
endfacet
facet normal -0.5609855267959901 0.43045933457688446 -0.7071067811872909
  outer loop
    vertex 9295.98827571907 10063.608215322818 89.13116145997535
    vertex 9296.59994617964 10063.912555897337 88.83116145997533
    vertex 9296.202238232388 10063.3942528095 88.83116145997532
  endloop
endfacet
facet normal -0.5609855267963529 0.4304593345764008 -0.7071067811872976
  outer loop
    vertex 9296.59994617964 10102.912555897336 88.83116145997793
    vertex 9295.988275719072 10102.608215322818 89.1311614599779
    vertex 9296.337896688785 10103.063850241426 89.13116145997793
  endloop
endfacet
facet normal -0.5609855267963529 0.4304593345764008 -0.7071067811872976
  outer loop
    vertex 9295.988275719072 10102.608215322818 89.1311614599779
    vertex 9296.59994617964 10102.912555897336 88.83116145997793
    vertex 9296.20223823239 10102.3942528095 88.8311614599779
  endloop
endfacet
facet normal 0.6532814824385944 0.2705980500731579 -0.7071067811861497
  outer loop
    vertex 9292.52738491213 10064.06385024143 89.13116145997535
    vertex 9292.015325753971 10064.516132626868 88.83116145997539
    vertex 9292.307603982623 10064.594448342199 89.13116145997539
  endloop
endfacet
facet normal 0.6532814824385944 0.2705980500731579 -0.7071067811861497
  outer loop
    vertex 9292.015325753971 10064.516132626868 88.83116145997539
    vertex 9292.52738491213 10064.06385024143 89.13116145997535
    vertex 9292.265335421274 10063.912555897341 88.83116145997533
  endloop
endfacet
facet normal 0.705592811289923 -0.04624699618888589 -0.7071067811861856
  outer loop
    vertex 9338.792640851312 10065.163850241417 89.13116145997553
    vertex 9338.426128089603 10064.15888258121 88.83116145997546
    vertex 9338.492640851311 10065.173671224535 88.83116145997553
  endloop
endfacet
facet normal 0.705592811289923 -0.04624699618888589 -0.7071067811861856
  outer loop
    vertex 9338.426128089603 10064.15888258121 88.83116145997546
    vertex 9338.792640851312 10065.163850241417 89.13116145997553
    vertex 9338.724199742304 10064.11964070367 89.13116145997546
  endloop
endfacet
facet normal 0.6935199226612752 -0.13794968964124663 -0.7071067811863938
  outer loop
    vertex 9338.724199742304 10064.11964070367 89.13116145997546
    vertex 9338.229647946084 10063.171110196276 88.83116145997539
    vertex 9338.426128089603 10064.15888258121 88.83116145997546
  endloop
endfacet
facet normal 0.6935199226612752 -0.13794968964124663 -0.7071067811863938
  outer loop
    vertex 9338.229647946084 10063.171110196276 88.83116145997539
    vertex 9338.724199742304 10064.11964070367 89.13116145997546
    vertex 9338.520047461625 10063.093297880605 89.1311614599754
  endloop
endfacet
facet normal 0.7010573846502728 0.09229595564230779 -0.707106781186118
  outer loop
    vertex 9292.307603982623 10064.594448342199 89.13116145997539
    vertex 9291.930052112282 10065.163850241428 88.83116145997543
    vertex 9292.232640800456 10065.163850241428 89.13116145997543
  endloop
endfacet
facet normal 0.7010573846502728 0.09229595564230779 -0.707106781186118
  outer loop
    vertex 9291.930052112282 10065.163850241428 88.83116145997543
    vertex 9292.307603982623 10064.594448342199 89.13116145997539
    vertex 9292.015325753971 10064.516132626868 88.83116145997539
  endloop
endfacet
facet normal 0.7071067811866273 4.58229634980674e-14 -0.7071067811864679
  outer loop
    vertex 9338.792640851312 10104.163850241439 89.13116145997806
    vertex 9338.492640851311 10065.173671224535 88.83116145997553
    vertex 9338.492640851311 10104.154029258321 88.83116145997806
  endloop
endfacet
facet normal 0.7071067811866273 4.58229634980674e-14 -0.7071067811864679
  outer loop
    vertex 9338.492640851311 10065.173671224535 88.83116145997553
    vertex 9338.792640851312 10104.163850241439 89.13116145997806
    vertex 9338.792640851312 10065.163850241417 89.13116145997553
  endloop
endfacet
facet normal 0.27059805007316123 0.6532814824384686 -0.7071067811862645
  outer loop
    vertex 9293.863238901233 10063.038813423593 89.13116145997529
    vertex 9293.181346456373 10062.996544862246 88.83116145997529
    vertex 9293.33264080046 10063.258594353101 89.13116145997532
  endloop
endfacet
facet normal 0.27059805007316123 0.6532814824384686 -0.7071067811862645
  outer loop
    vertex 9293.181346456373 10062.996544862246 88.83116145997529
    vertex 9293.863238901233 10063.038813423593 89.13116145997529
    vertex 9293.7849231859 10062.746535194941 88.83116145997528
  endloop
endfacet
facet normal 0.4304593345758936 -0.5609855267976267 -0.7071067811865959
  outer loop
    vertex 9293.332640800463 10067.069106129755 89.13116145997557
    vertex 9292.663043368528 10066.933447673353 88.83116145997556
    vertex 9293.181346456377 10067.331155620612 88.83116145997556
  endloop
endfacet
facet normal 0.4304593345758936 -0.5609855267976267 -0.7071067811865959
  outer loop
    vertex 9292.663043368528 10066.933447673353 88.83116145997556
    vertex 9293.332640800463 10067.069106129755 89.13116145997557
    vertex 9292.877005881845 10066.719485160034 89.13116145997554
  endloop
endfacet
facet normal 0.27059805007264065 -0.6532814824379292 -0.7071067811869622
  outer loop
    vertex 9293.863238901235 10067.288887059263 89.13116145997557
    vertex 9293.181346456377 10067.331155620612 88.83116145997556
    vertex 9293.7849231859 10067.581165287913 88.8311614599756
  endloop
endfacet
facet normal 0.27059805007264065 -0.6532814824379292 -0.7071067811869622
  outer loop
    vertex 9293.181346456377 10067.331155620612 88.83116145997556
    vertex 9293.863238901235 10067.288887059263 89.13116145997557
    vertex 9293.332640800463 10067.069106129755 89.13116145997557
  endloop
endfacet
facet normal 0.5609855267971027 -0.43045933457648866 -0.7071067811866492
  outer loop
    vertex 9292.877005881845 10066.719485160034 89.13116145997554
    vertex 9292.265335421276 10066.415144585515 88.83116145997552
    vertex 9292.663043368528 10066.933447673353 88.83116145997556
  endloop
endfacet
facet normal 0.5609855267971027 -0.43045933457648866 -0.7071067811866492
  outer loop
    vertex 9292.265335421276 10066.415144585515 88.83116145997552
    vertex 9292.877005881845 10066.719485160034 89.13116145997554
    vertex 9292.527384912131 10066.263850241427 89.1311614599755
  endloop
endfacet
facet normal 0.5609855267974003 0.43045933457649027 -0.707106781186412
  outer loop
    vertex 9292.877005881846 10063.608215322818 89.13116145997535
    vertex 9292.265335421274 10063.912555897341 88.83116145997533
    vertex 9292.52738491213 10064.06385024143 89.13116145997535
  endloop
endfacet
facet normal 0.5609855267974003 0.43045933457649027 -0.707106781186412
  outer loop
    vertex 9292.265335421274 10063.912555897341 88.83116145997533
    vertex 9292.877005881846 10063.608215322818 89.13116145997535
    vertex 9292.663043368526 10063.394252809501 88.83116145997532
  endloop
endfacet
facet normal 0.4304593345762452 0.5609855267986457 -0.7071067811855735
  outer loop
    vertex 9293.33264080046 10063.258594353101 89.13116145997532
    vertex 9292.663043368526 10063.394252809501 88.83116145997532
    vertex 9292.877005881846 10063.608215322818 89.13116145997535
  endloop
endfacet
facet normal 0.4304593345762452 0.5609855267986457 -0.7071067811855735
  outer loop
    vertex 9292.663043368526 10063.394252809501 88.83116145997532
    vertex 9293.33264080046 10063.258594353101 89.13116145997532
    vertex 9293.181346456373 10062.996544862246 88.83116145997529
  endloop
endfacet
facet normal 0.7010573846511365 -0.0922959556422094 -0.7071067811852747
  outer loop
    vertex 9292.307603982621 10065.733252140652 89.13116145997547
    vertex 9291.930052112282 10065.163850241428 88.83116145997543
    vertex 9292.015325753971 10065.811567855983 88.83116145997546
  endloop
endfacet
facet normal 0.7010573846511365 -0.0922959556422094 -0.7071067811852747
  outer loop
    vertex 9291.930052112282 10065.163850241428 88.83116145997543
    vertex 9292.307603982621 10065.733252140652 89.13116145997547
    vertex 9292.232640800456 10065.163850241428 89.13116145997543
  endloop
endfacet
facet normal 0.09229595564161532 0.70105738464954 -0.707106781186935
  outer loop
    vertex 9294.432640800458 10062.963850241427 89.13116145997529
    vertex 9293.7849231859 10062.746535194941 88.83116145997528
    vertex 9293.863238901233 10063.038813423593 89.13116145997529
  endloop
endfacet
facet normal 0.09229595564161532 0.70105738464954 -0.707106781186935
  outer loop
    vertex 9293.7849231859 10062.746535194941 88.83116145997528
    vertex 9294.432640800458 10062.963850241427 89.13116145997529
    vertex 9294.432640800458 10062.661261553254 88.83116145997526
  endloop
endfacet
facet normal 0.09229595564112832 -0.7010573846501773 -0.7071067811863668
  outer loop
    vertex 9294.432640800458 10067.363850241427 89.13116145997557
    vertex 9293.7849231859 10067.581165287913 88.8311614599756
    vertex 9294.432640800458 10067.666438929602 88.83116145997559
  endloop
endfacet
facet normal 0.09229595564112832 -0.7010573846501773 -0.7071067811863668
  outer loop
    vertex 9293.7849231859 10067.581165287913 88.8311614599756
    vertex 9294.432640800458 10067.363850241427 89.13116145997557
    vertex 9293.863238901235 10067.288887059263 89.13116145997557
  endloop
endfacet
facet normal -0.0922959556416153 0.7010573846495401 -0.7071067811869349
  outer loop
    vertex 9295.080358415016 10062.746535194941 88.83116145997528
    vertex 9294.432640800458 10062.963850241427 89.13116145997529
    vertex 9295.002042699685 10063.038813423593 89.13116145997529
  endloop
endfacet
facet normal -0.0922959556416153 0.7010573846495401 -0.7071067811869349
  outer loop
    vertex 9294.432640800458 10062.963850241427 89.13116145997529
    vertex 9295.080358415016 10062.746535194941 88.83116145997528
    vertex 9294.432640800458 10062.661261553254 88.83116145997526
  endloop
endfacet
facet normal -0.09229595564112836 -0.7010573846501773 -0.7071067811863668
  outer loop
    vertex 9295.080358415016 10067.581165287913 88.8311614599756
    vertex 9294.432640800458 10067.363850241427 89.13116145997557
    vertex 9294.432640800458 10067.666438929602 88.83116145997559
  endloop
endfacet
facet normal -0.09229595564112836 -0.7010573846501773 -0.7071067811863668
  outer loop
    vertex 9294.432640800458 10067.363850241427 89.13116145997557
    vertex 9295.080358415016 10067.581165287913 88.8311614599756
    vertex 9295.002042699682 10067.288887059263 89.13116145997557
  endloop
endfacet
facet normal 0.6532814824390312 -0.27059805007325427 -0.7071067811857091
  outer loop
    vertex 9292.527384912131 10066.263850241427 89.1311614599755
    vertex 9292.015325753971 10065.811567855983 88.83116145997546
    vertex 9292.265335421276 10066.415144585515 88.83116145997552
  endloop
endfacet
facet normal 0.6532814824390312 -0.27059805007325427 -0.7071067811857091
  outer loop
    vertex 9292.015325753971 10065.811567855983 88.83116145997546
    vertex 9292.527384912131 10066.263850241427 89.1311614599755
    vertex 9292.307603982621 10065.733252140652 89.13116145997547
  endloop
endfacet
facet normal 0.22729202565675663 -0.6695807158759087 -0.7071067811865149
  outer loop
    vertex 9333.854108310237 10057.772813981339 89.13116145997503
    vertex 9332.785380896448 10057.726843146653 88.83116145997505
    vertex 9333.739056946732 10058.050572543496 88.83116145997506
  endloop
endfacet
facet normal 0.22729202565675663 -0.6695807158759087 -0.7071067811865149
  outer loop
    vertex 9332.785380896448 10057.726843146653 88.83116145997505
    vertex 9333.854108310237 10057.772813981339 89.13116145997503
    vertex 9332.863193212126 10057.436443631113 89.13116145997502
  endloop
endfacet
facet normal 0.22729202565591722 0.669580715874837 -0.7071067811877997
  outer loop
    vertex 9333.854108310228 10111.55488650152 89.13116145997851
    vertex 9332.785380896456 10111.6008573362 88.83116145997853
    vertex 9332.863193212132 10111.89125685174 89.13116145997854
  endloop
endfacet
facet normal 0.22729202565591722 0.669580715874837 -0.7071067811877997
  outer loop
    vertex 9332.785380896456 10111.6008573362 88.83116145997853
    vertex 9333.854108310228 10111.55488650152 89.13116145997851
    vertex 9333.739056946722 10111.277127939362 88.83116145997852
  endloop
endfacet
facet normal 0.6695807158765121 -0.22729202565746034 -0.7071067811857173
  outer loop
    vertex 9338.520047461625 10063.093297880605 89.1311614599754
    vertex 9337.90591854925 10062.217434146021 88.83116145997533
    vertex 9338.229647946084 10063.171110196276 88.83116145997539
  endloop
endfacet
facet normal 0.6695807158765121 -0.22729202565746034 -0.7071067811857173
  outer loop
    vertex 9337.90591854925 10062.217434146021 88.83116145997533
    vertex 9338.520047461625 10063.093297880605 89.1311614599754
    vertex 9338.183677111401 10062.102382782505 89.1311614599753
  endloop
endfacet
facet normal 0.46622789700407624 -0.5316310262349779 -0.7071067811861946
  outer loop
    vertex 9336.449495100798 10059.50699599193 89.13116145997515
    vertex 9335.479711994187 10059.055540203712 88.83116145997512
    vertex 9336.23690790093 10059.719583191798 88.83116145997516
  endloop
endfacet
facet normal 0.46622789700407624 -0.5316310262349779 -0.7071067811861946
  outer loop
    vertex 9335.479711994187 10059.055540203712 88.83116145997512
    vertex 9336.449495100798 10059.50699599193 89.13116145997515
    vertex 9335.662732283383 10058.817023519097 89.1311614599751
  endloop
endfacet
facet normal -0.3162277660169021 6.14280549867434e-14 -0.9486832980504923
  outer loop
    vertex 9322.112640825884 10111.863850241427 88.83116145997855
    vertex 9321.212640825885 10057.163850241426 89.13116145997502
    vertex 9321.212640825885 10112.163850241426 89.13116145997857
  endloop
endfacet
facet normal -0.3162277660169021 6.14280549867434e-14 -0.9486832980504923
  outer loop
    vertex 9321.212640825885 10057.163850241426 89.13116145997502
    vertex 9322.112640825884 10111.863850241427 88.83116145997855
    vertex 9322.112640825884 10057.463850241427 88.83116145997502
  endloop
endfacet
facet normal 0.31274533209577426 -0.6341847974004662 -0.7071067811854399
  outer loop
    vertex 9334.792640851318 10058.235647011152 89.13116145997509
    vertex 9333.739056946732 10058.050572543496 88.83116145997506
    vertex 9334.642319000697 10058.496012093916 88.83116145997508
  endloop
endfacet
facet normal 0.31274533209577426 -0.6341847974004662 -0.7071067811854399
  outer loop
    vertex 9333.739056946732 10058.050572543496 88.83116145997506
    vertex 9334.792640851318 10058.235647011152 89.13116145997509
    vertex 9333.854108310237 10057.772813981339 89.13116145997503
  endloop
endfacet
facet normal 0.5879378012085895 -0.39284747919265883 -0.7071067811879495
  outer loop
    vertex 9337.720844081588 10061.163850241428 89.13116145997527
    vertex 9336.900950889023 10060.47677909855 88.83116145997523
    vertex 9337.460478998826 10061.314172092052 88.83116145997529
  endloop
endfacet
facet normal 0.5879378012085895 -0.39284747919265883 -0.7071067811879495
  outer loop
    vertex 9336.900950889023 10060.47677909855 88.83116145997523
    vertex 9337.720844081588 10061.163850241428 89.13116145997527
    vertex 9337.139467573645 10060.293758809361 89.13116145997523
  endloop
endfacet
facet normal 0.13794968964107882 -0.6935199226612929 -0.7071067811864092
  outer loop
    vertex 9332.863193212126 10057.436443631113 89.13116145997502
    vertex 9331.797608511533 10057.530363003138 88.83116145997505
    vertex 9332.785380896448 10057.726843146653 88.83116145997505
  endloop
endfacet
facet normal 0.13794968964107882 -0.6935199226612929 -0.7071067811864092
  outer loop
    vertex 9331.797608511533 10057.530363003138 88.83116145997505
    vertex 9332.863193212126 10057.436443631113 89.13116145997502
    vertex 9331.836850389074 10057.232291350438 89.13116145997502
  endloop
endfacet
facet normal 0.39284747919517377 -0.5879378012097521 -0.7071067811855856
  outer loop
    vertex 9335.662732283383 10058.817023519097 89.1311614599751
    vertex 9334.642319000697 10058.496012093916 88.83116145997508
    vertex 9335.479711994187 10059.055540203712 88.83116145997512
  endloop
endfacet
facet normal 0.39284747919517377 -0.5879378012097521 -0.7071067811855856
  outer loop
    vertex 9334.642319000697 10058.496012093916 88.83116145997508
    vertex 9335.662732283383 10058.817023519097 89.1311614599751
    vertex 9334.792640851318 10058.235647011152 89.13116145997509
  endloop
endfacet
facet normal 0.6341847973987758 -0.3127453320958787 -0.7071067811869098
  outer loop
    vertex 9338.183677111401 10062.102382782505 89.1311614599753
    vertex 9337.460478998826 10061.314172092052 88.83116145997529
    vertex 9337.90591854925 10062.217434146021 88.83116145997533
  endloop
endfacet
facet normal 0.6341847973987758 -0.3127453320958787 -0.7071067811869098
  outer loop
    vertex 9337.460478998826 10061.314172092052 88.83116145997529
    vertex 9338.183677111401 10062.102382782505 89.1311614599753
    vertex 9337.720844081588 10061.163850241428 89.13116145997527
  endloop
endfacet
facet normal 0.04624699619019833 -0.7055928112897994 -0.7071067811862232
  outer loop
    vertex 9331.836850389074 10057.232291350438 89.13116145997502
    vertex 9330.782819868195 10057.463850241427 88.83116145997502
    vertex 9331.797608511533 10057.530363003138 88.83116145997505
  endloop
endfacet
facet normal 0.04624699619019833 -0.7055928112897994 -0.7071067811862232
  outer loop
    vertex 9330.782819868195 10057.463850241427 88.83116145997502
    vertex 9331.836850389074 10057.232291350438 89.13116145997502
    vertex 9330.792640851312 10057.163850241426 89.13116145997502
  endloop
endfacet
facet normal 0.04624699618931785 0.705592811289862 -0.7071067811862184
  outer loop
    vertex 9331.836850389083 10112.095409132417 89.13116145997857
    vertex 9330.782819868184 10111.863850241427 88.83116145997855
    vertex 9330.792640851301 10112.163850241426 89.13116145997857
  endloop
endfacet
facet normal 0.04624699618931785 0.705592811289862 -0.7071067811862184
  outer loop
    vertex 9330.782819868184 10111.863850241427 88.83116145997855
    vertex 9331.836850389083 10112.095409132417 89.13116145997857
    vertex 9331.79760851154 10111.797337479717 88.83116145997856
  endloop
endfacet
facet normal 0.5316310262340658 -0.46622789700366857 -0.7071067811871491
  outer loop
    vertex 9337.139467573645 10060.293758809361 89.13116145997523
    vertex 9336.23690790093 10059.719583191798 88.83116145997516
    vertex 9336.900950889023 10060.47677909855 88.83116145997523
  endloop
endfacet
facet normal 0.5316310262340658 -0.46622789700366857 -0.7071067811871491
  outer loop
    vertex 9336.23690790093 10059.719583191798 88.83116145997516
    vertex 9337.139467573645 10060.293758809361 89.13116145997523
    vertex 9336.449495100798 10059.50699599193 89.13116145997515
  endloop
endfacet
facet normal -5.184959994861434e-19 -0.7071067811866006 -0.7071067811864944
  outer loop
    vertex 9322.112640825884 10057.463850241427 88.83116145997502
    vertex 9330.792640851312 10057.163850241426 89.13116145997502
    vertex 9321.212640825885 10057.163850241426 89.13116145997502
  endloop
endfacet
facet normal -5.184959994861434e-19 -0.7071067811866006 -0.7071067811864944
  outer loop
    vertex 9330.792640851312 10057.163850241426 89.13116145997502
    vertex 9322.112640825884 10057.463850241427 88.83116145997502
    vertex 9330.782819868195 10057.463850241427 88.83116145997502
  endloop
endfacet
facet normal 7.777439992308872e-19 0.7071067811866539 -0.7071067811864412
  outer loop
    vertex 9330.792640851301 10112.163850241426 89.13116145997857
    vertex 9322.112640825884 10111.863850241427 88.83116145997855
    vertex 9321.212640825885 10112.163850241426 89.13116145997857
  endloop
endfacet
facet normal 7.777439992308872e-19 0.7071067811866539 -0.7071067811864412
  outer loop
    vertex 9322.112640825884 10111.863850241427 88.83116145997855
    vertex 9330.792640851301 10112.163850241426 89.13116145997857
    vertex 9330.782819868184 10111.863850241427 88.83116145997855
  endloop
endfacet
facet normal 0.1379496896417677 0.6935199226603593 -0.7071067811871904
  outer loop
    vertex 9332.863193212132 10111.89125685174 89.13116145997854
    vertex 9331.79760851154 10111.797337479717 88.83116145997856
    vertex 9331.836850389083 10112.095409132417 89.13116145997857
  endloop
endfacet
facet normal 0.1379496896417677 0.6935199226603593 -0.7071067811871904
  outer loop
    vertex 9331.79760851154 10111.797337479717 88.83116145997856
    vertex 9332.863193212132 10111.89125685174 89.13116145997854
    vertex 9332.785380896456 10111.6008573362 88.83116145997853
  endloop
endfacet
facet normal 0.6695807158755935 0.22729202565776327 -0.70710678118649
  outer loop
    vertex 9338.520047461625 10106.23440260225 89.13116145997819
    vertex 9337.90591854925 10107.11026633683 88.83116145997825
    vertex 9338.183677111403 10107.225317700344 89.13116145997826
  endloop
endfacet
facet normal 0.6695807158755935 0.22729202565776327 -0.70710678118649
  outer loop
    vertex 9337.90591854925 10107.11026633683 88.83116145997825
    vertex 9338.520047461625 10106.23440260225 89.13116145997819
    vertex 9338.229647946084 10106.156590286579 88.83116145997818
  endloop
endfacet
facet normal -0.2705980500712757 -0.6532814824381421 -0.7071067811872878
  outer loop
    vertex 9334.0439351954 10067.331155620612 88.83116145997566
    vertex 9333.362042750534 10067.288887059263 89.13116145997567
    vertex 9333.440358465868 10067.581165287913 88.83116145997569
  endloop
endfacet
facet normal -0.2705980500712757 -0.6532814824381421 -0.7071067811872878
  outer loop
    vertex 9333.362042750534 10067.288887059263 89.13116145997567
    vertex 9334.0439351954 10067.331155620612 88.83116145997566
    vertex 9333.89264085131 10067.069106129753 89.13116145997566
  endloop
endfacet
facet normal 0.3928474791929424 0.587937801208997 -0.7071067811874531
  outer loop
    vertex 9335.662732283383 10110.510676963757 89.13116145997847
    vertex 9334.642319000684 10110.831688388944 88.83116145997849
    vertex 9334.792640851312 10111.092053471702 89.13116145997851
  endloop
endfacet
facet normal 0.3928474791929424 0.587937801208997 -0.7071067811874531
  outer loop
    vertex 9334.642319000684 10110.831688388944 88.83116145997849
    vertex 9335.662732283383 10110.510676963757 89.13116145997847
    vertex 9335.479711994194 10110.272160279135 88.83116145997845
  endloop
endfacet
facet normal 0.09229595564112832 -0.7010573846501773 -0.7071067811863668
  outer loop
    vertex 9332.792640851312 10067.363850241427 89.13116145997566
    vertex 9332.144923236754 10067.581165287913 88.83116145997569
    vertex 9332.792640851312 10067.666438929602 88.83116145997568
  endloop
endfacet
facet normal 0.09229595564112832 -0.7010573846501773 -0.7071067811863668
  outer loop
    vertex 9332.144923236754 10067.581165287913 88.83116145997569
    vertex 9332.792640851312 10067.363850241427 89.13116145997566
    vertex 9332.223238952089 10067.288887059263 89.13116145997567
  endloop
endfacet
facet normal 0.6341847973983133 0.31274533209601674 -0.7071067811872636
  outer loop
    vertex 9338.183677111403 10107.225317700344 89.13116145997826
    vertex 9337.460478998824 10108.013528390804 88.83116145997829
    vertex 9337.720844081585 10108.163850241428 89.13116145997832
  endloop
endfacet
facet normal 0.6341847973983133 0.31274533209601674 -0.7071067811872636
  outer loop
    vertex 9337.460478998824 10108.013528390804 88.83116145997829
    vertex 9338.183677111403 10107.225317700344 89.13116145997826
    vertex 9337.90591854925 10107.11026633683 88.83116145997825
  endloop
endfacet
facet normal 0.27059805007161875 -0.653281482438 -0.7071067811872878
  outer loop
    vertex 9332.223238952089 10067.288887059263 89.13116145997567
    vertex 9331.541346507227 10067.331155620612 88.83116145997566
    vertex 9332.144923236754 10067.581165287913 88.83116145997569
  endloop
endfacet
facet normal 0.27059805007161875 -0.653281482438 -0.7071067811872878
  outer loop
    vertex 9331.541346507227 10067.331155620612 88.83116145997566
    vertex 9332.223238952089 10067.288887059263 89.13116145997567
    vertex 9331.692640851315 10067.069106129755 89.13116145997566
  endloop
endfacet
facet normal 0.430459334576863 -0.5609855267955771 -0.7071067811876316
  outer loop
    vertex 9331.692640851315 10067.069106129755 89.13116145997566
    vertex 9331.02304341938 10066.933447673353 88.83116145997565
    vertex 9331.541346507227 10067.331155620612 88.83116145997566
  endloop
endfacet
facet normal 0.430459334576863 -0.5609855267955771 -0.7071067811876316
  outer loop
    vertex 9331.02304341938 10066.933447673353 88.83116145997565
    vertex 9331.692640851315 10067.069106129755 89.13116145997566
    vertex 9331.237005932699 10066.719485160034 89.13116145997563
  endloop
endfacet
facet normal 0.6935199226611658 0.13794968964101367 -0.7071067811865466
  outer loop
    vertex 9338.724199742304 10105.208059779181 89.13116145997813
    vertex 9338.229647946084 10106.156590286579 88.83116145997818
    vertex 9338.520047461625 10106.23440260225 89.13116145997819
  endloop
endfacet
facet normal 0.6935199226611658 0.13794968964101367 -0.7071067811865466
  outer loop
    vertex 9338.229647946084 10106.156590286579 88.83116145997818
    vertex 9338.724199742304 10105.208059779181 89.13116145997813
    vertex 9338.426128089603 10105.16881790164 88.83116145997813
  endloop
endfacet
facet normal 0.46622789700419565 0.5316310262336388 -0.7071067811871227
  outer loop
    vertex 9336.449495100802 10109.820704490921 89.13116145997844
    vertex 9335.479711994194 10110.272160279135 88.83116145997845
    vertex 9335.662732283383 10110.510676963757 89.13116145997847
  endloop
endfacet
facet normal 0.46622789700419565 0.5316310262336388 -0.7071067811871227
  outer loop
    vertex 9335.479711994194 10110.272160279135 88.83116145997845
    vertex 9336.449495100802 10109.820704490921 89.13116145997844
    vertex 9336.236907900931 10109.608117291053 88.83116145997842
  endloop
endfacet
facet normal 0.7055928112898487 0.046246996189136545 -0.7071067811862434
  outer loop
    vertex 9338.792640851312 10104.163850241439 89.13116145997806
    vertex 9338.426128089603 10105.16881790164 88.83116145997813
    vertex 9338.724199742304 10105.208059779181 89.13116145997813
  endloop
endfacet
facet normal 0.7055928112898487 0.046246996189136545 -0.7071067811862434
  outer loop
    vertex 9338.426128089603 10105.16881790164 88.83116145997813
    vertex 9338.792640851312 10104.163850241439 89.13116145997806
    vertex 9338.492640851311 10104.154029258321 88.83116145997806
  endloop
endfacet
facet normal 0.5879378012088665 0.3928474791922683 -0.7071067811879361
  outer loop
    vertex 9337.720844081585 10108.163850241428 89.13116145997832
    vertex 9336.900950889023 10108.850921384304 88.83116145997836
    vertex 9337.139467573645 10109.033941673493 89.13116145997836
  endloop
endfacet
facet normal 0.5879378012088665 0.3928474791922683 -0.7071067811879361
  outer loop
    vertex 9336.900950889023 10108.850921384304 88.83116145997836
    vertex 9337.720844081585 10108.163850241428 89.13116145997832
    vertex 9337.460478998824 10108.013528390804 88.83116145997829
  endloop
endfacet
facet normal 0.5316310262334131 0.46622789700346295 -0.7071067811877754
  outer loop
    vertex 9337.139467573645 10109.033941673493 89.13116145997836
    vertex 9336.236907900931 10109.608117291053 88.83116145997842
    vertex 9336.449495100802 10109.820704490921 89.13116145997844
  endloop
endfacet
facet normal 0.5316310262334131 0.46622789700346295 -0.7071067811877754
  outer loop
    vertex 9336.236907900931 10109.608117291053 88.83116145997842
    vertex 9337.139467573645 10109.033941673493 89.13116145997836
    vertex 9336.900950889023 10108.850921384304 88.83116145997836
  endloop
endfacet
facet normal -0.43045933457734364 -0.5609855267960593 -0.7071067811869567
  outer loop
    vertex 9334.562238283243 10066.933447673353 88.83116145997565
    vertex 9333.89264085131 10067.069106129753 89.13116145997566
    vertex 9334.0439351954 10067.331155620612 88.83116145997566
  endloop
endfacet
facet normal -0.43045933457734364 -0.5609855267960593 -0.7071067811869567
  outer loop
    vertex 9333.89264085131 10067.069106129753 89.13116145997566
    vertex 9334.562238283243 10066.933447673353 88.83116145997565
    vertex 9334.348275769924 10066.719485160036 89.13116145997563
  endloop
endfacet
facet normal -0.5609855267968911 -0.43045933457650654 -0.7071067811868063
  outer loop
    vertex 9334.959946230494 10066.415144585515 88.83116145997562
    vertex 9334.348275769924 10066.719485160036 89.13116145997563
    vertex 9334.562238283243 10066.933447673353 88.83116145997565
  endloop
endfacet
facet normal -0.5609855267968911 -0.43045933457650654 -0.7071067811868063
  outer loop
    vertex 9334.348275769924 10066.719485160036 89.13116145997563
    vertex 9334.959946230494 10066.415144585515 88.83116145997562
    vertex 9334.697896739639 10066.263850241427 89.13116145997559
  endloop
endfacet
facet normal -0.09229595564134269 -0.7010573846501491 -0.7071067811863668
  outer loop
    vertex 9333.440358465868 10067.581165287913 88.83116145997569
    vertex 9332.792640851312 10067.363850241427 89.13116145997566
    vertex 9332.792640851312 10067.666438929602 88.83116145997568
  endloop
endfacet
facet normal -0.09229595564134269 -0.7010573846501491 -0.7071067811863668
  outer loop
    vertex 9332.792640851312 10067.363850241427 89.13116145997566
    vertex 9333.440358465868 10067.581165287913 88.83116145997569
    vertex 9333.362042750534 10067.288887059263 89.13116145997567
  endloop
endfacet
facet normal 0.31274533209588146 0.6341847973992149 -0.7071067811865148
  outer loop
    vertex 9334.792640851312 10111.092053471702 89.13116145997851
    vertex 9333.739056946722 10111.277127939362 88.83116145997852
    vertex 9333.854108310228 10111.55488650152 89.13116145997851
  endloop
endfacet
facet normal 0.31274533209588146 0.6341847973992149 -0.7071067811865148
  outer loop
    vertex 9333.739056946722 10111.277127939362 88.83116145997852
    vertex 9334.792640851312 10111.092053471702 89.13116145997851
    vertex 9334.642319000684 10110.831688388944 88.83116145997849
  endloop
endfacet
facet normal -0.5609855267971555 0.4304593345762167 -0.7071067811867731
  outer loop
    vertex 9334.959946230496 10063.912555897341 88.83116145997543
    vertex 9334.348275769922 10063.608215322816 89.13116145997543
    vertex 9334.69789673964 10064.06385024143 89.13116145997544
  endloop
endfacet
facet normal -0.5609855267971555 0.4304593345762167 -0.7071067811867731
  outer loop
    vertex 9334.348275769922 10063.608215322816 89.13116145997543
    vertex 9334.959946230496 10063.912555897341 88.83116145997543
    vertex 9334.562238283243 10063.394252809498 88.8311614599754
  endloop
endfacet
facet normal 0.7010573846509565 0.09229595564272708 -0.7071067811853856
  outer loop
    vertex 9330.667604033479 10064.594448342197 89.13116145997547
    vertex 9330.29005216314 10065.163850241428 88.83116145997552
    vertex 9330.592640851311 10065.163850241428 89.13116145997552
  endloop
endfacet
facet normal 0.7010573846509565 0.09229595564272708 -0.7071067811853856
  outer loop
    vertex 9330.29005216314 10065.163850241428 88.83116145997552
    vertex 9330.667604033479 10064.594448342197 89.13116145997547
    vertex 9330.37532580483 10064.516132626863 88.83116145997549
  endloop
endfacet
facet normal 0.6532814824387877 0.27059805007063753 -0.7071067811869356
  outer loop
    vertex 9330.887384962985 10064.063850241424 89.13116145997544
    vertex 9330.37532580483 10064.516132626863 88.83116145997549
    vertex 9330.667604033479 10064.594448342197 89.13116145997547
  endloop
endfacet
facet normal 0.6532814824387877 0.27059805007063753 -0.7071067811869356
  outer loop
    vertex 9330.37532580483 10064.516132626863 88.83116145997549
    vertex 9330.887384962985 10064.063850241424 89.13116145997544
    vertex 9330.625335472128 10063.912555897337 88.83116145997543
  endloop
endfacet
facet normal 0.5609855267955073 -0.430459334576965 -0.707106781187625
  outer loop
    vertex 9331.237005932699 10066.719485160034 89.13116145997563
    vertex 9330.62533547213 10066.415144585517 88.83116145997562
    vertex 9331.02304341938 10066.933447673353 88.83116145997565
  endloop
endfacet
facet normal 0.5609855267955073 -0.430459334576965 -0.707106781187625
  outer loop
    vertex 9330.62533547213 10066.415144585517 88.83116145997562
    vertex 9331.237005932699 10066.719485160034 89.13116145997563
    vertex 9330.887384962987 10066.26385024143 89.13116145997562
  endloop
endfacet
facet normal -0.6532814824385945 0.27059805007315796 -0.7071067811861496
  outer loop
    vertex 9335.209955897799 10064.516132626868 88.83116145997549
    vertex 9334.69789673964 10064.06385024143 89.13116145997544
    vertex 9334.917677669147 10064.594448342199 89.13116145997547
  endloop
endfacet
facet normal -0.6532814824385945 0.27059805007315796 -0.7071067811861496
  outer loop
    vertex 9334.69789673964 10064.06385024143 89.13116145997544
    vertex 9335.209955897799 10064.516132626868 88.83116145997549
    vertex 9334.959946230496 10063.912555897341 88.83116145997543
  endloop
endfacet
facet normal -0.09229595564117803 0.7010573846504484 -0.7071067811860915
  outer loop
    vertex 9333.440358465868 10062.746535194941 88.83116145997536
    vertex 9332.792640851312 10062.963850241427 89.13116145997539
    vertex 9333.362042750538 10063.03881342359 89.13116145997537
  endloop
endfacet
facet normal -0.09229595564117803 0.7010573846504484 -0.7071067811860915
  outer loop
    vertex 9332.792640851312 10062.963850241427 89.13116145997539
    vertex 9333.440358465868 10062.746535194941 88.83116145997536
    vertex 9332.792640851312 10062.661261553254 88.83116145997535
  endloop
endfacet
facet normal 0.560985526795115 0.4304593345775088 -0.7071067811876051
  outer loop
    vertex 9331.2370059327 10063.608215322818 89.13116145997543
    vertex 9330.625335472128 10063.912555897337 88.83116145997543
    vertex 9330.887384962985 10064.063850241424 89.13116145997544
  endloop
endfacet
facet normal 0.560985526795115 0.4304593345775088 -0.7071067811876051
  outer loop
    vertex 9330.625335472128 10063.912555897337 88.83116145997543
    vertex 9331.2370059327 10063.608215322818 89.13116145997543
    vertex 9331.023043419382 10063.3942528095 88.8311614599754
  endloop
endfacet
facet normal 0.7010573846500662 -0.09229595564217519 -0.7071067811863402
  outer loop
    vertex 9330.667604033479 10065.733252140653 89.13116145997557
    vertex 9330.29005216314 10065.163850241428 88.83116145997552
    vertex 9330.375325804827 10065.811567855988 88.83116145997556
  endloop
endfacet
facet normal 0.7010573846500662 -0.09229595564217519 -0.7071067811863402
  outer loop
    vertex 9330.29005216314 10065.163850241428 88.83116145997552
    vertex 9330.667604033479 10065.733252140653 89.13116145997557
    vertex 9330.592640851311 10065.163850241428 89.13116145997552
  endloop
endfacet
facet normal 0.09229595564161532 0.70105738464954 -0.707106781186935
  outer loop
    vertex 9332.792640851312 10062.963850241427 89.13116145997539
    vertex 9332.144923236754 10062.746535194941 88.83116145997536
    vertex 9332.223238952085 10063.038813423593 89.13116145997537
  endloop
endfacet
facet normal 0.09229595564161532 0.70105738464954 -0.707106781186935
  outer loop
    vertex 9332.144923236754 10062.746535194941 88.83116145997536
    vertex 9332.792640851312 10062.963850241427 89.13116145997539
    vertex 9332.792640851312 10062.661261553254 88.83116145997535
  endloop
endfacet
facet normal 0.270598050073117 0.6532814824377823 -0.7071067811869156
  outer loop
    vertex 9332.223238952085 10063.038813423593 89.13116145997537
    vertex 9331.541346507222 10062.996544862246 88.83116145997538
    vertex 9331.69264085131 10063.258594353103 89.1311614599754
  endloop
endfacet
facet normal 0.270598050073117 0.6532814824377823 -0.7071067811869156
  outer loop
    vertex 9331.541346507222 10062.996544862246 88.83116145997538
    vertex 9332.223238952085 10063.038813423593 89.13116145997537
    vertex 9332.144923236754 10062.746535194941 88.83116145997536
  endloop
endfacet
facet normal -0.7010573846502728 0.09229595564230782 -0.707106781186118
  outer loop
    vertex 9335.209955897799 10064.516132626868 88.83116145997549
    vertex 9334.992640851315 10065.163850241428 89.13116145997552
    vertex 9335.295229539486 10065.163850241428 88.83116145997552
  endloop
endfacet
facet normal -0.7010573846502728 0.09229595564230782 -0.707106781186118
  outer loop
    vertex 9334.992640851315 10065.163850241428 89.13116145997552
    vertex 9335.209955897799 10064.516132626868 88.83116145997549
    vertex 9334.917677669147 10064.594448342199 89.13116145997547
  endloop
endfacet
facet normal -0.7010573846511365 -0.09229595564220941 -0.7071067811852745
  outer loop
    vertex 9335.295229539486 10065.163850241428 88.83116145997552
    vertex 9334.91767766915 10065.733252140652 89.13116145997557
    vertex 9335.209955897799 10065.811567855983 88.83116145997556
  endloop
endfacet
facet normal -0.7010573846511365 -0.09229595564220941 -0.7071067811852745
  outer loop
    vertex 9334.91767766915 10065.733252140652 89.13116145997557
    vertex 9335.295229539486 10065.163850241428 88.83116145997552
    vertex 9334.992640851315 10065.163850241428 89.13116145997552
  endloop
endfacet
facet normal -0.2705980500737361 0.6532814824383766 -0.7071067811861297
  outer loop
    vertex 9334.043935195405 10062.996544862248 88.83116145997538
    vertex 9333.362042750538 10063.03881342359 89.13116145997537
    vertex 9333.892640851316 10063.258594353105 89.1311614599754
  endloop
endfacet
facet normal -0.2705980500737361 0.6532814824383766 -0.7071067811861297
  outer loop
    vertex 9333.362042750538 10063.03881342359 89.13116145997537
    vertex 9334.043935195405 10062.996544862248 88.83116145997538
    vertex 9333.440358465868 10062.746535194941 88.83116145997536
  endloop
endfacet
facet normal -0.4304593345753477 0.5609855267969797 -0.7071067811874414
  outer loop
    vertex 9334.562238283243 10063.394252809498 88.8311614599754
    vertex 9333.892640851316 10063.258594353105 89.1311614599754
    vertex 9334.348275769922 10063.608215322816 89.13116145997543
  endloop
endfacet
facet normal -0.4304593345753477 0.5609855267969797 -0.7071067811874414
  outer loop
    vertex 9333.892640851316 10063.258594353105 89.1311614599754
    vertex 9334.562238283243 10063.394252809498 88.8311614599754
    vertex 9334.043935195405 10062.996544862248 88.83116145997538
  endloop
endfacet
facet normal 0.43045933457583285 0.5609855267966074 -0.7071067811874413
  outer loop
    vertex 9331.69264085131 10063.258594353103 89.1311614599754
    vertex 9331.023043419382 10063.3942528095 88.8311614599754
    vertex 9331.2370059327 10063.608215322818 89.13116145997543
  endloop
endfacet
facet normal 0.43045933457583285 0.5609855267966074 -0.7071067811874413
  outer loop
    vertex 9331.023043419382 10063.3942528095 88.8311614599754
    vertex 9331.69264085131 10063.258594353103 89.1311614599754
    vertex 9331.541346507222 10062.996544862246 88.83116145997538
  endloop
endfacet
facet normal 0.653281482437493 -0.27059805007084053 -0.7071067811880539
  outer loop
    vertex 9330.887384962987 10066.26385024143 89.13116145997562
    vertex 9330.375325804827 10065.811567855988 88.83116145997556
    vertex 9330.62533547213 10066.415144585517 88.83116145997562
  endloop
endfacet
facet normal 0.653281482437493 -0.27059805007084053 -0.7071067811880539
  outer loop
    vertex 9330.375325804827 10065.811567855988 88.83116145997556
    vertex 9330.887384962987 10066.26385024143 89.13116145997562
    vertex 9330.667604033479 10065.733252140653 89.13116145997557
  endloop
endfacet
facet normal -0.6532814824384313 0.27059805007321674 -0.7071067811862779
  outer loop
    vertex 9335.209955897799 10103.51613262687 88.83116145997802
    vertex 9334.697896739639 10103.063850241428 89.131161459978
    vertex 9334.917677669147 10103.5944483422 89.13116145997803
  endloop
endfacet
facet normal -0.6532814824384313 0.27059805007321674 -0.7071067811862779
  outer loop
    vertex 9334.697896739639 10103.063850241428 89.131161459978
    vertex 9335.209955897799 10103.51613262687 88.83116145997802
    vertex 9334.959946230496 10102.912555897341 88.83116145997798
  endloop
endfacet
facet normal 0.2705980500731282 0.6532814824377777 -0.7071067811869156
  outer loop
    vertex 9332.223238952085 10102.038813423593 89.13116145997793
    vertex 9331.541346507222 10101.996544862246 88.83116145997792
    vertex 9331.69264085131 10102.258594353103 89.13116145997792
  endloop
endfacet
facet normal 0.2705980500731282 0.6532814824377777 -0.7071067811869156
  outer loop
    vertex 9331.541346507222 10101.996544862246 88.83116145997792
    vertex 9332.223238952085 10102.038813423593 89.13116145997793
    vertex 9332.144923236754 10101.746535194941 88.83116145997789
  endloop
endfacet
facet normal 0.0922959556415914 0.7010573846495566 -0.7071067811869217
  outer loop
    vertex 9332.792640851312 10101.963850241427 89.1311614599779
    vertex 9332.144923236754 10101.746535194941 88.83116145997789
    vertex 9332.223238952085 10102.038813423593 89.13116145997793
  endloop
endfacet
facet normal 0.0922959556415914 0.7010573846495566 -0.7071067811869217
  outer loop
    vertex 9332.144923236754 10101.746535194941 88.83116145997789
    vertex 9332.792640851312 10101.963850241427 89.1311614599779
    vertex 9332.792640851312 10101.661261553254 88.83116145997788
  endloop
endfacet
facet normal -0.6532814824390312 -0.27059805007325427 -0.7071067811857091
  outer loop
    vertex 9335.209955897799 10065.811567855983 88.83116145997556
    vertex 9334.697896739639 10066.263850241427 89.13116145997559
    vertex 9334.959946230494 10066.415144585515 88.83116145997562
  endloop
endfacet
facet normal -0.6532814824390312 -0.27059805007325427 -0.7071067811857091
  outer loop
    vertex 9334.697896739639 10066.263850241427 89.13116145997559
    vertex 9335.209955897799 10065.811567855983 88.83116145997556
    vertex 9334.91767766915 10065.733252140652 89.13116145997557
  endloop
endfacet
facet normal 0.5609855267962154 0.4304593345769146 -0.7071067811870938
  outer loop
    vertex 9331.237005932699 10102.608215322818 89.13116145997795
    vertex 9330.62533547213 10102.912555897337 88.83116145997798
    vertex 9330.887384962987 10103.063850241424 89.13116145997797
  endloop
endfacet
facet normal 0.5609855267962154 0.4304593345769146 -0.7071067811870938
  outer loop
    vertex 9330.62533547213 10102.912555897337 88.83116145997798
    vertex 9331.237005932699 10102.608215322818 89.13116145997795
    vertex 9331.02304341938 10102.3942528095 88.83116145997795
  endloop
endfacet
facet normal -0.701057384651135 -0.09229595564222223 -0.7071067811852745
  outer loop
    vertex 9335.295229539486 10104.163850241428 88.83116145997806
    vertex 9334.91767766915 10104.733252140652 89.13116145997809
    vertex 9335.209955897799 10104.811567855983 88.83116145997809
  endloop
endfacet
facet normal -0.701057384651135 -0.09229595564222223 -0.7071067811852745
  outer loop
    vertex 9334.91767766915 10104.733252140652 89.13116145997809
    vertex 9335.295229539486 10104.163850241428 88.83116145997806
    vertex 9334.992640851315 10104.163850241428 89.13116145997806
  endloop
endfacet
facet normal -0.4304593345761081 0.5609855267968429 -0.707106781187087
  outer loop
    vertex 9334.56223828324 10102.394252809498 88.83116145997795
    vertex 9333.892640851316 10102.258594353105 89.13116145997792
    vertex 9334.348275769924 10102.608215322818 89.13116145997795
  endloop
endfacet
facet normal -0.4304593345761081 0.5609855267968429 -0.707106781187087
  outer loop
    vertex 9333.892640851316 10102.258594353105 89.13116145997792
    vertex 9334.56223828324 10102.394252809498 88.83116145997795
    vertex 9334.043935195405 10101.996544862248 88.83116145997792
  endloop
endfacet
facet normal -0.7010573846502446 0.09229595564252216 -0.7071067811861181
  outer loop
    vertex 9335.209955897799 10103.51613262687 88.83116145997802
    vertex 9334.992640851315 10104.163850241428 89.13116145997806
    vertex 9335.295229539486 10104.163850241428 88.83116145997806
  endloop
endfacet
facet normal -0.7010573846502446 0.09229595564252216 -0.7071067811861181
  outer loop
    vertex 9334.992640851315 10104.163850241428 89.13116145997806
    vertex 9335.209955897799 10103.51613262687 88.83116145997802
    vertex 9334.917677669147 10103.5944483422 89.13116145997803
  endloop
endfacet
facet normal 0.43045933457607694 0.5609855267964118 -0.707106781187448
  outer loop
    vertex 9331.69264085131 10102.258594353103 89.13116145997792
    vertex 9331.02304341938 10102.3942528095 88.83116145997795
    vertex 9331.237005932699 10102.608215322818 89.13116145997795
  endloop
endfacet
facet normal 0.43045933457607694 0.5609855267964118 -0.707106781187448
  outer loop
    vertex 9331.02304341938 10102.3942528095 88.83116145997795
    vertex 9331.69264085131 10102.258594353103 89.13116145997792
    vertex 9331.541346507222 10101.996544862246 88.83116145997792
  endloop
endfacet
facet normal 0.7010573846501109 0.0922959556418363 -0.7071067811863402
  outer loop
    vertex 9330.667604033479 10103.594448342197 89.13116145997803
    vertex 9330.29005216314 10104.163850241428 88.83116145997806
    vertex 9330.592640851311 10104.163850241428 89.13116145997806
  endloop
endfacet
facet normal 0.7010573846501109 0.0922959556418363 -0.7071067811863402
  outer loop
    vertex 9330.29005216314 10104.163850241428 88.83116145997806
    vertex 9330.667604033479 10103.594448342197 89.13116145997803
    vertex 9330.375325804827 10103.516132626863 88.83116145997802
  endloop
endfacet
facet normal 0.7010573846500645 -0.09229595564218804 -0.7071067811863403
  outer loop
    vertex 9330.667604033479 10104.733252140653 89.13116145997809
    vertex 9330.29005216314 10104.163850241428 88.83116145997806
    vertex 9330.375325804827 10104.811567855988 88.83116145997809
  endloop
endfacet
facet normal 0.7010573846500645 -0.09229595564218804 -0.7071067811863403
  outer loop
    vertex 9330.29005216314 10104.163850241428 88.83116145997806
    vertex 9330.667604033479 10104.733252140653 89.13116145997809
    vertex 9330.592640851311 10104.163850241428 89.13116145997806
  endloop
endfacet
facet normal -0.09229595564116436 0.7010573846504502 -0.7071067811860915
  outer loop
    vertex 9333.440358465868 10101.746535194941 88.83116145997789
    vertex 9332.792640851312 10101.963850241427 89.1311614599779
    vertex 9333.362042750538 10102.03881342359 89.13116145997792
  endloop
endfacet
facet normal -0.09229595564116436 0.7010573846504502 -0.7071067811860915
  outer loop
    vertex 9332.792640851312 10101.963850241427 89.1311614599779
    vertex 9333.440358465868 10101.746535194941 88.83116145997789
    vertex 9332.792640851312 10101.661261553254 88.83116145997788
  endloop
endfacet
facet normal -0.27059805007373106 0.6532814824383643 -0.707106781186143
  outer loop
    vertex 9334.043935195405 10101.996544862248 88.83116145997792
    vertex 9333.362042750538 10102.03881342359 89.13116145997792
    vertex 9333.892640851316 10102.258594353105 89.13116145997792
  endloop
endfacet
facet normal -0.27059805007373106 0.6532814824383643 -0.707106781186143
  outer loop
    vertex 9333.362042750538 10102.03881342359 89.13116145997792
    vertex 9334.043935195405 10101.996544862248 88.83116145997792
    vertex 9333.440358465868 10101.746535194941 88.83116145997789
  endloop
endfacet
facet normal -0.6532814824390312 -0.27059805007325427 -0.7071067811857091
  outer loop
    vertex 9335.209955897799 10104.811567855983 88.83116145997809
    vertex 9334.697896739639 10105.263850241425 89.1311614599781
    vertex 9334.959946230494 10105.415144585515 88.83116145997813
  endloop
endfacet
facet normal -0.6532814824390312 -0.27059805007325427 -0.7071067811857091
  outer loop
    vertex 9334.697896739639 10105.263850241425 89.1311614599781
    vertex 9335.209955897799 10104.811567855983 88.83116145997809
    vertex 9334.91767766915 10104.733252140652 89.13116145997809
  endloop
endfacet
facet normal -0.5609855267981705 0.4304593345768639 -0.7071067811855736
  outer loop
    vertex 9334.959946230496 10102.912555897341 88.83116145997798
    vertex 9334.348275769924 10102.608215322818 89.13116145997795
    vertex 9334.697896739639 10103.063850241428 89.131161459978
  endloop
endfacet
facet normal -0.5609855267981705 0.4304593345768639 -0.7071067811855736
  outer loop
    vertex 9334.348275769924 10102.608215322818 89.13116145997795
    vertex 9334.959946230496 10102.912555897341 88.83116145997798
    vertex 9334.56223828324 10102.394252809498 88.83116145997795
  endloop
endfacet
facet normal 0.6532814824373826 0.27059805007195814 -0.7071067811877283
  outer loop
    vertex 9330.887384962987 10103.063850241424 89.13116145997797
    vertex 9330.375325804827 10103.516132626863 88.83116145997802
    vertex 9330.667604033479 10103.594448342197 89.13116145997803
  endloop
endfacet
facet normal 0.6532814824373826 0.27059805007195814 -0.7071067811877283
  outer loop
    vertex 9330.375325804827 10103.516132626863 88.83116145997802
    vertex 9330.887384962987 10103.063850241424 89.13116145997797
    vertex 9330.62533547213 10102.912555897337 88.83116145997798
  endloop
endfacet
facet normal -0.2705980500712839 -0.653281482438146 -0.7071067811872811
  outer loop
    vertex 9334.0439351954 10106.331155620612 88.83116145997819
    vertex 9333.362042750534 10106.288887059263 89.13116145997819
    vertex 9333.440358465868 10106.581165287913 88.83116145997822
  endloop
endfacet
facet normal -0.2705980500712839 -0.653281482438146 -0.7071067811872811
  outer loop
    vertex 9333.362042750534 10106.288887059263 89.13116145997819
    vertex 9334.0439351954 10106.331155620612 88.83116145997819
    vertex 9333.89264085131 10106.069106129753 89.13116145997819
  endloop
endfacet
facet normal -0.43045933457734364 -0.5609855267960593 -0.7071067811869567
  outer loop
    vertex 9334.562238283243 10105.933447673353 88.83116145997816
    vertex 9333.89264085131 10106.069106129753 89.13116145997819
    vertex 9334.0439351954 10106.331155620612 88.83116145997819
  endloop
endfacet
facet normal -0.43045933457734364 -0.5609855267960593 -0.7071067811869567
  outer loop
    vertex 9333.89264085131 10106.069106129753 89.13116145997819
    vertex 9334.562238283243 10105.933447673353 88.83116145997816
    vertex 9334.348275769924 10105.719485160036 89.13116145997816
  endloop
endfacet
facet normal 0.430459334576863 -0.5609855267955771 -0.7071067811876316
  outer loop
    vertex 9331.692640851315 10106.069106129755 89.13116145997819
    vertex 9331.02304341938 10105.933447673353 88.83116145997816
    vertex 9331.541346507227 10106.331155620612 88.83116145997819
  endloop
endfacet
facet normal 0.430459334576863 -0.5609855267955771 -0.7071067811876316
  outer loop
    vertex 9331.02304341938 10105.933447673353 88.83116145997816
    vertex 9331.692640851315 10106.069106129755 89.13116145997819
    vertex 9331.237005932699 10105.719485160034 89.13116145997816
  endloop
endfacet
facet normal -0.09229595564135636 -0.7010573846501473 -0.7071067811863667
  outer loop
    vertex 9333.440358465868 10106.581165287913 88.83116145997822
    vertex 9332.792640851312 10106.363850241427 89.1311614599782
    vertex 9332.792640851312 10106.666438929602 88.83116145997823
  endloop
endfacet
facet normal -0.09229595564135636 -0.7010573846501473 -0.7071067811863667
  outer loop
    vertex 9332.792640851312 10106.363850241427 89.1311614599782
    vertex 9333.440358465868 10106.581165287913 88.83116145997822
    vertex 9333.362042750534 10106.288887059263 89.13116145997819
  endloop
endfacet
facet normal 0.2705980500716269 -0.6532814824380039 -0.7071067811872812
  outer loop
    vertex 9332.223238952089 10106.288887059263 89.13116145997819
    vertex 9331.541346507227 10106.331155620612 88.83116145997819
    vertex 9332.144923236754 10106.581165287913 88.83116145997822
  endloop
endfacet
facet normal 0.2705980500716269 -0.6532814824380039 -0.7071067811872812
  outer loop
    vertex 9331.541346507227 10106.331155620612 88.83116145997819
    vertex 9332.223238952089 10106.288887059263 89.13116145997819
    vertex 9331.692640851315 10106.069106129755 89.13116145997819
  endloop
endfacet
facet normal 0.5609855267955073 -0.430459334576965 -0.707106781187625
  outer loop
    vertex 9331.237005932699 10105.719485160034 89.13116145997816
    vertex 9330.62533547213 10105.415144585517 88.83116145997813
    vertex 9331.02304341938 10105.933447673353 88.83116145997816
  endloop
endfacet
facet normal 0.5609855267955073 -0.430459334576965 -0.707106781187625
  outer loop
    vertex 9330.62533547213 10105.415144585517 88.83116145997813
    vertex 9331.237005932699 10105.719485160034 89.13116145997816
    vertex 9330.887384962987 10105.26385024143 89.13116145997813
  endloop
endfacet
facet normal 0.09229595564114197 -0.7010573846501755 -0.7071067811863668
  outer loop
    vertex 9332.792640851312 10106.363850241427 89.1311614599782
    vertex 9332.144923236754 10106.581165287913 88.83116145997822
    vertex 9332.792640851312 10106.666438929602 88.83116145997823
  endloop
endfacet
facet normal 0.09229595564114197 -0.7010573846501755 -0.7071067811863668
  outer loop
    vertex 9332.144923236754 10106.581165287913 88.83116145997822
    vertex 9332.792640851312 10106.363850241427 89.1311614599782
    vertex 9332.223238952089 10106.288887059263 89.13116145997819
  endloop
endfacet
facet normal 0.6532814824374932 -0.27059805007084065 -0.7071067811880539
  outer loop
    vertex 9330.887384962987 10105.26385024143 89.13116145997813
    vertex 9330.375325804827 10104.811567855988 88.83116145997809
    vertex 9330.62533547213 10105.415144585517 88.83116145997813
  endloop
endfacet
facet normal 0.6532814824374932 -0.27059805007084065 -0.7071067811880539
  outer loop
    vertex 9330.375325804827 10104.811567855988 88.83116145997809
    vertex 9330.887384962987 10105.26385024143 89.13116145997813
    vertex 9330.667604033479 10104.733252140653 89.13116145997809
  endloop
endfacet
facet normal -0.5609855267968911 -0.4304593345765066 -0.7071067811868064
  outer loop
    vertex 9334.959946230494 10105.415144585515 88.83116145997813
    vertex 9334.348275769924 10105.719485160036 89.13116145997816
    vertex 9334.562238283243 10105.933447673353 88.83116145997816
  endloop
endfacet
facet normal -0.5609855267968911 -0.4304593345765066 -0.7071067811868064
  outer loop
    vertex 9334.348275769924 10105.719485160036 89.13116145997816
    vertex 9334.959946230494 10105.415144585515 88.83116145997813
    vertex 9334.697896739639 10105.263850241425 89.1311614599781
  endloop
endfacet
facet normal -1.0 7.544945289761744e-09 4.601539457781472e-09
  outer loop
    vertex 9362.597600880017 10118.31114496787 105.83116159964777
    vertex 9362.597600780075 10115.311145130967 89.03116156885177
    vertex 9362.597600880017 10115.311144967869 105.83116156837004
  endloop
endfacet
facet normal -1.0 7.544945289761744e-09 4.601539457781472e-09
  outer loop
    vertex 9362.597600780075 10115.311145130967 89.03116156885177
    vertex 9362.597600880017 10118.31114496787 105.83116159964777
    vertex 9362.597600825346 10118.311145068139 89.03116163176367
  endloop
endfacet
facet normal 1.0 -6.241384941201494e-15 -4.435055271872005e-10
  outer loop
    vertex 9375.797601177554 10074.137910347597 89.03116112478409
    vertex 9375.797601177408 10082.20083720665 96.78764126188165
    vertex 9375.797601180791 10082.129281441858 97.33116125659797
  endloop
endfacet
facet normal 1.0 -6.241384941201494e-15 -4.435055271872005e-10
  outer loop
    vertex 9375.797601177408 10082.20083720665 96.78764126188165
    vertex 9375.797601177554 10074.137910347597 89.03116112478409
    vertex 9375.797601174268 10082.41062809391 96.28116125659821
  endloop
endfacet
facet normal 1.0 -6.241384941201494e-15 -4.435055271872005e-10
  outer loop
    vertex 9375.797601174268 10082.41062809391 96.28116125659821
    vertex 9375.797601177554 10074.137910347597 89.03116112478409
    vertex 9375.797601171585 10082.744357201365 95.84623701610556
  endloop
endfacet
facet normal 1.0 -6.241384941201494e-15 -4.435055271872005e-10
  outer loop
    vertex 9375.797601171585 10082.744357201365 95.84623701610556
    vertex 9375.797601177554 10074.137910347597 89.03116112478409
    vertex 9375.79760116954 10083.179281441859 95.51250790865107
  endloop
endfacet
facet normal 1.0 -6.241384941201494e-15 -4.435055271872005e-10
  outer loop
    vertex 9375.79760116954 10083.179281441859 95.51250790865107
    vertex 9375.797601177554 10074.137910347597 89.03116112478409
    vertex 9375.797601177554 10094.337910347598 89.03116132093305
  endloop
endfacet
facet normal 1.0 -6.241384941201494e-15 -4.435055271872005e-10
  outer loop
    vertex 9375.79760116954 10083.179281441859 95.51250790865107
    vertex 9375.797601177554 10094.337910347598 89.03116132093305
    vertex 9375.797601168273 10083.685761447141 95.30271702139075
  endloop
endfacet
facet normal 1.0 -6.241384941201494e-15 -4.435055271872005e-10
  outer loop
    vertex 9375.797601168273 10083.685761447141 95.30271702139075
    vertex 9375.797601177554 10094.337910347598 89.03116132093305
    vertex 9375.797601167871 10084.229281441858 95.23116125659713
  endloop
endfacet
facet normal 1.0 -6.241384941201494e-15 -4.435055271872005e-10
  outer loop
    vertex 9375.797601167871 10084.229281441858 95.23116125659713
    vertex 9375.797601177554 10094.337910347598 89.03116132093305
    vertex 9375.79760116836 10084.772801436573 95.30271702139082
  endloop
endfacet
facet normal 1.0 -6.241384941201494e-15 -4.435055271872005e-10
  outer loop
    vertex 9375.79760116836 10084.772801436573 95.30271702139082
    vertex 9375.797601177554 10094.337910347598 89.03116132093305
    vertex 9375.79760116971 10085.279281441857 95.5125079086512
  endloop
endfacet
facet normal 1.0 -6.241384941201494e-15 -4.435055271872005e-10
  outer loop
    vertex 9375.79760116971 10085.279281441857 95.5125079086512
    vertex 9375.797601177554 10094.337910347598 89.03116132093305
    vertex 9375.797601171826 10085.714205682349 95.84623701610575
  endloop
endfacet
facet normal 1.0 -6.241384941201494e-15 -4.435055271872005e-10
  outer loop
    vertex 9375.797601171826 10085.714205682349 95.84623701610575
    vertex 9375.797601177554 10094.337910347598 89.03116132093305
    vertex 9375.797601174563 10086.047934789805 96.28116125659845
  endloop
endfacet
facet normal 1.0 -6.241384941201494e-15 -4.435055271872005e-10
  outer loop
    vertex 9375.797601174563 10086.047934789805 96.28116125659845
    vertex 9375.797601177554 10094.337910347598 89.03116132093305
    vertex 9375.79760117774 10086.257725677066 96.78764126188192
  endloop
endfacet
facet normal 1.0 -6.241384941201494e-15 -4.435055271872005e-10
  outer loop
    vertex 9375.79760117774 10086.257725677066 96.78764126188192
    vertex 9375.797601177554 10094.337910347598 89.03116132093305
    vertex 9375.797601181132 10086.329281441856 97.33116125659824
  endloop
endfacet
facet normal 1.0 -6.241384941201494e-15 -4.435055271872005e-10
  outer loop
    vertex 9375.797601181132 10086.329281441856 97.33116125659824
    vertex 9375.797601177554 10094.337910347598 89.03116132093305
    vertex 9375.797601185006 10094.337910184468 105.83116137439544
  endloop
endfacet
facet normal 1.0 -6.241384941201494e-15 -4.435055271872005e-10
  outer loop
    vertex 9375.797601185006 10074.137910184467 105.83116117824648
    vertex 9375.797601192213 10083.179281441859 99.149814604545
    vertex 9375.797601185006 10094.337910184468 105.83116137439544
  endloop
endfacet
facet normal 1.0 -6.241384941201494e-15 -4.435055271872005e-10
  outer loop
    vertex 9375.797601192213 10083.179281441859 99.149814604545
    vertex 9375.797601185006 10074.137910184467 105.83116117824648
    vertex 9375.797601190097 10082.744357201365 98.816085497089
  endloop
endfacet
facet normal 1.0 -6.241384941201494e-15 -4.435055271872005e-10
  outer loop
    vertex 9375.797601190097 10082.744357201365 98.816085497089
    vertex 9375.797601185006 10074.137910184467 105.83116117824648
    vertex 9375.797601177554 10074.137910347597 89.03116112478409
  endloop
endfacet
facet normal 1.0 -6.241384941201494e-15 -4.435055271872005e-10
  outer loop
    vertex 9375.797601190097 10082.744357201365 98.816085497089
    vertex 9375.797601177554 10074.137910347597 89.03116112478409
    vertex 9375.79760118736 10082.41062809391 98.38116125659774
  endloop
endfacet
facet normal 1.0 -6.241384941201494e-15 -4.435055271872005e-10
  outer loop
    vertex 9375.79760118736 10082.41062809391 98.38116125659774
    vertex 9375.797601177554 10074.137910347597 89.03116112478409
    vertex 9375.797601184184 10082.20083720665 97.87468125131284
  endloop
endfacet
facet normal 1.0 -6.241384941201494e-15 -4.435055271872005e-10
  outer loop
    vertex 9375.797601184184 10082.20083720665 97.87468125131284
    vertex 9375.797601177554 10074.137910347597 89.03116112478409
    vertex 9375.797601180791 10082.129281441858 97.33116125659797
  endloop
endfacet
facet normal 1.0 -6.241384941201494e-15 -4.435055271872005e-10
  outer loop
    vertex 9375.797601185006 10094.337910184468 105.83116137439544
    vertex 9375.797601192213 10083.179281441859 99.149814604545
    vertex 9375.79760119356 10083.685761447141 99.35960549180538
  endloop
endfacet
facet normal 1.0 -6.241384941201494e-15 -4.435055271872005e-10
  outer loop
    vertex 9375.797601185006 10094.337910184468 105.83116137439544
    vertex 9375.79760119356 10083.685761447141 99.35960549180538
    vertex 9375.797601194052 10084.229281441858 99.43116125659762
  endloop
endfacet
facet normal 1.0 -6.241384941201494e-15 -4.435055271872005e-10
  outer loop
    vertex 9375.797601185006 10094.337910184468 105.83116137439544
    vertex 9375.797601194052 10084.229281441858 99.43116125659762
    vertex 9375.79760119365 10084.772801436573 99.35960549180545
  endloop
endfacet
facet normal 1.0 -6.241384941201494e-15 -4.435055271872005e-10
  outer loop
    vertex 9375.797601185006 10094.337910184468 105.83116137439544
    vertex 9375.79760119365 10084.772801436573 99.35960549180545
    vertex 9375.797601192384 10085.279281441857 99.14981460454513
  endloop
endfacet
facet normal 1.0 -6.241384941201494e-15 -4.435055271872005e-10
  outer loop
    vertex 9375.797601185006 10094.337910184468 105.83116137439544
    vertex 9375.797601192384 10085.279281441857 99.14981460454513
    vertex 9375.79760119034 10085.714205682349 98.81608549708919
  endloop
endfacet
facet normal 1.0 -6.241384941201494e-15 -4.435055271872005e-10
  outer loop
    vertex 9375.797601185006 10094.337910184468 105.83116137439544
    vertex 9375.79760119034 10085.714205682349 98.81608549708919
    vertex 9375.797601187654 10086.047934789805 98.38116125659798
  endloop
endfacet
facet normal 1.0 -6.241384941201494e-15 -4.435055271872005e-10
  outer loop
    vertex 9375.797601185006 10094.337910184468 105.83116137439544
    vertex 9375.797601187654 10086.047934789805 98.38116125659798
    vertex 9375.797601184515 10086.257725677066 97.87468125131309
  endloop
endfacet
facet normal 1.0 -6.241384941201494e-15 -4.435055271872005e-10
  outer loop
    vertex 9375.797601185006 10094.337910184468 105.83116137439544
    vertex 9375.797601184515 10086.257725677066 97.87468125131309
    vertex 9375.797601181132 10086.329281441856 97.33116125659824
  endloop
endfacet
facet normal -8.479328350518493e-15 -1.0 -9.710288424611689e-09
  outer loop
    vertex 9375.797601177554 10094.337910347598 89.03116132093305
    vertex 9386.397601185005 10094.337910184468 105.83116137439544
    vertex 9375.797601185006 10094.337910184468 105.83116137439544
  endloop
endfacet
facet normal -8.479328350518493e-15 -1.0 -9.710288424611689e-09
  outer loop
    vertex 9386.397601185005 10094.337910184468 105.83116137439544
    vertex 9375.797601177554 10094.337910347598 89.03116132093305
    vertex 9386.397601177554 10094.337910347598 89.03116132093305
  endloop
endfacet
facet normal -1.0 6.241384941201494e-15 4.435055271872005e-10
  outer loop
    vertex 9386.397601185005 10074.137910184467 105.83116117824648
    vertex 9386.397601192954 10082.744357201454 98.81608555337787
    vertex 9386.397601177554 10074.137910347597 89.03116112478409
  endloop
endfacet
facet normal -1.0 6.241384941201494e-15 4.435055271872005e-10
  outer loop
    vertex 9386.397601192954 10082.744357201454 98.81608555337787
    vertex 9386.397601185005 10074.137910184467 105.83116117824648
    vertex 9386.39760119532 10083.179281441946 99.14981466083387
  endloop
endfacet
facet normal -1.0 6.241384941201494e-15 4.435055271872005e-10
  outer loop
    vertex 9386.39760119532 10083.179281441946 99.14981466083387
    vertex 9386.397601185005 10074.137910184467 105.83116117824648
    vertex 9386.397601185005 10094.337910184468 105.83116137439544
  endloop
endfacet
facet normal -1.0 6.241384941201494e-15 4.435055271872005e-10
  outer loop
    vertex 9386.397601177554 10074.137910347597 89.03116112478409
    vertex 9386.397601192954 10082.744357201454 98.81608555337787
    vertex 9386.397601189856 10082.410628094 98.38116131288662
  endloop
endfacet
facet normal -1.0 6.241384941201494e-15 4.435055271872005e-10
  outer loop
    vertex 9386.397601177554 10074.137910347597 89.03116112478409
    vertex 9386.397601189856 10082.410628094 98.38116131288662
    vertex 9386.397601186238 10082.20083720674 97.87468130760172
  endloop
endfacet
facet normal -1.0 6.241384941201494e-15 4.435055271872005e-10
  outer loop
    vertex 9386.397601177554 10074.137910347597 89.03116112478409
    vertex 9386.397601186238 10082.20083720674 97.87468130760172
    vertex 9386.397601182347 10082.129281441947 97.33116131288685
  endloop
endfacet
facet normal -1.0 6.241384941201494e-15 4.435055271872005e-10
  outer loop
    vertex 9386.39760119532 10083.179281441946 99.14981466083387
    vertex 9386.397601185005 10094.337910184468 105.83116137439544
    vertex 9386.397601196793 10083.68576144723 99.35960554809427
  endloop
endfacet
facet normal -1.0 6.241384941201494e-15 4.435055271872005e-10
  outer loop
    vertex 9386.397601196793 10083.68576144723 99.35960554809427
    vertex 9386.397601185005 10094.337910184468 105.83116137439544
    vertex 9386.397601197274 10084.229281441945 99.4311613128865
  endloop
endfacet
facet normal -1.0 6.241384941201494e-15 4.435055271872005e-10
  outer loop
    vertex 9386.397601197274 10084.229281441945 99.4311613128865
    vertex 9386.397601185005 10094.337910184468 105.83116137439544
    vertex 9386.397601196728 10084.77280143666 99.35960554809432
  endloop
endfacet
facet normal -1.0 6.241384941201494e-15 4.435055271872005e-10
  outer loop
    vertex 9386.397601196728 10084.77280143666 99.35960554809432
    vertex 9386.397601185005 10094.337910184468 105.83116137439544
    vertex 9386.397601195193 10085.279281441946 99.14981466083401
  endloop
endfacet
facet normal -1.0 6.241384941201494e-15 4.435055271872005e-10
  outer loop
    vertex 9386.397601195193 10085.279281441946 99.14981466083401
    vertex 9386.397601185005 10094.337910184468 105.83116137439544
    vertex 9386.397601192775 10085.714205682438 98.81608555337807
  endloop
endfacet
facet normal -1.0 6.241384941201494e-15 4.435055271872005e-10
  outer loop
    vertex 9386.397601192775 10085.714205682438 98.81608555337807
    vertex 9386.397601185005 10094.337910184468 105.83116137439544
    vertex 9386.397601189637 10086.047934789894 98.38116131288686
  endloop
endfacet
facet normal -1.0 6.241384941201494e-15 4.435055271872005e-10
  outer loop
    vertex 9386.397601189637 10086.047934789894 98.38116131288686
    vertex 9386.397601185005 10094.337910184468 105.83116137439544
    vertex 9386.397601185994 10086.257725677153 97.87468130760197
  endloop
endfacet
facet normal -1.0 6.241384941201494e-15 4.435055271872005e-10
  outer loop
    vertex 9386.397601185994 10086.257725677153 97.87468130760197
    vertex 9386.397601185005 10094.337910184468 105.83116137439544
    vertex 9386.397601182094 10086.329281441946 97.33116131288712
  endloop
endfacet
facet normal -1.0 6.241384941201494e-15 4.435055271872005e-10
  outer loop
    vertex 9386.397601177554 10074.137910347597 89.03116112478409
    vertex 9386.397601169245 10083.179281441946 95.51250796493994
    vertex 9386.397601177554 10094.337910347598 89.03116132093305
  endloop
endfacet
facet normal -1.0 6.241384941201494e-15 4.435055271872005e-10
  outer loop
    vertex 9386.397601169245 10083.179281441946 95.51250796493994
    vertex 9386.397601177554 10074.137910347597 89.03116112478409
    vertex 9386.397601171664 10082.744357201454 95.84623707239443
  endloop
endfacet
facet normal -1.0 6.241384941201494e-15 4.435055271872005e-10
  outer loop
    vertex 9386.397601171664 10082.744357201454 95.84623707239443
    vertex 9386.397601177554 10074.137910347597 89.03116112478409
    vertex 9386.397601174802 10082.410628094 96.2811613128871
  endloop
endfacet
facet normal -1.0 6.241384941201494e-15 4.435055271872005e-10
  outer loop
    vertex 9386.397601174802 10082.410628094 96.2811613128871
    vertex 9386.397601177554 10074.137910347597 89.03116112478409
    vertex 9386.397601178445 10082.20083720674 96.78764131817198
  endloop
endfacet
facet normal -1.0 6.241384941201494e-15 4.435055271872005e-10
  outer loop
    vertex 9386.397601178445 10082.20083720674 96.78764131817198
    vertex 9386.397601177554 10074.137910347597 89.03116112478409
    vertex 9386.397601182347 10082.129281441947 97.33116131288685
  endloop
endfacet
facet normal -1.0 6.241384941201494e-15 4.435055271872005e-10
  outer loop
    vertex 9386.397601177554 10094.337910347598 89.03116132093305
    vertex 9386.397601169245 10083.179281441946 95.51250796493994
    vertex 9386.39760116771 10083.68576144723 95.30271707767963
  endloop
endfacet
facet normal -1.0 6.241384941201494e-15 4.435055271872005e-10
  outer loop
    vertex 9386.397601177554 10094.337910347598 89.03116132093305
    vertex 9386.39760116771 10083.68576144723 95.30271707767963
    vertex 9386.397601167166 10084.229281441945 95.23116131288745
  endloop
endfacet
facet normal -1.0 6.241384941201494e-15 4.435055271872005e-10
  outer loop
    vertex 9386.397601177554 10094.337910347598 89.03116132093305
    vertex 9386.397601167166 10084.229281441945 95.23116131288745
    vertex 9386.397601167646 10084.77280143666 95.3027170776797
  endloop
endfacet
facet normal -1.0 6.241384941201494e-15 4.435055271872005e-10
  outer loop
    vertex 9386.397601177554 10094.337910347598 89.03116132093305
    vertex 9386.397601167646 10084.77280143666 95.3027170776797
    vertex 9386.39760116912 10085.279281441946 95.51250796494008
  endloop
endfacet
facet normal -1.0 6.241384941201494e-15 4.435055271872005e-10
  outer loop
    vertex 9386.397601177554 10094.337910347598 89.03116132093305
    vertex 9386.39760116912 10085.279281441946 95.51250796494008
    vertex 9386.397601171486 10085.714205682438 95.84623707239463
  endloop
endfacet
facet normal -1.0 6.241384941201494e-15 4.435055271872005e-10
  outer loop
    vertex 9386.397601177554 10094.337910347598 89.03116132093305
    vertex 9386.397601171486 10085.714205682438 95.84623707239463
    vertex 9386.397601174584 10086.047934789893 96.28116131288733
  endloop
endfacet
facet normal -1.0 6.241384941201494e-15 4.435055271872005e-10
  outer loop
    vertex 9386.397601177554 10094.337910347598 89.03116132093305
    vertex 9386.397601174584 10086.047934789893 96.28116131288733
    vertex 9386.397601178202 10086.257725677153 96.78764131817223
  endloop
endfacet
facet normal -1.0 6.241384941201494e-15 4.435055271872005e-10
  outer loop
    vertex 9386.397601177554 10094.337910347598 89.03116132093305
    vertex 9386.397601178202 10086.257725677153 96.78764131817223
    vertex 9386.397601182094 10086.329281441946 97.33116131288712
  endloop
endfacet
facet normal -1.0 6.241384941201494e-15 4.435055271872005e-10
  outer loop
    vertex 9386.397601177554 10094.337910347598 89.03116132093305
    vertex 9386.397601182094 10086.329281441946 97.33116131288712
    vertex 9386.397601185005 10094.337910184468 105.83116137439544
  endloop
endfacet
facet normal 8.479328350525938e-15 1.0 9.710202482776304e-09
  outer loop
    vertex 9386.397601177554 10074.137910347597 89.03116112478409
    vertex 9375.797601185006 10074.137910184467 105.83116117824648
    vertex 9386.397601185005 10074.137910184467 105.83116117824648
  endloop
endfacet
facet normal 8.479328350525938e-15 1.0 9.710202482776304e-09
  outer loop
    vertex 9375.797601185006 10074.137910184467 105.83116117824648
    vertex 9386.397601177554 10074.137910347597 89.03116112478409
    vertex 9375.797601177554 10074.137910347597 89.03116112478409
  endloop
endfacet
facet normal 0.9238795325113635 0.3826834323649045 -2.268985759899321e-09
  outer loop
    vertex 9369.977621533171 10052.139281523774 89.03116096211293
    vertex 9369.560037876472 10053.147417750813 105.831160948299
    vertex 9369.977621642542 10052.139281359341 105.8311609353984
  endloop
endfacet
facet normal 0.9238795325113635 0.3826834323649045 -2.268985759899321e-09
  outer loop
    vertex 9369.560037876472 10053.147417750813 105.831160948299
    vertex 9369.977621533171 10052.139281523774 89.03116096211293
    vertex 9369.560037767102 10053.147417915246 89.031160975015
  endloop
endfacet
facet normal 0.7933533402910892 0.6087614290089112 7.935426423692159e-10
  outer loop
    vertex 9370.64190137563 10051.273575178415 89.03116094875752
    vertex 9369.977621642542 10052.139281359341 105.8311609353984
    vertex 9370.641901485002 10051.273575013982 105.83116092204297
  endloop
endfacet
facet normal 0.7933533402910892 0.6087614290089112 7.935426423692159e-10
  outer loop
    vertex 9369.977621642542 10052.139281359341 105.8311609353984
    vertex 9370.64190137563 10051.273575178415 89.03116094875752
    vertex 9369.977621533171 10052.139281523774 89.03116096211293
  endloop
endfacet
facet normal 0.608761429008349 0.7933533402915204 3.8020353167832824e-09
  outer loop
    vertex 9371.507607830361 10050.609295171524 105.83116090914237
    vertex 9370.64190137563 10051.273575178415 89.03116094875752
    vertex 9370.641901485002 10051.273575013982 105.83116092204297
  endloop
endfacet
facet normal 0.608761429008349 0.7933533402915204 3.8020353167832824e-09
  outer loop
    vertex 9370.64190137563 10051.273575178415 89.03116094875752
    vertex 9371.507607830361 10050.609295171524 105.83116090914237
    vertex 9371.507607720989 10050.609295335957 89.03116093585835
  endloop
endfacet
facet normal 0.3826834323656429 0.9238795325110578 6.551420928324546e-09
  outer loop
    vertex 9372.515744221831 10050.191711405452 105.83116089757588
    vertex 9371.507607720989 10050.609295335957 89.03116093585835
    vertex 9371.507607830361 10050.609295171524 105.83116090914237
  endloop
endfacet
facet normal 0.3826834323656429 0.9238795325110578 6.551420928324546e-09
  outer loop
    vertex 9371.507607720989 10050.609295335957 89.03116093585835
    vertex 9372.515744221831 10050.191711405452 105.83116089757588
    vertex 9372.515744112457 10050.191711569889 89.03116092429187
  endloop
endfacet
facet normal 0.13052619221973172 0.9914448613738527 8.854369799722421e-09
  outer loop
    vertex 9373.597607830361 10050.049281359341 105.83116088813183
    vertex 9372.515744112457 10050.191711569889 89.03116092429187
    vertex 9372.515744221831 10050.191711405452 105.83116089757588
  endloop
endfacet
facet normal 0.13052619221973172 0.9914448613738527 8.854369799722421e-09
  outer loop
    vertex 9372.515744112457 10050.191711569889 89.03116092429187
    vertex 9373.597607830361 10050.049281359341 105.83116088813183
    vertex 9373.597607720994 10050.049281523776 89.03116091484782
  endloop
endfacet
facet normal -0.13052619219484712 0.9914448613771285 1.0552519836920433e-08
  outer loop
    vertex 9374.679471438889 10050.191711405452 105.83116088145415
    vertex 9373.597607720994 10050.049281523776 89.03116091484782
    vertex 9373.597607830361 10050.049281359341 105.83116088813183
  endloop
endfacet
facet normal -0.13052619219484712 0.9914448613771285 1.0552519836920433e-08
  outer loop
    vertex 9373.597607720994 10050.049281523776 89.03116091484782
    vertex 9374.679471438889 10050.191711405452 105.83116088145415
    vertex 9374.679471343117 10050.191711552425 90.83116090816829
  endloop
endfacet
facet normal -0.13052619219484712 0.9914448613771285 1.0552519836920433e-08
  outer loop
    vertex 9373.597607720994 10050.049281523776 89.03116091484782
    vertex 9374.679471343117 10050.191711552425 90.83116090816829
    vertex 9374.679471329706 10050.19171156991 89.0311609081687
  endloop
endfacet
facet normal -0.3826834323649863 0.9238795325113296 1.1495665975251847e-08
  outer loop
    vertex 9375.687607830361 10050.609295171524 105.83116087799766
    vertex 9374.679471343117 10050.191711552425 90.83116090816829
    vertex 9374.679471438889 10050.191711405452 105.83116088145415
  endloop
endfacet
facet normal -0.3826834323649863 0.9238795325113296 1.1495665975251847e-08
  outer loop
    vertex 9374.679471343117 10050.191711552425 90.83116090816829
    vertex 9375.687607830361 10050.609295171524 105.83116087799766
    vertex 9375.68760773459 10050.609295318494 90.8311609047118
  endloop
endfacet
facet normal -0.608761429008801 0.7933533402911735 1.166019158288012e-08
  outer loop
    vertex 9376.553314079949 10051.273575160953 90.83116090471185
    vertex 9375.687607830361 10050.609295171524 105.83116087799766
    vertex 9376.55331417572 10051.273575013982 105.83116087799772
  endloop
endfacet
facet normal -0.608761429008801 0.7933533402911735 1.166019158288012e-08
  outer loop
    vertex 9375.687607830361 10050.609295171524 105.83116087799766
    vertex 9376.553314079949 10051.273575160953 90.83116090471185
    vertex 9375.68760773459 10050.609295318494 90.8311609047118
  endloop
endfacet
facet normal -0.7933533402912121 0.6087614290087505 1.103009757399461e-08
  outer loop
    vertex 9377.217594018179 10052.139281359341 105.8311608814543
    vertex 9376.553314079949 10051.273575160953 90.83116090471185
    vertex 9376.55331417572 10051.273575013982 105.83116087799772
  endloop
endfacet
facet normal -0.7933533402912121 0.6087614290087505 1.103009757399461e-08
  outer loop
    vertex 9376.553314079949 10051.273575160953 90.83116090471185
    vertex 9377.217594018179 10052.139281359341 105.8311608814543
    vertex 9377.217593922409 10052.139281506314 90.83116090816841
  endloop
endfacet
facet normal -0.9238795325112809 0.3826834323651045 9.648322476171995e-09
  outer loop
    vertex 9377.63517778425 10053.147417750813 105.83116088813202
    vertex 9377.217593922409 10052.139281506314 90.83116090816841
    vertex 9377.217594018179 10052.139281359341 105.8311608814543
  endloop
endfacet
facet normal -0.9238795325112809 0.3826834323651045 9.648322476171995e-09
  outer loop
    vertex 9377.217593922409 10052.139281506314 90.83116090816841
    vertex 9377.63517778425 10053.147417750813 105.83116088813202
    vertex 9377.635177688479 10053.147417897786 90.83116091484617
  endloop
endfacet
facet normal -0.9914448613738052 0.1305261922200912 7.609033913976141e-09
  outer loop
    vertex 9377.777607830361 10054.229281359341 105.83116089757615
    vertex 9377.635177688479 10053.147417897786 90.83116091484617
    vertex 9377.63517778425 10053.147417750813 105.83116088813202
  endloop
endfacet
facet normal -0.9914448613738052 0.1305261922200912 7.609033913976141e-09
  outer loop
    vertex 9377.635177688479 10053.147417897786 90.83116091484617
    vertex 9377.777607830361 10054.229281359341 105.83116089757615
    vertex 9377.77760773459 10054.229281506312 90.83116092429027
  endloop
endfacet
facet normal -0.991444861373806 -0.13052619222008496 5.051197182792725e-09
  outer loop
    vertex 9377.63517778425 10055.31114496787 105.83116090914268
    vertex 9377.77760773459 10054.229281506312 90.83116092429027
    vertex 9377.777607830361 10054.229281359341 105.83116089757615
  endloop
endfacet
facet normal -0.991444861373806 -0.13052619222008496 5.051197182792725e-09
  outer loop
    vertex 9377.77760773459 10054.229281506312 90.83116092429027
    vertex 9377.63517778425 10055.31114496787 105.83116090914268
    vertex 9377.635177688479 10055.311145114842 90.8311609358568
  endloop
endfacet
facet normal -0.9238795325113186 -0.3826834323650131 2.149126933172285e-09
  outer loop
    vertex 9377.217594018179 10056.319281359341 105.83116092204328
    vertex 9377.635177688479 10055.311145114842 90.8311609358568
    vertex 9377.63517778425 10055.31114496787 105.83116090914268
  endloop
endfacet
facet normal -0.9238795325113186 -0.3826834323650131 2.149126933172285e-09
  outer loop
    vertex 9377.635177688479 10055.311145114842 90.8311609358568
    vertex 9377.217594018179 10056.319281359341 105.83116092204328
    vertex 9377.217593922409 10056.319281506314 90.83116094875743
  endloop
endfacet
facet normal -0.7933533402912182 -0.608761429008743 -8.994010591870988e-10
  outer loop
    vertex 9376.55331417572 10057.1849877047 105.83116093539871
    vertex 9377.217593922409 10056.319281506314 90.83116094875743
    vertex 9377.217594018179 10056.319281359341 105.83116092204328
  endloop
endfacet
facet normal -0.7933533402912182 -0.608761429008743 -8.994010591870988e-10
  outer loop
    vertex 9377.217593922409 10056.319281506314 90.83116094875743
    vertex 9376.55331417572 10057.1849877047 105.83116093539871
    vertex 9376.553314079949 10057.184987851673 90.83116096211285
  endloop
endfacet
facet normal -0.6087614290087306 -0.7933533402912275 -3.886632060999173e-09
  outer loop
    vertex 9375.68760773459 10057.849267694131 90.83116097501345
    vertex 9376.55331417572 10057.1849877047 105.83116093539871
    vertex 9375.68760783036 10057.84926754716 105.83116094829931
  endloop
endfacet
facet normal -0.6087614290087306 -0.7933533402912275 -3.886632060999173e-09
  outer loop
    vertex 9376.55331417572 10057.1849877047 105.83116093539871
    vertex 9375.68760773459 10057.849267694131 90.83116097501345
    vertex 9376.553314079949 10057.184987851673 90.83116096211285
  endloop
endfacet
facet normal -0.38268343236500474 -0.9238795325113219 -6.608994765950511e-09
  outer loop
    vertex 9374.679471343117 10058.266851460201 90.83116098657995
    vertex 9375.68760783036 10057.84926754716 105.83116094829931
    vertex 9374.679471438889 10058.26685131323 105.8311609598658
  endloop
endfacet
facet normal -0.38268343236500474 -0.9238795325113219 -6.608994765950511e-09
  outer loop
    vertex 9375.68760783036 10057.84926754716 105.83116094829931
    vertex 9374.679471343117 10058.266851460201 90.83116098657995
    vertex 9375.68760773459 10057.849267694131 90.83116097501345
  endloop
endfacet
facet normal -0.13052619210975144 -0.9914448613883317 -8.859966138417937e-09
  outer loop
    vertex 9373.597607720989 10058.409281523776 89.03116099602585
    vertex 9374.679471438889 10058.26685131323 105.8311609598658
    vertex 9373.597607830361 10058.409281359342 105.83116096930985
  endloop
endfacet
facet normal -0.13052619210975144 -0.9914448613883317 -8.859966138417937e-09
  outer loop
    vertex 9374.679471438889 10058.26685131323 105.8311609598658
    vertex 9373.597607720989 10058.409281523776 89.03116099602585
    vertex 9374.679471343117 10058.266851460201 90.83116098657995
  endloop
endfacet
facet normal -0.13052619210975144 -0.9914448613883317 -8.859966138417937e-09
  outer loop
    vertex 9374.679471343117 10058.266851460201 90.83116098657995
    vertex 9373.597607720989 10058.409281523776 89.03116099602585
    vertex 9374.679471329706 10058.26685147764 89.03116098658035
  endloop
endfacet
facet normal 0.13052619221932796 -0.9914448613739055 -1.0553843174983973e-08
  outer loop
    vertex 9372.515744112457 10058.266851477665 89.03116100270208
    vertex 9373.597607830361 10058.409281359342 105.83116096930985
    vertex 9372.515744221831 10058.26685131323 105.83116097598753
  endloop
endfacet
facet normal 0.13052619221932796 -0.9914448613739055 -1.0553843174983973e-08
  outer loop
    vertex 9373.597607830361 10058.409281359342 105.83116096930985
    vertex 9372.515744112457 10058.266851477665 89.03116100270208
    vertex 9373.597607720989 10058.409281523776 89.03116099602585
  endloop
endfacet
facet normal 0.3826834323657897 -0.9238795325109967 -1.1534182934626187e-08
  outer loop
    vertex 9371.507607720994 10057.849267711597 89.03116100615857
    vertex 9372.515744221831 10058.26685131323 105.83116097598753
    vertex 9371.507607830361 10057.84926754716 105.83116097944402
  endloop
endfacet
facet normal 0.3826834323657897 -0.9238795325109967 -1.1534182934626187e-08
  outer loop
    vertex 9372.515744221831 10058.26685131323 105.83116097598753
    vertex 9371.507607720994 10057.849267711597 89.03116100615857
    vertex 9372.515744112457 10058.266851477665 89.03116100270208
  endloop
endfacet
facet normal 0.6087614290085988 -0.7933533402913289 -1.1728336823345256e-08
  outer loop
    vertex 9370.641901375628 10057.184987869134 89.03116100615851
    vertex 9371.507607830361 10057.84926754716 105.83116097944402
    vertex 9370.641901485002 10057.1849877047 105.83116097944398
  endloop
endfacet
facet normal 0.6087614290085988 -0.7933533402913289 -1.1728336823345256e-08
  outer loop
    vertex 9371.507607830361 10057.84926754716 105.83116097944402
    vertex 9370.641901375628 10057.184987869134 89.03116100615851
    vertex 9371.507607720994 10057.849267711597 89.03116100615857
  endloop
endfacet
facet normal 0.7933533402912778 -0.608761429008665 -1.1123366156688193e-08
  outer loop
    vertex 9369.977621533173 10056.31928152378 89.03116100270195
    vertex 9370.641901485002 10057.1849877047 105.83116097944398
    vertex 9369.977621642542 10056.319281359341 105.8311609759874
  endloop
endfacet
facet normal 0.7933533402912778 -0.608761429008665 -1.1123366156688193e-08
  outer loop
    vertex 9370.641901485002 10057.1849877047 105.83116097944398
    vertex 9369.977621533173 10056.31928152378 89.03116100270195
    vertex 9370.641901375628 10057.184987869134 89.03116100615851
  endloop
endfacet
facet normal 0.9238795325112545 -0.3826834323651676 -9.760247875051401e-09
  outer loop
    vertex 9369.560037767136 10055.311145132388 89.0311609960242
    vertex 9369.977621642542 10056.319281359341 105.8311609759874
    vertex 9369.560037876472 10055.31114496787 105.83116096930966
  endloop
endfacet
facet normal 0.9238795325112545 -0.3826834323651676 -9.760247875051401e-09
  outer loop
    vertex 9369.977621642542 10056.319281359341 105.8311609759874
    vertex 9369.560037767136 10055.311145132388 89.0311609960242
    vertex 9369.977621533173 10056.31928152378 89.03116100270195
  endloop
endfacet
facet normal -1.0 8.423286701213333e-10 6.655474085506871e-09
  outer loop
    vertex 9362.597600880017 10053.147417750813 105.83116097097424
    vertex 9362.597600765677 10050.147417925 89.03116098175457
    vertex 9362.597600880017 10050.147417750813 105.83116095302157
  endloop
endfacet
facet normal -1.0 8.423286701213333e-10 6.655474085506871e-09
  outer loop
    vertex 9362.597600765677 10050.147417925 89.03116098175457
    vertex 9362.597600880017 10053.147417750813 105.83116097097424
    vertex 9362.59760077073 10053.147417915248 89.0311609976888
  endloop
endfacet
facet normal -0.1305261922201945 -0.9914448613737915 -9.390977022052879e-09
  outer loop
    vertex 9370.739286972157 10047.293934100773 89.03116090910123
    vertex 9372.597607830361 10047.049281359343 105.83116086414252
    vertex 9370.739287086524 10047.293933926587 105.83116088036533
  endloop
endfacet
facet normal -0.1305261922201945 -0.9914448613737915 -9.390977022052879e-09
  outer loop
    vertex 9372.597607830361 10047.049281359343 105.83116086414252
    vertex 9370.739286972157 10047.293934100773 89.03116090910123
    vertex 9372.59760771338 10047.049281533871 89.03116089287985
  endloop
endfacet
facet normal -0.3826834323647808 -0.9238795325114149 -6.973924953310614e-09
  outer loop
    vertex 9369.007607715994 10048.011219134356 89.03116092896683
    vertex 9370.739287086524 10047.293933926587 105.83116088036533
    vertex 9369.007607830361 10048.011218960168 105.83116090023238
  endloop
endfacet
facet normal -0.3826834323647808 -0.9238795325114149 -6.973924953310614e-09
  outer loop
    vertex 9370.739287086524 10047.293933926587 105.83116088036533
    vertex 9369.007607715994 10048.011219134356 89.03116092896683
    vertex 9370.739286972157 10047.293934100773 89.03116090910123
  endloop
endfacet
facet normal -0.6087614290090106 -0.7933533402910127 -4.081601636045619e-09
  outer loop
    vertex 9367.52058102708 10049.152254844606 89.0311609511267
    vertex 9369.007607830361 10048.011218960168 105.83116090023238
    vertex 9367.520581141442 10049.152254670422 105.83116092239224
  endloop
endfacet
facet normal -0.6087614290090106 -0.7933533402910127 -4.081601636045619e-09
  outer loop
    vertex 9369.007607830361 10048.011218960168 105.83116090023238
    vertex 9367.52058102708 10049.152254844606 89.0311609511267
    vertex 9369.007607715994 10048.011219134356 89.03116092896683
  endloop
endfacet
facet normal -0.7933533402911237 -0.6087614290088659 -9.111303198834867e-10
  outer loop
    vertex 9366.756965652417 10050.147417750813 105.8311609453823
    vertex 9367.52058102708 10049.152254844606 89.0311609511267
    vertex 9367.520581141442 10049.152254670422 105.83116092239224
  endloop
endfacet
facet normal -0.7933533402911237 -0.6087614290088659 -9.111303198834867e-10
  outer loop
    vertex 9367.52058102708 10049.152254844606 89.0311609511267
    vertex 9366.756965652417 10050.147417750813 105.8311609453823
    vertex 9366.756965538052 10050.147417924998 89.0311609741182
  endloop
endfacet
facet normal -8.49836742094855e-15 -1.0 -1.036825916704824e-08
  outer loop
    vertex 9362.597600880017 10050.147417750813 105.83116095302157
    vertex 9363.51817224667 10050.147417835724 97.64174446982405
    vertex 9366.756965652417 10050.147417750813 105.8311609453823
  endloop
endfacet
facet normal -8.49836742094855e-15 -1.0 -1.036825916704824e-08
  outer loop
    vertex 9363.51817224667 10050.147417835724 97.64174446982405
    vertex 9362.597600880017 10050.147417750813 105.83116095302157
    vertex 9363.477283238217 10050.147417838944 97.33116161570064
  endloop
endfacet
facet normal -8.49836742094855e-15 -1.0 -1.036825916704824e-08
  outer loop
    vertex 9363.477283238217 10050.147417838944 97.33116161570064
    vertex 9362.597600880017 10050.147417750813 105.83116095302157
    vertex 9362.597600765677 10050.147417925 89.03116098175457
  endloop
endfacet
facet normal -8.49836742094855e-15 -1.0 -1.036825916704824e-08
  outer loop
    vertex 9366.756965652417 10050.147417750813 105.8311609453823
    vertex 9363.51817224667 10050.147417835724 97.64174446982405
    vertex 9363.638052753677 10050.14741783272 97.9311616157005
  endloop
endfacet
facet normal -8.49836742094855e-15 -1.0 -1.036825916704824e-08
  outer loop
    vertex 9366.756965652417 10050.147417750813 105.8311609453823
    vertex 9363.638052753677 10050.14741783272 97.9311616157005
    vertex 9363.828755100794 10050.147417830145 98.17968975312448
  endloop
endfacet
facet normal -8.49836742094855e-15 -1.0 -1.036825916704824e-08
  outer loop
    vertex 9366.756965652417 10050.147417750813 105.8311609453823
    vertex 9363.828755100794 10050.147417830145 98.17968975312448
    vertex 9364.077283238217 10050.147417828168 98.37039210024176
  endloop
endfacet
facet normal -8.49836742094855e-15 -1.0 -1.036825916704824e-08
  outer loop
    vertex 9366.756965652417 10050.147417750813 105.8311609453823
    vertex 9364.077283238217 10050.147417828168 98.37039210024176
    vertex 9364.366700384095 10050.147417826924 98.49027260724789
  endloop
endfacet
facet normal -8.49836742094855e-15 -1.0 -1.036825916704824e-08
  outer loop
    vertex 9366.756965652417 10050.147417750813 105.8311609453823
    vertex 9364.366700384095 10050.147417826924 98.49027260724789
    vertex 9364.677283238218 10050.147417826502 98.53116161570037
  endloop
endfacet
facet normal -8.49836742094855e-15 -1.0 -1.036825916704824e-08
  outer loop
    vertex 9363.477283238217 10050.147417838944 97.33116161570064
    vertex 9362.597600765677 10050.147417925 89.03116098175457
    vertex 9363.51817224667 10050.147417842163 97.02057876157724
  endloop
endfacet
facet normal -8.49836742094855e-15 -1.0 -1.036825916704824e-08
  outer loop
    vertex 9363.51817224667 10050.147417842163 97.02057876157724
    vertex 9362.597600765677 10050.147417925 89.03116098175457
    vertex 9363.638052753677 10050.147417845164 96.73116161570078
  endloop
endfacet
facet normal -8.49836742094855e-15 -1.0 -1.036825916704824e-08
  outer loop
    vertex 9363.638052753677 10050.147417845164 96.73116161570078
    vertex 9362.597600765677 10050.147417925 89.03116098175457
    vertex 9363.828755100794 10050.14741784774 96.4826334782768
  endloop
endfacet
facet normal -8.49836742094855e-15 -1.0 -1.036825916704824e-08
  outer loop
    vertex 9363.828755100794 10050.14741784774 96.4826334782768
    vertex 9362.597600765677 10050.147417925 89.03116098175457
    vertex 9364.077283238217 10050.147417849717 96.29193113115952
  endloop
endfacet
facet normal -8.49836742094855e-15 -1.0 -1.036825916704824e-08
  outer loop
    vertex 9364.077283238217 10050.147417849717 96.29193113115952
    vertex 9362.597600765677 10050.147417925 89.03116098175457
    vertex 9364.366700384095 10050.147417850962 96.1720506241534
  endloop
endfacet
facet normal -8.49836742094855e-15 -1.0 -1.036825916704824e-08
  outer loop
    vertex 9364.366700384095 10050.147417850962 96.1720506241534
    vertex 9362.597600765677 10050.147417925 89.03116098175457
    vertex 9364.677283238218 10050.147417851384 96.13116161570092
  endloop
endfacet
facet normal -8.49836742094855e-15 -1.0 -1.036825916704824e-08
  outer loop
    vertex 9366.756965652417 10050.147417750813 105.8311609453823
    vertex 9365.877283238216 10050.147417838944 97.33116161570064
    vertex 9366.756965538052 10050.147417924998 89.0311609741182
  endloop
endfacet
facet normal -8.49836742094855e-15 -1.0 -1.036825916704824e-08
  outer loop
    vertex 9365.877283238216 10050.147417838944 97.33116161570064
    vertex 9366.756965652417 10050.147417750813 105.8311609453823
    vertex 9365.836394229764 10050.147417835724 97.64174446982405
  endloop
endfacet
facet normal -8.49836742094855e-15 -1.0 -1.036825916704824e-08
  outer loop
    vertex 9365.836394229764 10050.147417835724 97.64174446982405
    vertex 9366.756965652417 10050.147417750813 105.8311609453823
    vertex 9365.716513722758 10050.14741783272 97.9311616157005
  endloop
endfacet
facet normal -8.49836742094855e-15 -1.0 -1.036825916704824e-08
  outer loop
    vertex 9365.716513722758 10050.14741783272 97.9311616157005
    vertex 9366.756965652417 10050.147417750813 105.8311609453823
    vertex 9365.52581137564 10050.147417830145 98.17968975312448
  endloop
endfacet
facet normal -8.49836742094855e-15 -1.0 -1.036825916704824e-08
  outer loop
    vertex 9365.52581137564 10050.147417830145 98.17968975312448
    vertex 9366.756965652417 10050.147417750813 105.8311609453823
    vertex 9365.277283238218 10050.147417828168 98.37039210024176
  endloop
endfacet
facet normal -8.49836742094855e-15 -1.0 -1.036825916704824e-08
  outer loop
    vertex 9365.277283238218 10050.147417828168 98.37039210024176
    vertex 9366.756965652417 10050.147417750813 105.8311609453823
    vertex 9364.98786609234 10050.147417826924 98.49027260724789
  endloop
endfacet
facet normal -8.49836742094855e-15 -1.0 -1.036825916704824e-08
  outer loop
    vertex 9364.98786609234 10050.147417826924 98.49027260724789
    vertex 9366.756965652417 10050.147417750813 105.8311609453823
    vertex 9364.677283238218 10050.147417826502 98.53116161570037
  endloop
endfacet
facet normal -8.49836742094855e-15 -1.0 -1.036825916704824e-08
  outer loop
    vertex 9366.756965538052 10050.147417924998 89.0311609741182
    vertex 9365.877283238216 10050.147417838944 97.33116161570064
    vertex 9365.836394229764 10050.147417842163 97.02057876157724
  endloop
endfacet
facet normal -8.49836742094855e-15 -1.0 -1.036825916704824e-08
  outer loop
    vertex 9366.756965538052 10050.147417924998 89.0311609741182
    vertex 9365.836394229764 10050.147417842163 97.02057876157724
    vertex 9365.716513722758 10050.147417845164 96.73116161570078
  endloop
endfacet
facet normal -8.49836742094855e-15 -1.0 -1.036825916704824e-08
  outer loop
    vertex 9366.756965538052 10050.147417924998 89.0311609741182
    vertex 9365.716513722758 10050.147417845164 96.73116161570078
    vertex 9365.52581137564 10050.14741784774 96.4826334782768
  endloop
endfacet
facet normal -8.49836742094855e-15 -1.0 -1.036825916704824e-08
  outer loop
    vertex 9366.756965538052 10050.147417924998 89.0311609741182
    vertex 9365.52581137564 10050.14741784774 96.4826334782768
    vertex 9365.277283238218 10050.147417849717 96.29193113115952
  endloop
endfacet
facet normal -8.49836742094855e-15 -1.0 -1.036825916704824e-08
  outer loop
    vertex 9366.756965538052 10050.147417924998 89.0311609741182
    vertex 9365.277283238218 10050.147417849717 96.29193113115952
    vertex 9364.98786609234 10050.147417850962 96.1720506241534
  endloop
endfacet
facet normal -8.49836742094855e-15 -1.0 -1.036825916704824e-08
  outer loop
    vertex 9366.756965538052 10050.147417924998 89.0311609741182
    vertex 9364.98786609234 10050.147417850962 96.1720506241534
    vertex 9364.677283238218 10050.147417851384 96.13116161570092
  endloop
endfacet
facet normal -8.49836742094855e-15 -1.0 -1.036825916704824e-08
  outer loop
    vertex 9366.756965538052 10050.147417924998 89.0311609741182
    vertex 9364.677283238218 10050.147417851384 96.13116161570092
    vertex 9362.597600765677 10050.147417925 89.03116098175457
  endloop
endfacet
facet normal 0.9238795325111806 0.3826834323653462 -1.788389272173763e-09
  outer loop
    vertex 9369.977621542464 10112.139281522439 89.0311615184968
    vertex 9369.560037876474 10113.147417750813 105.83116153091426
    vertex 9369.977621642542 10112.139281359341 105.83116151801363
  endloop
endfacet
facet normal 0.9238795325111806 0.3826834323653462 -1.788389272173763e-09
  outer loop
    vertex 9369.560037876474 10113.147417750813 105.83116153091426
    vertex 9369.977621542464 10112.139281522439 89.0311615184968
    vertex 9369.560037776399 10113.147417913904 89.03116153139598
  endloop
endfacet
facet normal 0.7933533402915806 0.6087614290082707 1.1839963837050165e-09
  outer loop
    vertex 9370.641901384924 10111.273575177076 89.0311615051385
    vertex 9369.977621642542 10112.139281359341 105.83116151801363
    vertex 9370.641901485002 10111.27357501398 105.83116150465823
  endloop
endfacet
facet normal 0.7933533402915806 0.6087614290082707 1.1839963837050165e-09
  outer loop
    vertex 9369.977621642542 10112.139281359341 105.83116151801363
    vertex 9370.641901384924 10111.273575177076 89.0311615051385
    vertex 9369.977621542464 10112.139281522439 89.0311615184968
  endloop
endfacet
facet normal 0.6087614290086635 0.793353340291279 4.075621437204812e-09
  outer loop
    vertex 9371.507607830361 10110.609295171522 105.83116149175761
    vertex 9370.641901384924 10111.273575177076 89.0311615051385
    vertex 9370.641901485002 10111.27357501398 105.83116150465823
  endloop
endfacet
facet normal 0.6087614290086635 0.793353340291279 4.075621437204812e-09
  outer loop
    vertex 9370.641901384924 10111.273575177076 89.0311615051385
    vertex 9371.507607830361 10110.609295171522 105.83116149175761
    vertex 9371.507607730284 10110.609295334618 89.0311614922379
  endloop
endfacet
facet normal 0.38268343236461044 0.9238795325114854 6.689509923768391e-09
  outer loop
    vertex 9372.515744221833 10110.191711405454 105.83116148019113
    vertex 9371.507607730284 10110.609295334618 89.0311614922379
    vertex 9371.507607830361 10110.609295171522 105.83116149175761
  endloop
endfacet
facet normal 0.38268343236461044 0.9238795325114854 6.689509923768391e-09
  outer loop
    vertex 9371.507607730284 10110.609295334618 89.0311614922379
    vertex 9372.515744221833 10110.191711405454 105.83116148019113
    vertex 9372.515744121754 10110.191711568548 89.03116148067285
  endloop
endfacet
facet normal 0.13052619222060594 0.9914448613737376 8.847555206063252e-09
  outer loop
    vertex 9373.597607830361 10110.049281359341 105.83116147074706
    vertex 9372.515744121754 10110.191711568548 89.03116148067285
    vertex 9372.515744221833 10110.191711405454 105.83116148019113
  endloop
endfacet
facet normal 0.13052619222060594 0.9914448613737376 8.847555206063252e-09
  outer loop
    vertex 9372.515744121754 10110.191711568548 89.03116148067285
    vertex 9373.597607830361 10110.049281359341 105.83116147074706
    vertex 9373.597607730277 10110.049281522439 89.0311614712288
  endloop
endfacet
facet normal -0.13052619211192149 0.991444861388046 1.039716731081565e-08
  outer loop
    vertex 9374.679471438889 10110.191711405454 105.83116146406941
    vertex 9373.597607730277 10110.049281522439 89.0311614712288
    vertex 9373.597607830361 10110.049281359341 105.83116147074706
  endloop
endfacet
facet normal -0.13052619211192149 0.991444861388046 1.039716731081565e-08
  outer loop
    vertex 9373.597607730277 10110.049281522439 89.0311614712288
    vertex 9374.679471438889 10110.191711405454 105.83116146406941
    vertex 9374.679471352523 10110.19171155107 90.83116149078354
  endloop
endfacet
facet normal -0.13052619211192149 0.991444861388046 1.039716731081565e-08
  outer loop
    vertex 9373.597607730277 10110.049281522439 89.0311614712288
    vertex 9374.679471352523 10110.19171155107 90.83116149078354
    vertex 9374.679471339112 10110.19171156859 89.03116146455113
  endloop
endfacet
facet normal -0.38268343236505686 0.9238795325113004 1.1172282419024366e-08
  outer loop
    vertex 9375.687607830361 10110.609295171522 105.83116146061292
    vertex 9374.679471352523 10110.19171155107 90.83116149078354
    vertex 9374.679471438889 10110.191711405454 105.83116146406941
  endloop
endfacet
facet normal -0.38268343236505686 0.9238795325113004 1.1172282419024366e-08
  outer loop
    vertex 9374.679471352523 10110.19171155107 90.83116149078354
    vertex 9375.687607830361 10110.609295171522 105.83116146061292
    vertex 9375.687607743996 10110.60929531714 90.83116148732705
  endloop
endfacet
facet normal -0.6087614290086969 0.7933533402912536 1.120685944445804e-08
  outer loop
    vertex 9376.553314089355 10111.2735751596 90.8311614873271
    vertex 9375.687607830361 10110.609295171522 105.83116146061292
    vertex 9376.55331417572 10111.27357501398 105.83116146061296
  endloop
endfacet
facet normal -0.6087614290086969 0.7933533402912536 1.120685944445804e-08
  outer loop
    vertex 9375.687607830361 10110.609295171522 105.83116146061292
    vertex 9376.553314089355 10111.2735751596 90.8311614873271
    vertex 9375.687607743996 10110.60929531714 90.83116148732705
  endloop
endfacet
facet normal -0.7933533402912936 0.6087614290086446 1.0477707520864525e-08
  outer loop
    vertex 9377.217594018179 10112.139281359341 105.83116146406952
    vertex 9376.553314089355 10111.2735751596 90.8311614873271
    vertex 9376.55331417572 10111.27357501398 105.83116146061296
  endloop
endfacet
facet normal -0.7933533402912936 0.6087614290086446 1.0477707520864525e-08
  outer loop
    vertex 9376.553314089355 10111.2735751596 90.8311614873271
    vertex 9377.217594018179 10112.139281359341 105.83116146406952
    vertex 9377.217593931813 10112.139281504958 90.83116149078366
  endloop
endfacet
facet normal -0.9238795325112661 0.3826834323651399 9.034517144825684e-09
  outer loop
    vertex 9377.63517778425 10113.147417750813 105.83116147074726
    vertex 9377.217593931813 10112.139281504958 90.83116149078366
    vertex 9377.217594018179 10112.139281359341 105.83116146406952
  endloop
endfacet
facet normal -0.9238795325112661 0.3826834323651399 9.034517144825684e-09
  outer loop
    vertex 9377.217593931813 10112.139281504958 90.83116149078366
    vertex 9377.63517778425 10113.147417750813 105.83116147074726
    vertex 9377.635177697883 10113.14741789643 90.8311614974614
  endloop
endfacet
facet normal -0.9914448613738093 0.13052619222006126 6.975642335196452e-09
  outer loop
    vertex 9377.777607830361 10114.229281359341 105.83116148019138
    vertex 9377.635177697883 10113.14741789643 90.8311614974614
    vertex 9377.63517778425 10113.147417750813 105.83116147074726
  endloop
endfacet
facet normal -0.9914448613738093 0.13052619222006126 6.975642335196452e-09
  outer loop
    vertex 9377.635177697883 10113.14741789643 90.8311614974614
    vertex 9377.777607830361 10114.229281359341 105.83116148019138
    vertex 9377.777607743994 10114.229281504957 90.83116150690552
  endloop
endfacet
facet normal -0.9914448613738128 -0.1305261922200336 4.44138625100909e-09
  outer loop
    vertex 9377.63517778425 10115.311144967869 105.83116149175791
    vertex 9377.777607743994 10114.229281504957 90.83116150690552
    vertex 9377.777607830361 10114.229281359341 105.83116148019138
  endloop
endfacet
facet normal -0.9914448613738128 -0.1305261922200336 4.44138625100909e-09
  outer loop
    vertex 9377.777607743994 10114.229281504957 90.83116150690552
    vertex 9377.63517778425 10115.311144967869 105.83116149175791
    vertex 9377.635177697883 10115.311145113486 90.83116151847206
  endloop
endfacet
facet normal -0.9238795325112918 -0.38268343236507774 1.6044542547903813e-09
  outer loop
    vertex 9377.217594018179 10116.319281359341 105.83116150465854
    vertex 9377.635177697883 10115.311145113486 90.83116151847206
    vertex 9377.63517778425 10115.311144967869 105.83116149175791
  endloop
endfacet
facet normal -0.9238795325112918 -0.38268343236507774 1.6044542547903813e-09
  outer loop
    vertex 9377.635177697883 10115.311145113486 90.83116151847206
    vertex 9377.217594018179 10116.319281359341 105.83116150465854
    vertex 9377.217593931815 10116.319281504959 90.83116153137267
  endloop
endfacet
facet normal -0.7933533402912382 -0.608761429008717 -1.3418180522533205e-09
  outer loop
    vertex 9376.55331417572 10117.1849877047 105.83116151801397
    vertex 9377.217593931815 10116.319281504959 90.83116153137267
    vertex 9377.217594018179 10116.319281359341 105.83116150465854
  endloop
endfacet
facet normal -0.7933533402912382 -0.608761429008717 -1.3418180522533205e-09
  outer loop
    vertex 9377.217593931815 10116.319281504959 90.83116153137267
    vertex 9376.55331417572 10117.1849877047 105.83116151801397
    vertex 9376.553314089355 10117.184987850318 90.83116154472809
  endloop
endfacet
facet normal -0.6087614290087826 -0.7933533402911875 -4.196643068088931e-09
  outer loop
    vertex 9375.687607743996 10117.849267692778 90.83116155762869
    vertex 9376.55331417572 10117.1849877047 105.83116151801397
    vertex 9375.687607830361 10117.84926754716 105.83116153091457
  endloop
endfacet
facet normal -0.6087614290087826 -0.7933533402911875 -4.196643068088931e-09
  outer loop
    vertex 9376.55331417572 10117.1849877047 105.83116151801397
    vertex 9375.687607743996 10117.849267692778 90.83116155762869
    vertex 9376.553314089355 10117.184987850318 90.83116154472809
  endloop
endfacet
facet normal -0.3826834323650194 -0.9238795325113158 -6.76547617618708e-09
  outer loop
    vertex 9374.679471352523 10118.266851458846 90.83116156919519
    vertex 9375.687607830361 10117.84926754716 105.83116153091457
    vertex 9374.679471438889 10118.26685131323 105.83116154248106
  endloop
endfacet
facet normal -0.3826834323650194 -0.9238795325113158 -6.76547617618708e-09
  outer loop
    vertex 9375.687607830361 10117.84926754716 105.83116153091457
    vertex 9374.679471352523 10118.266851458846 90.83116156919519
    vertex 9375.687607743996 10117.849267692778 90.83116155762869
  endloop
endfacet
facet normal -0.13052619211392327 -0.9914448613877825 -8.852956723973745e-09
  outer loop
    vertex 9373.597607730282 10118.409281522436 89.03116155240683
    vertex 9374.679471438889 10118.26685131323 105.83116154248106
    vertex 9373.597607830361 10118.409281359342 105.8311615519251
  endloop
endfacet
facet normal -0.13052619211392327 -0.9914448613877825 -8.852956723973745e-09
  outer loop
    vertex 9374.679471438889 10118.26685131323 105.83116154248106
    vertex 9373.597607730282 10118.409281522436 89.03116155240683
    vertex 9374.679471352523 10118.266851458846 90.83116156919519
  endloop
endfacet
facet normal -0.13052619211392327 -0.9914448613877825 -8.852956723973745e-09
  outer loop
    vertex 9374.679471352523 10118.266851458846 90.83116156919519
    vertex 9373.597607730282 10118.409281522436 89.03116155240683
    vertex 9374.679471339112 10118.266851476286 89.03116154296278
  endloop
endfacet
facet normal 0.13052619221994063 -0.9914448613738249 -1.0402616579685196e-08
  outer loop
    vertex 9372.51574412176 10118.266851476326 89.03116155908451
    vertex 9373.597607830361 10118.409281359342 105.8311615519251
    vertex 9372.515744221833 10118.26685131323 105.83116155860279
  endloop
endfacet
facet normal 0.13052619221994063 -0.9914448613738249 -1.0402616579685196e-08
  outer loop
    vertex 9373.597607830361 10118.409281359342 105.8311615519251
    vertex 9372.51574412176 10118.266851476326 89.03116155908451
    vertex 9373.597607730282 10118.409281522436 89.03116155240683
  endloop
endfacet
facet normal 0.38268343236548114 -0.9238795325111246 -1.1248688119310422e-08
  outer loop
    vertex 9371.507607730282 10117.849267710253 89.03116156254242
    vertex 9372.515744221833 10118.26685131323 105.83116155860279
    vertex 9371.507607830361 10117.84926754716 105.83116156205926
  endloop
endfacet
facet normal 0.38268343236548114 -0.9238795325111246 -1.1248688119310422e-08
  outer loop
    vertex 9372.515744221833 10118.26685131323 105.83116155860279
    vertex 9371.507607730282 10117.849267710253 89.03116156254242
    vertex 9372.51574412176 10118.266851476326 89.03116155908451
  endloop
endfacet
facet normal 0.6087614290085636 -0.7933533402913556 -1.1328331719686252e-08
  outer loop
    vertex 9370.641901384924 10117.184987867799 89.03116156254094
    vertex 9371.507607830361 10117.84926754716 105.83116156205926
    vertex 9370.641901485002 10117.1849877047 105.83116156205922
  endloop
endfacet
facet normal 0.6087614290085636 -0.7933533402913556 -1.1328331719686252e-08
  outer loop
    vertex 9371.507607830361 10117.84926754716 105.83116156205926
    vertex 9370.641901384924 10117.184987867799 89.03116156254094
    vertex 9371.507607730282 10117.849267710253 89.03116156254242
  endloop
endfacet
facet normal 0.7933533402910573 -0.6087614290089525 -1.0635927262754904e-08
  outer loop
    vertex 9369.977621542464 10116.319281522437 89.03116155908293
    vertex 9370.641901485002 10117.1849877047 105.83116156205922
    vertex 9369.977621642542 10116.319281359341 105.83116155860264
  endloop
endfacet
facet normal 0.7933533402910573 -0.6087614290089525 -1.0635927262754904e-08
  outer loop
    vertex 9370.641901485002 10117.1849877047 105.83116156205922
    vertex 9369.977621542464 10116.319281522437 89.03116155908293
    vertex 9370.641901384924 10117.184987867799 89.03116156254094
  endloop
endfacet
facet normal 0.92387953251139 -0.3826834323648408 -9.218664213030284e-09
  outer loop
    vertex 9369.560037776397 10115.311145130965 89.03116155240374
    vertex 9369.977621642542 10116.319281359341 105.83116155860264
    vertex 9369.560037876474 10115.311144967869 105.8311615519249
  endloop
endfacet
facet normal 0.92387953251139 -0.3826834323648408 -9.218664213030284e-09
  outer loop
    vertex 9369.977621642542 10116.319281359341 105.83116155860264
    vertex 9369.560037776397 10115.311145130965 89.03116155240374
    vertex 9369.977621542464 10116.319281522437 89.03116155908293
  endloop
endfacet
facet normal -0.1305261922200535 0.9914448613738103 6.347348054001595e-09
  outer loop
    vertex 9372.597607830361 10121.409281359342 105.83116158619733
    vertex 9370.739287031187 10121.164628892366 89.03116162978291
    vertex 9370.739287086526 10121.164628792098 105.83116159766703
  endloop
endfacet
facet normal -0.1305261922200535 0.9914448613738103 6.347348054001595e-09
  outer loop
    vertex 9370.739287031187 10121.164628892366 89.03116162978291
    vertex 9372.597607830361 10121.409281359342 105.83116158619733
    vertex 9372.597607776537 10121.40928145981 89.03116161831176
  endloop
endfacet
facet normal -0.7933533402910593 0.6087614290089498 6.246712917232257e-09
  outer loop
    vertex 9367.520581141442 10119.30630804826 105.83116160360537
    vertex 9366.756965597078 10118.311145068139 89.031161631755
    vertex 9366.756965652417 10118.31114496787 105.83116159963912
  endloop
endfacet
facet normal -0.7933533402910593 0.6087614290089498 6.246712917232257e-09
  outer loop
    vertex 9366.756965597078 10118.311145068139 89.031161631755
    vertex 9367.520581141442 10119.30630804826 105.83116160360537
    vertex 9367.520581086099 10119.306308148527 89.0311616357198
  endloop
endfacet
facet normal -0.6087614290089106 0.7933533402910896 6.740343274603803e-09
  outer loop
    vertex 9369.00760777502 10120.447343858781 89.03116163571987
    vertex 9367.520581141442 10119.30630804826 105.83116160360537
    vertex 9369.007607830361 10120.447343758513 105.83116160360542
  endloop
endfacet
facet normal -0.6087614290089106 0.7933533402910896 6.740343274603803e-09
  outer loop
    vertex 9367.520581141442 10119.30630804826 105.83116160360537
    vertex 9369.00760777502 10120.447343858781 89.03116163571987
    vertex 9367.520581086099 10119.306308148527 89.0311616357198
  endloop
endfacet
facet normal -0.38268343236512464 0.9238795325112723 6.7746601306433e-09
  outer loop
    vertex 9370.739287086526 10121.164628792098 105.83116159766703
    vertex 9369.00760777502 10120.447343858781 89.03116163571987
    vertex 9369.007607830361 10120.447343758513 105.83116160360542
  endloop
endfacet
facet normal -0.38268343236512464 0.9238795325112723 6.7746601306433e-09
  outer loop
    vertex 9369.00760777502 10120.447343858781 89.03116163571987
    vertex 9370.739287086526 10121.164628792098 105.83116159766703
    vertex 9370.739287031187 10121.164628892366 89.03116162978291
  endloop
endfacet
facet normal -0.3826834323651496 -5.514162011305653e-09 0.9238795325112621
  outer loop
    vertex 9364.98786609234 10118.31114502552 96.17205062415778
    vertex 9365.277283238218 10115.311145088379 96.29193111325885
    vertex 9365.277283238218 10118.311145024803 96.29193113116389
  endloop
endfacet
facet normal -0.3826834323651496 -5.514162011305653e-09 0.9238795325112621
  outer loop
    vertex 9365.277283238218 10115.311145088379 96.29193111325885
    vertex 9364.98786609234 10118.31114502552 96.17205062415778
    vertex 9364.98786609234 10115.311145089094 96.17205060625417
  endloop
endfacet
facet normal -0.1305261922200474 -5.917427102907176e-09 0.9914448613738109
  outer loop
    vertex 9364.677283238218 10118.311145025764 96.1311616157053
    vertex 9364.98786609234 10115.311145089094 96.17205060625417
    vertex 9364.98786609234 10118.31114502552 96.17205062415778
  endloop
endfacet
facet normal -0.1305261922200474 -5.917427102907176e-09 0.9914448613738109
  outer loop
    vertex 9364.98786609234 10115.311145089094 96.17205060625417
    vertex 9364.677283238218 10118.311145025764 96.1311616157053
    vertex 9364.677283238218 10115.311145089338 96.13116159780026
  endloop
endfacet
facet normal 0.1305261922200474 -5.917429316456078e-09 0.9914448613738109
  outer loop
    vertex 9364.366700384095 10118.31114502552 96.17205062415778
    vertex 9364.677283238218 10115.311145089338 96.13116159780026
    vertex 9364.677283238218 10118.311145025764 96.1311616157053
  endloop
endfacet
facet normal 0.1305261922200474 -5.917429316456078e-09 0.9914448613738109
  outer loop
    vertex 9364.677283238218 10115.311145089338 96.13116159780026
    vertex 9364.366700384095 10118.31114502552 96.17205062415778
    vertex 9364.366700384095 10115.311145089094 96.17205060625417
  endloop
endfacet
facet normal 0.38268343236514957 -5.514168501102659e-09 0.9238795325112621
  outer loop
    vertex 9364.077283238217 10118.311145024803 96.29193113116389
    vertex 9364.366700384095 10115.311145089094 96.17205060625417
    vertex 9364.366700384095 10118.31114502552 96.17205062415778
  endloop
endfacet
facet normal 0.38268343236514957 -5.514168501102659e-09 0.9238795325112621
  outer loop
    vertex 9364.366700384095 10115.311145089094 96.17205060625417
    vertex 9364.077283238217 10118.311145024803 96.29193113116389
    vertex 9364.077283238217 10115.311145088379 96.29193111325885
  endloop
endfacet
facet normal 0.6087614290086923 -4.735126214993821e-09 0.793353340291257
  outer loop
    vertex 9364.077283238217 10118.311145024803 96.29193113116389
    vertex 9363.828755100794 10115.31114508724 96.48263346037614
    vertex 9364.077283238217 10115.311145088379 96.29193111325885
  endloop
endfacet
facet normal 0.6087614290086923 -4.735126214993821e-09 0.793353340291257
  outer loop
    vertex 9363.828755100794 10115.31114508724 96.48263346037614
    vertex 9364.077283238217 10118.311145024803 96.29193113116389
    vertex 9363.828755100794 10118.311145023665 96.48263347828117
  endloop
endfacet
facet normal 0.7933533402912838 -3.6333929024984297e-09 0.6087614290086574
  outer loop
    vertex 9363.828755100794 10115.31114508724 96.48263346037614
    vertex 9363.638052753677 10118.31114502218 96.73116161570516
    vertex 9363.638052753677 10115.311145085756 96.73116159780011
  endloop
endfacet
facet normal 0.7933533402912838 -3.6333929024984297e-09 0.6087614290086574
  outer loop
    vertex 9363.638052753677 10118.31114502218 96.73116161570516
    vertex 9363.828755100794 10115.31114508724 96.48263346037614
    vertex 9363.828755100794 10118.311145023665 96.48263347828117
  endloop
endfacet
facet normal 0.923879532511256 -2.284049868164753e-09 0.38268343236516433
  outer loop
    vertex 9363.638052753677 10115.311145085756 96.73116159780011
    vertex 9363.518172246671 10118.311145020454 97.02057876158162
    vertex 9363.518172246671 10115.31114508403 97.02057874367802
  endloop
endfacet
facet normal 0.923879532511256 -2.284049868164753e-09 0.38268343236516433
  outer loop
    vertex 9363.518172246671 10118.311145020454 97.02057876158162
    vertex 9363.638052753677 10115.311145085756 96.73116159780011
    vertex 9363.638052753677 10118.31114502218 96.73116161570516
  endloop
endfacet
facet normal 0.9914448613738123 -7.790526098852022e-10 0.13052619222003806
  outer loop
    vertex 9363.518172246671 10115.31114508403 97.02057874367802
    vertex 9363.477283238217 10118.3111450186 97.33116161570501
    vertex 9363.477283238217 10115.311145082176 97.33116159779998
  endloop
endfacet
facet normal 0.9914448613738123 -7.790526098852022e-10 0.13052619222003806
  outer loop
    vertex 9363.477283238217 10118.3111450186 97.33116161570501
    vertex 9363.518172246671 10115.31114508403 97.02057874367802
    vertex 9363.518172246671 10118.311145020454 97.02057876158162
  endloop
endfacet
facet normal 0.9914448613738123 7.790357963120325e-10 -0.13052619222003806
  outer loop
    vertex 9363.477283238217 10115.311145082176 97.33116159779998
    vertex 9363.518172246671 10118.311145016747 97.64174446982842
    vertex 9363.518172246671 10115.311145080323 97.64174445192339
  endloop
endfacet
facet normal 0.9914448613738123 7.790357963120325e-10 -0.13052619222003806
  outer loop
    vertex 9363.518172246671 10118.311145016747 97.64174446982842
    vertex 9363.477283238217 10115.311145082176 97.33116159779998
    vertex 9363.477283238217 10118.3111450186 97.33116161570501
  endloop
endfacet
facet normal 0.9238795325112982 2.2840342004082005e-09 -0.38268343236506247
  outer loop
    vertex 9363.518172246671 10115.311145080323 97.64174445192339
    vertex 9363.638052753677 10118.311145015019 97.93116161570488
    vertex 9363.638052753677 10115.311145078595 97.93116159779984
  endloop
endfacet
facet normal 0.9238795325112982 2.2840342004082005e-09 -0.38268343236506247
  outer loop
    vertex 9363.638052753677 10118.311145015019 97.93116161570488
    vertex 9363.518172246671 10115.311145080323 97.64174445192339
    vertex 9363.518172246671 10118.311145016747 97.64174446982842
  endloop
endfacet
facet normal 0.793353340291177 3.6333794482922177e-09 -0.6087614290087964
  outer loop
    vertex 9363.638052753677 10115.311145078595 97.93116159779984
    vertex 9363.828755100794 10118.311145013535 98.17968975312886
    vertex 9363.828755100794 10115.31114507711 98.17968973522382
  endloop
endfacet
facet normal 0.793353340291177 3.6333794482922177e-09 -0.6087614290087964
  outer loop
    vertex 9363.828755100794 10118.311145013535 98.17968975312886
    vertex 9363.638052753677 10115.311145078595 97.93116159779984
    vertex 9363.638052753677 10118.311145015019 97.93116161570488
  endloop
endfacet
facet normal 0.6087614290086922 4.735115891217655e-09 -0.793353340291257
  outer loop
    vertex 9363.828755100794 10115.31114507711 98.17968973522382
    vertex 9364.077283238217 10118.311145012398 98.37039210024614
    vertex 9364.077283238217 10115.311145075973 98.3703920823411
  endloop
endfacet
facet normal 0.6087614290086922 4.735115891217655e-09 -0.793353340291257
  outer loop
    vertex 9364.077283238217 10118.311145012398 98.37039210024614
    vertex 9363.828755100794 10115.31114507711 98.17968973522382
    vertex 9363.828755100794 10118.311145013535 98.17968975312886
  endloop
endfacet
facet normal 0.3826834323651496 5.514162011305653e-09 -0.9238795325112621
  outer loop
    vertex 9364.077283238217 10115.311145075973 98.3703920823411
    vertex 9364.366700384095 10118.311145011683 98.49027260725227
    vertex 9364.366700384095 10115.311145075257 98.49027258934723
  endloop
endfacet
facet normal 0.3826834323651496 5.514162011305653e-09 -0.9238795325112621
  outer loop
    vertex 9364.366700384095 10118.311145011683 98.49027260725227
    vertex 9364.077283238217 10115.311145075973 98.3703920823411
    vertex 9364.077283238217 10118.311145012398 98.37039210024614
  endloop
endfacet
facet normal 0.1305261922200474 5.917427102907176e-09 -0.9914448613738109
  outer loop
    vertex 9364.366700384095 10115.311145075257 98.49027258934723
    vertex 9364.677283238218 10118.31114501144 98.53116161570475
    vertex 9364.677283238218 10115.311145075015 98.53116159780114
  endloop
endfacet
facet normal 0.1305261922200474 5.917427102907176e-09 -0.9914448613738109
  outer loop
    vertex 9364.677283238218 10118.31114501144 98.53116161570475
    vertex 9364.366700384095 10115.311145075257 98.49027258934723
    vertex 9364.366700384095 10118.311145011683 98.49027260725227
  endloop
endfacet
facet normal -0.1305261922200474 5.917429316456078e-09 -0.9914448613738109
  outer loop
    vertex 9364.677283238218 10115.311145075015 98.53116159780114
    vertex 9364.98786609234 10118.311145011683 98.49027260725227
    vertex 9364.98786609234 10115.311145075257 98.49027258934723
  endloop
endfacet
facet normal -0.1305261922200474 5.917429316456078e-09 -0.9914448613738109
  outer loop
    vertex 9364.98786609234 10118.311145011683 98.49027260725227
    vertex 9364.677283238218 10115.311145075015 98.53116159780114
    vertex 9364.677283238218 10118.31114501144 98.53116161570475
  endloop
endfacet
facet normal -0.38268343236514957 5.514168501102659e-09 -0.9238795325112621
  outer loop
    vertex 9364.98786609234 10115.311145075257 98.49027258934723
    vertex 9365.277283238218 10118.311145012398 98.37039210024614
    vertex 9365.277283238218 10115.311145075973 98.3703920823411
  endloop
endfacet
facet normal -0.38268343236514957 5.514168501102659e-09 -0.9238795325112621
  outer loop
    vertex 9365.277283238218 10118.311145012398 98.37039210024614
    vertex 9364.98786609234 10115.311145075257 98.49027258934723
    vertex 9364.98786609234 10118.311145011683 98.49027260725227
  endloop
endfacet
facet normal -0.6087614290086923 4.735126214993821e-09 -0.793353340291257
  outer loop
    vertex 9365.277283238218 10115.311145075973 98.3703920823411
    vertex 9365.52581137564 10118.311145013535 98.17968975312886
    vertex 9365.52581137564 10115.31114507711 98.17968973522382
  endloop
endfacet
facet normal -0.6087614290086923 4.735126214993821e-09 -0.793353340291257
  outer loop
    vertex 9365.52581137564 10118.311145013535 98.17968975312886
    vertex 9365.277283238218 10115.311145075973 98.3703920823411
    vertex 9365.277283238218 10118.311145012398 98.37039210024614
  endloop
endfacet
facet normal -0.7933533402912838 3.6333929024984297e-09 -0.6087614290086574
  outer loop
    vertex 9365.52581137564 10118.311145013535 98.17968975312886
    vertex 9365.71651372276 10115.311145078595 97.93116159779984
    vertex 9365.52581137564 10115.31114507711 98.17968973522382
  endloop
endfacet
facet normal -0.7933533402912838 3.6333929024984297e-09 -0.6087614290086574
  outer loop
    vertex 9365.71651372276 10115.311145078595 97.93116159779984
    vertex 9365.52581137564 10118.311145013535 98.17968975312886
    vertex 9365.71651372276 10118.311145015019 97.93116161570488
  endloop
endfacet
facet normal -0.923879532511256 2.284049868164753e-09 -0.38268343236516433
  outer loop
    vertex 9365.71651372276 10118.311145015019 97.93116161570488
    vertex 9365.836394229764 10115.311145080323 97.64174445192339
    vertex 9365.71651372276 10115.311145078595 97.93116159779984
  endloop
endfacet
facet normal -0.923879532511256 2.284049868164753e-09 -0.38268343236516433
  outer loop
    vertex 9365.836394229764 10115.311145080323 97.64174445192339
    vertex 9365.71651372276 10118.311145015019 97.93116161570488
    vertex 9365.836394229764 10118.311145016747 97.64174446982842
  endloop
endfacet
facet normal -0.9914448613738123 7.790526098852022e-10 -0.13052619222003806
  outer loop
    vertex 9365.836394229764 10118.311145016747 97.64174446982842
    vertex 9365.877283238218 10115.311145082176 97.33116159779998
    vertex 9365.836394229764 10115.311145080323 97.64174445192339
  endloop
endfacet
facet normal -0.9914448613738123 7.790526098852022e-10 -0.13052619222003806
  outer loop
    vertex 9365.877283238218 10115.311145082176 97.33116159779998
    vertex 9365.836394229764 10118.311145016747 97.64174446982842
    vertex 9365.877283238218 10118.3111450186 97.33116161570501
  endloop
endfacet
facet normal -0.9914448613738123 -7.790357963120325e-10 0.13052619222003806
  outer loop
    vertex 9365.877283238218 10118.3111450186 97.33116161570501
    vertex 9365.836394229764 10115.31114508403 97.02057874367802
    vertex 9365.877283238218 10115.311145082176 97.33116159779998
  endloop
endfacet
facet normal -0.9914448613738123 -7.790357963120325e-10 0.13052619222003806
  outer loop
    vertex 9365.836394229764 10115.31114508403 97.02057874367802
    vertex 9365.877283238218 10118.3111450186 97.33116161570501
    vertex 9365.836394229764 10118.311145020454 97.02057876158162
  endloop
endfacet
facet normal -0.9238795325112982 -2.2840342004082005e-09 0.38268343236506247
  outer loop
    vertex 9365.836394229764 10118.311145020454 97.02057876158162
    vertex 9365.71651372276 10115.311145085756 96.73116159780011
    vertex 9365.836394229764 10115.31114508403 97.02057874367802
  endloop
endfacet
facet normal -0.9238795325112982 -2.2840342004082005e-09 0.38268343236506247
  outer loop
    vertex 9365.71651372276 10115.311145085756 96.73116159780011
    vertex 9365.836394229764 10118.311145020454 97.02057876158162
    vertex 9365.71651372276 10118.31114502218 96.73116161570516
  endloop
endfacet
facet normal -0.793353340291177 -3.6333794482922177e-09 0.6087614290087964
  outer loop
    vertex 9365.71651372276 10118.31114502218 96.73116161570516
    vertex 9365.52581137564 10115.31114508724 96.48263346037614
    vertex 9365.71651372276 10115.311145085756 96.73116159780011
  endloop
endfacet
facet normal -0.793353340291177 -3.6333794482922177e-09 0.6087614290087964
  outer loop
    vertex 9365.52581137564 10115.31114508724 96.48263346037614
    vertex 9365.71651372276 10118.31114502218 96.73116161570516
    vertex 9365.52581137564 10118.311145023665 96.48263347828117
  endloop
endfacet
facet normal -0.6087614290086922 -4.735115891217655e-09 0.793353340291257
  outer loop
    vertex 9365.277283238218 10118.311145024803 96.29193113116389
    vertex 9365.52581137564 10115.31114508724 96.48263346037614
    vertex 9365.52581137564 10118.311145023665 96.48263347828117
  endloop
endfacet
facet normal -0.6087614290086922 -4.735115891217655e-09 0.793353340291257
  outer loop
    vertex 9365.52581137564 10115.31114508724 96.48263346037614
    vertex 9365.277283238218 10118.311145024803 96.29193113116389
    vertex 9365.277283238218 10115.311145088379 96.29193111325885
  endloop
endfacet
facet normal 8.479328350574927e-15 1.0 9.70817678221221e-09
  outer loop
    vertex 9364.91022037881 10105.147417824892 98.20049478169958
    vertex 9364.444346097625 10105.147417824892 98.20049478169958
    vertex 9364.677283238218 10105.147417824595 98.23116153803929
  endloop
endfacet
facet normal 8.479328350574927e-15 1.0 9.70817678221221e-09
  outer loop
    vertex 9364.444346097625 10105.147417824892 98.20049478169958
    vertex 9364.91022037881 10105.147417824892 98.20049478169958
    vertex 9365.127283238216 10105.147417825765 98.11058440144534
  endloop
endfacet
facet normal 8.479328350574927e-15 1.0 9.70817678221221e-09
  outer loop
    vertex 9364.444346097625 10105.147417824892 98.20049478169958
    vertex 9365.127283238216 10105.147417825765 98.11058440144534
    vertex 9364.227283238217 10105.147417825765 98.11058440144534
  endloop
endfacet
facet normal 8.479328350574927e-15 1.0 9.70817678221221e-09
  outer loop
    vertex 9364.227283238217 10105.147417825765 98.11058440144534
    vertex 9365.127283238216 10105.147417825765 98.11058440144534
    vertex 9365.313679341285 10105.147417827153 97.9675576411081
  endloop
endfacet
facet normal 8.479328350574927e-15 1.0 9.70817678221221e-09
  outer loop
    vertex 9364.227283238217 10105.147417825765 98.11058440144534
    vertex 9365.313679341285 10105.147417827153 97.9675576411081
    vertex 9364.04088713515 10105.147417827153 97.9675576411081
  endloop
endfacet
facet normal 8.479328350574927e-15 1.0 9.70817678221221e-09
  outer loop
    vertex 9364.04088713515 10105.147417827153 97.9675576411081
    vertex 9365.313679341285 10105.147417827153 97.9675576411081
    vertex 9365.456706101622 10105.147417828963 97.7811615380394
  endloop
endfacet
facet normal 8.479328350574927e-15 1.0 9.70817678221221e-09
  outer loop
    vertex 9364.04088713515 10105.147417827153 97.9675576411081
    vertex 9365.456706101622 10105.147417828963 97.7811615380394
    vertex 9363.897860374811 10105.147417828963 97.7811615380394
  endloop
endfacet
facet normal 8.479328350574927e-15 1.0 9.70817678221221e-09
  outer loop
    vertex 9363.897860374811 10105.147417828963 97.7811615380394
    vertex 9365.456706101622 10105.147417828963 97.7811615380394
    vertex 9365.546616481877 10105.147417831071 97.5640986786324
  endloop
endfacet
facet normal 8.479328350574927e-15 1.0 9.70817678221221e-09
  outer loop
    vertex 9363.897860374811 10105.147417828963 97.7811615380394
    vertex 9365.546616481877 10105.147417831071 97.5640986786324
    vertex 9363.807949994558 10105.147417831071 97.5640986786324
  endloop
endfacet
facet normal 8.479328350574927e-15 1.0 9.70817678221221e-09
  outer loop
    vertex 9363.807949994558 10105.147417831071 97.5640986786324
    vertex 9365.546616481877 10105.147417831071 97.5640986786324
    vertex 9365.577283238219 10105.147417833332 97.3311615380395
  endloop
endfacet
facet normal 8.479328350574927e-15 1.0 9.70817678221221e-09
  outer loop
    vertex 9363.807949994558 10105.147417831071 97.5640986786324
    vertex 9365.577283238219 10105.147417833332 97.3311615380395
    vertex 9363.777283238218 10105.147417833332 97.3311615380395
  endloop
endfacet
facet normal 8.479328350574927e-15 1.0 9.70817678221221e-09
  outer loop
    vertex 9363.777283238218 10105.147417833332 97.3311615380395
    vertex 9365.577283238219 10105.147417833332 97.3311615380395
    vertex 9365.546616481877 10105.147417835593 97.09822439744659
  endloop
endfacet
facet normal 8.479328350574927e-15 1.0 9.70817678221221e-09
  outer loop
    vertex 9363.777283238218 10105.147417833332 97.3311615380395
    vertex 9365.546616481877 10105.147417835593 97.09822439744659
    vertex 9363.807949994558 10105.147417835593 97.09822439744659
  endloop
endfacet
facet normal 8.479328350574927e-15 1.0 9.70817678221221e-09
  outer loop
    vertex 9363.807949994558 10105.147417835593 97.09822439744659
    vertex 9365.546616481877 10105.147417835593 97.09822439744659
    vertex 9365.456706101622 10105.1474178377 96.8811615380396
  endloop
endfacet
facet normal 8.479328350574927e-15 1.0 9.70817678221221e-09
  outer loop
    vertex 9363.807949994558 10105.147417835593 97.09822439744659
    vertex 9365.456706101622 10105.1474178377 96.8811615380396
    vertex 9363.897860374811 10105.1474178377 96.8811615380396
  endloop
endfacet
facet normal 8.479328350574927e-15 1.0 9.70817678221221e-09
  outer loop
    vertex 9363.897860374811 10105.1474178377 96.8811615380396
    vertex 9365.456706101622 10105.1474178377 96.8811615380396
    vertex 9365.313679341285 10105.14741783951 96.69476543497234
  endloop
endfacet
facet normal 8.479328350574927e-15 1.0 9.70817678221221e-09
  outer loop
    vertex 9363.897860374811 10105.1474178377 96.8811615380396
    vertex 9365.313679341285 10105.14741783951 96.69476543497234
    vertex 9364.04088713515 10105.14741783951 96.69476543497234
  endloop
endfacet
facet normal 8.479328350574927e-15 1.0 9.70817678221221e-09
  outer loop
    vertex 9364.04088713515 10105.14741783951 96.69476543497234
    vertex 9365.313679341285 10105.14741783951 96.69476543497234
    vertex 9365.127283238216 10105.147417840899 96.55173867463365
  endloop
endfacet
facet normal 8.479328350574927e-15 1.0 9.70817678221221e-09
  outer loop
    vertex 9364.04088713515 10105.14741783951 96.69476543497234
    vertex 9365.127283238216 10105.147417840899 96.55173867463365
    vertex 9364.227283238217 10105.147417840899 96.55173867463365
  endloop
endfacet
facet normal 8.479328350574927e-15 1.0 9.70817678221221e-09
  outer loop
    vertex 9364.227283238217 10105.147417840899 96.55173867463365
    vertex 9365.127283238216 10105.147417840899 96.55173867463365
    vertex 9364.91022037881 10105.14741784177 96.46182829437943
  endloop
endfacet
facet normal 8.479328350574927e-15 1.0 9.70817678221221e-09
  outer loop
    vertex 9364.227283238217 10105.147417840899 96.55173867463365
    vertex 9364.91022037881 10105.14741784177 96.46182829437943
    vertex 9364.444346097625 10105.14741784177 96.46182829437943
  endloop
endfacet
facet normal 8.479328350574927e-15 1.0 9.70817678221221e-09
  outer loop
    vertex 9364.444346097625 10105.14741784177 96.46182829437943
    vertex 9364.91022037881 10105.14741784177 96.46182829437943
    vertex 9364.677283238218 10105.147417842069 96.4311615380397
  endloop
endfacet
facet normal -0.9238795325112785 3.71516624690215e-09 -0.38268343236511
  outer loop
    vertex 9365.456706101624 10113.147417828963 97.78116161570458
    vertex 9365.546616481877 10105.147417831071 97.5640986786324
    vertex 9365.456706101622 10105.147417828963 97.7811615380394
  endloop
endfacet
facet normal -0.9238795325112785 3.71516624690215e-09 -0.38268343236511
  outer loop
    vertex 9365.546616481877 10105.147417831071 97.5640986786324
    vertex 9365.456706101624 10113.147417828963 97.78116161570458
    vertex 9365.546616481877 10113.14741783107 97.5640987562976
  endloop
endfacet
facet normal -0.9914448613738123 1.2671797555676626e-09 -0.13052619222003806
  outer loop
    vertex 9365.546616481877 10113.14741783107 97.5640987562976
    vertex 9365.577283238219 10105.147417833332 97.3311615380395
    vertex 9365.546616481877 10105.147417831071 97.5640986786324
  endloop
endfacet
facet normal -0.9914448613738123 1.2671797555676626e-09 -0.13052619222003806
  outer loop
    vertex 9365.577283238219 10105.147417833332 97.3311615380395
    vertex 9365.546616481877 10113.14741783107 97.5640987562976
    vertex 9365.577283238219 10113.14741783333 97.33116161570469
  endloop
endfacet
facet normal -0.9914448613738123 -1.2671629419946206e-09 0.13052619222003806
  outer loop
    vertex 9365.577283238219 10113.14741783333 97.33116161570469
    vertex 9365.546616481877 10105.147417835593 97.09822439744659
    vertex 9365.577283238219 10105.147417833332 97.3311615380395
  endloop
endfacet
facet normal -0.9914448613738123 -1.2671629419946206e-09 0.13052619222003806
  outer loop
    vertex 9365.546616481877 10105.147417835593 97.09822439744659
    vertex 9365.577283238219 10113.14741783333 97.33116161570469
    vertex 9365.546616481877 10113.147417835593 97.09822447511321
  endloop
endfacet
facet normal -0.9238795325112784 -3.7151505791463252e-09 0.3826834323651099
  outer loop
    vertex 9365.546616481877 10113.147417835593 97.09822447511321
    vertex 9365.456706101622 10105.1474178377 96.8811615380396
    vertex 9365.546616481877 10105.147417835593 97.09822439744659
  endloop
endfacet
facet normal -0.9238795325112784 -3.7151505791463252e-09 0.3826834323651099
  outer loop
    vertex 9365.456706101622 10105.1474178377 96.8811615380396
    vertex 9365.546616481877 10113.147417835593 97.09822447511321
    vertex 9365.456706101624 10113.1474178377 96.88116161570478
  endloop
endfacet
facet normal -0.7933533402912482 -5.909956843905157e-09 0.6087614290087037
  outer loop
    vertex 9365.456706101624 10113.1474178377 96.88116161570478
    vertex 9365.313679341285 10105.14741783951 96.69476543497234
    vertex 9365.456706101622 10105.1474178377 96.8811615380396
  endloop
endfacet
facet normal -0.7933533402912482 -5.909956843905157e-09 0.6087614290087037
  outer loop
    vertex 9365.313679341285 10105.14741783951 96.69476543497234
    vertex 9365.456706101624 10113.1474178377 96.88116161570478
    vertex 9365.313679341285 10113.147417839511 96.69476551263752
  endloop
endfacet
facet normal -0.608761429008583 -7.702009316418858e-09 0.793353340291341
  outer loop
    vertex 9365.127283238216 10113.147417840897 96.55173875229885
    vertex 9365.313679341285 10105.14741783951 96.69476543497234
    vertex 9365.313679341285 10113.147417839511 96.69476551263752
  endloop
endfacet
facet normal -0.608761429008583 -7.702009316418858e-09 0.793353340291341
  outer loop
    vertex 9365.313679341285 10105.14741783951 96.69476543497234
    vertex 9365.127283238216 10113.147417840897 96.55173875229885
    vertex 9365.127283238216 10105.147417840899 96.55173867463365
  endloop
endfacet
facet normal -0.3826834323653221 -8.969182582187737e-09 0.9238795325111907
  outer loop
    vertex 9364.91022037881 10113.147417841772 96.46182837204461
    vertex 9365.127283238216 10105.147417840899 96.55173867463365
    vertex 9365.127283238216 10113.147417840897 96.55173875229885
  endloop
endfacet
facet normal -0.3826834323653221 -8.969182582187737e-09 0.9238795325111907
  outer loop
    vertex 9365.127283238216 10105.147417840899 96.55173867463365
    vertex 9364.91022037881 10113.147417841772 96.46182837204461
    vertex 9364.91022037881 10105.14741784177 96.46182829437943
  endloop
endfacet
facet normal -0.13052619221995618 -9.625120877258511e-09 0.9914448613738229
  outer loop
    vertex 9364.677283238218 10113.147417842069 96.43116161570488
    vertex 9364.91022037881 10105.14741784177 96.46182829437943
    vertex 9364.91022037881 10113.147417841772 96.46182837204461
  endloop
endfacet
facet normal -0.13052619221995618 -9.625120877258511e-09 0.9914448613738229
  outer loop
    vertex 9364.91022037881 10105.14741784177 96.46182829437943
    vertex 9364.677283238218 10113.147417842069 96.43116161570488
    vertex 9364.677283238218 10105.147417842069 96.4311615380397
  endloop
endfacet
facet normal 0.13052619221995618 -9.625123090807396e-09 0.9914448613738229
  outer loop
    vertex 9364.444346097625 10113.147417841772 96.46182837204461
    vertex 9364.677283238218 10105.147417842069 96.4311615380397
    vertex 9364.677283238218 10113.147417842069 96.43116161570488
  endloop
endfacet
facet normal 0.13052619221995618 -9.625123090807396e-09 0.9914448613738229
  outer loop
    vertex 9364.677283238218 10105.147417842069 96.4311615380397
    vertex 9364.444346097625 10113.147417841772 96.46182837204461
    vertex 9364.444346097625 10105.14741784177 96.46182829437943
  endloop
endfacet
facet normal 0.38268343236532204 -8.969189071984693e-09 0.9238795325111907
  outer loop
    vertex 9364.227283238217 10113.147417840897 96.55173875229885
    vertex 9364.444346097625 10105.14741784177 96.46182829437943
    vertex 9364.444346097625 10113.147417841772 96.46182837204461
  endloop
endfacet
facet normal 0.38268343236532204 -8.969189071984693e-09 0.9238795325111907
  outer loop
    vertex 9364.444346097625 10105.14741784177 96.46182829437943
    vertex 9364.227283238217 10113.147417840897 96.55173875229885
    vertex 9364.227283238217 10105.147417840899 96.55173867463365
  endloop
endfacet
facet normal 0.608761429008583 -7.702019640194946e-09 0.793353340291341
  outer loop
    vertex 9364.04088713515 10113.147417839511 96.69476551263752
    vertex 9364.227283238217 10105.147417840899 96.55173867463365
    vertex 9364.227283238217 10113.147417840897 96.55173875229885
  endloop
endfacet
facet normal 0.608761429008583 -7.702019640194946e-09 0.793353340291341
  outer loop
    vertex 9364.227283238217 10105.147417840899 96.55173867463365
    vertex 9364.04088713515 10113.147417839511 96.69476551263752
    vertex 9364.04088713515 10105.14741783951 96.69476543497234
  endloop
endfacet
facet normal 0.7933533402912483 -5.909970298112096e-09 0.6087614290087037
  outer loop
    vertex 9364.04088713515 10105.14741783951 96.69476543497234
    vertex 9363.897860374811 10113.1474178377 96.88116161570478
    vertex 9363.897860374811 10105.1474178377 96.8811615380396
  endloop
endfacet
facet normal 0.7933533402912483 -5.909970298112096e-09 0.6087614290087037
  outer loop
    vertex 9363.897860374811 10113.1474178377 96.88116161570478
    vertex 9364.04088713515 10105.14741783951 96.69476543497234
    vertex 9364.04088713515 10113.147417839511 96.69476551263752
  endloop
endfacet
facet normal 0.9238795325112785 -3.71516624690215e-09 0.38268343236511
  outer loop
    vertex 9363.897860374811 10105.1474178377 96.8811615380396
    vertex 9363.807949994558 10113.147417835593 97.09822447511321
    vertex 9363.807949994558 10105.147417835593 97.09822439744659
  endloop
endfacet
facet normal 0.9238795325112785 -3.71516624690215e-09 0.38268343236511
  outer loop
    vertex 9363.807949994558 10113.147417835593 97.09822447511321
    vertex 9363.897860374811 10105.1474178377 96.8811615380396
    vertex 9363.897860374811 10113.1474178377 96.88116161570478
  endloop
endfacet
facet normal 0.9914448613738123 -1.2671797555676626e-09 0.13052619222003806
  outer loop
    vertex 9363.807949994558 10105.147417835593 97.09822439744659
    vertex 9363.777283238218 10113.14741783333 97.33116161570469
    vertex 9363.777283238218 10105.147417833332 97.3311615380395
  endloop
endfacet
facet normal 0.9914448613738123 -1.2671797555676626e-09 0.13052619222003806
  outer loop
    vertex 9363.777283238218 10113.14741783333 97.33116161570469
    vertex 9363.807949994558 10105.147417835593 97.09822439744659
    vertex 9363.807949994558 10113.147417835593 97.09822447511321
  endloop
endfacet
facet normal 0.9914448613738123 1.2671629419946206e-09 -0.13052619222003806
  outer loop
    vertex 9363.777283238218 10105.147417833332 97.3311615380395
    vertex 9363.807949994558 10113.14741783107 97.5640987562976
    vertex 9363.807949994558 10105.147417831071 97.5640986786324
  endloop
endfacet
facet normal 0.9914448613738123 1.2671629419946206e-09 -0.13052619222003806
  outer loop
    vertex 9363.807949994558 10113.14741783107 97.5640987562976
    vertex 9363.777283238218 10105.147417833332 97.3311615380395
    vertex 9363.777283238218 10113.14741783333 97.33116161570469
  endloop
endfacet
facet normal 0.9238795325112784 3.7151505791463252e-09 -0.3826834323651099
  outer loop
    vertex 9363.807949994558 10105.147417831071 97.5640986786324
    vertex 9363.897860374811 10113.147417828963 97.78116161570458
    vertex 9363.897860374811 10105.147417828963 97.7811615380394
  endloop
endfacet
facet normal 0.9238795325112784 3.7151505791463252e-09 -0.3826834323651099
  outer loop
    vertex 9363.897860374811 10113.147417828963 97.78116161570458
    vertex 9363.807949994558 10105.147417831071 97.5640986786324
    vertex 9363.807949994558 10113.14741783107 97.5640987562976
  endloop
endfacet
facet normal 0.7933533402912482 5.909956843905157e-09 -0.6087614290087037
  outer loop
    vertex 9363.897860374811 10105.147417828963 97.7811615380394
    vertex 9364.04088713515 10113.147417827153 97.96755771877328
    vertex 9364.04088713515 10105.147417827153 97.9675576411081
  endloop
endfacet
facet normal 0.7933533402912482 5.909956843905157e-09 -0.6087614290087037
  outer loop
    vertex 9364.04088713515 10113.147417827153 97.96755771877328
    vertex 9363.897860374811 10105.147417828963 97.7811615380394
    vertex 9363.897860374811 10113.147417828963 97.78116161570458
  endloop
endfacet
facet normal 0.608761429008583 7.702009316418858e-09 -0.793353340291341
  outer loop
    vertex 9364.04088713515 10105.147417827153 97.9675576411081
    vertex 9364.227283238217 10113.147417825765 98.11058447911053
    vertex 9364.227283238217 10105.147417825765 98.11058440144534
  endloop
endfacet
facet normal 0.608761429008583 7.702009316418858e-09 -0.793353340291341
  outer loop
    vertex 9364.227283238217 10113.147417825765 98.11058447911053
    vertex 9364.04088713515 10105.147417827153 97.9675576411081
    vertex 9364.04088713515 10113.147417827153 97.96755771877328
  endloop
endfacet
facet normal 0.3826834323653221 8.969182582187737e-09 -0.9238795325111907
  outer loop
    vertex 9364.227283238217 10105.147417825765 98.11058440144534
    vertex 9364.444346097625 10113.147417824892 98.20049485936475
    vertex 9364.444346097625 10105.147417824892 98.20049478169958
  endloop
endfacet
facet normal 0.3826834323653221 8.969182582187737e-09 -0.9238795325111907
  outer loop
    vertex 9364.444346097625 10113.147417824892 98.20049485936475
    vertex 9364.227283238217 10105.147417825765 98.11058440144534
    vertex 9364.227283238217 10113.147417825765 98.11058447911053
  endloop
endfacet
facet normal 0.13052619221995618 9.625120877258511e-09 -0.9914448613738229
  outer loop
    vertex 9364.444346097625 10105.147417824892 98.20049478169958
    vertex 9364.677283238218 10113.147417824594 98.23116161570448
    vertex 9364.677283238218 10105.147417824595 98.23116153803929
  endloop
endfacet
facet normal 0.13052619221995618 9.625120877258511e-09 -0.9914448613738229
  outer loop
    vertex 9364.677283238218 10113.147417824594 98.23116161570448
    vertex 9364.444346097625 10105.147417824892 98.20049478169958
    vertex 9364.444346097625 10113.147417824892 98.20049485936475
  endloop
endfacet
facet normal -0.13052619221995618 9.625123090807396e-09 -0.9914448613738229
  outer loop
    vertex 9364.677283238218 10105.147417824595 98.23116153803929
    vertex 9364.91022037881 10113.147417824892 98.20049485936475
    vertex 9364.91022037881 10105.147417824892 98.20049478169958
  endloop
endfacet
facet normal -0.13052619221995618 9.625123090807396e-09 -0.9914448613738229
  outer loop
    vertex 9364.91022037881 10113.147417824892 98.20049485936475
    vertex 9364.677283238218 10105.147417824595 98.23116153803929
    vertex 9364.677283238218 10113.147417824594 98.23116161570448
  endloop
endfacet
facet normal -0.38268343236532204 8.969189071984693e-09 -0.9238795325111907
  outer loop
    vertex 9364.91022037881 10105.147417824892 98.20049478169958
    vertex 9365.127283238216 10113.147417825765 98.11058447911053
    vertex 9365.127283238216 10105.147417825765 98.11058440144534
  endloop
endfacet
facet normal -0.38268343236532204 8.969189071984693e-09 -0.9238795325111907
  outer loop
    vertex 9365.127283238216 10113.147417825765 98.11058447911053
    vertex 9364.91022037881 10105.147417824892 98.20049478169958
    vertex 9364.91022037881 10113.147417824892 98.20049485936475
  endloop
endfacet
facet normal -0.608761429008583 7.702019640194946e-09 -0.793353340291341
  outer loop
    vertex 9365.127283238216 10105.147417825765 98.11058440144534
    vertex 9365.313679341285 10113.147417827153 97.96755771877328
    vertex 9365.313679341285 10105.147417827153 97.9675576411081
  endloop
endfacet
facet normal -0.608761429008583 7.702019640194946e-09 -0.793353340291341
  outer loop
    vertex 9365.313679341285 10113.147417827153 97.96755771877328
    vertex 9365.127283238216 10105.147417825765 98.11058440144534
    vertex 9365.127283238216 10113.147417825765 98.11058447911053
  endloop
endfacet
facet normal -0.7933533402912483 5.909970298112096e-09 -0.6087614290087037
  outer loop
    vertex 9365.313679341285 10113.147417827153 97.96755771877328
    vertex 9365.456706101622 10105.147417828963 97.7811615380394
    vertex 9365.313679341285 10105.147417827153 97.9675576411081
  endloop
endfacet
facet normal -0.7933533402912483 5.909970298112096e-09 -0.6087614290087037
  outer loop
    vertex 9365.456706101622 10105.147417828963 97.7811615380394
    vertex 9365.313679341285 10113.147417827153 97.96755771877328
    vertex 9365.456706101624 10113.147417828963 97.78116161570458
  endloop
endfacet
facet normal -8.479328350574928e-15 -1.0 -9.787785410095604e-09
  outer loop
    vertex 9364.444346097625 10063.311145042557 98.2004949376644
    vertex 9364.91022037881 10063.311145042557 98.2004949376644
    vertex 9364.677283238218 10063.311145042257 98.23116169400413
  endloop
endfacet
facet normal -8.479328350574928e-15 -1.0 -9.787785410095604e-09
  outer loop
    vertex 9364.91022037881 10063.311145042557 98.2004949376644
    vertex 9364.444346097625 10063.311145042557 98.2004949376644
    vertex 9364.227283238217 10063.311145043437 98.11058455741018
  endloop
endfacet
facet normal -8.479328350574928e-15 -1.0 -9.787785410095604e-09
  outer loop
    vertex 9364.91022037881 10063.311145042557 98.2004949376644
    vertex 9364.227283238217 10063.311145043437 98.11058455741018
    vertex 9365.127283238216 10063.311145043437 98.11058455741018
  endloop
endfacet
facet normal -8.479328350574928e-15 -1.0 -9.787785410095604e-09
  outer loop
    vertex 9365.127283238216 10063.311145043437 98.11058455741018
    vertex 9364.227283238217 10063.311145043437 98.11058455741018
    vertex 9364.04088713515 10063.311145044838 97.96755779707149
  endloop
endfacet
facet normal -8.479328350574928e-15 -1.0 -9.787785410095604e-09
  outer loop
    vertex 9365.127283238216 10063.311145043437 98.11058455741018
    vertex 9364.04088713515 10063.311145044838 97.96755779707149
    vertex 9365.313679341285 10063.311145044838 97.96755779707149
  endloop
endfacet
facet normal -8.479328350574928e-15 -1.0 -9.787785410095604e-09
  outer loop
    vertex 9365.313679341285 10063.311145044838 97.96755779707149
    vertex 9364.04088713515 10063.311145044838 97.96755779707149
    vertex 9363.897860374811 10063.31114504666 97.78116169400423
  endloop
endfacet
facet normal -8.479328350574928e-15 -1.0 -9.787785410095604e-09
  outer loop
    vertex 9365.313679341285 10063.311145044838 97.96755779707149
    vertex 9363.897860374811 10063.31114504666 97.78116169400423
    vertex 9365.456706101622 10063.31114504666 97.78116169400423
  endloop
endfacet
facet normal -8.479328350574928e-15 -1.0 -9.787785410095604e-09
  outer loop
    vertex 9365.456706101622 10063.31114504666 97.78116169400423
    vertex 9363.897860374811 10063.31114504666 97.78116169400423
    vertex 9363.807949994558 10063.311145048787 97.5640988345958
  endloop
endfacet
facet normal -8.479328350574928e-15 -1.0 -9.787785410095604e-09
  outer loop
    vertex 9365.456706101622 10063.31114504666 97.78116169400423
    vertex 9363.807949994558 10063.311145048787 97.5640988345958
    vertex 9365.546616481877 10063.311145048787 97.5640988345958
  endloop
endfacet
facet normal -8.479328350574928e-15 -1.0 -9.787785410095604e-09
  outer loop
    vertex 9365.546616481877 10063.311145048787 97.5640988345958
    vertex 9363.807949994558 10063.311145048787 97.5640988345958
    vertex 9363.777283238218 10063.311145051066 97.33116169400434
  endloop
endfacet
facet normal -8.479328350574928e-15 -1.0 -9.787785410095604e-09
  outer loop
    vertex 9365.546616481877 10063.311145048787 97.5640988345958
    vertex 9363.777283238218 10063.311145051066 97.33116169400434
    vertex 9365.577283238217 10063.311145051066 97.33116169400434
  endloop
endfacet
facet normal -8.479328350574928e-15 -1.0 -9.787785410095604e-09
  outer loop
    vertex 9365.577283238217 10063.311145051066 97.33116169400434
    vertex 9363.777283238218 10063.311145051066 97.33116169400434
    vertex 9363.807949994558 10063.311145053345 97.09822455341143
  endloop
endfacet
facet normal -8.479328350574928e-15 -1.0 -9.787785410095604e-09
  outer loop
    vertex 9365.577283238217 10063.311145051066 97.33116169400434
    vertex 9363.807949994558 10063.311145053345 97.09822455341143
    vertex 9365.546616481877 10063.311145053345 97.09822455341143
  endloop
endfacet
facet normal -8.479328350574928e-15 -1.0 -9.787785410095604e-09
  outer loop
    vertex 9365.546616481877 10063.311145053345 97.09822455341143
    vertex 9363.807949994558 10063.311145053345 97.09822455341143
    vertex 9363.897860374811 10063.31114505547 96.881161694003
  endloop
endfacet
facet normal -8.479328350574928e-15 -1.0 -9.787785410095604e-09
  outer loop
    vertex 9365.546616481877 10063.311145053345 97.09822455341143
    vertex 9363.897860374811 10063.31114505547 96.881161694003
    vertex 9365.456706101622 10063.311145055472 96.881161694003
  endloop
endfacet
facet normal -8.479328350574928e-15 -1.0 -9.787785410095604e-09
  outer loop
    vertex 9365.456706101622 10063.311145055472 96.881161694003
    vertex 9363.897860374811 10063.31114505547 96.881161694003
    vertex 9364.04088713515 10063.311145057294 96.69476559093573
  endloop
endfacet
facet normal -8.479328350574928e-15 -1.0 -9.787785410095604e-09
  outer loop
    vertex 9365.456706101622 10063.311145055472 96.881161694003
    vertex 9364.04088713515 10063.311145057294 96.69476559093573
    vertex 9365.313679341285 10063.311145057294 96.69476559093573
  endloop
endfacet
facet normal -8.479328350574928e-15 -1.0 -9.787785410095604e-09
  outer loop
    vertex 9365.313679341285 10063.311145057294 96.69476559093573
    vertex 9364.04088713515 10063.311145057294 96.69476559093573
    vertex 9364.227283238217 10063.311145058693 96.55173883059705
  endloop
endfacet
facet normal -8.479328350574928e-15 -1.0 -9.787785410095604e-09
  outer loop
    vertex 9365.313679341285 10063.311145057294 96.69476559093573
    vertex 9364.227283238217 10063.311145058693 96.55173883059705
    vertex 9365.127283238216 10063.311145058695 96.55173883059705
  endloop
endfacet
facet normal -8.479328350574928e-15 -1.0 -9.787785410095604e-09
  outer loop
    vertex 9365.127283238216 10063.311145058695 96.55173883059705
    vertex 9364.227283238217 10063.311145058693 96.55173883059705
    vertex 9364.444346097625 10063.311145059575 96.46182845034282
  endloop
endfacet
facet normal -8.479328350574928e-15 -1.0 -9.787785410095604e-09
  outer loop
    vertex 9365.127283238216 10063.311145058695 96.55173883059705
    vertex 9364.444346097625 10063.311145059575 96.46182845034282
    vertex 9364.91022037881 10063.311145059575 96.46182845034282
  endloop
endfacet
facet normal -8.479328350574928e-15 -1.0 -9.787785410095604e-09
  outer loop
    vertex 9364.91022037881 10063.311145059575 96.46182845034282
    vertex 9364.444346097625 10063.311145059575 96.46182845034282
    vertex 9364.677283238218 10063.311145059875 96.4311616940031
  endloop
endfacet
facet normal 0.13052619221995618 9.704048442294523e-09 -0.9914448613738229
  outer loop
    vertex 9364.444346097625 10055.311145042557 98.20049485936104
    vertex 9364.677283238218 10063.311145042257 98.23116169400413
    vertex 9364.677283238218 10055.311145042257 98.23116161570077
  endloop
endfacet
facet normal 0.13052619221995618 9.704048442294523e-09 -0.9914448613738229
  outer loop
    vertex 9364.677283238218 10063.311145042257 98.23116169400413
    vertex 9364.444346097625 10055.311145042557 98.20049485936104
    vertex 9364.444346097625 10063.311145042557 98.2004949376644
  endloop
endfacet
facet normal 0.3826834323653221 9.042731364100506e-09 -0.9238795325111907
  outer loop
    vertex 9364.227283238217 10055.311145043437 98.1105844791068
    vertex 9364.444346097625 10063.311145042557 98.2004949376644
    vertex 9364.444346097625 10055.311145042557 98.20049485936104
  endloop
endfacet
facet normal 0.3826834323653221 9.042731364100506e-09 -0.9238795325111907
  outer loop
    vertex 9364.444346097625 10063.311145042557 98.2004949376644
    vertex 9364.227283238217 10055.311145043437 98.1105844791068
    vertex 9364.227283238217 10063.311145043437 98.11058455741018
  endloop
endfacet
facet normal 0.608761429008583 7.765167087266157e-09 -0.793353340291341
  outer loop
    vertex 9364.04088713515 10055.311145044838 97.96755771876957
    vertex 9364.227283238217 10063.311145043437 98.11058455741018
    vertex 9364.227283238217 10055.311145043437 98.1105844791068
  endloop
endfacet
facet normal 0.608761429008583 7.765167087266157e-09 -0.793353340291341
  outer loop
    vertex 9364.227283238217 10063.311145043437 98.11058455741018
    vertex 9364.04088713515 10055.311145044838 97.96755771876957
    vertex 9364.04088713515 10063.311145044838 97.96755779707149
  endloop
endfacet
facet normal 0.7933533402912482 5.958419505976873e-09 -0.6087614290087037
  outer loop
    vertex 9363.897860374811 10055.31114504666 97.78116161570087
    vertex 9364.04088713515 10063.311145044838 97.96755779707149
    vertex 9364.04088713515 10055.311145044838 97.96755771876957
  endloop
endfacet
facet normal 0.7933533402912482 5.958419505976873e-09 -0.6087614290087037
  outer loop
    vertex 9364.04088713515 10063.311145044838 97.96755779707149
    vertex 9363.897860374811 10055.31114504666 97.78116161570087
    vertex 9363.897860374811 10063.31114504666 97.78116169400423
  endloop
endfacet
facet normal 0.9238795325112785 3.74561548211062e-09 -0.38268343236511
  outer loop
    vertex 9363.807949994558 10055.311145048787 97.56409875629389
    vertex 9363.897860374811 10063.31114504666 97.78116169400423
    vertex 9363.897860374811 10055.31114504666 97.78116161570087
  endloop
endfacet
facet normal 0.9238795325112785 3.74561548211062e-09 -0.38268343236511
  outer loop
    vertex 9363.897860374811 10063.31114504666 97.78116169400423
    vertex 9363.807949994558 10055.311145048787 97.56409875629389
    vertex 9363.807949994558 10063.311145048787 97.5640988345958
  endloop
endfacet
facet normal 0.9914448613738122 1.277553953060102e-09 -0.13052619222003803
  outer loop
    vertex 9363.777283238218 10055.311145051066 97.33116161570096
    vertex 9363.807949994558 10063.311145048787 97.5640988345958
    vertex 9363.807949994558 10055.311145048787 97.56409875629389
  endloop
endfacet
facet normal 0.9914448613738122 1.277553953060102e-09 -0.13052619222003803
  outer loop
    vertex 9363.807949994558 10063.311145048787 97.5640988345958
    vertex 9363.777283238218 10055.311145051066 97.33116161570096
    vertex 9363.777283238218 10063.311145051066 97.33116169400434
  endloop
endfacet
facet normal 0.9914448613738122 -1.277570766633144e-09 0.13052619222003803
  outer loop
    vertex 9363.807949994558 10055.311145053345 97.0982244751095
    vertex 9363.777283238218 10063.311145051066 97.33116169400434
    vertex 9363.777283238218 10055.311145051066 97.33116161570096
  endloop
endfacet
facet normal 0.9914448613738122 -1.277570766633144e-09 0.13052619222003803
  outer loop
    vertex 9363.777283238218 10063.311145051066 97.33116169400434
    vertex 9363.807949994558 10055.311145053345 97.0982244751095
    vertex 9363.807949994558 10063.311145053345 97.09822455341143
  endloop
endfacet
facet normal 0.9238795325112786 -3.745631149866444e-09 0.38268343236511
  outer loop
    vertex 9363.897860374811 10055.31114505547 96.88116161570107
    vertex 9363.807949994558 10063.311145053345 97.09822455341143
    vertex 9363.807949994558 10055.311145053345 97.0982244751095
  endloop
endfacet
facet normal 0.9238795325112786 -3.745631149866444e-09 0.38268343236511
  outer loop
    vertex 9363.807949994558 10063.311145053345 97.09822455341143
    vertex 9363.897860374811 10055.31114505547 96.88116161570107
    vertex 9363.897860374811 10063.31114505547 96.881161694003
  endloop
endfacet
facet normal 0.7933533402912483 -5.958432960183814e-09 0.6087614290087037
  outer loop
    vertex 9364.04088713515 10055.311145057294 96.69476551263381
    vertex 9363.897860374811 10063.31114505547 96.881161694003
    vertex 9363.897860374811 10055.31114505547 96.88116161570107
  endloop
endfacet
facet normal 0.7933533402912483 -5.958432960183814e-09 0.6087614290087037
  outer loop
    vertex 9363.897860374811 10063.31114505547 96.881161694003
    vertex 9364.04088713515 10055.311145057294 96.69476551263381
    vertex 9364.04088713515 10063.311145057294 96.69476559093573
  endloop
endfacet
facet normal 0.608761429008583 -7.765177411042246e-09 0.793353340291341
  outer loop
    vertex 9364.04088713515 10063.311145057294 96.69476559093573
    vertex 9364.227283238217 10055.311145058695 96.55173875229512
    vertex 9364.227283238217 10063.311145058693 96.55173883059705
  endloop
endfacet
facet normal 0.608761429008583 -7.765177411042246e-09 0.793353340291341
  outer loop
    vertex 9364.227283238217 10055.311145058695 96.55173875229512
    vertex 9364.04088713515 10063.311145057294 96.69476559093573
    vertex 9364.04088713515 10055.311145057294 96.69476551263381
  endloop
endfacet
facet normal 0.38268343236532204 -9.042737853897462e-09 0.9238795325111907
  outer loop
    vertex 9364.227283238217 10063.311145058693 96.55173883059705
    vertex 9364.444346097625 10055.311145059575 96.4618283720409
    vertex 9364.444346097625 10063.311145059575 96.46182845034282
  endloop
endfacet
facet normal 0.38268343236532204 -9.042737853897462e-09 0.9238795325111907
  outer loop
    vertex 9364.444346097625 10055.311145059575 96.4618283720409
    vertex 9364.227283238217 10063.311145058693 96.55173883059705
    vertex 9364.227283238217 10055.311145058695 96.55173875229512
  endloop
endfacet
facet normal 0.13052619221995618 -9.704050655843408e-09 0.9914448613738229
  outer loop
    vertex 9364.444346097625 10063.311145059575 96.46182845034282
    vertex 9364.677283238218 10055.311145059875 96.43116161570117
    vertex 9364.677283238218 10063.311145059875 96.4311616940031
  endloop
endfacet
facet normal 0.13052619221995618 -9.704050655843408e-09 0.9914448613738229
  outer loop
    vertex 9364.677283238218 10055.311145059875 96.43116161570117
    vertex 9364.444346097625 10063.311145059575 96.46182845034282
    vertex 9364.444346097625 10055.311145059575 96.4618283720409
  endloop
endfacet
facet normal -0.13052619221995618 -9.704048442294523e-09 0.9914448613738229
  outer loop
    vertex 9364.677283238218 10063.311145059875 96.4311616940031
    vertex 9364.91022037881 10055.311145059575 96.4618283720409
    vertex 9364.91022037881 10063.311145059575 96.46182845034282
  endloop
endfacet
facet normal -0.13052619221995618 -9.704048442294523e-09 0.9914448613738229
  outer loop
    vertex 9364.91022037881 10055.311145059575 96.4618283720409
    vertex 9364.677283238218 10063.311145059875 96.4311616940031
    vertex 9364.677283238218 10055.311145059875 96.43116161570117
  endloop
endfacet
facet normal -0.3826834323653221 -9.042731364100506e-09 0.9238795325111907
  outer loop
    vertex 9364.91022037881 10063.311145059575 96.46182845034282
    vertex 9365.127283238216 10055.311145058695 96.55173875229512
    vertex 9365.127283238216 10063.311145058695 96.55173883059705
  endloop
endfacet
facet normal -0.3826834323653221 -9.042731364100506e-09 0.9238795325111907
  outer loop
    vertex 9365.127283238216 10055.311145058695 96.55173875229512
    vertex 9364.91022037881 10063.311145059575 96.46182845034282
    vertex 9364.91022037881 10055.311145059575 96.4618283720409
  endloop
endfacet
facet normal -0.608761429008583 -7.765167087266157e-09 0.793353340291341
  outer loop
    vertex 9365.127283238216 10063.311145058695 96.55173883059705
    vertex 9365.313679341285 10055.311145057294 96.69476551263381
    vertex 9365.313679341285 10063.311145057294 96.69476559093573
  endloop
endfacet
facet normal -0.608761429008583 -7.765167087266157e-09 0.793353340291341
  outer loop
    vertex 9365.313679341285 10055.311145057294 96.69476551263381
    vertex 9365.127283238216 10063.311145058695 96.55173883059705
    vertex 9365.127283238216 10055.311145058695 96.55173875229512
  endloop
endfacet
facet normal -0.7933533402912482 -5.958419505976873e-09 0.6087614290087037
  outer loop
    vertex 9365.456706101622 10063.311145055472 96.881161694003
    vertex 9365.313679341285 10055.311145057294 96.69476551263381
    vertex 9365.456706101622 10055.31114505547 96.88116161570107
  endloop
endfacet
facet normal -0.7933533402912482 -5.958419505976873e-09 0.6087614290087037
  outer loop
    vertex 9365.313679341285 10055.311145057294 96.69476551263381
    vertex 9365.456706101622 10063.311145055472 96.881161694003
    vertex 9365.313679341285 10063.311145057294 96.69476559093573
  endloop
endfacet
facet normal -0.9238795325112785 -3.74561548211062e-09 0.38268343236511
  outer loop
    vertex 9365.546616481877 10063.311145053345 97.09822455341143
    vertex 9365.456706101622 10055.31114505547 96.88116161570107
    vertex 9365.546616481877 10055.311145053345 97.0982244751095
  endloop
endfacet
facet normal -0.9238795325112785 -3.74561548211062e-09 0.38268343236511
  outer loop
    vertex 9365.456706101622 10055.31114505547 96.88116161570107
    vertex 9365.546616481877 10063.311145053345 97.09822455341143
    vertex 9365.456706101622 10063.311145055472 96.881161694003
  endloop
endfacet
facet normal -0.9914448613738122 -1.277553953060102e-09 0.13052619222003803
  outer loop
    vertex 9365.577283238217 10063.311145051066 97.33116169400434
    vertex 9365.546616481877 10055.311145053345 97.0982244751095
    vertex 9365.577283238217 10055.311145051066 97.33116161570096
  endloop
endfacet
facet normal -0.9914448613738122 -1.277553953060102e-09 0.13052619222003803
  outer loop
    vertex 9365.546616481877 10055.311145053345 97.0982244751095
    vertex 9365.577283238217 10063.311145051066 97.33116169400434
    vertex 9365.546616481877 10063.311145053345 97.09822455341143
  endloop
endfacet
facet normal -0.9914448613738122 1.277570766633144e-09 -0.13052619222003803
  outer loop
    vertex 9365.546616481877 10063.311145048787 97.5640988345958
    vertex 9365.577283238217 10055.311145051066 97.33116161570096
    vertex 9365.546616481877 10055.311145048785 97.56409875629389
  endloop
endfacet
facet normal -0.9914448613738122 1.277570766633144e-09 -0.13052619222003803
  outer loop
    vertex 9365.577283238217 10055.311145051066 97.33116161570096
    vertex 9365.546616481877 10063.311145048787 97.5640988345958
    vertex 9365.577283238217 10063.311145051066 97.33116169400434
  endloop
endfacet
facet normal -0.9238795325112786 3.745631149866444e-09 -0.38268343236511
  outer loop
    vertex 9365.456706101622 10063.31114504666 97.78116169400423
    vertex 9365.546616481877 10055.311145048785 97.56409875629389
    vertex 9365.456706101622 10055.31114504666 97.78116161570087
  endloop
endfacet
facet normal -0.9238795325112786 3.745631149866444e-09 -0.38268343236511
  outer loop
    vertex 9365.546616481877 10055.311145048785 97.56409875629389
    vertex 9365.456706101622 10063.31114504666 97.78116169400423
    vertex 9365.546616481877 10063.311145048787 97.5640988345958
  endloop
endfacet
facet normal -0.7933533402912483 5.958432960183814e-09 -0.6087614290087037
  outer loop
    vertex 9365.313679341285 10063.311145044838 97.96755779707149
    vertex 9365.456706101622 10055.31114504666 97.78116161570087
    vertex 9365.313679341285 10055.311145044836 97.96755771876957
  endloop
endfacet
facet normal -0.7933533402912483 5.958432960183814e-09 -0.6087614290087037
  outer loop
    vertex 9365.456706101622 10055.31114504666 97.78116161570087
    vertex 9365.313679341285 10063.311145044838 97.96755779707149
    vertex 9365.456706101622 10063.31114504666 97.78116169400423
  endloop
endfacet
facet normal -0.608761429008583 7.765177411042246e-09 -0.793353340291341
  outer loop
    vertex 9365.127283238216 10055.311145043437 98.1105844791068
    vertex 9365.313679341285 10063.311145044838 97.96755779707149
    vertex 9365.313679341285 10055.311145044836 97.96755771876957
  endloop
endfacet
facet normal -0.608761429008583 7.765177411042246e-09 -0.793353340291341
  outer loop
    vertex 9365.313679341285 10063.311145044838 97.96755779707149
    vertex 9365.127283238216 10055.311145043437 98.1105844791068
    vertex 9365.127283238216 10063.311145043437 98.11058455741018
  endloop
endfacet
facet normal -0.38268343236532204 9.042737853897462e-09 -0.9238795325111907
  outer loop
    vertex 9364.91022037881 10055.311145042557 98.20049485936104
    vertex 9365.127283238216 10063.311145043437 98.11058455741018
    vertex 9365.127283238216 10055.311145043437 98.1105844791068
  endloop
endfacet
facet normal -0.38268343236532204 9.042737853897462e-09 -0.9238795325111907
  outer loop
    vertex 9365.127283238216 10063.311145043437 98.11058455741018
    vertex 9364.91022037881 10055.311145042557 98.20049485936104
    vertex 9364.91022037881 10063.311145042557 98.2004949376644
  endloop
endfacet
facet normal -0.13052619221995618 9.704050655843408e-09 -0.9914448613738229
  outer loop
    vertex 9364.677283238218 10055.311145042257 98.23116161570077
    vertex 9364.91022037881 10063.311145042557 98.2004949376644
    vertex 9364.91022037881 10055.311145042557 98.20049485936104
  endloop
endfacet
facet normal -0.13052619221995618 9.704050655843408e-09 -0.9914448613738229
  outer loop
    vertex 9364.91022037881 10063.311145042557 98.2004949376644
    vertex 9364.677283238218 10055.311145042257 98.23116161570077
    vertex 9364.677283238218 10063.311145042257 98.23116169400413
  endloop
endfacet
facet normal -0.7933533402911772 6.311833885598816e-09 -0.6087614290087964
  outer loop
    vertex 9365.52581137564 10053.147417820543 98.17968978423039
    vertex 9365.716513722758 10050.14741783272 97.9311616157005
    vertex 9365.52581137564 10050.147417830145 98.17968975312448
  endloop
endfacet
facet normal -0.7933533402911772 6.311833885598816e-09 -0.6087614290087964
  outer loop
    vertex 9365.716513722758 10050.14741783272 97.9311616157005
    vertex 9365.52581137564 10053.147417820543 98.17968978423039
    vertex 9365.716513722758 10053.14741782312 97.93116164680642
  endloop
endfacet
facet normal -0.6087614290086923 8.225733849151188e-09 -0.793353340291257
  outer loop
    vertex 9365.277283238218 10050.147417828168 98.37039210024176
    vertex 9365.52581137564 10053.147417820543 98.17968978423039
    vertex 9365.52581137564 10050.147417830145 98.17968975312448
  endloop
endfacet
facet normal -0.6087614290086923 8.225733849151188e-09 -0.793353340291257
  outer loop
    vertex 9365.52581137564 10053.147417820543 98.17968978423039
    vertex 9365.277283238218 10050.147417828168 98.37039210024176
    vertex 9365.277283238218 10053.147417818565 98.37039213134767
  endloop
endfacet
facet normal -0.38268343236514973 9.579063644551913e-09 -0.9238795325112621
  outer loop
    vertex 9364.98786609234 10050.147417826924 98.49027260724789
    vertex 9365.277283238218 10053.147417818565 98.37039213134767
    vertex 9365.277283238218 10050.147417828168 98.37039210024176
  endloop
endfacet
facet normal -0.38268343236514973 9.579063644551913e-09 -0.9238795325112621
  outer loop
    vertex 9365.277283238218 10053.147417818565 98.37039213134767
    vertex 9364.98786609234 10050.147417826924 98.49027260724789
    vertex 9364.98786609234 10053.147417817323 98.49027263835235
  endloop
endfacet
facet normal -0.13052619222004747 1.0279596082728299e-08 -0.991444861373811
  outer loop
    vertex 9364.677283238218 10050.147417826502 98.53116161570037
    vertex 9364.98786609234 10053.147417817323 98.49027263835235
    vertex 9364.98786609234 10050.147417826924 98.49027260724789
  endloop
endfacet
facet normal -0.13052619222004747 1.0279596082728299e-08 -0.991444861373811
  outer loop
    vertex 9364.98786609234 10053.147417817323 98.49027263835235
    vertex 9364.677283238218 10050.147417826502 98.53116161570037
    vertex 9364.677283238218 10053.147417816897 98.53116164680628
  endloop
endfacet
facet normal 0.13052619222004744 1.0279591035702232e-08 -0.991444861373811
  outer loop
    vertex 9364.366700384095 10050.147417826924 98.49027260724789
    vertex 9364.677283238218 10053.147417816897 98.53116164680628
    vertex 9364.677283238218 10050.147417826502 98.53116161570037
  endloop
endfacet
facet normal 0.13052619222004744 1.0279591035702232e-08 -0.991444861373811
  outer loop
    vertex 9364.677283238218 10053.147417816897 98.53116164680628
    vertex 9364.366700384095 10050.147417826924 98.49027260724789
    vertex 9364.366700384095 10053.147417817323 98.49027263835235
  endloop
endfacet
facet normal 0.3826834323651497 9.579048847420192e-09 -0.9238795325112621
  outer loop
    vertex 9364.077283238217 10050.147417828168 98.37039210024176
    vertex 9364.366700384095 10053.147417817323 98.49027263835235
    vertex 9364.366700384095 10050.147417826924 98.49027260724789
  endloop
endfacet
facet normal 0.3826834323651497 9.579048847420192e-09 -0.9238795325112621
  outer loop
    vertex 9364.366700384095 10053.147417817323 98.49027263835235
    vertex 9364.077283238217 10050.147417828168 98.37039210024176
    vertex 9364.077283238217 10053.147417818565 98.37039213134767
  endloop
endfacet
facet normal 0.6087614290086923 8.225710310313889e-09 -0.793353340291257
  outer loop
    vertex 9363.828755100794 10050.147417830145 98.17968975312448
    vertex 9364.077283238217 10053.147417818565 98.37039213134767
    vertex 9364.077283238217 10050.147417828168 98.37039210024176
  endloop
endfacet
facet normal 0.6087614290086923 8.225710310313889e-09 -0.793353340291257
  outer loop
    vertex 9364.077283238217 10053.147417818565 98.37039213134767
    vertex 9363.828755100794 10050.147417830145 98.17968975312448
    vertex 9363.828755100794 10053.147417820543 98.17968978423039
  endloop
endfacet
facet normal 0.7933533402912838 6.311803209187359e-09 -0.6087614290086573
  outer loop
    vertex 9363.638052753677 10050.14741783272 97.9311616157005
    vertex 9363.828755100794 10053.147417820543 98.17968978423039
    vertex 9363.828755100794 10050.147417830145 98.17968975312448
  endloop
endfacet
facet normal 0.7933533402912838 6.311803209187359e-09 -0.6087614290086573
  outer loop
    vertex 9363.828755100794 10053.147417820543 98.17968978423039
    vertex 9363.638052753677 10050.14741783272 97.9311616157005
    vertex 9363.638052753677 10053.14741782312 97.93116164680642
  endloop
endfacet
facet normal 0.923879532511256 3.96775715010497e-09 -0.38268343236516433
  outer loop
    vertex 9363.51817224667 10050.147417835724 97.64174446982405
    vertex 9363.638052753677 10053.14741782312 97.93116164680642
    vertex 9363.638052753677 10050.14741783272 97.9311616157005
  endloop
endfacet
facet normal 0.923879532511256 3.96775715010497e-09 -0.38268343236516433
  outer loop
    vertex 9363.638052753677 10053.14741782312 97.93116164680642
    vertex 9363.51817224667 10050.147417835724 97.64174446982405
    vertex 9363.51817224667 10053.14741782612 97.64174450092851
  endloop
endfacet
facet normal 0.9914448613738123 1.3533149982693492e-09 -0.13052619222003803
  outer loop
    vertex 9363.477283238217 10050.147417838944 97.33116161570064
    vertex 9363.51817224667 10053.14741782612 97.64174450092851
    vertex 9363.51817224667 10050.147417835724 97.64174446982405
  endloop
endfacet
facet normal 0.9914448613738123 1.3533149982693492e-09 -0.13052619222003803
  outer loop
    vertex 9363.51817224667 10053.14741782612 97.64174450092851
    vertex 9363.477283238217 10050.147417838944 97.33116161570064
    vertex 9363.477283238217 10053.147417829341 97.33116164680655
  endloop
endfacet
facet normal 0.9914448613738123 -1.3533533342383645e-09 0.13052619222003803
  outer loop
    vertex 9363.51817224667 10050.147417842163 97.02057876157724
    vertex 9363.477283238217 10053.147417829341 97.33116164680655
    vertex 9363.477283238217 10050.147417838944 97.33116161570064
  endloop
endfacet
facet normal 0.9914448613738123 -1.3533533342383645e-09 0.13052619222003803
  outer loop
    vertex 9363.477283238217 10053.147417829341 97.33116164680655
    vertex 9363.51817224667 10050.147417842163 97.02057876157724
    vertex 9363.51817224667 10053.14741783256 97.02057879268315
  endloop
endfacet
facet normal 0.9238795325112982 -3.967792873539992e-09 0.38268343236506247
  outer loop
    vertex 9363.638052753677 10050.147417845164 96.73116161570078
    vertex 9363.51817224667 10053.14741783256 97.02057879268315
    vertex 9363.51817224667 10050.147417842163 97.02057876157724
  endloop
endfacet
facet normal 0.9238795325112982 -3.967792873539992e-09 0.38268343236506247
  outer loop
    vertex 9363.51817224667 10053.14741783256 97.02057879268315
    vertex 9363.638052753677 10050.147417845164 96.73116161570078
    vertex 9363.638052753677 10053.147417835562 96.73116164680668
  endloop
endfacet
facet normal 0.7933533402911772 -6.311833885598816e-09 0.6087614290087964
  outer loop
    vertex 9363.828755100794 10050.14741784774 96.4826334782768
    vertex 9363.638052753677 10053.147417835562 96.73116164680668
    vertex 9363.638052753677 10050.147417845164 96.73116161570078
  endloop
endfacet
facet normal 0.7933533402911772 -6.311833885598816e-09 0.6087614290087964
  outer loop
    vertex 9363.638052753677 10053.147417835562 96.73116164680668
    vertex 9363.828755100794 10050.14741784774 96.4826334782768
    vertex 9363.828755100794 10053.147417838138 96.48263350938271
  endloop
endfacet
facet normal 0.6087614290086923 -8.225733849151188e-09 0.793353340291257
  outer loop
    vertex 9364.077283238217 10053.147417840117 96.29193116226543
    vertex 9363.828755100794 10050.14741784774 96.4826334782768
    vertex 9364.077283238217 10050.147417849717 96.29193113115952
  endloop
endfacet
facet normal 0.6087614290086923 -8.225733849151188e-09 0.793353340291257
  outer loop
    vertex 9363.828755100794 10050.14741784774 96.4826334782768
    vertex 9364.077283238217 10053.147417840117 96.29193116226543
    vertex 9363.828755100794 10053.147417838138 96.48263350938271
  endloop
endfacet
facet normal 0.38268343236514973 -9.579063644551913e-09 0.9238795325112621
  outer loop
    vertex 9364.366700384095 10053.14741784136 96.17205065525931
    vertex 9364.077283238217 10050.147417849717 96.29193113115952
    vertex 9364.366700384095 10050.147417850962 96.1720506241534
  endloop
endfacet
facet normal 0.38268343236514973 -9.579063644551913e-09 0.9238795325112621
  outer loop
    vertex 9364.077283238217 10050.147417849717 96.29193113115952
    vertex 9364.366700384095 10053.14741784136 96.17205065525931
    vertex 9364.077283238217 10053.147417840117 96.29193116226543
  endloop
endfacet
facet normal 0.13052619222004747 -1.0279596082728299e-08 0.991444861373811
  outer loop
    vertex 9364.677283238218 10053.147417841783 96.13116164680538
    vertex 9364.366700384095 10050.147417850962 96.1720506241534
    vertex 9364.677283238218 10050.147417851384 96.13116161570092
  endloop
endfacet
facet normal 0.13052619222004747 -1.0279596082728299e-08 0.991444861373811
  outer loop
    vertex 9364.366700384095 10050.147417850962 96.1720506241534
    vertex 9364.677283238218 10053.147417841783 96.13116164680538
    vertex 9364.366700384095 10053.14741784136 96.17205065525931
  endloop
endfacet
facet normal -0.13052619222004744 -1.0279591035702232e-08 0.991444861373811
  outer loop
    vertex 9364.98786609234 10053.147417841357 96.17205065525931
    vertex 9364.677283238218 10050.147417851384 96.13116161570092
    vertex 9364.98786609234 10050.147417850962 96.1720506241534
  endloop
endfacet
facet normal -0.13052619222004744 -1.0279591035702232e-08 0.991444861373811
  outer loop
    vertex 9364.677283238218 10050.147417851384 96.13116161570092
    vertex 9364.98786609234 10053.147417841357 96.17205065525931
    vertex 9364.677283238218 10053.147417841783 96.13116164680538
  endloop
endfacet
facet normal -0.3826834323651497 -9.579048847420192e-09 0.9238795325112621
  outer loop
    vertex 9365.277283238218 10053.147417840117 96.29193116226543
    vertex 9364.98786609234 10050.147417850962 96.1720506241534
    vertex 9365.277283238218 10050.147417849717 96.29193113115952
  endloop
endfacet
facet normal -0.3826834323651497 -9.579048847420192e-09 0.9238795325112621
  outer loop
    vertex 9364.98786609234 10050.147417850962 96.1720506241534
    vertex 9365.277283238218 10053.147417840117 96.29193116226543
    vertex 9364.98786609234 10053.147417841357 96.17205065525931
  endloop
endfacet
facet normal -0.6087614290086923 -8.225710310313889e-09 0.793353340291257
  outer loop
    vertex 9365.52581137564 10053.147417838138 96.48263350938271
    vertex 9365.277283238218 10050.147417849717 96.29193113115952
    vertex 9365.52581137564 10050.14741784774 96.4826334782768
  endloop
endfacet
facet normal -0.6087614290086923 -8.225710310313889e-09 0.793353340291257
  outer loop
    vertex 9365.277283238218 10050.147417849717 96.29193113115952
    vertex 9365.52581137564 10053.147417838138 96.48263350938271
    vertex 9365.277283238218 10053.147417840117 96.29193116226543
  endloop
endfacet
facet normal -0.7933533402912838 -6.311803209187359e-09 0.6087614290086573
  outer loop
    vertex 9365.716513722758 10053.14741783556 96.73116164680668
    vertex 9365.52581137564 10050.14741784774 96.4826334782768
    vertex 9365.716513722758 10050.147417845164 96.73116161570078
  endloop
endfacet
facet normal -0.7933533402912838 -6.311803209187359e-09 0.6087614290086573
  outer loop
    vertex 9365.52581137564 10050.14741784774 96.4826334782768
    vertex 9365.716513722758 10053.14741783556 96.73116164680668
    vertex 9365.52581137564 10053.147417838138 96.48263350938271
  endloop
endfacet
facet normal -0.923879532511256 -3.96775715010497e-09 0.38268343236516433
  outer loop
    vertex 9365.836394229764 10053.14741783256 97.02057879268315
    vertex 9365.716513722758 10050.147417845164 96.73116161570078
    vertex 9365.836394229764 10050.147417842163 97.02057876157724
  endloop
endfacet
facet normal -0.923879532511256 -3.96775715010497e-09 0.38268343236516433
  outer loop
    vertex 9365.716513722758 10050.147417845164 96.73116161570078
    vertex 9365.836394229764 10053.14741783256 97.02057879268315
    vertex 9365.716513722758 10053.14741783556 96.73116164680668
  endloop
endfacet
facet normal -0.9914448613738123 -1.3533149982693492e-09 0.13052619222003803
  outer loop
    vertex 9365.877283238216 10053.147417829341 97.33116164680655
    vertex 9365.836394229764 10050.147417842163 97.02057876157724
    vertex 9365.877283238216 10050.147417838944 97.33116161570064
  endloop
endfacet
facet normal -0.9914448613738123 -1.3533149982693492e-09 0.13052619222003803
  outer loop
    vertex 9365.836394229764 10050.147417842163 97.02057876157724
    vertex 9365.877283238216 10053.147417829341 97.33116164680655
    vertex 9365.836394229764 10053.14741783256 97.02057879268315
  endloop
endfacet
facet normal -0.9914448613738123 1.3533533342383645e-09 -0.13052619222003803
  outer loop
    vertex 9365.836394229764 10053.14741782612 97.64174450092851
    vertex 9365.877283238216 10050.147417838944 97.33116161570064
    vertex 9365.836394229764 10050.147417835724 97.64174446982405
  endloop
endfacet
facet normal -0.9914448613738123 1.3533533342383645e-09 -0.13052619222003803
  outer loop
    vertex 9365.877283238216 10050.147417838944 97.33116161570064
    vertex 9365.836394229764 10053.14741782612 97.64174450092851
    vertex 9365.877283238216 10053.147417829341 97.33116164680655
  endloop
endfacet
facet normal -0.9238795325112982 3.967792873539992e-09 -0.38268343236506247
  outer loop
    vertex 9365.716513722758 10053.14741782312 97.93116164680642
    vertex 9365.836394229764 10050.147417835724 97.64174446982405
    vertex 9365.716513722758 10050.14741783272 97.9311616157005
  endloop
endfacet
facet normal -0.9238795325112982 3.967792873539992e-09 -0.38268343236506247
  outer loop
    vertex 9365.836394229764 10050.147417835724 97.64174446982405
    vertex 9365.716513722758 10053.14741782312 97.93116164680642
    vertex 9365.836394229764 10053.14741782612 97.64174450092851
  endloop
endfacet
facet normal -1.0 8.131451664056852e-11 6.233562342386344e-09
  outer loop
    vertex 9371.597600832709 10080.655355884197 98.28879169355501
    vertex 9371.59760082077 10080.655355884197 96.37353075979716
    vertex 9371.59760082673 10080.529281441468 97.33116122667609
  endloop
endfacet
facet normal -1.0 8.131451664056852e-11 6.233562342386344e-09
  outer loop
    vertex 9371.59760082077 10080.655355884197 96.37353075979716
    vertex 9371.597600832709 10080.655355884197 98.28879169355501
    vertex 9371.597600838302 10081.024987447465 99.1811612266757
  endloop
endfacet
facet normal -1.0 8.131451664056852e-11 6.233562342386344e-09
  outer loop
    vertex 9371.59760082077 10080.655355884197 96.37353075979716
    vertex 9371.597600838302 10081.024987447465 99.1811612266757
    vertex 9371.59760081524 10081.024987447465 95.48116122667653
  endloop
endfacet
facet normal -1.0 8.131451664056852e-11 6.233562342386344e-09
  outer loop
    vertex 9371.59760081524 10081.024987447465 95.48116122667653
    vertex 9371.597600838302 10081.024987447465 99.1811612266757
    vertex 9371.597600843126 10081.612986351076 99.94745631706657
  endloop
endfacet
facet normal -1.0 8.131451664056852e-11 6.233562342386344e-09
  outer loop
    vertex 9371.59760081524 10081.024987447465 95.48116122667653
    vertex 9371.597600843126 10081.612986351076 99.94745631706657
    vertex 9371.59760081051 10081.612986351076 94.71486613628574
  endloop
endfacet
facet normal -1.0 8.131451664056852e-11 6.233562342386344e-09
  outer loop
    vertex 9371.59760081051 10081.612986351076 94.71486613628574
    vertex 9371.597600843126 10081.612986351076 99.94745631706657
    vertex 9371.597600846855 10082.379281441466 100.53545522067847
  endloop
endfacet
facet normal -1.0 8.131451664056852e-11 6.233562342386344e-09
  outer loop
    vertex 9371.59760081051 10081.612986351076 94.71486613628574
    vertex 9371.597600846855 10082.379281441466 100.53545522067847
    vertex 9371.59760082686 10082.1292814422 97.33116128277881
  endloop
endfacet
facet normal -1.0 8.131451664056852e-11 6.233562342386344e-09
  outer loop
    vertex 9371.59760082686 10082.1292814422 97.33116128277881
    vertex 9371.597600846855 10082.379281441466 100.53545522067847
    vertex 9371.597600830255 10082.20083720699 97.87468127749368
  endloop
endfacet
facet normal -1.0 8.131451664056852e-11 6.233562342386344e-09
  outer loop
    vertex 9371.597600830255 10082.20083720699 97.87468127749368
    vertex 9371.597600846855 10082.379281441466 100.53545522067847
    vertex 9371.59760083343 10082.410628094252 98.38116128277858
  endloop
endfacet
facet normal -1.0 8.131451664056852e-11 6.233562342386344e-09
  outer loop
    vertex 9371.59760083343 10082.410628094252 98.38116128277858
    vertex 9371.597600846855 10082.379281441466 100.53545522067847
    vertex 9371.59760084923 10083.271650974588 100.90508678394559
  endloop
endfacet
facet normal -1.0 8.131451664056852e-11 6.233562342386344e-09
  outer loop
    vertex 9371.59760083343 10082.410628094252 98.38116128277858
    vertex 9371.59760084923 10083.271650974588 100.90508678394559
    vertex 9371.597600836167 10082.744357201707 98.81608552326983
  endloop
endfacet
facet normal -1.0 8.131451664056852e-11 6.233562342386344e-09
  outer loop
    vertex 9371.597600836167 10082.744357201707 98.81608552326983
    vertex 9371.59760084923 10083.271650974588 100.90508678394559
    vertex 9371.597600838282 10083.179281442199 99.14981463072584
  endloop
endfacet
facet normal -1.0 8.131451664056852e-11 6.233562342386344e-09
  outer loop
    vertex 9371.597600838282 10083.179281442199 99.14981463072584
    vertex 9371.59760084923 10083.271650974588 100.90508678394559
    vertex 9371.59760083963 10083.685761447483 99.35960551798622
  endloop
endfacet
facet normal -1.0 8.131451664056852e-11 6.233562342386344e-09
  outer loop
    vertex 9371.59760083963 10083.685761447483 99.35960551798622
    vertex 9371.59760084923 10083.271650974588 100.90508678394559
    vertex 9371.597600850097 10084.229281441467 101.03116122667691
  endloop
endfacet
facet normal -1.0 8.131451664056852e-11 6.233562342386344e-09
  outer loop
    vertex 9371.59760083963 10083.685761447483 99.35960551798622
    vertex 9371.597600850097 10084.229281441467 101.03116122667691
    vertex 9371.597600840121 10084.229281442198 99.43116128277846
  endloop
endfacet
facet normal -1.0 8.131451664056852e-11 6.233562342386344e-09
  outer loop
    vertex 9371.597600840121 10084.229281442198 99.43116128277846
    vertex 9371.597600850097 10084.229281441467 101.03116122667691
    vertex 9371.597600849387 10085.186911908348 100.90508678394572
  endloop
endfacet
facet normal -1.0 8.131451664056852e-11 6.233562342386344e-09
  outer loop
    vertex 9371.597600840121 10084.229281442198 99.43116128277846
    vertex 9371.597600849387 10085.186911908348 100.90508678394572
    vertex 9371.59760083972 10084.772801436913 99.3596055179863
  endloop
endfacet
facet normal -1.0 8.131451664056852e-11 6.233562342386344e-09
  outer loop
    vertex 9371.59760083972 10084.772801436913 99.3596055179863
    vertex 9371.597600849387 10085.186911908348 100.90508678394572
    vertex 9371.597600838453 10085.2792814422 99.14981463072597
  endloop
endfacet
facet normal -1.0 8.131451664056852e-11 6.233562342386344e-09
  outer loop
    vertex 9371.597600838453 10085.2792814422 99.14981463072597
    vertex 9371.597600849387 10085.186911908348 100.90508678394572
    vertex 9371.597600847157 10086.079281441467 100.5354552206787
  endloop
endfacet
facet normal -1.0 8.131451664056852e-11 6.233562342386344e-09
  outer loop
    vertex 9371.597600838453 10085.2792814422 99.14981463072597
    vertex 9371.597600847157 10086.079281441467 100.5354552206787
    vertex 9371.597600836409 10085.71420568269 98.81608552327003
  endloop
endfacet
facet normal -1.0 8.131451664056852e-11 6.233562342386344e-09
  outer loop
    vertex 9371.597600836409 10085.71420568269 98.81608552327003
    vertex 9371.597600847157 10086.079281441467 100.5354552206787
    vertex 9371.597600833724 10086.047934790146 98.38116128277882
  endloop
endfacet
facet normal -1.0 8.131451664056852e-11 6.233562342386344e-09
  outer loop
    vertex 9371.597600833724 10086.047934790146 98.38116128277882
    vertex 9371.597600847157 10086.079281441467 100.5354552206787
    vertex 9371.597600830584 10086.257725677406 97.87468127749393
  endloop
endfacet
facet normal -1.0 8.131451664056852e-11 6.233562342386344e-09
  outer loop
    vertex 9371.597600830584 10086.257725677406 97.87468127749393
    vertex 9371.597600847157 10086.079281441467 100.5354552206787
    vertex 9371.597600843552 10086.845576531858 99.94745631706691
  endloop
endfacet
facet normal -1.0 8.131451664056852e-11 6.233562342386344e-09
  outer loop
    vertex 9371.597600830584 10086.257725677406 97.87468127749393
    vertex 9371.597600843552 10086.845576531858 99.94745631706691
    vertex 9371.597600827203 10086.329281442198 97.33116128277908
  endloop
endfacet
facet normal -1.0 8.131451664056852e-11 6.233562342386344e-09
  outer loop
    vertex 9371.59760082686 10082.1292814422 97.33116128277881
    vertex 9371.597600806906 10082.379281441466 94.12686723267392
    vertex 9371.59760081051 10081.612986351076 94.71486613628574
  endloop
endfacet
facet normal -1.0 8.131451664056852e-11 6.233562342386344e-09
  outer loop
    vertex 9371.597600806906 10082.379281441466 94.12686723267392
    vertex 9371.59760082686 10082.1292814422 97.33116128277881
    vertex 9371.597600823477 10082.20083720699 96.78764128806394
  endloop
endfacet
facet normal -1.0 8.131451664056852e-11 6.233562342386344e-09
  outer loop
    vertex 9371.597600806906 10082.379281441466 94.12686723267392
    vertex 9371.597600823477 10082.20083720699 96.78764128806394
    vertex 9371.597600820338 10082.410628094252 96.28116128277905
  endloop
endfacet
facet normal -1.0 8.131451664056852e-11 6.233562342386344e-09
  outer loop
    vertex 9371.597600806906 10082.379281441466 94.12686723267392
    vertex 9371.597600820338 10082.410628094252 96.28116128277905
    vertex 9371.597600804675 10083.271650974588 93.75723566940691
  endloop
endfacet
facet normal -1.0 8.131451664056852e-11 6.233562342386344e-09
  outer loop
    vertex 9371.597600804675 10083.271650974588 93.75723566940691
    vertex 9371.597600820338 10082.410628094252 96.28116128277905
    vertex 9371.597600817655 10082.744357201707 95.84623704228639
  endloop
endfacet
facet normal -1.0 8.131451664056852e-11 6.233562342386344e-09
  outer loop
    vertex 9371.597600804675 10083.271650974588 93.75723566940691
    vertex 9371.597600817655 10082.744357201707 95.84623704228639
    vertex 9371.597600815609 10083.179281442199 95.51250793483192
  endloop
endfacet
facet normal -1.0 8.131451664056852e-11 6.233562342386344e-09
  outer loop
    vertex 9371.597600804675 10083.271650974588 93.75723566940691
    vertex 9371.597600815609 10083.179281442199 95.51250793483192
    vertex 9371.597600814343 10083.685761447483 95.30271704757159
  endloop
endfacet
facet normal -1.0 8.131451664056852e-11 6.233562342386344e-09
  outer loop
    vertex 9371.597600804675 10083.271650974588 93.75723566940691
    vertex 9371.597600814343 10083.685761447483 95.30271704757159
    vertex 9371.597600803967 10084.229281441467 93.63116122667716
  endloop
endfacet
facet normal -1.0 8.131451664056852e-11 6.233562342386344e-09
  outer loop
    vertex 9371.597600803967 10084.229281441467 93.63116122667716
    vertex 9371.597600814343 10083.685761447483 95.30271704757159
    vertex 9371.59760081394 10084.229281442198 95.23116128277942
  endloop
endfacet
facet normal -1.0 8.131451664056852e-11 6.233562342386344e-09
  outer loop
    vertex 9371.597600803967 10084.229281441467 93.63116122667716
    vertex 9371.59760081394 10084.229281442198 95.23116128277942
    vertex 9371.597600804831 10085.186911908348 93.75723566940704
  endloop
endfacet
facet normal -1.0 8.131451664056852e-11 6.233562342386344e-09
  outer loop
    vertex 9371.597600804831 10085.186911908348 93.75723566940704
    vertex 9371.59760081394 10084.229281442198 95.23116128277942
    vertex 9371.59760081443 10084.772801436913 95.30271704757166
  endloop
endfacet
facet normal -1.0 8.131451664056852e-11 6.233562342386344e-09
  outer loop
    vertex 9371.597600804831 10085.186911908348 93.75723566940704
    vertex 9371.59760081443 10084.772801436913 95.30271704757166
    vertex 9371.597600815781 10085.2792814422 95.51250793483204
  endloop
endfacet
facet normal -1.0 8.131451664056852e-11 6.233562342386344e-09
  outer loop
    vertex 9371.597600804831 10085.186911908348 93.75723566940704
    vertex 9371.597600815781 10085.2792814422 95.51250793483204
    vertex 9371.597600807207 10086.079281441467 94.12686723267416
  endloop
endfacet
facet normal -1.0 8.131451664056852e-11 6.233562342386344e-09
  outer loop
    vertex 9371.597600807207 10086.079281441467 94.12686723267416
    vertex 9371.597600815781 10085.2792814422 95.51250793483204
    vertex 9371.597600817895 10085.71420568269 95.84623704228659
  endloop
endfacet
facet normal -1.0 8.131451664056852e-11 6.233562342386344e-09
  outer loop
    vertex 9371.597600807207 10086.079281441467 94.12686723267416
    vertex 9371.597600817895 10085.71420568269 95.84623704228659
    vertex 9371.597600820633 10086.047934790146 96.2811612827793
  endloop
endfacet
facet normal -1.0 8.131451664056852e-11 6.233562342386344e-09
  outer loop
    vertex 9371.597600807207 10086.079281441467 94.12686723267416
    vertex 9371.597600820633 10086.047934790146 96.2811612827793
    vertex 9371.597600823809 10086.257725677406 96.7876412880642
  endloop
endfacet
facet normal -1.0 8.131451664056852e-11 6.233562342386344e-09
  outer loop
    vertex 9371.597600807207 10086.079281441467 94.12686723267416
    vertex 9371.597600823809 10086.257725677406 96.7876412880642
    vertex 9371.597600810936 10086.845576531858 94.71486613628606
  endloop
endfacet
facet normal -1.0 8.131451664056852e-11 6.233562342386344e-09
  outer loop
    vertex 9371.597600810936 10086.845576531858 94.71486613628606
    vertex 9371.597600823809 10086.257725677406 96.7876412880642
    vertex 9371.597600827203 10086.329281442198 97.33116128277908
  endloop
endfacet
facet normal -1.0 8.131451664056852e-11 6.233562342386344e-09
  outer loop
    vertex 9371.597600810936 10086.845576531858 94.71486613628606
    vertex 9371.597600827203 10086.329281442198 97.33116128277908
    vertex 9371.597600843552 10086.845576531858 99.94745631706691
  endloop
endfacet
facet normal -1.0 8.131451664056852e-11 6.233562342386344e-09
  outer loop
    vertex 9371.597600810936 10086.845576531858 94.71486613628606
    vertex 9371.597600843552 10086.845576531858 99.94745631706691
    vertex 9371.597600838824 10087.433575435469 99.1811612266761
  endloop
endfacet
facet normal -1.0 8.131451664056852e-11 6.233562342386344e-09
  outer loop
    vertex 9371.597600810936 10086.845576531858 94.71486613628606
    vertex 9371.597600838824 10087.433575435469 99.1811612266761
    vertex 9371.59760081576 10087.433575435469 95.48116122667695
  endloop
endfacet
facet normal -1.0 8.131451664056852e-11 6.233562342386344e-09
  outer loop
    vertex 9371.59760081576 10087.433575435469 95.48116122667695
    vertex 9371.597600838824 10087.433575435469 99.1811612266761
    vertex 9371.597600833291 10087.803206998737 98.28879169355547
  endloop
endfacet
facet normal -1.0 8.131451664056852e-11 6.233562342386344e-09
  outer loop
    vertex 9371.59760081576 10087.433575435469 95.48116122667695
    vertex 9371.597600833291 10087.803206998737 98.28879169355547
    vertex 9371.597600821353 10087.803206998737 96.37353075979762
  endloop
endfacet
facet normal -1.0 8.131451664056852e-11 6.233562342386344e-09
  outer loop
    vertex 9371.597600821353 10087.803206998737 96.37353075979762
    vertex 9371.597600833291 10087.803206998737 98.28879169355547
    vertex 9371.597600827332 10087.929281441468 97.33116122667656
  endloop
endfacet
facet normal 2.4606058506670167e-09 0.9238795325112485 0.3826834323651819
  outer loop
    vertex 9371.59760082077 10080.655355884197 96.37353075979716
    vertex 9362.597600815237 10081.024987448196 95.48116128277915
    vertex 9362.59760082077 10080.65535588493 96.37353081589978
  endloop
endfacet
facet normal 2.4606058506670167e-09 0.9238795325112485 0.3826834323651819
  outer loop
    vertex 9362.597600815237 10081.024987448196 95.48116128277915
    vertex 9371.59760082077 10080.655355884197 96.37353075979716
    vertex 9371.59760081524 10081.024987447465 95.48116122667653
  endloop
endfacet
facet normal 8.942620161968191e-10 0.9914448613738013 0.13052619222012146
  outer loop
    vertex 9371.59760082673 10080.529281441468 97.33116122667609
    vertex 9362.59760082077 10080.65535588493 96.37353081589978
    vertex 9362.59760082673 10080.529281442197 97.33116128277871
  endloop
endfacet
facet normal 8.942620161968191e-10 0.9914448613738013 0.13052619222012146
  outer loop
    vertex 9362.59760082077 10080.65535588493 96.37353081589978
    vertex 9371.59760082673 10080.529281441468 97.33116122667609
    vertex 9371.59760082077 10080.655355884197 96.37353075979716
  endloop
endfacet
facet normal -7.33024296839247e-10 0.9914448613738182 -0.13052619221999415
  outer loop
    vertex 9371.597600832709 10080.655355884197 98.28879169355501
    vertex 9362.59760082673 10080.529281442197 97.33116128277871
    vertex 9362.59760083271 10080.65535588493 98.28879174965763
  endloop
endfacet
facet normal -7.33024296839247e-10 0.9914448613738182 -0.13052619221999415
  outer loop
    vertex 9362.59760082673 10080.529281442197 97.33116128277871
    vertex 9371.597600832709 10080.655355884197 98.28879169355501
    vertex 9371.59760082673 10080.529281441468 97.33116122667609
  endloop
endfacet
facet normal -2.310356215425532e-09 0.9238795325113116 -0.38268343236503033
  outer loop
    vertex 9371.597600838302 10081.024987447465 99.1811612266757
    vertex 9362.59760083271 10080.65535588493 98.28879174965763
    vertex 9362.597600838304 10081.024987448196 99.18116128277832
  endloop
endfacet
facet normal -2.310356215425532e-09 0.9238795325113116 -0.38268343236503033
  outer loop
    vertex 9362.59760083271 10080.65535588493 98.28879174965763
    vertex 9371.597600838302 10081.024987447465 99.1811612266757
    vertex 9371.597600832709 10080.655355884197 98.28879169355501
  endloop
endfacet
facet normal -3.730241175974551e-09 0.7933533402913022 -0.6087614290086334
  outer loop
    vertex 9371.597600843126 10081.612986351076 99.94745631706657
    vertex 9362.597600838304 10081.024987448196 99.18116128277832
    vertex 9362.597600843126 10081.612986351807 99.94745637316919
  endloop
endfacet
facet normal -3.730241175974551e-09 0.7933533402913022 -0.6087614290086334
  outer loop
    vertex 9362.597600838304 10081.024987448196 99.18116128277832
    vertex 9371.597600843126 10081.612986351076 99.94745631706657
    vertex 9371.597600838302 10081.024987447465 99.1811612266757
  endloop
endfacet
facet normal -4.895916364896748e-09 0.6087614290086903 -0.7933533402912586
  outer loop
    vertex 9371.597600843126 10081.612986351076 99.94745631706657
    vertex 9362.597600846855 10082.3792814422 100.5354552767811
    vertex 9371.597600846855 10082.379281441466 100.53545522067847
  endloop
endfacet
facet normal -4.895916364896748e-09 0.6087614290086903 -0.7933533402912586
  outer loop
    vertex 9362.597600846855 10082.3792814422 100.5354552767811
    vertex 9371.597600843126 10081.612986351076 99.94745631706657
    vertex 9362.597600843126 10081.612986351807 99.94745637316919
  endloop
endfacet
facet normal -5.727942944434493e-09 0.38268343236518204 -0.9238795325112485
  outer loop
    vertex 9371.597600846855 10082.379281441466 100.53545522067847
    vertex 9362.59760084923 10083.271650975319 100.90508684004821
    vertex 9371.59760084923 10083.271650974588 100.90508678394559
  endloop
endfacet
facet normal -5.727942944434493e-09 0.38268343236518204 -0.9238795325112485
  outer loop
    vertex 9362.59760084923 10083.271650975319 100.90508684004821
    vertex 9371.597600846855 10082.379281441466 100.53545522067847
    vertex 9362.597600846855 10082.3792814422 100.5354552767811
  endloop
endfacet
facet normal -6.169619678182868e-09 0.13052619222012152 -0.9914448613738013
  outer loop
    vertex 9371.59760084923 10083.271650974588 100.90508678394559
    vertex 9362.597600850095 10084.229281442198 101.0311612827781
    vertex 9371.597600850097 10084.229281441467 101.03116122667691
  endloop
endfacet
facet normal -6.169619678182868e-09 0.13052619222012152 -0.9914448613738013
  outer loop
    vertex 9362.597600850095 10084.229281442198 101.0311612827781
    vertex 9371.59760084923 10083.271650974588 100.90508678394559
    vertex 9362.59760084923 10083.271650975319 100.90508684004821
  endloop
endfacet
facet normal -6.190847026641587e-09 -0.13052619221999417 -0.9914448613738179
  outer loop
    vertex 9362.597600850095 10084.229281442198 101.0311612827781
    vertex 9371.597600849387 10085.186911908348 100.90508678394572
    vertex 9371.597600850097 10084.229281441467 101.03116122667691
  endloop
endfacet
facet normal -6.190847026641587e-09 -0.13052619221999417 -0.9914448613738179
  outer loop
    vertex 9371.597600849387 10085.186911908348 100.90508678394572
    vertex 9362.597600850095 10084.229281442198 101.0311612827781
    vertex 9362.597600849387 10085.186911909077 100.90508684004834
  endloop
endfacet
facet normal -5.79017838109313e-09 -0.38268343236503044 -0.9238795325113114
  outer loop
    vertex 9362.597600849387 10085.186911909077 100.90508684004834
    vertex 9371.597600847157 10086.079281441467 100.5354552206787
    vertex 9371.597600849387 10085.186911908348 100.90508678394572
  endloop
endfacet
facet normal -5.79017838109313e-09 -0.38268343236503044 -0.9238795325113114
  outer loop
    vertex 9371.597600847157 10086.079281441467 100.5354552206787
    vertex 9362.597600849387 10085.186911909077 100.90508684004834
    vertex 9362.597600847155 10086.079281442198 100.53545527678133
  endloop
endfacet
facet normal -4.994918647595543e-09 -0.6087614290086336 -0.7933533402913021
  outer loop
    vertex 9362.597600847155 10086.079281442198 100.53545527678133
    vertex 9371.597600843552 10086.845576531858 99.94745631706691
    vertex 9371.597600847157 10086.079281441467 100.5354552206787
  endloop
endfacet
facet normal -4.994918647595543e-09 -0.6087614290086336 -0.7933533402913021
  outer loop
    vertex 9371.597600843552 10086.845576531858 99.94745631706691
    vertex 9362.597600847155 10086.079281442198 100.53545527678133
    vertex 9362.597600843554 10086.845576532589 99.94745637316953
  endloop
endfacet
facet normal -3.859263462756835e-09 -0.7933533402912586 -0.6087614290086901
  outer loop
    vertex 9362.597600838824 10087.4335754362 99.18116128277872
    vertex 9371.597600843552 10086.845576531858 99.94745631706691
    vertex 9362.597600843554 10086.845576532589 99.94745637316953
  endloop
endfacet
facet normal -3.859263462756835e-09 -0.7933533402912586 -0.6087614290086901
  outer loop
    vertex 9371.597600843552 10086.845576531858 99.94745631706691
    vertex 9362.597600838824 10087.4335754362 99.18116128277872
    vertex 9371.597600838824 10087.433575435469 99.1811612266761
  endloop
endfacet
facet normal -2.4606058506670167e-09 -0.9238795325112485 -0.3826834323651819
  outer loop
    vertex 9362.597600833291 10087.803206999468 98.28879174965809
    vertex 9371.597600838824 10087.433575435469 99.1811612266761
    vertex 9362.597600838824 10087.4335754362 99.18116128277872
  endloop
endfacet
facet normal -2.4606058506670167e-09 -0.9238795325112485 -0.3826834323651819
  outer loop
    vertex 9371.597600838824 10087.433575435469 99.1811612266761
    vertex 9362.597600833291 10087.803206999468 98.28879174965809
    vertex 9371.597600833291 10087.803206998737 98.28879169355547
  endloop
endfacet
facet normal -8.942620161968191e-10 -0.9914448613738013 -0.13052619222012146
  outer loop
    vertex 9362.597600827332 10087.929281442199 97.33116128277918
    vertex 9371.597600833291 10087.803206998737 98.28879169355547
    vertex 9362.597600833291 10087.803206999468 98.28879174965809
  endloop
endfacet
facet normal -8.942620161968191e-10 -0.9914448613738013 -0.13052619222012146
  outer loop
    vertex 9371.597600833291 10087.803206998737 98.28879169355547
    vertex 9362.597600827332 10087.929281442199 97.33116128277918
    vertex 9371.597600827332 10087.929281441468 97.33116122667656
  endloop
endfacet
facet normal 7.33024296839247e-10 -0.9914448613738182 0.13052619221999415
  outer loop
    vertex 9362.597600821353 10087.803206999468 96.37353081590024
    vertex 9371.597600827332 10087.929281441468 97.33116122667656
    vertex 9362.597600827332 10087.929281442199 97.33116128277918
  endloop
endfacet
facet normal 7.33024296839247e-10 -0.9914448613738182 0.13052619221999415
  outer loop
    vertex 9371.597600827332 10087.929281441468 97.33116122667656
    vertex 9362.597600821353 10087.803206999468 96.37353081590024
    vertex 9371.597600821353 10087.803206998737 96.37353075979762
  endloop
endfacet
facet normal 2.310356215425532e-09 -0.9238795325113116 0.38268343236503033
  outer loop
    vertex 9362.59760081576 10087.4335754362 95.48116128277812
    vertex 9371.597600821353 10087.803206998737 96.37353075979762
    vertex 9362.597600821353 10087.803206999468 96.37353081590024
  endloop
endfacet
facet normal 2.310356215425532e-09 -0.9238795325113116 0.38268343236503033
  outer loop
    vertex 9371.597600821353 10087.803206998737 96.37353075979762
    vertex 9362.59760081576 10087.4335754362 95.48116128277812
    vertex 9371.59760081576 10087.433575435469 95.48116122667695
  endloop
endfacet
facet normal 3.730241175974551e-09 -0.7933533402913022 0.6087614290086334
  outer loop
    vertex 9362.597600810936 10086.845576532589 94.7148661923887
    vertex 9371.59760081576 10087.433575435469 95.48116122667695
    vertex 9362.59760081576 10087.4335754362 95.48116128277812
  endloop
endfacet
facet normal 3.730241175974551e-09 -0.7933533402913022 0.6087614290086334
  outer loop
    vertex 9371.59760081576 10087.433575435469 95.48116122667695
    vertex 9362.597600810936 10086.845576532589 94.7148661923887
    vertex 9371.597600810936 10086.845576531858 94.71486613628606
  endloop
endfacet
facet normal 4.895916364896748e-09 -0.6087614290086903 0.7933533402912586
  outer loop
    vertex 9362.597600810936 10086.845576532589 94.7148661923887
    vertex 9371.597600807207 10086.079281441467 94.12686723267416
    vertex 9371.597600810936 10086.845576531858 94.71486613628606
  endloop
endfacet
facet normal 4.895916364896748e-09 -0.6087614290086903 0.7933533402912586
  outer loop
    vertex 9371.597600807207 10086.079281441467 94.12686723267416
    vertex 9362.597600810936 10086.845576532589 94.7148661923887
    vertex 9362.597600807208 10086.079281442198 94.12686728877678
  endloop
endfacet
facet normal 5.727942944434493e-09 -0.38268343236518204 0.9238795325112485
  outer loop
    vertex 9362.597600807208 10086.079281442198 94.12686728877678
    vertex 9371.597600804831 10085.186911908348 93.75723566940704
    vertex 9371.597600807207 10086.079281441467 94.12686723267416
  endloop
endfacet
facet normal 5.727942944434493e-09 -0.38268343236518204 0.9238795325112485
  outer loop
    vertex 9371.597600804831 10085.186911908348 93.75723566940704
    vertex 9362.597600807208 10086.079281442198 94.12686728877678
    vertex 9362.597600804831 10085.186911909077 93.75723572550966
  endloop
endfacet
facet normal 6.169619678182868e-09 -0.13052619222012152 0.9914448613738013
  outer loop
    vertex 9362.597600804831 10085.186911909077 93.75723572550966
    vertex 9371.597600803967 10084.229281441467 93.63116122667716
    vertex 9371.597600804831 10085.186911908348 93.75723566940704
  endloop
endfacet
facet normal 6.169619678182868e-09 -0.13052619222012152 0.9914448613738013
  outer loop
    vertex 9371.597600803967 10084.229281441467 93.63116122667716
    vertex 9362.597600804831 10085.186911909077 93.75723572550966
    vertex 9362.597600803967 10084.229281442198 93.63116128277834
  endloop
endfacet
facet normal 6.190847026641587e-09 0.13052619221999417 0.9914448613738179
  outer loop
    vertex 9371.597600803967 10084.229281441467 93.63116122667716
    vertex 9362.597600804675 10083.271650975319 93.75723572550953
    vertex 9371.597600804675 10083.271650974588 93.75723566940691
  endloop
endfacet
facet normal 6.190847026641587e-09 0.13052619221999417 0.9914448613738179
  outer loop
    vertex 9362.597600804675 10083.271650975319 93.75723572550953
    vertex 9371.597600803967 10084.229281441467 93.63116122667716
    vertex 9362.597600803967 10084.229281442198 93.63116128277834
  endloop
endfacet
facet normal 5.79017838109313e-09 0.38268343236503044 0.9238795325113114
  outer loop
    vertex 9371.597600804675 10083.271650974588 93.75723566940691
    vertex 9362.597600806906 10082.3792814422 94.12686728877654
    vertex 9371.597600806906 10082.379281441466 94.12686723267392
  endloop
endfacet
facet normal 5.79017838109313e-09 0.38268343236503044 0.9238795325113114
  outer loop
    vertex 9362.597600806906 10082.3792814422 94.12686728877654
    vertex 9371.597600804675 10083.271650974588 93.75723566940691
    vertex 9362.597600804675 10083.271650975319 93.75723572550953
  endloop
endfacet
facet normal 4.994918647595543e-09 0.6087614290086336 0.7933533402913021
  outer loop
    vertex 9371.597600806906 10082.379281441466 94.12686723267392
    vertex 9362.59760081051 10081.612986351807 94.71486619238836
    vertex 9371.59760081051 10081.612986351076 94.71486613628574
  endloop
endfacet
facet normal 4.994918647595543e-09 0.6087614290086336 0.7933533402913021
  outer loop
    vertex 9362.59760081051 10081.612986351807 94.71486619238836
    vertex 9371.597600806906 10082.379281441466 94.12686723267392
    vertex 9362.597600806906 10082.3792814422 94.12686728877654
  endloop
endfacet
facet normal 3.859263462756835e-09 0.7933533402912586 0.6087614290086901
  outer loop
    vertex 9371.59760081524 10081.024987447465 95.48116122667653
    vertex 9362.59760081051 10081.612986351807 94.71486619238836
    vertex 9362.597600815237 10081.024987448196 95.48116128277915
  endloop
endfacet
facet normal 3.859263462756835e-09 0.7933533402912586 0.6087614290086901
  outer loop
    vertex 9362.59760081051 10081.612986351807 94.71486619238836
    vertex 9371.59760081524 10081.024987447465 95.48116122667653
    vertex 9371.59760081051 10081.612986351076 94.71486613628574
  endloop
endfacet
facet normal 1.0 6.014622032177677e-11 -7.168643916283553e-09
  outer loop
    vertex 9389.59760075747 10082.179281441597 93.78045719894814
    vertex 9389.597600782927 10082.129281442138 97.33116128994739
    vertex 9389.597600783047 10080.129281441597 97.33116135446447
  endloop
endfacet
facet normal 1.0 6.014622032177677e-11 -7.168643916283553e-09
  outer loop
    vertex 9389.597600782927 10082.129281442138 97.33116128994739
    vertex 9389.59760075747 10082.179281441597 93.78045719894814
    vertex 9389.597600779025 10082.200837206932 96.78764129523252
  endloop
endfacet
facet normal 1.0 6.014622032177677e-11 -7.168643916283553e-09
  outer loop
    vertex 9389.597600779025 10082.200837206932 96.78764129523252
    vertex 9389.59760075747 10082.179281441597 93.78045719894814
    vertex 9389.597600775383 10082.41062809419 96.28116128994763
  endloop
endfacet
facet normal 1.0 6.014622032177677e-11 -7.168643916283553e-09
  outer loop
    vertex 9389.597600775383 10082.41062809419 96.28116128994763
    vertex 9389.59760075747 10082.179281441597 93.78045719894814
    vertex 9389.597600772246 10082.744357201647 95.84623704945497
  endloop
endfacet
facet normal 1.0 6.014622032177677e-11 -7.168643916283553e-09
  outer loop
    vertex 9389.597600772246 10082.744357201647 95.84623704945497
    vertex 9389.59760075747 10082.179281441597 93.78045719894814
    vertex 9389.597600769826 10083.179281442139 95.5125079420005
  endloop
endfacet
facet normal 1.0 6.014622032177677e-11 -7.168643916283553e-09
  outer loop
    vertex 9389.597600769826 10083.179281442139 95.5125079420005
    vertex 9389.59760075747 10082.179281441597 93.78045719894814
    vertex 9389.597600757224 10086.279281441597 93.78045719894841
  endloop
endfacet
facet normal 1.0 6.014622032177677e-11 -7.168643916283553e-09
  outer loop
    vertex 9389.597600769826 10083.179281442139 95.5125079420005
    vertex 9389.597600757224 10086.279281441597 93.78045719894841
    vertex 9389.597600768291 10083.685761447423 95.30271705474017
  endloop
endfacet
facet normal 1.0 6.014622032177677e-11 -7.168643916283553e-09
  outer loop
    vertex 9389.597600768291 10083.685761447423 95.30271705474017
    vertex 9389.597600757224 10086.279281441597 93.78045719894841
    vertex 9389.597600767745 10084.229281442138 95.231161289948
  endloop
endfacet
facet normal 1.0 6.014622032177677e-11 -7.168643916283553e-09
  outer loop
    vertex 9389.597600767745 10084.229281442138 95.231161289948
    vertex 9389.597600757224 10086.279281441597 93.78045719894841
    vertex 9389.597600768227 10084.772801436855 95.30271705474024
  endloop
endfacet
facet normal 1.0 6.014622032177677e-11 -7.168643916283553e-09
  outer loop
    vertex 9389.597600768227 10084.772801436855 95.30271705474024
    vertex 9389.597600757224 10086.279281441597 93.78045719894841
    vertex 9389.597600769699 10085.279281442137 95.51250794200062
  endloop
endfacet
facet normal 1.0 6.014622032177677e-11 -7.168643916283553e-09
  outer loop
    vertex 9389.597600769699 10085.279281442137 95.51250794200062
    vertex 9389.597600757224 10086.279281441597 93.78045719894841
    vertex 9389.597600772066 10085.71420568263 95.84623704945517
  endloop
endfacet
facet normal 1.0 6.014622032177677e-11 -7.168643916283553e-09
  outer loop
    vertex 9389.597600772066 10085.71420568263 95.84623704945517
    vertex 9389.597600757224 10086.279281441597 93.78045719894841
    vertex 9389.597600775163 10086.047934790085 96.28116128994787
  endloop
endfacet
facet normal 1.0 6.014622032177677e-11 -7.168643916283553e-09
  outer loop
    vertex 9389.597600775163 10086.047934790085 96.28116128994787
    vertex 9389.597600757224 10086.279281441597 93.78045719894841
    vertex 9389.597600778781 10086.257725677346 96.78764129523277
  endloop
endfacet
facet normal 1.0 6.014622032177677e-11 -7.168643916283553e-09
  outer loop
    vertex 9389.597600778781 10086.257725677346 96.78764129523277
    vertex 9389.597600757224 10086.279281441597 93.78045719894841
    vertex 9389.597600782674 10086.329281442138 97.33116128994766
  endloop
endfacet
facet normal 1.0 6.014622032177677e-11 -7.168643916283553e-09
  outer loop
    vertex 9389.597600782674 10086.329281442138 97.33116128994766
    vertex 9389.597600757224 10086.279281441597 93.78045719894841
    vertex 9389.597600782554 10088.329281441596 97.33116135446501
  endloop
endfacet
facet normal 1.0 6.014622032177677e-11 -7.168643916283553e-09
  outer loop
    vertex 9389.597600782927 10082.129281442138 97.33116128994739
    vertex 9389.597600808376 10082.179281441597 100.88186550998107
    vertex 9389.597600783047 10080.129281441597 97.33116135446447
  endloop
endfacet
facet normal 1.0 6.014622032177677e-11 -7.168643916283553e-09
  outer loop
    vertex 9389.597600808376 10082.179281441597 100.88186550998107
    vertex 9389.597600782927 10082.129281442138 97.33116128994739
    vertex 9389.59760078682 10082.20083720693 97.87468128466226
  endloop
endfacet
facet normal 1.0 6.014622032177677e-11 -7.168643916283553e-09
  outer loop
    vertex 9389.597600808376 10082.179281441597 100.88186550998107
    vertex 9389.59760078682 10082.20083720693 97.87468128466226
    vertex 9389.597600790437 10082.41062809419 98.38116128994716
  endloop
endfacet
facet normal 1.0 6.014622032177677e-11 -7.168643916283553e-09
  outer loop
    vertex 9389.597600808376 10082.179281441597 100.88186550998107
    vertex 9389.597600790437 10082.41062809419 98.38116128994716
    vertex 9389.597600793535 10082.744357201647 98.81608553043841
  endloop
endfacet
facet normal 1.0 6.014622032177677e-11 -7.168643916283553e-09
  outer loop
    vertex 9389.597600808376 10082.179281441597 100.88186550998107
    vertex 9389.597600793535 10082.744357201647 98.81608553043841
    vertex 9389.597600795902 10083.179281442139 99.14981463789442
  endloop
endfacet
facet normal 1.0 6.014622032177677e-11 -7.168643916283553e-09
  outer loop
    vertex 9389.597600808376 10082.179281441597 100.88186550998107
    vertex 9389.597600795902 10083.179281442139 99.14981463789442
    vertex 9389.59760080813 10086.279281441597 100.88186550998132
  endloop
endfacet
facet normal 1.0 6.014622032177677e-11 -7.168643916283553e-09
  outer loop
    vertex 9389.59760080813 10086.279281441597 100.88186550998132
    vertex 9389.597600795902 10083.179281442139 99.14981463789442
    vertex 9389.597600797375 10083.685761447423 99.3596055251548
  endloop
endfacet
facet normal 1.0 6.014622032177677e-11 -7.168643916283553e-09
  outer loop
    vertex 9389.59760080813 10086.279281441597 100.88186550998132
    vertex 9389.597600797375 10083.685761447423 99.3596055251548
    vertex 9389.597600797853 10084.229281442138 99.43116128994704
  endloop
endfacet
facet normal 1.0 6.014622032177677e-11 -7.168643916283553e-09
  outer loop
    vertex 9389.59760080813 10086.279281441597 100.88186550998132
    vertex 9389.597600797853 10084.229281442138 99.43116128994704
    vertex 9389.597600797308 10084.772801436855 99.35960552515488
  endloop
endfacet
facet normal 1.0 6.014622032177677e-11 -7.168643916283553e-09
  outer loop
    vertex 9389.59760080813 10086.279281441597 100.88186550998132
    vertex 9389.597600797308 10084.772801436855 99.35960552515488
    vertex 9389.597600795774 10085.279281442137 99.14981463789455
  endloop
endfacet
facet normal 1.0 6.014622032177677e-11 -7.168643916283553e-09
  outer loop
    vertex 9389.59760080813 10086.279281441597 100.88186550998132
    vertex 9389.597600795774 10085.279281442137 99.14981463789455
    vertex 9389.597600793355 10085.71420568263 98.81608553043861
  endloop
endfacet
facet normal 1.0 6.014622032177677e-11 -7.168643916283553e-09
  outer loop
    vertex 9389.59760080813 10086.279281441597 100.88186550998132
    vertex 9389.597600793355 10085.71420568263 98.81608553043861
    vertex 9389.597600790217 10086.047934790085 98.3811612899474
  endloop
endfacet
facet normal 1.0 6.014622032177677e-11 -7.168643916283553e-09
  outer loop
    vertex 9389.59760080813 10086.279281441597 100.88186550998132
    vertex 9389.597600790217 10086.047934790085 98.3811612899474
    vertex 9389.597600786576 10086.257725677346 97.87468128466251
  endloop
endfacet
facet normal 1.0 6.014622032177677e-11 -7.168643916283553e-09
  outer loop
    vertex 9389.59760080813 10086.279281441597 100.88186550998132
    vertex 9389.597600786576 10086.257725677346 97.87468128466251
    vertex 9389.597600782674 10086.329281442138 97.33116128994766
  endloop
endfacet
facet normal 1.0 6.014622032177677e-11 -7.168643916283553e-09
  outer loop
    vertex 9389.59760080813 10086.279281441597 100.88186550998132
    vertex 9389.597600782674 10086.329281442138 97.33116128994766
    vertex 9389.597600782554 10088.329281441596 97.33116135446501
  endloop
endfacet
facet normal 5.7901767104142405e-09 0.3826834323650237 0.9238795325113143
  outer loop
    vertex 9375.797601168273 10083.685761447141 95.30271702139075
    vertex 9371.597600815609 10083.179281442199 95.51250793483192
    vertex 9375.79760116954 10083.179281441859 95.51250790865107
  endloop
endfacet
facet normal 5.7901767104142405e-09 0.3826834323650237 0.9238795325113143
  outer loop
    vertex 9371.597600815609 10083.179281442199 95.51250793483192
    vertex 9375.797601168273 10083.685761447141 95.30271702139075
    vertex 9371.597600814343 10083.685761447483 95.30271704757159
  endloop
endfacet
facet normal 4.994916942104995e-09 0.6087614290087577 0.7933533402912067
  outer loop
    vertex 9375.79760116954 10083.179281441859 95.51250790865107
    vertex 9371.597600817655 10082.744357201707 95.84623704228639
    vertex 9375.797601171585 10082.744357201365 95.84623701610556
  endloop
endfacet
facet normal 4.994916942104995e-09 0.6087614290087577 0.7933533402912067
  outer loop
    vertex 9371.597600817655 10082.744357201707 95.84623704228639
    vertex 9375.79760116954 10083.179281441859 95.51250790865107
    vertex 9371.597600815609 10083.179281442199 95.51250793483192
  endloop
endfacet
facet normal 3.859261838682696e-09 0.7933533402911896 0.6087614290087799
  outer loop
    vertex 9375.797601174268 10082.41062809391 96.28116125659821
    vertex 9371.597600817655 10082.744357201707 95.84623704228639
    vertex 9371.597600820338 10082.410628094252 96.28116128277905
  endloop
endfacet
facet normal 3.859261838682696e-09 0.7933533402911896 0.6087614290087799
  outer loop
    vertex 9371.597600817655 10082.744357201707 95.84623704228639
    vertex 9375.797601174268 10082.41062809391 96.28116125659821
    vertex 9375.797601171585 10082.744357201365 95.84623701610556
  endloop
endfacet
facet normal 2.4606044186857124e-09 0.9238795325112411 0.3826834323652003
  outer loop
    vertex 9375.797601177408 10082.20083720665 96.78764126188165
    vertex 9371.597600820338 10082.410628094252 96.28116128277905
    vertex 9371.597600823477 10082.20083720699 96.78764128806394
  endloop
endfacet
facet normal 2.4606044186857124e-09 0.9238795325112411 0.3826834323652003
  outer loop
    vertex 9371.597600820338 10082.410628094252 96.28116128277905
    vertex 9375.797601177408 10082.20083720665 96.78764126188165
    vertex 9375.797601174268 10082.41062809391 96.28116125659821
  endloop
endfacet
facet normal 8.942608738954673e-10 0.9914448613738092 0.13052619222006126
  outer loop
    vertex 9375.797601180791 10082.129281441858 97.33116125659797
    vertex 9371.597600823477 10082.20083720699 96.78764128806394
    vertex 9371.59760082686 10082.1292814422 97.33116128277881
  endloop
endfacet
facet normal 8.942608738954673e-10 0.9914448613738092 0.13052619222006126
  outer loop
    vertex 9371.597600823477 10082.20083720699 96.78764128806394
    vertex 9375.797601180791 10082.129281441858 97.33116125659797
    vertex 9375.797601177408 10082.20083720665 96.78764126188165
  endloop
endfacet
facet normal -7.330250716134827e-10 0.991444861373826 -0.13052619221993395
  outer loop
    vertex 9375.797601184184 10082.20083720665 97.87468125131284
    vertex 9371.59760082686 10082.1292814422 97.33116128277881
    vertex 9371.597600830255 10082.20083720699 97.87468127749368
  endloop
endfacet
facet normal -7.330250716134827e-10 0.991444861373826 -0.13052619221993395
  outer loop
    vertex 9371.59760082686 10082.1292814422 97.33116128277881
    vertex 9375.797601184184 10082.20083720665 97.87468125131284
    vertex 9375.797601180791 10082.129281441858 97.33116125659797
  endloop
endfacet
facet normal -2.3103565698744903e-09 0.9238795325112902 -0.3826834323650816
  outer loop
    vertex 9375.79760118736 10082.41062809391 98.38116125659774
    vertex 9371.597600830255 10082.20083720699 97.87468127749368
    vertex 9371.59760083343 10082.410628094252 98.38116128277858
  endloop
endfacet
facet normal -2.3103565698744903e-09 0.9238795325112902 -0.3826834323650816
  outer loop
    vertex 9371.597600830255 10082.20083720699 97.87468127749368
    vertex 9375.79760118736 10082.41062809391 98.38116125659774
    vertex 9375.797601184184 10082.20083720665 97.87468125131284
  endloop
endfacet
facet normal -3.730241085942401e-09 0.7933533402912679 -0.6087614290086781
  outer loop
    vertex 9375.797601190097 10082.744357201365 98.816085497089
    vertex 9371.59760083343 10082.410628094252 98.38116128277858
    vertex 9371.597600836167 10082.744357201707 98.81608552326983
  endloop
endfacet
facet normal -3.730241085942401e-09 0.7933533402912679 -0.6087614290086781
  outer loop
    vertex 9371.59760083343 10082.410628094252 98.38116128277858
    vertex 9375.797601190097 10082.744357201365 98.816085497089
    vertex 9375.79760118736 10082.41062809391 98.38116125659774
  endloop
endfacet
facet normal -4.895915836518381e-09 0.6087614290087802 -0.7933533402911896
  outer loop
    vertex 9375.797601190097 10082.744357201365 98.816085497089
    vertex 9371.597600838282 10083.179281442199 99.14981463072584
    vertex 9375.797601192213 10083.179281441859 99.149814604545
  endloop
endfacet
facet normal -4.895915836518381e-09 0.6087614290087802 -0.7933533402911896
  outer loop
    vertex 9371.597600838282 10083.179281442199 99.14981463072584
    vertex 9375.797601190097 10082.744357201365 98.816085497089
    vertex 9371.597600836167 10082.744357201707 98.81608552326983
  endloop
endfacet
facet normal -5.727942013719093e-09 0.38268343236520036 -0.9238795325112409
  outer loop
    vertex 9375.797601192213 10083.179281441859 99.149814604545
    vertex 9371.59760083963 10083.685761447483 99.35960551798622
    vertex 9375.79760119356 10083.685761447141 99.35960549180538
  endloop
endfacet
facet normal -5.727942013719093e-09 0.38268343236520036 -0.9238795325112409
  outer loop
    vertex 9371.59760083963 10083.685761447483 99.35960551798622
    vertex 9375.797601192213 10083.179281441859 99.149814604545
    vertex 9371.597600838282 10083.179281442199 99.14981463072584
  endloop
endfacet
facet normal -6.169618408556863e-09 0.13052619222006132 -0.9914448613738092
  outer loop
    vertex 9375.79760119356 10083.685761447141 99.35960549180538
    vertex 9371.597600840121 10084.229281442198 99.43116128277846
    vertex 9375.797601194052 10084.229281441858 99.43116125659762
  endloop
endfacet
facet normal -6.169618408556863e-09 0.13052619222006132 -0.9914448613738092
  outer loop
    vertex 9371.597600840121 10084.229281442198 99.43116128277846
    vertex 9375.79760119356 10083.685761447141 99.35960549180538
    vertex 9371.59760083963 10083.685761447483 99.35960551798622
  endloop
endfacet
facet normal -6.190845504627785e-09 -0.130526192219934 -0.991444861373826
  outer loop
    vertex 9371.597600840121 10084.229281442198 99.43116128277846
    vertex 9375.79760119365 10084.772801436573 99.35960549180545
    vertex 9375.797601194052 10084.229281441858 99.43116125659762
  endloop
endfacet
facet normal -6.190845504627785e-09 -0.130526192219934 -0.991444861373826
  outer loop
    vertex 9375.79760119365 10084.772801436573 99.35960549180545
    vertex 9371.597600840121 10084.229281442198 99.43116128277846
    vertex 9371.59760083972 10084.772801436913 99.3596055179863
  endloop
endfacet
facet normal -5.7901767104142405e-09 -0.3826834323650237 -0.9238795325113143
  outer loop
    vertex 9371.59760083972 10084.772801436913 99.3596055179863
    vertex 9375.797601192384 10085.279281441857 99.14981460454513
    vertex 9375.79760119365 10084.772801436573 99.35960549180545
  endloop
endfacet
facet normal -5.7901767104142405e-09 -0.3826834323650237 -0.9238795325113143
  outer loop
    vertex 9375.797601192384 10085.279281441857 99.14981460454513
    vertex 9371.59760083972 10084.772801436913 99.3596055179863
    vertex 9371.597600838453 10085.2792814422 99.14981463072597
  endloop
endfacet
facet normal -4.994916942104995e-09 -0.6087614290087577 -0.7933533402912067
  outer loop
    vertex 9371.597600838453 10085.2792814422 99.14981463072597
    vertex 9375.79760119034 10085.714205682349 98.81608549708919
    vertex 9375.797601192384 10085.279281441857 99.14981460454513
  endloop
endfacet
facet normal -4.994916942104995e-09 -0.6087614290087577 -0.7933533402912067
  outer loop
    vertex 9375.79760119034 10085.714205682349 98.81608549708919
    vertex 9371.597600838453 10085.2792814422 99.14981463072597
    vertex 9371.597600836409 10085.71420568269 98.81608552327003
  endloop
endfacet
facet normal -3.859261838682696e-09 -0.7933533402911896 -0.6087614290087799
  outer loop
    vertex 9371.597600833724 10086.047934790146 98.38116128277882
    vertex 9375.79760119034 10085.714205682349 98.81608549708919
    vertex 9371.597600836409 10085.71420568269 98.81608552327003
  endloop
endfacet
facet normal -3.859261838682696e-09 -0.7933533402911896 -0.6087614290087799
  outer loop
    vertex 9375.79760119034 10085.714205682349 98.81608549708919
    vertex 9371.597600833724 10086.047934790146 98.38116128277882
    vertex 9375.797601187654 10086.047934789805 98.38116125659798
  endloop
endfacet
facet normal -2.4606044186857124e-09 -0.9238795325112411 -0.3826834323652003
  outer loop
    vertex 9371.597600830584 10086.257725677406 97.87468127749393
    vertex 9375.797601187654 10086.047934789805 98.38116125659798
    vertex 9371.597600833724 10086.047934790146 98.38116128277882
  endloop
endfacet
facet normal -2.4606044186857124e-09 -0.9238795325112411 -0.3826834323652003
  outer loop
    vertex 9375.797601187654 10086.047934789805 98.38116125659798
    vertex 9371.597600830584 10086.257725677406 97.87468127749393
    vertex 9375.797601184515 10086.257725677066 97.87468125131309
  endloop
endfacet
facet normal -8.942608738954673e-10 -0.9914448613738092 -0.13052619222006126
  outer loop
    vertex 9371.597600827203 10086.329281442198 97.33116128277908
    vertex 9375.797601184515 10086.257725677066 97.87468125131309
    vertex 9371.597600830584 10086.257725677406 97.87468127749393
  endloop
endfacet
facet normal -8.942608738954673e-10 -0.9914448613738092 -0.13052619222006126
  outer loop
    vertex 9375.797601184515 10086.257725677066 97.87468125131309
    vertex 9371.597600827203 10086.329281442198 97.33116128277908
    vertex 9375.797601181132 10086.329281441856 97.33116125659824
  endloop
endfacet
facet normal 7.330250716134827e-10 -0.991444861373826 0.13052619221993395
  outer loop
    vertex 9371.597600823809 10086.257725677406 96.7876412880642
    vertex 9375.797601181132 10086.329281441856 97.33116125659824
    vertex 9371.597600827203 10086.329281442198 97.33116128277908
  endloop
endfacet
facet normal 7.330250716134827e-10 -0.991444861373826 0.13052619221993395
  outer loop
    vertex 9375.797601181132 10086.329281441856 97.33116125659824
    vertex 9371.597600823809 10086.257725677406 96.7876412880642
    vertex 9375.79760117774 10086.257725677066 96.78764126188192
  endloop
endfacet
facet normal 2.310356569874128e-09 -0.9238795325113143 0.3826834323650235
  outer loop
    vertex 9371.597600820633 10086.047934790146 96.2811612827793
    vertex 9375.79760117774 10086.257725677066 96.78764126188192
    vertex 9371.597600823809 10086.257725677406 96.7876412880642
  endloop
endfacet
facet normal 2.310356569874128e-09 -0.9238795325113143 0.3826834323650235
  outer loop
    vertex 9375.79760117774 10086.257725677066 96.78764126188192
    vertex 9371.597600820633 10086.047934790146 96.2811612827793
    vertex 9375.797601174563 10086.047934789805 96.28116125659845
  endloop
endfacet
facet normal 3.730241085942904e-09 -0.7933533402912069 0.6087614290087575
  outer loop
    vertex 9371.597600817895 10085.71420568269 95.84623704228659
    vertex 9375.797601174563 10086.047934789805 96.28116125659845
    vertex 9371.597600820633 10086.047934790146 96.2811612827793
  endloop
endfacet
facet normal 3.730241085942904e-09 -0.7933533402912069 0.6087614290087575
  outer loop
    vertex 9375.797601174563 10086.047934789805 96.28116125659845
    vertex 9371.597600817895 10085.71420568269 95.84623704228659
    vertex 9375.797601171826 10085.714205682349 95.84623701610575
  endloop
endfacet
facet normal 4.895915836518381e-09 -0.6087614290087802 0.7933533402911896
  outer loop
    vertex 9371.597600817895 10085.71420568269 95.84623704228659
    vertex 9375.79760116971 10085.279281441857 95.5125079086512
    vertex 9375.797601171826 10085.714205682349 95.84623701610575
  endloop
endfacet
facet normal 4.895915836518381e-09 -0.6087614290087802 0.7933533402911896
  outer loop
    vertex 9375.79760116971 10085.279281441857 95.5125079086512
    vertex 9371.597600817895 10085.71420568269 95.84623704228659
    vertex 9371.597600815781 10085.2792814422 95.51250793483204
  endloop
endfacet
facet normal 5.727942013719093e-09 -0.38268343236520036 0.9238795325112409
  outer loop
    vertex 9371.597600815781 10085.2792814422 95.51250793483204
    vertex 9375.79760116836 10084.772801436573 95.30271702139082
    vertex 9375.79760116971 10085.279281441857 95.5125079086512
  endloop
endfacet
facet normal 5.727942013719093e-09 -0.38268343236520036 0.9238795325112409
  outer loop
    vertex 9375.79760116836 10084.772801436573 95.30271702139082
    vertex 9371.597600815781 10085.2792814422 95.51250793483204
    vertex 9371.59760081443 10084.772801436913 95.30271704757166
  endloop
endfacet
facet normal 6.169618408556863e-09 -0.13052619222006132 0.9914448613738092
  outer loop
    vertex 9371.59760081443 10084.772801436913 95.30271704757166
    vertex 9375.797601167871 10084.229281441858 95.23116125659713
    vertex 9375.79760116836 10084.772801436573 95.30271702139082
  endloop
endfacet
facet normal 6.169618408556863e-09 -0.13052619222006132 0.9914448613738092
  outer loop
    vertex 9375.797601167871 10084.229281441858 95.23116125659713
    vertex 9371.59760081443 10084.772801436913 95.30271704757166
    vertex 9371.59760081394 10084.229281442198 95.23116128277942
  endloop
endfacet
facet normal 6.190845504627785e-09 0.130526192219934 0.991444861373826
  outer loop
    vertex 9375.797601167871 10084.229281441858 95.23116125659713
    vertex 9371.597600814343 10083.685761447483 95.30271704757159
    vertex 9375.797601168273 10083.685761447141 95.30271702139075
  endloop
endfacet
facet normal 6.190845504627785e-09 0.130526192219934 0.991444861373826
  outer loop
    vertex 9371.597600814343 10083.685761447483 95.30271704757159
    vertex 9375.797601167871 10084.229281441858 95.23116125659713
    vertex 9371.59760081394 10084.229281442198 95.23116128277942
  endloop
endfacet
facet normal -4.411714419429781e-09 0.7933533402912679 -0.6087614290086781
  outer loop
    vertex 9389.597600793535 10082.744357201647 98.81608553043841
    vertex 9386.397601189856 10082.410628094 98.38116131288662
    vertex 9386.397601192954 10082.744357201454 98.81608555337787
  endloop
endfacet
facet normal -4.411714419429781e-09 0.7933533402912679 -0.6087614290086781
  outer loop
    vertex 9386.397601189856 10082.410628094 98.38116131288662
    vertex 9389.597600793535 10082.744357201647 98.81608553043841
    vertex 9389.597600790437 10082.41062809419 98.38116128994716
  endloop
endfacet
facet normal -2.798892778408896e-09 0.9238795325112902 -0.3826834323650816
  outer loop
    vertex 9389.597600790437 10082.41062809419 98.38116128994716
    vertex 9386.397601186238 10082.20083720674 97.87468130760172
    vertex 9386.397601189856 10082.410628094 98.38116131288662
  endloop
endfacet
facet normal -2.798892778408896e-09 0.9238795325112902 -0.3826834323650816
  outer loop
    vertex 9386.397601186238 10082.20083720674 97.87468130760172
    vertex 9389.597600790437 10082.41062809419 98.38116128994716
    vertex 9389.59760078682 10082.20083720693 97.87468128466226
  endloop
endfacet
facet normal -9.953312199274242e-10 0.991444861373826 -0.13052619221993395
  outer loop
    vertex 9389.59760078682 10082.20083720693 97.87468128466226
    vertex 9386.397601182347 10082.129281441947 97.33116131288685
    vertex 9386.397601186238 10082.20083720674 97.87468130760172
  endloop
endfacet
facet normal -9.953312199274242e-10 0.991444861373826 -0.13052619221993395
  outer loop
    vertex 9386.397601182347 10082.129281441947 97.33116131288685
    vertex 9389.59760078682 10082.20083720693 97.87468128466226
    vertex 9389.597600782927 10082.129281442138 97.33116128994739
  endloop
endfacet
facet normal 8.760605163279882e-10 0.9914448613738092 0.13052619222006126
  outer loop
    vertex 9389.597600782927 10082.129281442138 97.33116128994739
    vertex 9386.397601178445 10082.20083720674 96.78764131817198
    vertex 9386.397601182347 10082.129281441947 97.33116131288685
  endloop
endfacet
facet normal 8.760605163279882e-10 0.9914448613738092 0.13052619222006126
  outer loop
    vertex 9386.397601178445 10082.20083720674 96.78764131817198
    vertex 9389.597600782927 10082.129281442138 97.33116128994739
    vertex 9389.597600779025 10082.200837206932 96.78764129523252
  endloop
endfacet
facet normal 2.6877501761551867e-09 0.9238795325112651 0.3826834323651422
  outer loop
    vertex 9389.597600779025 10082.200837206932 96.78764129523252
    vertex 9386.397601174802 10082.410628094 96.2811613128871
    vertex 9386.397601178445 10082.20083720674 96.78764131817198
  endloop
endfacet
facet normal 2.6877501761551867e-09 0.9238795325112651 0.3826834323651422
  outer loop
    vertex 9386.397601174802 10082.410628094 96.2811613128871
    vertex 9389.597600779025 10082.200837206932 96.78764129523252
    vertex 9389.597600775383 10082.41062809419 96.28116128994763
  endloop
endfacet
facet normal 4.316274103194932e-09 0.7933533402911288 0.6087614290088594
  outer loop
    vertex 9389.597600775383 10082.41062809419 96.28116128994763
    vertex 9386.397601171664 10082.744357201454 95.84623707239443
    vertex 9386.397601174802 10082.410628094 96.2811613128871
  endloop
endfacet
facet normal 4.316274103194932e-09 0.7933533402911288 0.6087614290088594
  outer loop
    vertex 9386.397601171664 10082.744357201454 95.84623707239443
    vertex 9389.597600775383 10082.41062809419 96.28116128994763
    vertex 9389.597600772246 10082.744357201647 95.84623704945497
  endloop
endfacet
facet normal 5.650651083080839e-09 0.6087614290086782 0.7933533402912678
  outer loop
    vertex 9389.597600769826 10083.179281442139 95.5125079420005
    vertex 9386.397601171664 10082.744357201454 95.84623707239443
    vertex 9389.597600772246 10082.744357201647 95.84623704945497
  endloop
endfacet
facet normal 5.650651083080839e-09 0.6087614290086782 0.7933533402912678
  outer loop
    vertex 9386.397601171664 10082.744357201454 95.84623707239443
    vertex 9389.597600769826 10083.179281442139 95.5125079420005
    vertex 9386.397601169245 10083.179281441946 95.51250796493994
  endloop
endfacet
facet normal 6.599945529797789e-09 0.38268343236508184 0.9238795325112902
  outer loop
    vertex 9389.597600768291 10083.685761447423 95.30271705474017
    vertex 9386.397601169245 10083.179281441946 95.51250796493994
    vertex 9389.597600769826 10083.179281442139 95.5125079420005
  endloop
endfacet
facet normal 6.599945529797789e-09 0.38268343236508184 0.9238795325112902
  outer loop
    vertex 9386.397601169245 10083.179281441946 95.51250796493994
    vertex 9389.597600768291 10083.685761447423 95.30271705474017
    vertex 9386.39760116771 10083.68576144723 95.30271707767963
  endloop
endfacet
facet normal 7.0994645955850124e-09 0.130526192219934 0.991444861373826
  outer loop
    vertex 9389.597600767745 10084.229281442138 95.231161289948
    vertex 9386.39760116771 10083.68576144723 95.30271707767963
    vertex 9389.597600768291 10083.685761447423 95.30271705474017
  endloop
endfacet
facet normal 7.0994645955850124e-09 0.130526192219934 0.991444861373826
  outer loop
    vertex 9386.39760116771 10083.68576144723 95.30271707767963
    vertex 9389.597600767745 10084.229281442138 95.231161289948
    vertex 9386.397601167166 10084.229281441945 95.23116131288745
  endloop
endfacet
facet normal 7.115166881602876e-09 -0.13052619222006132 0.9914448613738092
  outer loop
    vertex 9386.397601167646 10084.77280143666 95.3027170776797
    vertex 9389.597600767745 10084.229281442138 95.231161289948
    vertex 9389.597600768227 10084.772801436855 95.30271705474024
  endloop
endfacet
facet normal 7.115166881602876e-09 -0.13052619222006132 0.9914448613738092
  outer loop
    vertex 9389.597600767745 10084.229281442138 95.231161289948
    vertex 9386.397601167646 10084.77280143666 95.3027170776797
    vertex 9386.397601167166 10084.229281441945 95.23116131288745
  endloop
endfacet
facet normal 6.6459823030087145e-09 -0.38268343236514224 0.923879532511265
  outer loop
    vertex 9386.39760116912 10085.279281441946 95.51250796494008
    vertex 9389.597600768227 10084.772801436855 95.30271705474024
    vertex 9389.597600769699 10085.279281442137 95.51250794200062
  endloop
endfacet
facet normal 6.6459823030087145e-09 -0.38268343236514224 0.923879532511265
  outer loop
    vertex 9389.597600768227 10084.772801436855 95.30271705474024
    vertex 9386.39760116912 10085.279281441946 95.51250796494008
    vertex 9386.397601167646 10084.77280143666 95.3027170776797
  endloop
endfacet
facet normal 5.7238850134690905e-09 -0.6087614290088595 0.7933533402911286
  outer loop
    vertex 9386.397601171486 10085.714205682438 95.84623707239463
    vertex 9389.597600769699 10085.279281442137 95.51250794200062
    vertex 9389.597600772066 10085.71420568263 95.84623704945517
  endloop
endfacet
facet normal 5.7238850134690905e-09 -0.6087614290088595 0.7933533402911286
  outer loop
    vertex 9389.597600769699 10085.279281442137 95.51250794200062
    vertex 9386.397601171486 10085.714205682438 95.84623707239463
    vertex 9386.39760116912 10085.279281441946 95.51250796494008
  endloop
endfacet
facet normal 4.411714419429781e-09 -0.7933533402912679 0.6087614290086781
  outer loop
    vertex 9386.397601171486 10085.714205682438 95.84623707239463
    vertex 9389.597600775163 10086.047934790085 96.28116128994787
    vertex 9386.397601174584 10086.047934789893 96.28116131288733
  endloop
endfacet
facet normal 4.411714419429781e-09 -0.7933533402912679 0.6087614290086781
  outer loop
    vertex 9389.597600775163 10086.047934790085 96.28116128994787
    vertex 9386.397601171486 10085.714205682438 95.84623707239463
    vertex 9389.597600772066 10085.71420568263 95.84623704945517
  endloop
endfacet
facet normal 2.798892778408896e-09 -0.9238795325112902 0.3826834323650816
  outer loop
    vertex 9386.397601174584 10086.047934789893 96.28116131288733
    vertex 9389.597600778781 10086.257725677346 96.78764129523277
    vertex 9386.397601178202 10086.257725677153 96.78764131817223
  endloop
endfacet
facet normal 2.798892778408896e-09 -0.9238795325112902 0.3826834323650816
  outer loop
    vertex 9389.597600778781 10086.257725677346 96.78764129523277
    vertex 9386.397601174584 10086.047934789893 96.28116131288733
    vertex 9389.597600775163 10086.047934790085 96.28116128994787
  endloop
endfacet
facet normal 9.953312199274242e-10 -0.991444861373826 0.13052619221993395
  outer loop
    vertex 9386.397601178202 10086.257725677153 96.78764131817223
    vertex 9389.597600782674 10086.329281442138 97.33116128994766
    vertex 9386.397601182094 10086.329281441946 97.33116131288712
  endloop
endfacet
facet normal 9.953312199274242e-10 -0.991444861373826 0.13052619221993395
  outer loop
    vertex 9389.597600782674 10086.329281442138 97.33116128994766
    vertex 9386.397601178202 10086.257725677153 96.78764131817223
    vertex 9389.597600778781 10086.257725677346 96.78764129523277
  endloop
endfacet
facet normal -8.760605163279882e-10 -0.9914448613738092 -0.13052619222006126
  outer loop
    vertex 9386.397601182094 10086.329281441946 97.33116131288712
    vertex 9389.597600786576 10086.257725677346 97.87468128466251
    vertex 9386.397601185994 10086.257725677153 97.87468130760197
  endloop
endfacet
facet normal -8.760605163279882e-10 -0.9914448613738092 -0.13052619222006126
  outer loop
    vertex 9389.597600786576 10086.257725677346 97.87468128466251
    vertex 9386.397601182094 10086.329281441946 97.33116131288712
    vertex 9389.597600782674 10086.329281442138 97.33116128994766
  endloop
endfacet
facet normal -2.6877501761551867e-09 -0.9238795325112651 -0.3826834323651422
  outer loop
    vertex 9386.397601185994 10086.257725677153 97.87468130760197
    vertex 9389.597600790217 10086.047934790085 98.3811612899474
    vertex 9386.397601189637 10086.047934789894 98.38116131288686
  endloop
endfacet
facet normal -2.6877501761551867e-09 -0.9238795325112651 -0.3826834323651422
  outer loop
    vertex 9389.597600790217 10086.047934790085 98.3811612899474
    vertex 9386.397601185994 10086.257725677153 97.87468130760197
    vertex 9389.597600786576 10086.257725677346 97.87468128466251
  endloop
endfacet
facet normal -4.316274103194932e-09 -0.7933533402911288 -0.6087614290088594
  outer loop
    vertex 9386.397601189637 10086.047934789894 98.38116131288686
    vertex 9389.597600793355 10085.71420568263 98.81608553043861
    vertex 9386.397601192775 10085.714205682438 98.81608555337807
  endloop
endfacet
facet normal -4.316274103194932e-09 -0.7933533402911288 -0.6087614290088594
  outer loop
    vertex 9389.597600793355 10085.71420568263 98.81608553043861
    vertex 9386.397601189637 10086.047934789894 98.38116131288686
    vertex 9389.597600790217 10086.047934790085 98.3811612899474
  endloop
endfacet
facet normal -5.650651083080839e-09 -0.6087614290086782 -0.7933533402912678
  outer loop
    vertex 9386.397601195193 10085.279281441946 99.14981466083401
    vertex 9389.597600793355 10085.71420568263 98.81608553043861
    vertex 9389.597600795774 10085.279281442137 99.14981463789455
  endloop
endfacet
facet normal -5.650651083080839e-09 -0.6087614290086782 -0.7933533402912678
  outer loop
    vertex 9389.597600793355 10085.71420568263 98.81608553043861
    vertex 9386.397601195193 10085.279281441946 99.14981466083401
    vertex 9386.397601192775 10085.714205682438 98.81608555337807
  endloop
endfacet
facet normal -6.599945529797789e-09 -0.38268343236508184 -0.9238795325112902
  outer loop
    vertex 9386.397601196728 10084.77280143666 99.35960554809432
    vertex 9389.597600795774 10085.279281442137 99.14981463789455
    vertex 9389.597600797308 10084.772801436855 99.35960552515488
  endloop
endfacet
facet normal -6.599945529797789e-09 -0.38268343236508184 -0.9238795325112902
  outer loop
    vertex 9389.597600795774 10085.279281442137 99.14981463789455
    vertex 9386.397601196728 10084.77280143666 99.35960554809432
    vertex 9386.397601195193 10085.279281441946 99.14981466083401
  endloop
endfacet
facet normal -7.0994645955850124e-09 -0.130526192219934 -0.991444861373826
  outer loop
    vertex 9386.397601197274 10084.229281441945 99.4311613128865
    vertex 9389.597600797308 10084.772801436855 99.35960552515488
    vertex 9389.597600797853 10084.229281442138 99.43116128994704
  endloop
endfacet
facet normal -7.0994645955850124e-09 -0.130526192219934 -0.991444861373826
  outer loop
    vertex 9389.597600797308 10084.772801436855 99.35960552515488
    vertex 9386.397601197274 10084.229281441945 99.4311613128865
    vertex 9386.397601196728 10084.77280143666 99.35960554809432
  endloop
endfacet
facet normal -7.115166881602876e-09 0.13052619222006132 -0.9914448613738092
  outer loop
    vertex 9389.597600797375 10083.685761447423 99.3596055251548
    vertex 9386.397601197274 10084.229281441945 99.4311613128865
    vertex 9389.597600797853 10084.229281442138 99.43116128994704
  endloop
endfacet
facet normal -7.115166881602876e-09 0.13052619222006132 -0.9914448613738092
  outer loop
    vertex 9386.397601197274 10084.229281441945 99.4311613128865
    vertex 9389.597600797375 10083.685761447423 99.3596055251548
    vertex 9386.397601196793 10083.68576144723 99.35960554809427
  endloop
endfacet
facet normal -6.6459823030087145e-09 0.38268343236514224 -0.923879532511265
  outer loop
    vertex 9389.597600795902 10083.179281442139 99.14981463789442
    vertex 9386.397601196793 10083.68576144723 99.35960554809427
    vertex 9389.597600797375 10083.685761447423 99.3596055251548
  endloop
endfacet
facet normal -6.6459823030087145e-09 0.38268343236514224 -0.923879532511265
  outer loop
    vertex 9386.397601196793 10083.68576144723 99.35960554809427
    vertex 9389.597600795902 10083.179281442139 99.14981463789442
    vertex 9386.39760119532 10083.179281441946 99.14981466083387
  endloop
endfacet
facet normal -5.7238850134690905e-09 0.6087614290088595 -0.7933533402911286
  outer loop
    vertex 9389.597600793535 10082.744357201647 98.81608553043841
    vertex 9386.39760119532 10083.179281441946 99.14981466083387
    vertex 9389.597600795902 10083.179281442139 99.14981463789442
  endloop
endfacet
facet normal -5.7238850134690905e-09 0.6087614290088595 -0.7933533402911286
  outer loop
    vertex 9386.39760119532 10083.179281441946 99.14981466083387
    vertex 9389.597600793535 10082.744357201647 98.81608553043841
    vertex 9386.397601192954 10082.744357201454 98.81608555337787
  endloop
endfacet
facet normal -9.517528984083792e-10 1.0 -1.0478901573146603e-10
  outer loop
    vertex 9354.747600763129 10072.836398063408 97.23116128457724
    vertex 9350.397600759145 10072.836398058409 89.03116100406164
    vertex 9350.397600762712 10072.836398058387 97.23116128853187
  endloop
endfacet
facet normal -9.517528984083792e-10 1.0 -1.0478901573146603e-10
  outer loop
    vertex 9350.397600759145 10072.836398058409 89.03116100406164
    vertex 9354.747600763129 10072.836398063408 97.23116128457724
    vertex 9354.747600755847 10072.83639806167 89.03116100056037
  endloop
endfacet
facet normal -1.0 5.2015370024828625e-12 7.294803496976066e-09
  outer loop
    vertex 9362.597600880017 10113.147417750813 105.83116154769291
    vertex 9362.59760078087 10055.311145092175 97.23116131544937
    vertex 9362.597600880017 10055.31114496787 105.83116100426606
  endloop
endfacet
facet normal -1.0 5.2015370024828625e-12 7.294803496976066e-09
  outer loop
    vertex 9362.59760078087 10055.311145092175 97.23116131544937
    vertex 9362.597600880017 10113.147417750813 105.83116154769291
    vertex 9362.59760084923 10083.271650975319 100.90508684004821
  endloop
endfacet
facet normal -1.0 5.2015370024828625e-12 7.294803496976066e-09
  outer loop
    vertex 9362.59760078087 10055.311145092175 97.23116131544937
    vertex 9362.59760084923 10083.271650975319 100.90508684004821
    vertex 9362.597600760762 10072.836398067537 97.23116127745341
  endloop
endfacet
facet normal -1.0 5.2015370024828625e-12 7.294803496976066e-09
  outer loop
    vertex 9362.597600760762 10072.836398067537 97.23116127745341
    vertex 9362.59760084923 10083.271650975319 100.90508684004821
    vertex 9362.597600846855 10082.3792814422 100.5354552767811
  endloop
endfacet
facet normal -1.0 5.2015370024828625e-12 7.294803496976066e-09
  outer loop
    vertex 9362.597600760762 10072.836398067537 97.23116127745341
    vertex 9362.597600846855 10082.3792814422 100.5354552767811
    vertex 9362.597600843126 10081.612986351807 99.94745637316919
  endloop
endfacet
facet normal -1.0 5.2015370024828625e-12 7.294803496976066e-09
  outer loop
    vertex 9362.597600760762 10072.836398067537 97.23116127745341
    vertex 9362.597600843126 10081.612986351807 99.94745637316919
    vertex 9362.597600758485 10072.836398067559 89.03116099298464
  endloop
endfacet
facet normal -1.0 5.2015370024828625e-12 7.294803496976066e-09
  outer loop
    vertex 9362.597600758485 10072.836398067559 89.03116099298464
    vertex 9362.597600843126 10081.612986351807 99.94745637316919
    vertex 9362.597600838304 10081.024987448196 99.18116128277832
  endloop
endfacet
facet normal -1.0 5.2015370024828625e-12 7.294803496976066e-09
  outer loop
    vertex 9362.597600758485 10072.836398067559 89.03116099298464
    vertex 9362.597600838304 10081.024987448196 99.18116128277832
    vertex 9362.59760083271 10080.65535588493 98.28879174965763
  endloop
endfacet
facet normal -1.0 5.2015370024828625e-12 7.294803496976066e-09
  outer loop
    vertex 9362.597600758485 10072.836398067559 89.03116099298464
    vertex 9362.59760083271 10080.65535588493 98.28879174965763
    vertex 9362.59760082673 10080.529281442197 97.33116128277871
  endloop
endfacet
facet normal -1.0 5.2015370024828625e-12 7.294803496976066e-09
  outer loop
    vertex 9362.59760084923 10083.271650975319 100.90508684004821
    vertex 9362.597600880017 10113.147417750813 105.83116154769291
    vertex 9362.597600850095 10084.229281442198 101.0311612827781
  endloop
endfacet
facet normal -1.0 5.2015370024828625e-12 7.294803496976066e-09
  outer loop
    vertex 9362.597600850095 10084.229281442198 101.0311612827781
    vertex 9362.597600880017 10113.147417750813 105.83116154769291
    vertex 9362.597600849387 10085.186911909077 100.90508684004834
  endloop
endfacet
facet normal -1.0 5.2015370024828625e-12 7.294803496976066e-09
  outer loop
    vertex 9362.597600849387 10085.186911909077 100.90508684004834
    vertex 9362.597600880017 10113.147417750813 105.83116154769291
    vertex 9362.597600847155 10086.079281442198 100.53545527678133
  endloop
endfacet
facet normal -1.0 5.2015370024828625e-12 7.294803496976066e-09
  outer loop
    vertex 9362.597600847155 10086.079281442198 100.53545527678133
    vertex 9362.597600880017 10113.147417750813 105.83116154769291
    vertex 9362.597600843554 10086.845576532589 99.94745637316953
  endloop
endfacet
facet normal -1.0 5.2015370024828625e-12 7.294803496976066e-09
  outer loop
    vertex 9362.597600843554 10086.845576532589 99.94745637316953
    vertex 9362.597600880017 10113.147417750813 105.83116154769291
    vertex 9362.597600838824 10087.4335754362 99.18116128277872
  endloop
endfacet
facet normal -1.0 5.2015370024828625e-12 7.294803496976066e-09
  outer loop
    vertex 9362.597600838824 10087.4335754362 99.18116128277872
    vertex 9362.597600880017 10113.147417750813 105.83116154769291
    vertex 9362.597600833291 10087.803206999468 98.28879174965809
  endloop
endfacet
facet normal -1.0 5.2015370024828625e-12 7.294803496976066e-09
  outer loop
    vertex 9362.597600833291 10087.803206999468 98.28879174965809
    vertex 9362.597600880017 10113.147417750813 105.83116154769291
    vertex 9362.597600827332 10087.929281442199 97.33116128277918
  endloop
endfacet
facet normal -1.0 5.2015370024828625e-12 7.294803496976066e-09
  outer loop
    vertex 9362.597600827332 10087.929281442199 97.33116128277918
    vertex 9362.597600880017 10113.147417750813 105.83116154769291
    vertex 9362.597600758427 10095.636398067538 97.23116128273061
  endloop
endfacet
facet normal -1.0 5.2015370024828625e-12 7.294803496976066e-09
  outer loop
    vertex 9362.597600827332 10087.929281442199 97.33116128277918
    vertex 9362.597600758427 10095.636398067538 97.23116128273061
    vertex 9362.597600758689 10095.636398055603 89.03116099297745
  endloop
endfacet
facet normal -1.0 5.2015370024828625e-12 7.294803496976066e-09
  outer loop
    vertex 9362.597600758427 10095.636398067538 97.23116128273061
    vertex 9362.597600880017 10113.147417750813 105.83116154769291
    vertex 9362.59760078241 10113.147417874106 97.23116132072448
  endloop
endfacet
facet normal -1.0 5.2015370024828625e-12 7.294803496976066e-09
  outer loop
    vertex 9362.597600758485 10072.836398067559 89.03116099298464
    vertex 9362.597600804675 10083.271650975319 93.75723572550953
    vertex 9362.597600758689 10095.636398055603 89.03116099297745
  endloop
endfacet
facet normal -1.0 5.2015370024828625e-12 7.294803496976066e-09
  outer loop
    vertex 9362.597600804675 10083.271650975319 93.75723572550953
    vertex 9362.597600758485 10072.836398067559 89.03116099298464
    vertex 9362.597600806906 10082.3792814422 94.12686728877654
  endloop
endfacet
facet normal -1.0 5.2015370024828625e-12 7.294803496976066e-09
  outer loop
    vertex 9362.597600806906 10082.3792814422 94.12686728877654
    vertex 9362.597600758485 10072.836398067559 89.03116099298464
    vertex 9362.59760081051 10081.612986351807 94.71486619238836
  endloop
endfacet
facet normal -1.0 5.2015370024828625e-12 7.294803496976066e-09
  outer loop
    vertex 9362.59760081051 10081.612986351807 94.71486619238836
    vertex 9362.597600758485 10072.836398067559 89.03116099298464
    vertex 9362.597600815237 10081.024987448196 95.48116128277915
  endloop
endfacet
facet normal -1.0 5.2015370024828625e-12 7.294803496976066e-09
  outer loop
    vertex 9362.597600815237 10081.024987448196 95.48116128277915
    vertex 9362.597600758485 10072.836398067559 89.03116099298464
    vertex 9362.59760082077 10080.65535588493 96.37353081589978
  endloop
endfacet
facet normal -1.0 5.2015370024828625e-12 7.294803496976066e-09
  outer loop
    vertex 9362.59760082077 10080.65535588493 96.37353081589978
    vertex 9362.597600758485 10072.836398067559 89.03116099298464
    vertex 9362.59760082673 10080.529281442197 97.33116128277871
  endloop
endfacet
facet normal -1.0 5.2015370024828625e-12 7.294803496976066e-09
  outer loop
    vertex 9362.597600758689 10095.636398055603 89.03116099297745
    vertex 9362.597600804675 10083.271650975319 93.75723572550953
    vertex 9362.597600803967 10084.229281442198 93.63116128277834
  endloop
endfacet
facet normal -1.0 5.2015370024828625e-12 7.294803496976066e-09
  outer loop
    vertex 9362.597600758689 10095.636398055603 89.03116099297745
    vertex 9362.597600803967 10084.229281442198 93.63116128277834
    vertex 9362.597600804831 10085.186911909077 93.75723572550966
  endloop
endfacet
facet normal -1.0 5.2015370024828625e-12 7.294803496976066e-09
  outer loop
    vertex 9362.597600758689 10095.636398055603 89.03116099297745
    vertex 9362.597600804831 10085.186911909077 93.75723572550966
    vertex 9362.597600807208 10086.079281442198 94.12686728877678
  endloop
endfacet
facet normal -1.0 5.2015370024828625e-12 7.294803496976066e-09
  outer loop
    vertex 9362.597600758689 10095.636398055603 89.03116099297745
    vertex 9362.597600807208 10086.079281442198 94.12686728877678
    vertex 9362.597600810936 10086.845576532589 94.7148661923887
  endloop
endfacet
facet normal -1.0 5.2015370024828625e-12 7.294803496976066e-09
  outer loop
    vertex 9362.597600758689 10095.636398055603 89.03116099297745
    vertex 9362.597600810936 10086.845576532589 94.7148661923887
    vertex 9362.59760081576 10087.4335754362 95.48116128277812
  endloop
endfacet
facet normal -1.0 5.2015370024828625e-12 7.294803496976066e-09
  outer loop
    vertex 9362.597600758689 10095.636398055603 89.03116099297745
    vertex 9362.59760081576 10087.4335754362 95.48116128277812
    vertex 9362.597600821353 10087.803206999468 96.37353081590024
  endloop
endfacet
facet normal -1.0 5.2015370024828625e-12 7.294803496976066e-09
  outer loop
    vertex 9362.597600758689 10095.636398055603 89.03116099297745
    vertex 9362.597600821353 10087.803206999468 96.37353081590024
    vertex 9362.597600827332 10087.929281442199 97.33116128277918
  endloop
endfacet
facet normal -1.0 4.327439470715416e-10 6.69060509851257e-10
  outer loop
    vertex 9350.397600768796 10095.636398088018 97.23116128625354
    vertex 9350.397600763306 10100.729024535254 89.03116102306414
    vertex 9350.397600767754 10095.636398076083 89.03116099650038
  endloop
endfacet
facet normal -1.0 4.327439470715416e-10 6.69060509851257e-10
  outer loop
    vertex 9350.397600763306 10100.729024535254 89.03116102306414
    vertex 9350.397600768796 10095.636398088018 97.23116128625354
    vertex 9350.397600766539 10100.729024566326 94.83116102306283
  endloop
endfacet
facet normal -1.0 4.327439470715416e-10 6.69060509851257e-10
  outer loop
    vertex 9350.397600766539 10100.729024566326 94.83116102306283
    vertex 9350.397600768796 10095.636398088018 97.23116128625354
    vertex 9350.397600782433 10107.147417894586 97.23116132424846
  endloop
endfacet
facet normal -1.0 4.327439470715416e-10 6.69060509851257e-10
  outer loop
    vertex 9350.397600766539 10100.729024566326 94.83116102306283
    vertex 9350.397600782433 10107.147417894586 97.23116132424846
    vertex 9350.397600766179 10106.329024566332 94.83116102574148
  endloop
endfacet
facet normal -1.0 4.327439470715416e-10 6.69060509851257e-10
  outer loop
    vertex 9350.397600766179 10106.329024566332 94.83116102574148
    vertex 9350.397600782433 10107.147417894586 97.23116132424846
    vertex 9350.397600761276 10106.329024566332 92.33116102574205
  endloop
endfacet
facet normal -1.0 4.327439470715416e-10 6.69060509851257e-10
  outer loop
    vertex 9350.397600760793 10104.029024550258 90.83116102574223
    vertex 9350.397600779466 10107.147417935226 89.03116132201818
    vertex 9350.397600763306 10104.029024535792 89.0311610257412
  endloop
endfacet
facet normal -1.0 4.327439470715416e-10 6.69060509851257e-10
  outer loop
    vertex 9350.397600779466 10107.147417935226 89.03116132201818
    vertex 9350.397600760793 10104.029024550258 90.83116102574223
    vertex 9350.397600761276 10106.329024566332 92.33116102574205
  endloop
endfacet
facet normal -1.0 4.327439470715416e-10 6.69060509851257e-10
  outer loop
    vertex 9350.397600779466 10107.147417935226 89.03116132201818
    vertex 9350.397600761276 10106.329024566332 92.33116102574205
    vertex 9350.397600782433 10107.147417894586 97.23116132424846
  endloop
endfacet
facet normal 1.446321875848873e-09 -7.451588462197e-09 1.0
  outer loop
    vertex 9355.61444363937 10113.09608705845 97.23116132274005
    vertex 9355.697600758094 10097.986398067544 97.23116128668394
    vertex 9356.39760079278 10113.14741788955 97.23116132251482
  endloop
endfacet
facet normal 1.446321875848873e-09 -7.451588462197e-09 1.0
  outer loop
    vertex 9355.697600758094 10097.986398067544 97.23116128668394
    vertex 9355.61444363937 10113.09608705845 97.23116132274005
    vertex 9355.666934001754 10098.219335208136 97.23116128669261
  endloop
endfacet
facet normal 1.446321875848873e-09 -7.451588462197e-09 1.0
  outer loop
    vertex 9355.666934001754 10098.219335208136 97.23116128669261
    vertex 9355.61444363937 10113.09608705845 97.23116132274005
    vertex 9355.577023621501 10098.436398067543 97.23116128671863
  endloop
endfacet
facet normal 1.446321875848873e-09 -7.451588462197e-09 1.0
  outer loop
    vertex 9355.577023621501 10098.436398067543 97.23116128671863
    vertex 9355.61444363937 10113.09608705845 97.23116132274005
    vertex 9354.844686521812 10112.942972848588 97.2311613229624
  endloop
endfacet
facet normal 1.446321875848873e-09 -7.451588462197e-09 1.0
  outer loop
    vertex 9355.577023621501 10098.436398067543 97.23116128671863
    vertex 9354.844686521812 10112.942972848588 97.2311613229624
    vertex 9355.433996861164 10098.622794170611 97.23116128675906
  endloop
endfacet
facet normal 1.446321875848873e-09 -7.451588462197e-09 1.0
  outer loop
    vertex 9355.433996861164 10098.622794170611 97.23116128675906
    vertex 9354.844686521812 10112.942972848588 97.2311613229624
    vertex 9355.247600758095 10098.765820930948 97.23116128681394
  endloop
endfacet
facet normal 1.446321875848873e-09 -7.451588462197e-09 1.0
  outer loop
    vertex 9355.247600758095 10098.765820930948 97.23116128681394
    vertex 9354.844686521812 10112.942972848588 97.2311613229624
    vertex 9355.030537898689 10098.855731311203 97.23116128687603
  endloop
endfacet
facet normal 1.446321875848873e-09 -7.451588462197e-09 1.0
  outer loop
    vertex 9355.030537898689 10098.855731311203 97.23116128687603
    vertex 9354.844686521812 10112.942972848588 97.2311613229624
    vertex 9354.84760075758 10098.87981544266 97.23116128689335
  endloop
endfacet
facet normal 1.446321875848873e-09 -7.451588462197e-09 1.0
  outer loop
    vertex 9354.84760075758 10098.87981544266 97.23116128689335
    vertex 9354.844686521812 10112.942972848588 97.2311613229624
    vertex 9354.747600757579 10098.87981544266 97.2311612869381
  endloop
endfacet
facet normal 1.446321875848873e-09 -7.451588462197e-09 1.0
  outer loop
    vertex 9354.747600757579 10098.87981544266 97.2311612869381
    vertex 9354.844686521812 10112.942972848588 97.2311613229624
    vertex 9354.101500197801 10112.690695086545 97.23116132317752
  endloop
endfacet
facet normal 1.446321875848873e-09 -7.451588462197e-09 1.0
  outer loop
    vertex 9354.747600757579 10098.87981544266 97.2311612869381
    vertex 9354.101500197801 10112.690695086545 97.23116132317752
    vertex 9354.564663617504 10098.855731311203 97.2311612870103
  endloop
endfacet
facet normal 1.446321875848873e-09 -7.451588462197e-09 1.0
  outer loop
    vertex 9354.564663617504 10098.855731311203 97.2311612870103
    vertex 9354.101500197801 10112.690695086545 97.23116132317752
    vertex 9354.347600758096 10098.765820930948 97.23116128707383
  endloop
endfacet
facet normal 1.446321875848873e-09 -7.451588462197e-09 1.0
  outer loop
    vertex 9354.347600758096 10098.765820930948 97.23116128707383
    vertex 9354.101500197801 10112.690695086545 97.23116132317752
    vertex 9354.161204655027 10098.622794170611 97.23116128712724
  endloop
endfacet
facet normal 1.446321875848873e-09 -7.451588462197e-09 1.0
  outer loop
    vertex 9354.161204655027 10098.622794170611 97.23116128712724
    vertex 9354.101500197801 10112.690695086545 97.23116132317752
    vertex 9354.01817789469 10098.436398067543 97.2311612871691
  endloop
endfacet
facet normal 1.446321875848873e-09 -7.451588462197e-09 1.0
  outer loop
    vertex 9354.01817789469 10098.436398067543 97.2311612871691
    vertex 9354.101500197801 10112.690695086545 97.23116132317752
    vertex 9353.397600791393 10112.343570314775 97.23116132338107
  endloop
endfacet
facet normal 1.446321875848873e-09 -7.451588462197e-09 1.0
  outer loop
    vertex 9354.01817789469 10098.436398067543 97.2311612871691
    vertex 9353.397600791393 10112.343570314775 97.23116132338107
    vertex 9353.928267514435 10098.219335208136 97.23116128719506
  endloop
endfacet
facet normal 1.446321875848873e-09 -7.451588462197e-09 1.0
  outer loop
    vertex 9353.928267514435 10098.219335208136 97.23116128719506
    vertex 9353.397600791393 10112.343570314775 97.23116132338107
    vertex 9353.897600758095 10097.986398067544 97.23116128720372
  endloop
endfacet
facet normal 1.446321875848873e-09 -7.451588462197e-09 1.0
  outer loop
    vertex 9354.564663617504 10097.117064823884 97.23116128701163
    vertex 9354.74760067708 10095.636397078304 97.23116111110916
    vertex 9354.74760067708 10097.092979690013 97.23116124237585
  endloop
endfacet
facet normal 1.446321875848873e-09 -7.451588462197e-09 1.0
  outer loop
    vertex 9354.74760067708 10095.636397078304 97.23116111110916
    vertex 9354.564663617504 10097.117064823884 97.23116128701163
    vertex 9350.397600768796 10095.636398088018 97.23116128625354
  endloop
endfacet
facet normal 1.446321875848873e-09 -7.451588462197e-09 1.0
  outer loop
    vertex 9350.397600768796 10095.636398088018 97.23116128625354
    vertex 9354.564663617504 10097.117064823884 97.23116128701163
    vertex 9354.347600758096 10097.206975204137 97.23116128707373
  endloop
endfacet
facet normal 1.446321875848873e-09 -7.451588462197e-09 1.0
  outer loop
    vertex 9350.397600768796 10095.636398088018 97.23116128625354
    vertex 9354.347600758096 10097.206975204137 97.23116128707373
    vertex 9354.161204655027 10097.350001964476 97.23116128712715
  endloop
endfacet
facet normal 1.446321875848873e-09 -7.451588462197e-09 1.0
  outer loop
    vertex 9350.397600768796 10095.636398088018 97.23116128625354
    vertex 9354.161204655027 10097.350001964476 97.23116128712715
    vertex 9354.01817789469 10097.536398067543 97.23116128716904
  endloop
endfacet
facet normal 1.446321875848873e-09 -7.451588462197e-09 1.0
  outer loop
    vertex 9350.397600768796 10095.636398088018 97.23116128625354
    vertex 9354.01817789469 10097.536398067543 97.23116128716904
    vertex 9353.928267514435 10097.75346092695 97.23116128719504
  endloop
endfacet
facet normal 1.446321875848873e-09 -7.451588462197e-09 1.0
  outer loop
    vertex 9350.397600768796 10095.636398088018 97.23116128625354
    vertex 9353.928267514435 10097.75346092695 97.23116128719504
    vertex 9353.897600758095 10097.986398067544 97.23116128720372
  endloop
endfacet
facet normal 1.446321875848873e-09 -7.451588462197e-09 1.0
  outer loop
    vertex 9350.397600768796 10095.636398088018 97.23116128625354
    vertex 9353.897600758095 10097.986398067544 97.23116128720372
    vertex 9353.397600791393 10112.343570314775 97.23116132338107
  endloop
endfacet
facet normal 1.446321875848873e-09 -7.451588462197e-09 1.0
  outer loop
    vertex 9350.397600768796 10095.636398088018 97.23116128625354
    vertex 9353.397600791393 10112.343570314775 97.23116132338107
    vertex 9352.74503221659 10111.907537934363 97.23116132356873
  endloop
endfacet
facet normal 1.446321875848873e-09 -7.451588462197e-09 1.0
  outer loop
    vertex 9350.397600768796 10095.636398088018 97.23116128625354
    vertex 9352.74503221659 10111.907537934363 97.23116132356873
    vertex 9352.154960102629 10111.39005858023 97.23116132373907
  endloop
endfacet
facet normal 1.446321875848873e-09 -7.451588462197e-09 1.0
  outer loop
    vertex 9350.397600768796 10095.636398088018 97.23116128625354
    vertex 9352.154960102629 10111.39005858023 97.23116132373907
    vertex 9351.637480746984 10110.799986467599 97.2311613238892
  endloop
endfacet
facet normal 1.446321875848873e-09 -7.451588462197e-09 1.0
  outer loop
    vertex 9350.397600768796 10095.636398088018 97.23116128625354
    vertex 9351.637480746984 10110.799986467599 97.2311613238892
    vertex 9351.2014483649 10110.147417893912 97.23116132401476
  endloop
endfacet
facet normal 1.446321875848873e-09 -7.451588462197e-09 1.0
  outer loop
    vertex 9350.397600768796 10095.636398088018 97.23116128625354
    vertex 9351.2014483649 10110.147417893912 97.23116132401476
    vertex 9350.854323591324 10109.443518488395 97.23116132411577
  endloop
endfacet
facet normal 1.446321875848873e-09 -7.451588462197e-09 1.0
  outer loop
    vertex 9350.397600768796 10095.636398088018 97.23116128625354
    vertex 9350.854323591324 10109.443518488395 97.23116132411577
    vertex 9350.602045827376 10108.70033216503 97.23116132418937
  endloop
endfacet
facet normal 1.446321875848873e-09 -7.451588462197e-09 1.0
  outer loop
    vertex 9350.397600768796 10095.636398088018 97.23116128625354
    vertex 9350.602045827376 10108.70033216503 97.23116132418937
    vertex 9350.44893161554 10107.930575047863 97.23116132423264
  endloop
endfacet
facet normal 1.446321875848873e-09 -7.451588462197e-09 1.0
  outer loop
    vertex 9350.397600768796 10095.636398088018 97.23116128625354
    vertex 9350.44893161554 10107.930575047863 97.23116132423264
    vertex 9350.397600782433 10107.147417894586 97.23116132424846
  endloop
endfacet
facet normal 1.446321875848873e-09 -7.451588462197e-09 1.0
  outer loop
    vertex 9356.39760079278 10113.14741788955 97.23116132251482
    vertex 9362.597600758427 10095.636398067538 97.23116128273061
    vertex 9362.59760078241 10113.147417874106 97.23116132072448
  endloop
endfacet
facet normal 1.446321875848873e-09 -7.451588462197e-09 1.0
  outer loop
    vertex 9362.597600758427 10095.636398067538 97.23116128273061
    vertex 9356.39760079278 10113.14741788955 97.23116132251482
    vertex 9355.697600758094 10097.986398067544 97.23116128668394
  endloop
endfacet
facet normal 1.446321875848873e-09 -7.451588462197e-09 1.0
  outer loop
    vertex 9362.597600758427 10095.636398067538 97.23116128273061
    vertex 9355.697600758094 10097.986398067544 97.23116128668394
    vertex 9355.666934001754 10097.75346092695 97.2311612866926
  endloop
endfacet
facet normal 1.446321875848873e-09 -7.451588462197e-09 1.0
  outer loop
    vertex 9362.597600758427 10095.636398067538 97.23116128273061
    vertex 9355.666934001754 10097.75346092695 97.2311612866926
    vertex 9354.84760067708 10095.636397078137 97.23116111236673
  endloop
endfacet
facet normal 1.446321875848873e-09 -7.451588462197e-09 1.0
  outer loop
    vertex 9354.84760067708 10095.636397078137 97.23116111236673
    vertex 9355.666934001754 10097.75346092695 97.2311612866926
    vertex 9355.577023621501 10097.536398067543 97.23116128671857
  endloop
endfacet
facet normal 1.446321875848873e-09 -7.451588462197e-09 1.0
  outer loop
    vertex 9354.84760067708 10095.636397078137 97.23116111236673
    vertex 9355.577023621501 10097.536398067543 97.23116128671857
    vertex 9355.433996861164 10097.350001964476 97.23116128676043
  endloop
endfacet
facet normal 1.446321875848873e-09 -7.451588462197e-09 1.0
  outer loop
    vertex 9354.84760067708 10095.636397078137 97.23116111236673
    vertex 9355.433996861164 10097.350001964476 97.23116128676043
    vertex 9355.247600758095 10097.206975204137 97.23116128681384
  endloop
endfacet
facet normal 1.446321875848873e-09 -7.451588462197e-09 1.0
  outer loop
    vertex 9354.84760067708 10095.636397078137 97.23116111236673
    vertex 9355.247600758095 10097.206975204137 97.23116128681384
    vertex 9355.030537898689 10097.117064823884 97.23116128687592
  endloop
endfacet
facet normal 1.446321875848873e-09 -7.451588462197e-09 1.0
  outer loop
    vertex 9354.84760067708 10095.636397078137 97.23116111236673
    vertex 9355.030537898689 10097.117064823884 97.23116128687592
    vertex 9354.84760067708 10097.092979690013 97.23116124298947
  endloop
endfacet
facet normal -0.13052619203039503 -0.9914448613987792 3.380762056266494e-11
  outer loop
    vertex 9354.847600755718 10098.879815442662 89.03116151437239
    vertex 9355.030537898689 10098.855731311203 97.23116128687603
    vertex 9354.84760075758 10098.87981544266 97.23116128689335
  endloop
endfacet
facet normal -0.13052619203039503 -0.9914448613987792 3.380762056266494e-11
  outer loop
    vertex 9355.030537898689 10098.855731311203 97.23116128687603
    vertex 9354.847600755718 10098.879815442662 89.03116151437239
    vertex 9355.030537896326 10098.8557313112 89.03116151432619
  endloop
endfacet
facet normal 0.13052619239415228 -0.9914448613508896 -3.362010067217886e-11
  outer loop
    vertex 9354.564663615138 10098.855731311203 89.03116151446046
    vertex 9354.747600757579 10098.87981544266 97.2311612869381
    vertex 9354.564663617504 10098.855731311203 97.2311612870103
  endloop
endfacet
facet normal 0.13052619239415228 -0.9914448613508896 -3.362010067217886e-11
  outer loop
    vertex 9354.747600757579 10098.87981544266 97.2311612869381
    vertex 9354.564663615138 10098.855731311203 89.03116151446046
    vertex 9354.747600755716 10098.879815442662 89.03116151441715
  endloop
endfacet
facet normal 0.38268343236346386 -0.9238795325119603 -1.1030363037987614e-10
  outer loop
    vertex 9354.34760075573 10098.765820930948 89.03116151452399
    vertex 9354.564663617504 10098.855731311203 97.2311612870103
    vertex 9354.347600758096 10098.765820930948 97.23116128707383
  endloop
endfacet
facet normal 0.38268343236346386 -0.9238795325119603 -1.1030363037987614e-10
  outer loop
    vertex 9354.564663617504 10098.855731311203 97.2311612870103
    vertex 9354.34760075573 10098.765820930948 89.03116151452399
    vertex 9354.564663615138 10098.855731311203 89.03116151446046
  endloop
endfacet
facet normal 0.6087614290087519 -0.7933533402912113 -1.7569111676810225e-10
  outer loop
    vertex 9354.16120465266 10098.622794170611 89.0311615145774
    vertex 9354.347600758096 10098.765820930948 97.23116128707383
    vertex 9354.161204655027 10098.622794170611 97.23116128712724
  endloop
endfacet
facet normal 0.6087614290087519 -0.7933533402912113 -1.7569111676810225e-10
  outer loop
    vertex 9354.347600758096 10098.765820930948 97.23116128707383
    vertex 9354.16120465266 10098.622794170611 89.0311615145774
    vertex 9354.34760075573 10098.765820930948 89.03116151452399
  endloop
endfacet
facet normal 0.7933533402916197 -0.6087614290082195 -2.2894020964677908e-10
  outer loop
    vertex 9354.16120465266 10098.622794170611 89.0311615145774
    vertex 9354.01817789469 10098.436398067543 97.2311612871691
    vertex 9354.018177892323 10098.436398067543 89.03116151461782
  endloop
endfacet
facet normal 0.7933533402916197 -0.6087614290082195 -2.2894020964677908e-10
  outer loop
    vertex 9354.01817789469 10098.436398067543 97.2311612871691
    vertex 9354.16120465266 10098.622794170611 89.0311615145774
    vertex 9354.161204655027 10098.622794170611 97.23116128712724
  endloop
endfacet
facet normal 0.9238795325109357 -0.3826834323659373 -2.6661438366740357e-10
  outer loop
    vertex 9354.018177892323 10098.436398067543 89.03116151461782
    vertex 9353.928267514435 10098.219335208136 97.23116128719506
    vertex 9353.928267512067 10098.219335208134 89.03116151464523
  endloop
endfacet
facet normal 0.9238795325109357 -0.3826834323659373 -2.6661438366740357e-10
  outer loop
    vertex 9353.928267514435 10098.219335208136 97.23116128719506
    vertex 9354.018177892323 10098.436398067543 89.03116151461782
    vertex 9354.01817789469 10098.436398067543 97.2311612871691
  endloop
endfacet
facet normal 0.991444861373848 -0.13052619221976586 -2.8624098848056693e-10
  outer loop
    vertex 9353.928267512067 10098.219335208134 89.03116151464523
    vertex 9353.897600758095 10097.986398067544 97.23116128720372
    vertex 9353.897600755727 10097.986398067542 89.03116151465389
  endloop
endfacet
facet normal 0.991444861373848 -0.13052619221976586 -2.8624098848056693e-10
  outer loop
    vertex 9353.897600758095 10097.986398067544 97.23116128720372
    vertex 9353.928267512067 10098.219335208134 89.03116151464523
    vertex 9353.928267514435 10098.219335208136 97.23116128719506
  endloop
endfacet
facet normal 0.9914448613738441 0.13052619221979625 -2.8631479215552365e-10
  outer loop
    vertex 9353.897600755727 10097.986398067542 89.03116151465389
    vertex 9353.928267514435 10097.75346092695 97.23116128719504
    vertex 9353.928267512067 10097.75346092695 89.0311615146452
  endloop
endfacet
facet normal 0.9914448613738441 0.13052619221979625 -2.8631479215552365e-10
  outer loop
    vertex 9353.928267514435 10097.75346092695 97.23116128719504
    vertex 9353.897600755727 10097.986398067542 89.03116151465389
    vertex 9353.897600758095 10097.986398067544 97.23116128720372
  endloop
endfacet
facet normal 0.9238795325113752 0.3826834323648763 -2.6686464085824775e-10
  outer loop
    vertex 9353.928267512067 10097.75346092695 89.0311615146452
    vertex 9354.01817789469 10097.536398067543 97.23116128716904
    vertex 9354.018177892323 10097.536398067541 89.03116151461776
  endloop
endfacet
facet normal 0.9238795325113752 0.3826834323648763 -2.6686464085824775e-10
  outer loop
    vertex 9354.01817789469 10097.536398067543 97.23116128716904
    vertex 9353.928267512067 10097.75346092695 89.0311615146452
    vertex 9353.928267514435 10097.75346092695 97.23116128719504
  endloop
endfacet
facet normal 0.7933533402894455 0.6087614290110531 -2.2929078314631867e-10
  outer loop
    vertex 9354.018177892323 10097.536398067541 89.03116151461776
    vertex 9354.161204655027 10097.350001964476 97.23116128712715
    vertex 9354.16120465266 10097.350001964473 89.03116151457732
  endloop
endfacet
facet normal 0.7933533402894455 0.6087614290110531 -2.2929078314631867e-10
  outer loop
    vertex 9354.161204655027 10097.350001964476 97.23116128712715
    vertex 9354.018177892323 10097.536398067541 89.03116151461776
    vertex 9354.01817789469 10097.536398067543 97.23116128716904
  endloop
endfacet
facet normal 0.6087614290114413 0.7933533402891476 -1.7610829490703268e-10
  outer loop
    vertex 9354.347600758096 10097.206975204137 97.23116128707373
    vertex 9354.16120465266 10097.350001964473 89.03116151457732
    vertex 9354.161204655027 10097.350001964476 97.23116128712715
  endloop
endfacet
facet normal 0.6087614290114413 0.7933533402891476 -1.7610829490703268e-10
  outer loop
    vertex 9354.16120465266 10097.350001964473 89.03116151457732
    vertex 9354.347600758096 10097.206975204137 97.23116128707373
    vertex 9354.347600755727 10097.206975204135 89.03116151452389
  endloop
endfacet
facet normal 0.3826834323630106 0.9238795325121479 -1.1085692806099621e-10
  outer loop
    vertex 9354.564663617504 10097.117064823884 97.23116128701163
    vertex 9354.347600755727 10097.206975204135 89.03116151452389
    vertex 9354.347600758096 10097.206975204137 97.23116128707373
  endloop
endfacet
facet normal 0.3826834323630106 0.9238795325121479 -1.1085692806099621e-10
  outer loop
    vertex 9354.347600755727 10097.206975204135 89.03116151452389
    vertex 9354.564663617504 10097.117064823884 97.23116128701163
    vertex 9354.564663657819 10097.117064806202 89.0311615144618
  endloop
endfacet
facet normal 0.13052889068150828 0.9914445061108824 5.97482089386624e-08
  outer loop
    vertex 9354.74760067708 10097.092979690013 97.23116124237585
    vertex 9354.564663657819 10097.117064806202 89.0311615144618
    vertex 9354.564663617504 10097.117064823884 97.23116128701163
  endloop
endfacet
facet normal 0.13052889068150828 0.9914445061108824 5.97482089386624e-08
  outer loop
    vertex 9354.564663657819 10097.117064806202 89.0311615144618
    vertex 9354.74760067708 10097.092979690013 97.23116124237585
    vertex 9354.747600753799 10097.092980680614 89.03116138314323
  endloop
endfacet
facet normal -0.13052883385759886 0.9914445135920475 5.999220272686051e-08
  outer loop
    vertex 9355.030537896322 10097.117064823882 89.03116151432752
    vertex 9354.84760067708 10097.092979690013 97.23116124298947
    vertex 9355.030537898689 10097.117064823884 97.23116128687592
  endloop
endfacet
facet normal -0.13052883385759886 0.9914445135920475 5.999220272686051e-08
  outer loop
    vertex 9354.84760067708 10097.092979690013 97.23116124298947
    vertex 9355.030537896322 10097.117064823882 89.03116151432752
    vertex 9354.847600753797 10097.092980692167 89.03116138375685
  endloop
endfacet
facet normal -0.3826834323654242 0.9238795325111482 1.1013226641743516e-10
  outer loop
    vertex 9355.247600758095 10097.206975204137 97.23116128681384
    vertex 9355.030537896322 10097.117064823882 89.03116151432752
    vertex 9355.030537898689 10097.117064823884 97.23116128687592
  endloop
endfacet
facet normal -0.3826834323654242 0.9238795325111482 1.1013226641743516e-10
  outer loop
    vertex 9355.030537896322 10097.117064823882 89.03116151432752
    vertex 9355.247600758095 10097.206975204137 97.23116128681384
    vertex 9355.247600755725 10097.206975204135 89.031161514264
  endloop
endfacet
facet normal -0.6087614290096054 0.7933533402905565 1.7549547781688863e-10
  outer loop
    vertex 9355.433996861164 10097.350001964476 97.23116128676043
    vertex 9355.247600755725 10097.206975204135 89.031161514264
    vertex 9355.247600758095 10097.206975204137 97.23116128681384
  endloop
endfacet
facet normal -0.6087614290096054 0.7933533402905565 1.7549547781688863e-10
  outer loop
    vertex 9355.247600755725 10097.206975204135 89.031161514264
    vertex 9355.433996861164 10097.350001964476 97.23116128676043
    vertex 9355.433996858797 10097.350001964474 89.03116151421058
  endloop
endfacet
facet normal -0.7933533402900562 0.6087614290102572 2.2879676906900547e-10
  outer loop
    vertex 9355.433996861164 10097.350001964476 97.23116128676043
    vertex 9355.577023619133 10097.53639806754 89.03116151417018
    vertex 9355.433996858797 10097.350001964474 89.03116151421058
  endloop
endfacet
facet normal -0.7933533402900562 0.6087614290102572 2.2879676906900547e-10
  outer loop
    vertex 9355.577023619133 10097.53639806754 89.03116151417018
    vertex 9355.433996861164 10097.350001964476 97.23116128676043
    vertex 9355.577023621501 10097.536398067543 97.23116128671857
  endloop
endfacet
facet normal -0.9238795325113605 0.38268343236491215 2.666804688963832e-10
  outer loop
    vertex 9355.577023621501 10097.536398067543 97.23116128671857
    vertex 9355.666933999388 10097.75346092695 89.03116151414275
    vertex 9355.577023619133 10097.53639806754 89.03116151417018
  endloop
endfacet
facet normal -0.9238795325113605 0.38268343236491215 2.666804688963832e-10
  outer loop
    vertex 9355.666933999388 10097.75346092695 89.03116151414275
    vertex 9355.577023621501 10097.536398067543 97.23116128671857
    vertex 9355.666934001754 10097.75346092695 97.2311612866926
  endloop
endfacet
facet normal -0.991444861373817 0.1305261922200018 2.86243513544056e-10
  outer loop
    vertex 9355.666934001754 10097.75346092695 97.2311612866926
    vertex 9355.697600755728 10097.986398067542 89.03116151413411
    vertex 9355.666933999388 10097.75346092695 89.03116151414275
  endloop
endfacet
facet normal -0.991444861373817 0.1305261922200018 2.86243513544056e-10
  outer loop
    vertex 9355.697600755728 10097.986398067542 89.03116151413411
    vertex 9355.666934001754 10097.75346092695 97.2311612866926
    vertex 9355.697600758094 10097.986398067544 97.23116128668394
  endloop
endfacet
facet normal -0.9914448613738132 -0.1305261922200322 2.863200449674156e-10
  outer loop
    vertex 9355.697600758094 10097.986398067544 97.23116128668394
    vertex 9355.666933999388 10098.219335208134 89.03116151414278
    vertex 9355.697600755728 10097.986398067542 89.03116151413411
  endloop
endfacet
facet normal -0.9914448613738132 -0.1305261922200322 2.863200449674156e-10
  outer loop
    vertex 9355.666933999388 10098.219335208134 89.03116151414278
    vertex 9355.697600758094 10097.986398067544 97.23116128668394
    vertex 9355.666934001754 10098.219335208136 97.23116128669261
  endloop
endfacet
facet normal -0.9238795325108999 -0.3826834323660238 2.669281849573243e-10
  outer loop
    vertex 9355.666934001754 10098.219335208136 97.23116128669261
    vertex 9355.577023619133 10098.436398067543 89.03116151417024
    vertex 9355.666933999388 10098.219335208134 89.03116151414278
  endloop
endfacet
facet normal -0.9238795325108999 -0.3826834323660238 2.669281849573243e-10
  outer loop
    vertex 9355.577023619133 10098.436398067543 89.03116151417024
    vertex 9355.666934001754 10098.219335208136 97.23116128669261
    vertex 9355.577023621501 10098.436398067543 97.23116128671863
  endloop
endfacet
facet normal -0.7933533402913676 -0.6087614290085482 2.2918893323869401e-10
  outer loop
    vertex 9355.577023621501 10098.436398067543 97.23116128671863
    vertex 9355.433996858797 10098.62279417061 89.03116151421067
    vertex 9355.577023619133 10098.436398067543 89.03116151417024
  endloop
endfacet
facet normal -0.7933533402913676 -0.6087614290085482 2.2918893323869401e-10
  outer loop
    vertex 9355.433996858797 10098.62279417061 89.03116151421067
    vertex 9355.577023621501 10098.436398067543 97.23116128671863
    vertex 9355.433996861164 10098.622794170611 97.23116128675906
  endloop
endfacet
facet normal -0.6087614290089465 -0.793353340291062 1.7596826439627358e-10
  outer loop
    vertex 9355.247600755725 10098.765820930948 89.0311615142641
    vertex 9355.433996861164 10098.622794170611 97.23116128675906
    vertex 9355.247600758095 10098.765820930948 97.23116128681394
  endloop
endfacet
facet normal -0.6087614290089465 -0.793353340291062 1.7596826439627358e-10
  outer loop
    vertex 9355.433996861164 10098.622794170611 97.23116128675906
    vertex 9355.247600755725 10098.765820930948 89.0311615142641
    vertex 9355.433996858797 10098.62279417061 89.03116151421067
  endloop
endfacet
facet normal -0.3826834323661611 -0.923879532510843 1.1067142136998705e-10
  outer loop
    vertex 9355.030537896326 10098.8557313112 89.03116151432619
    vertex 9355.247600758095 10098.765820930948 97.23116128681394
    vertex 9355.030537898689 10098.855731311203 97.23116128687603
  endloop
endfacet
facet normal -0.3826834323661611 -0.923879532510843 1.1067142136998705e-10
  outer loop
    vertex 9355.247600758095 10098.765820930948 97.23116128681394
    vertex 9355.030537896326 10098.8557313112 89.03116151432619
    vertex 9355.247600755725 10098.765820930948 89.0311615142641
  endloop
endfacet
facet normal -1.0 -6.146845843882981e-10 8.145719364296306e-10
  outer loop
    vertex 9350.397600777776 10061.311145083026 97.23116132652821
    vertex 9350.397600766179 10062.143771559604 94.83116102573864
    vertex 9350.397600767497 10061.311145125526 89.03116104205799
  endloop
endfacet
facet normal -1.0 -6.146845843882981e-10 8.145719364296306e-10
  outer loop
    vertex 9350.397600766179 10062.143771559604 94.83116102573864
    vertex 9350.397600777776 10061.311145083026 97.23116132652821
    vertex 9350.397600762712 10072.836398058387 97.23116128853187
  endloop
endfacet
facet normal -1.0 -6.146845843882981e-10 8.145719364296306e-10
  outer loop
    vertex 9350.397600766179 10062.143771559604 94.83116102573864
    vertex 9350.397600762712 10072.836398058387 97.23116128853187
    vertex 9350.397600766539 10067.743771559604 94.83116102306072
  endloop
endfacet
facet normal -1.0 -6.146845843882981e-10 8.145719364296306e-10
  outer loop
    vertex 9350.397600766539 10067.743771559604 94.83116102306072
    vertex 9350.397600762712 10072.836398058387 97.23116128853187
    vertex 9350.397600763321 10067.74377159068 89.03116102306059
  endloop
endfacet
facet normal -1.0 -6.146845843882981e-10 8.145719364296306e-10
  outer loop
    vertex 9350.397600763321 10067.74377159068 89.03116102306059
    vertex 9350.397600762712 10072.836398058387 97.23116128853187
    vertex 9350.397600759145 10072.836398058409 89.03116100406164
  endloop
endfacet
facet normal -1.0 -6.146845843882981e-10 8.145719364296306e-10
  outer loop
    vertex 9350.397600767497 10061.311145125526 89.03116104205799
    vertex 9350.397600761275 10062.143771559604 92.3311610257392
    vertex 9350.397600763321 10064.443771590048 89.03116102573867
  endloop
endfacet
facet normal -1.0 -6.146845843882981e-10 8.145719364296306e-10
  outer loop
    vertex 9350.397600761275 10062.143771559604 92.3311610257392
    vertex 9350.397600767497 10061.311145125526 89.03116104205799
    vertex 9350.397600766179 10062.143771559604 94.83116102573864
  endloop
endfacet
facet normal -1.0 -6.146845843882981e-10 8.145719364296306e-10
  outer loop
    vertex 9350.397600763321 10064.443771590048 89.03116102573867
    vertex 9350.397600761275 10062.143771559604 92.3311610257392
    vertex 9350.397600760793 10064.443771575678 90.8311610257397
  endloop
endfacet
facet normal -0.980785280260162 -0.195090322735382 2.809950938242814e-10
  outer loop
    vertex 9350.448931610192 10060.527987929723 97.23116132648052
    vertex 9350.602045810938 10059.75823085264 89.03116104159587
    vertex 9350.602045821348 10059.758230812487 97.23116132634185
  endloop
endfacet
facet normal -0.980785280260162 -0.195090322735382 2.809950938242814e-10
  outer loop
    vertex 9350.602045810938 10059.75823085264 89.03116104159587
    vertex 9350.448931610192 10060.527987929723 97.23116132648052
    vertex 9350.448931599924 10060.5279879699 89.03116104194244
  endloop
endfacet
facet normal -0.9469301292685456 -0.3214394659705858 -3.6370570078890423e-10
  outer loop
    vertex 9350.602045821348 10059.758230812487 97.23116132634185
    vertex 9350.854323574096 10059.015044529131 89.03116104102985
    vertex 9350.854323584637 10059.015044489006 97.23116132611224
  endloop
endfacet
facet normal -0.9469301292685456 -0.3214394659705858 -3.6370570078890423e-10
  outer loop
    vertex 9350.854323574096 10059.015044529131 89.03116104102985
    vertex 9350.602045821348 10059.758230812487 97.23116132634185
    vertex 9350.602045810938 10059.75823085264 89.03116104159587
  endloop
endfacet
facet normal -0.8968727412388158 -0.4422886908149158 -1.00296938936579e-09
  outer loop
    vertex 9350.854323584637 10059.015044489006 97.23116132611224
    vertex 9351.201448346923 10058.311145123405 89.03116104024869
    vertex 9351.201448357591 10058.311145083326 97.23116132579744
  endloop
endfacet
facet normal -0.8968727412388158 -0.4422886908149158 -1.00296938936579e-09
  outer loop
    vertex 9351.201448346923 10058.311145123405 89.03116104024869
    vertex 9350.854323584637 10059.015044489006 97.23116132611224
    vertex 9350.854323574096 10059.015044529131 89.03116104102985
  endloop
endfacet
facet normal -0.997858923189681 -0.06540312997655871 9.205073430367956e-10
  outer loop
    vertex 9350.397600777776 10061.311145083026 97.23116132652821
    vertex 9350.448931599924 10060.5279879699 89.03116104194244
    vertex 9350.448931610192 10060.527987929723 97.23116132648052
  endloop
endfacet
facet normal -0.997858923189681 -0.06540312997655871 9.205073430367956e-10
  outer loop
    vertex 9350.448931599924 10060.5279879699 89.03116104194244
    vertex 9350.397600777776 10061.311145083026 97.23116132652821
    vertex 9350.397600767497 10061.311145125526 89.03116104205799
  endloop
endfacet
facet normal -0.5555702326475492 -0.8314696125511432 -3.292872032707811e-09
  outer loop
    vertex 9352.745032196755 10056.55102508203 89.0311610367704
    vertex 9353.397600782144 10056.114992661443 97.23116132380339
    vertex 9352.745032207726 10056.55102504216 97.23116132439537
  endloop
endfacet
facet normal -0.5555702326475492 -0.8314696125511432 -3.292872032707811e-09
  outer loop
    vertex 9353.397600782144 10056.114992661443 97.23116132380339
    vertex 9352.745032196755 10056.55102508203 89.0311610367704
    vertex 9353.397600771075 10056.114992701248 89.03116103530346
  endloop
endfacet
facet normal -0.4422886898608215 -0.8968727417093231 -3.750072584149289e-09
  outer loop
    vertex 9353.397600771075 10056.114992701248 89.03116103530346
    vertex 9354.101500188244 10055.767867889346 97.23116132316375
    vertex 9353.397600782144 10056.114992661443 97.23116132380339
  endloop
endfacet
facet normal -0.4422886898608215 -0.8968727417093231 -3.750072584149289e-09
  outer loop
    vertex 9354.101500188244 10055.767867889346 97.23116132316375
    vertex 9353.397600771075 10056.114992701248 89.03116103530346
    vertex 9354.101500177132 10055.767867929055 89.03116103371812
  endloop
endfacet
facet normal -0.7518398071091302 -0.6593458155217987 -2.2216015860709782e-09
  outer loop
    vertex 9351.637480739098 10057.658576509439 97.2311613254018
    vertex 9352.154960083324 10057.06850443653 89.03116103810164
    vertex 9352.154960094222 10057.068504396566 97.23116132493107
  endloop
endfacet
facet normal -0.7518398071091302 -0.6593458155217987 -2.2216015860709782e-09
  outer loop
    vertex 9352.154960083324 10057.06850443653 89.03116103810164
    vertex 9351.637480739098 10057.658576509439 97.2311613254018
    vertex 9351.637480728317 10057.658576549453 89.03116103926685
  endloop
endfacet
facet normal -0.6593458147223682 -0.7518398078102119 -2.7806929046545945e-09
  outer loop
    vertex 9352.154960083324 10057.06850443653 89.03116103810164
    vertex 9352.745032207726 10056.55102504216 97.23116132439537
    vertex 9352.154960094222 10057.068504396566 97.23116132493107
  endloop
endfacet
facet normal -0.6593458147223682 -0.7518398078102119 -2.7806929046545945e-09
  outer loop
    vertex 9352.745032207726 10056.55102504216 97.23116132439537
    vertex 9352.154960083324 10057.06850443653 89.03116103810164
    vertex 9352.745032196755 10056.55102508203 89.0311610367704
  endloop
endfacet
facet normal -0.8314696119607975 -0.5555702335310642 -1.6258198468813937e-09
  outer loop
    vertex 9351.201448357591 10058.311145083326 97.23116132579744
    vertex 9351.637480728317 10057.658576549453 89.03116103926685
    vertex 9351.637480739098 10057.658576509439 97.2311613254018
  endloop
endfacet
facet normal -0.8314696119607975 -0.5555702335310642 -1.6258198468813937e-09
  outer loop
    vertex 9351.637480728317 10057.658576549453 89.03116103926685
    vertex 9351.201448357591 10058.311145083326 97.23116132579744
    vertex 9351.201448346923 10058.311145123405 89.03116104024869
  endloop
endfacet
facet normal -0.7518398066519131 0.659345816043155 3.5407113119502186e-09
  outer loop
    vertex 9352.154960102629 10111.39005858023 97.23116132373907
    vertex 9351.637480743615 10110.799986507689 89.03116146080444
    vertex 9351.637480746984 10110.799986467599 97.2311613238892
  endloop
endfacet
facet normal -0.7518398066519131 0.659345816043155 3.5407113119502186e-09
  outer loop
    vertex 9351.637480743615 10110.799986507689 89.03116146080444
    vertex 9352.154960102629 10111.39005858023 97.23116132373907
    vertex 9352.154960099202 10111.39005862046 89.03116148295994
  endloop
endfacet
facet normal -0.19509032129076526 0.9807852805475141 4.996474165927709e-09
  outer loop
    vertex 9355.61444363937 10113.09608705845 97.23116132274005
    vertex 9354.844686518207 10112.94297288954 89.03116154015852
    vertex 9354.844686521812 10112.942972848588 97.2311613229624
  endloop
endfacet
facet normal -0.19509032129076526 0.9807852805475141 4.996474165927709e-09
  outer loop
    vertex 9354.844686518207 10112.94297288954 89.03116154015852
    vertex 9355.61444363937 10113.09608705845 97.23116132274005
    vertex 9355.614443635755 10113.096087099613 89.03116154537796
  endloop
endfacet
facet normal -0.9978589231290885 0.06540313090102085 6.895162684675296e-10
  outer loop
    vertex 9350.44893161554 10107.930575047863 97.23116132423264
    vertex 9350.397600779466 10107.147417935226 89.03116132201818
    vertex 9350.397600782433 10107.147417894586 97.23116132424846
  endloop
endfacet
facet normal -0.9978589231290885 0.06540313090102085 6.895162684675296e-10
  outer loop
    vertex 9350.397600779466 10107.147417935226 89.03116132201818
    vertex 9350.44893161554 10107.930575047863 97.23116132423264
    vertex 9350.448931612445 10107.930575087656 89.03116135195447
  endloop
endfacet
facet normal -0.9469301289880825 0.3214394667968039 1.932093717383651e-09
  outer loop
    vertex 9350.854323591324 10109.443518488395 97.23116132411577
    vertex 9350.602045824211 10108.700332204859 89.03116138129299
    vertex 9350.602045827376 10108.70033216503 97.23116132418937
  endloop
endfacet
facet normal -0.9469301289880825 0.3214394667968039 1.932093717383651e-09
  outer loop
    vertex 9350.602045824211 10108.700332204859 89.03116138129299
    vertex 9350.854323591324 10109.443518488395 97.23116132411577
    vertex 9350.854323588088 10109.443518528284 89.03116140953132
  endloop
endfacet
facet normal -0.8314696115375582 0.5555702341644865 3.0507487661272265e-09
  outer loop
    vertex 9351.637480746984 10110.799986467599 97.2311613238892
    vertex 9351.201448361595 10110.14741793389 89.03116143618722
    vertex 9351.2014483649 10110.147417893912 97.23116132401476
  endloop
endfacet
facet normal -0.8314696115375582 0.5555702341644865 3.0507487661272265e-09
  outer loop
    vertex 9351.201448361595 10110.14741793389 89.03116143618722
    vertex 9351.637480746984 10110.799986467599 97.2311613238892
    vertex 9351.637480743615 10110.799986507689 89.03116146080444
  endloop
endfacet
facet normal -0.06540312852556594 0.997858923284784 5.050968603618419e-09
  outer loop
    vertex 9356.39760079278 10113.14741788955 97.23116132251482
    vertex 9355.614443635755 10113.096087099613 89.03116154537796
    vertex 9355.61444363937 10113.09608705845 97.23116132274005
  endloop
endfacet
facet normal -0.06540312852556594 0.997858923284784 5.050968603618419e-09
  outer loop
    vertex 9355.614443635755 10113.096087099613 89.03116154537796
    vertex 9356.39760079278 10113.14741788955 97.23116132251482
    vertex 9356.39760079027 10113.147417931 89.03116154668895
  endloop
endfacet
facet normal -0.3214394649644919 -0.9469301296100687 -4.143557697876501e-09
  outer loop
    vertex 9354.101500177132 10055.767867929055 89.03116103371812
    vertex 9354.844686512033 10055.515590126959 97.23116132248946
    vertex 9354.101500188244 10055.767867889346 97.23116132316375
  endloop
endfacet
facet normal -0.3214394649644919 -0.9469301296100687 -4.143557697876501e-09
  outer loop
    vertex 9354.844686512033 10055.515590126959 97.23116132248946
    vertex 9354.101500177132 10055.767867929055 89.03116103371812
    vertex 9354.844686500868 10055.515590166577 89.03116103204326
  endloop
endfacet
facet normal -0.5555702321859215 0.8314696128595929 4.3413456123201545e-09
  outer loop
    vertex 9353.397600791393 10112.343570314775 97.23116132338107
    vertex 9352.745032213104 10111.907537974748 89.03116150227687
    vertex 9352.74503221659 10111.907537934363 97.23116132356873
  endloop
endfacet
facet normal -0.5555702321859215 0.8314696128595929 4.3413456123201545e-09
  outer loop
    vertex 9352.745032213104 10111.907537974748 89.03116150227687
    vertex 9353.397600791393 10112.343570314775 97.23116132338107
    vertex 9353.397600787868 10112.343570355339 89.03116151842174
  endloop
endfacet
facet normal -0.4422886894178807 0.8968727419277573 4.6380328726166065e-09
  outer loop
    vertex 9354.101500197801 10112.690695086545 97.23116132317752
    vertex 9353.397600787868 10112.343570355339 89.03116151842174
    vertex 9353.397600791393 10112.343570314775 97.23116132338107
  endloop
endfacet
facet normal -0.4422886894178807 0.8968727419277573 4.6380328726166065e-09
  outer loop
    vertex 9353.397600787868 10112.343570355339 89.03116151842174
    vertex 9354.101500197801 10112.690695086545 97.23116132317752
    vertex 9354.101500194229 10112.690695127294 89.03116153112308
  endloop
endfacet
facet normal -0.1950903216918378 -0.9807852804677359 -4.466969762945097e-09
  outer loop
    vertex 9354.844686500868 10055.515590166577 89.03116103204326
    vertex 9355.614443629454 10055.36247591674 97.23116132179064
    vertex 9354.844686512033 10055.515590126959 97.23116132248946
  endloop
endfacet
facet normal -0.1950903216918378 -0.9807852804677359 -4.466969762945097e-09
  outer loop
    vertex 9355.614443629454 10055.36247591674 97.23116132179064
    vertex 9354.844686500868 10055.515590166577 89.03116103204326
    vertex 9355.614443618275 10055.36247595626 89.03116103031067
  endloop
endfacet
facet normal -0.06540312891557429 -0.9978589232592214 -4.7142761230201084e-09
  outer loop
    vertex 9355.614443618275 10055.36247595626 89.03116103031067
    vertex 9356.397600782819 10055.311145085274 97.23116132107883
    vertex 9355.614443629454 10055.36247591674 97.23116132179064
  endloop
endfacet
facet normal -0.06540312891557429 -0.9978589232592214 -4.7142761230201084e-09
  outer loop
    vertex 9356.397600782819 10055.311145085274 97.23116132107883
    vertex 9355.614443618275 10055.36247595626 89.03116103031067
    vertex 9356.397600770857 10055.311145124751 89.03116102854919
  endloop
endfacet
facet normal -0.8968727408745486 0.44228869155357686 2.511613270846791e-09
  outer loop
    vertex 9351.2014483649 10110.147417893912 97.23116132401476
    vertex 9350.854323588088 10109.443518528284 89.03116140953132
    vertex 9350.854323591324 10109.443518488395 97.23116132411577
  endloop
endfacet
facet normal -0.8968727408745486 0.44228869155357686 2.511613270846791e-09
  outer loop
    vertex 9350.854323588088 10109.443518528284 89.03116140953132
    vertex 9351.2014483649 10110.147417893912 97.23116132401476
    vertex 9351.201448361595 10110.14741793389 89.03116143618722
  endloop
endfacet
facet normal -0.6593458142537781 0.7518398082211544 3.9734272696245175e-09
  outer loop
    vertex 9352.74503221659 10111.907537934363 97.23116132356873
    vertex 9352.154960099202 10111.39005862046 89.03116148295994
    vertex 9352.154960102629 10111.39005858023 97.23116132373907
  endloop
endfacet
facet normal -0.6593458142537781 0.7518398082211544 3.9734272696245175e-09
  outer loop
    vertex 9352.154960099202 10111.39005862046 89.03116148295994
    vertex 9352.74503221659 10111.907537934363 97.23116132356873
    vertex 9352.745032213104 10111.907537974748 89.03116150227687
  endloop
endfacet
facet normal -0.9807852800829874 0.1950903236260997 1.3215002713902834e-09
  outer loop
    vertex 9350.602045827376 10108.70033216503 97.23116132418937
    vertex 9350.448931612445 10107.930575087656 89.03116135195447
    vertex 9350.44893161554 10107.930575047863 97.23116132423264
  endloop
endfacet
facet normal -0.9807852800829874 0.1950903236260997 1.3215002713902834e-09
  outer loop
    vertex 9350.448931612445 10107.930575087656 89.03116135195447
    vertex 9350.602045827376 10108.70033216503 97.23116132418937
    vertex 9350.602045824211 10108.700332204859 89.03116138129299
  endloop
endfacet
facet normal -0.32143946454354577 0.9469301297529605 4.857827378917834e-09
  outer loop
    vertex 9354.844686521812 10112.942972848588 97.2311613229624
    vertex 9354.101500194229 10112.690695127294 89.03116153112308
    vertex 9354.101500197801 10112.690695086545 97.23116132317752
  endloop
endfacet
facet normal -0.32143946454354577 0.9469301297529605 4.857827378917834e-09
  outer loop
    vertex 9354.101500194229 10112.690695127294 89.03116153112308
    vertex 9354.844686521812 10112.942972848588 97.2311613229624
    vertex 9354.844686518207 10112.94297288954 89.03116154015852
  endloop
endfacet
facet normal 1.6436662223059464e-09 2.2496247939898606e-09 1.0
  outer loop
    vertex 9362.597600760762 10072.836398067537 97.23116127745341
    vertex 9356.397600782819 10055.311145085274 97.23116132107883
    vertex 9362.59760078087 10055.311145092175 97.23116131544937
  endloop
endfacet
facet normal 1.6436662223059464e-09 2.2496247939898606e-09 1.0
  outer loop
    vertex 9356.397600782819 10055.311145085274 97.23116132107883
    vertex 9362.597600760762 10072.836398067537 97.23116127745341
    vertex 9355.697600760614 10070.48639806754 97.23116128462762
  endloop
endfacet
facet normal 1.6436662223059464e-09 2.2496247939898606e-09 1.0
  outer loop
    vertex 9355.697600760614 10070.48639806754 97.23116128462762
    vertex 9362.597600760762 10072.836398067537 97.23116127745341
    vertex 9355.666934004274 10070.719335208134 97.23116128465506
  endloop
endfacet
facet normal 1.6436662223059464e-09 2.2496247939898606e-09 1.0
  outer loop
    vertex 9355.666934004274 10070.719335208134 97.23116128465506
    vertex 9362.597600760762 10072.836398067537 97.23116127745341
    vertex 9354.847600760444 10072.836398063484 97.23116128448916
  endloop
endfacet
facet normal 1.6436662223059464e-09 2.2496247939898606e-09 1.0
  outer loop
    vertex 9355.666934004274 10070.719335208134 97.23116128465506
    vertex 9354.847600760444 10072.836398063484 97.23116128448916
    vertex 9355.577023624019 10070.936398067543 97.23116128473593
  endloop
endfacet
facet normal 1.6436662223059464e-09 2.2496247939898606e-09 1.0
  outer loop
    vertex 9355.577023624019 10070.936398067543 97.23116128473593
    vertex 9354.847600760444 10072.836398063484 97.23116128448916
    vertex 9355.43399686368 10071.12279417061 97.23116128486589
  endloop
endfacet
facet normal 1.6436662223059464e-09 2.2496247939898606e-09 1.0
  outer loop
    vertex 9355.43399686368 10071.12279417061 97.23116128486589
    vertex 9354.847600760444 10072.836398063484 97.23116128448916
    vertex 9355.247600760613 10071.265820930948 97.23116128503626
  endloop
endfacet
facet normal 1.6436662223059464e-09 2.2496247939898606e-09 1.0
  outer loop
    vertex 9355.247600760613 10071.265820930948 97.23116128503626
    vertex 9354.847600760444 10072.836398063484 97.23116128448916
    vertex 9355.030537901204 10071.355731311203 97.23116128523263
  endloop
endfacet
facet normal 1.6436662223059464e-09 2.2496247939898606e-09 1.0
  outer loop
    vertex 9355.030537901204 10071.355731311203 97.23116128523263
    vertex 9354.847600760444 10072.836398063484 97.23116128448916
    vertex 9354.847600760444 10071.379815444425 97.23116128471864
  endloop
endfacet
facet normal 1.6436662223059464e-09 2.2496247939898606e-09 1.0
  outer loop
    vertex 9350.397600762712 10072.836398058387 97.23116128853187
    vertex 9354.747600763129 10071.379815444776 97.23116128480815
    vertex 9354.747600763129 10072.836398063408 97.23116128457724
  endloop
endfacet
facet normal 1.6436662223059464e-09 2.2496247939898606e-09 1.0
  outer loop
    vertex 9354.747600763129 10071.379815444776 97.23116128480815
    vertex 9350.397600762712 10072.836398058387 97.23116128853187
    vertex 9354.56466362002 10071.355731311203 97.23116128565567
  endloop
endfacet
facet normal 1.6436662223059464e-09 2.2496247939898606e-09 1.0
  outer loop
    vertex 9354.56466362002 10071.355731311203 97.23116128565567
    vertex 9350.397600762712 10072.836398058387 97.23116128853187
    vertex 9354.347600760613 10071.265820930948 97.23116128585347
  endloop
endfacet
facet normal 1.6436662223059464e-09 2.2496247939898606e-09 1.0
  outer loop
    vertex 9354.347600760613 10071.265820930948 97.23116128585347
    vertex 9350.397600762712 10072.836398058387 97.23116128853187
    vertex 9354.161204657545 10071.12279417061 97.23116128602238
  endloop
endfacet
facet normal 1.6436662223059464e-09 2.2496247939898606e-09 1.0
  outer loop
    vertex 9354.161204657545 10071.12279417061 97.23116128602238
    vertex 9350.397600762712 10072.836398058387 97.23116128853187
    vertex 9354.018177897207 10070.936398067543 97.23116128615231
  endloop
endfacet
facet normal 1.6436662223059464e-09 2.2496247939898606e-09 1.0
  outer loop
    vertex 9354.018177897207 10070.936398067543 97.23116128615231
    vertex 9350.397600762712 10072.836398058387 97.23116128853187
    vertex 9353.928267516952 10070.719335208134 97.23116128623316
  endloop
endfacet
facet normal 1.6436662223059464e-09 2.2496247939898606e-09 1.0
  outer loop
    vertex 9353.928267516952 10070.719335208134 97.23116128623316
    vertex 9350.397600762712 10072.836398058387 97.23116128853187
    vertex 9353.897600760612 10070.48639806754 97.23116128626202
  endloop
endfacet
facet normal 1.6436662223059464e-09 2.2496247939898606e-09 1.0
  outer loop
    vertex 9353.897600760612 10070.48639806754 97.23116128626202
    vertex 9350.397600762712 10072.836398058387 97.23116128853187
    vertex 9353.397600782144 10056.114992661443 97.23116132380339
  endloop
endfacet
facet normal 1.6436662223059464e-09 2.2496247939898606e-09 1.0
  outer loop
    vertex 9353.397600782144 10056.114992661443 97.23116132380339
    vertex 9350.397600762712 10072.836398058387 97.23116128853187
    vertex 9352.745032207726 10056.55102504216 97.23116132439537
  endloop
endfacet
facet normal 1.6436662223059464e-09 2.2496247939898606e-09 1.0
  outer loop
    vertex 9352.745032207726 10056.55102504216 97.23116132439537
    vertex 9350.397600762712 10072.836398058387 97.23116128853187
    vertex 9352.154960094222 10057.068504396566 97.23116132493107
  endloop
endfacet
facet normal 1.6436662223059464e-09 2.2496247939898606e-09 1.0
  outer loop
    vertex 9352.154960094222 10057.068504396566 97.23116132493107
    vertex 9350.397600762712 10072.836398058387 97.23116128853187
    vertex 9351.637480739098 10057.658576509439 97.2311613254018
  endloop
endfacet
facet normal 1.6436662223059464e-09 2.2496247939898606e-09 1.0
  outer loop
    vertex 9351.637480739098 10057.658576509439 97.2311613254018
    vertex 9350.397600762712 10072.836398058387 97.23116128853187
    vertex 9351.201448357591 10058.311145083326 97.23116132579744
  endloop
endfacet
facet normal 1.6436662223059464e-09 2.2496247939898606e-09 1.0
  outer loop
    vertex 9351.201448357591 10058.311145083326 97.23116132579744
    vertex 9350.397600762712 10072.836398058387 97.23116128853187
    vertex 9350.854323584637 10059.015044489006 97.23116132611224
  endloop
endfacet
facet normal 1.6436662223059464e-09 2.2496247939898606e-09 1.0
  outer loop
    vertex 9350.854323584637 10059.015044489006 97.23116132611224
    vertex 9350.397600762712 10072.836398058387 97.23116128853187
    vertex 9350.602045821348 10059.758230812487 97.23116132634185
  endloop
endfacet
facet normal 1.6436662223059464e-09 2.2496247939898606e-09 1.0
  outer loop
    vertex 9350.602045821348 10059.758230812487 97.23116132634185
    vertex 9350.397600762712 10072.836398058387 97.23116128853187
    vertex 9350.448931610192 10060.527987929723 97.23116132648052
  endloop
endfacet
facet normal 1.6436662223059464e-09 2.2496247939898606e-09 1.0
  outer loop
    vertex 9350.448931610192 10060.527987929723 97.23116132648052
    vertex 9350.397600762712 10072.836398058387 97.23116128853187
    vertex 9350.397600777776 10061.311145083026 97.23116132652821
  endloop
endfacet
facet normal 1.6436662223059464e-09 2.2496247939898606e-09 1.0
  outer loop
    vertex 9355.697600760614 10070.48639806754 97.23116128462762
    vertex 9355.614443629454 10055.36247591674 97.23116132179064
    vertex 9356.397600782819 10055.311145085274 97.23116132107883
  endloop
endfacet
facet normal 1.6436662223059464e-09 2.2496247939898606e-09 1.0
  outer loop
    vertex 9355.614443629454 10055.36247591674 97.23116132179064
    vertex 9355.697600760614 10070.48639806754 97.23116128462762
    vertex 9355.666934004274 10070.25346092695 97.23116128465503
  endloop
endfacet
facet normal 1.6436662223059464e-09 2.2496247939898606e-09 1.0
  outer loop
    vertex 9355.614443629454 10055.36247591674 97.23116132179064
    vertex 9355.666934004274 10070.25346092695 97.23116128465503
    vertex 9355.577023624019 10070.036398067543 97.23116128473588
  endloop
endfacet
facet normal 1.6436662223059464e-09 2.2496247939898606e-09 1.0
  outer loop
    vertex 9355.614443629454 10055.36247591674 97.23116132179064
    vertex 9355.577023624019 10070.036398067543 97.23116128473588
    vertex 9354.844686512033 10055.515590126959 97.23116132248946
  endloop
endfacet
facet normal 1.6436662223059464e-09 2.2496247939898606e-09 1.0
  outer loop
    vertex 9354.844686512033 10055.515590126959 97.23116132248946
    vertex 9355.577023624019 10070.036398067543 97.23116128473588
    vertex 9355.43399686368 10069.850001964474 97.2311612848658
  endloop
endfacet
facet normal 1.6436662223059464e-09 2.2496247939898606e-09 1.0
  outer loop
    vertex 9354.844686512033 10055.515590126959 97.23116132248946
    vertex 9355.43399686368 10069.850001964474 97.2311612848658
    vertex 9355.247600760613 10069.706975204137 97.23116128503617
  endloop
endfacet
facet normal 1.6436662223059464e-09 2.2496247939898606e-09 1.0
  outer loop
    vertex 9354.844686512033 10055.515590126959 97.23116132248946
    vertex 9355.247600760613 10069.706975204137 97.23116128503617
    vertex 9355.030537901204 10069.61706482388 97.23116128523253
  endloop
endfacet
facet normal 1.6436662223059464e-09 2.2496247939898606e-09 1.0
  outer loop
    vertex 9354.844686512033 10055.515590126959 97.23116132248946
    vertex 9355.030537901204 10069.61706482388 97.23116128523253
    vertex 9354.847600754896 10069.59298069242 97.231161285387
  endloop
endfacet
facet normal 1.6436662223059464e-09 2.2496247939898606e-09 1.0
  outer loop
    vertex 9354.844686512033 10055.515590126959 97.23116132248946
    vertex 9354.847600754896 10069.59298069242 97.231161285387
    vertex 9354.747600754898 10069.59298069242 97.2311612854332
  endloop
endfacet
facet normal 1.6436662223059464e-09 2.2496247939898606e-09 1.0
  outer loop
    vertex 9354.844686512033 10055.515590126959 97.23116132248946
    vertex 9354.747600754898 10069.59298069242 97.2311612854332
    vertex 9354.101500188244 10055.767867889346 97.23116132316375
  endloop
endfacet
facet normal 1.6436662223059464e-09 2.2496247939898606e-09 1.0
  outer loop
    vertex 9354.101500188244 10055.767867889346 97.23116132316375
    vertex 9354.747600754898 10069.59298069242 97.2311612854332
    vertex 9354.56466362002 10069.61706482388 97.23116128565556
  endloop
endfacet
facet normal 1.6436662223059464e-09 2.2496247939898606e-09 1.0
  outer loop
    vertex 9354.101500188244 10055.767867889346 97.23116132316375
    vertex 9354.56466362002 10069.61706482388 97.23116128565556
    vertex 9354.347600760613 10069.706975204137 97.23116128585337
  endloop
endfacet
facet normal 1.6436662223059464e-09 2.2496247939898606e-09 1.0
  outer loop
    vertex 9354.101500188244 10055.767867889346 97.23116132316375
    vertex 9354.347600760613 10069.706975204137 97.23116128585337
    vertex 9354.161204657545 10069.850001964474 97.23116128602231
  endloop
endfacet
facet normal 1.6436662223059464e-09 2.2496247939898606e-09 1.0
  outer loop
    vertex 9354.101500188244 10055.767867889346 97.23116132316375
    vertex 9354.161204657545 10069.850001964474 97.23116128602231
    vertex 9354.018177897207 10070.036398067543 97.23116128615226
  endloop
endfacet
facet normal 1.6436662223059464e-09 2.2496247939898606e-09 1.0
  outer loop
    vertex 9354.101500188244 10055.767867889346 97.23116132316375
    vertex 9354.018177897207 10070.036398067543 97.23116128615226
    vertex 9353.397600782144 10056.114992661443 97.23116132380339
  endloop
endfacet
facet normal 1.6436662223059464e-09 2.2496247939898606e-09 1.0
  outer loop
    vertex 9353.397600782144 10056.114992661443 97.23116132380339
    vertex 9354.018177897207 10070.036398067543 97.23116128615226
    vertex 9353.928267516952 10070.25346092695 97.23116128623313
  endloop
endfacet
facet normal 1.6436662223059464e-09 2.2496247939898606e-09 1.0
  outer loop
    vertex 9353.397600782144 10056.114992661443 97.23116132380339
    vertex 9353.928267516952 10070.25346092695 97.23116128623313
    vertex 9353.897600760612 10070.48639806754 97.23116128626202
  endloop
endfacet
facet normal 1.0 -6.076646128642358e-10 -4.913790007943364e-09
  outer loop
    vertex 9391.59760074089 10064.443771590046 89.03116098218142
    vertex 9391.597600737085 10062.143771557674 92.33116101645687
    vertex 9391.597600731717 10053.049281528783 89.0311608181321
  endloop
endfacet
facet normal 1.0 -6.076646128642358e-10 -4.913790007943364e-09
  outer loop
    vertex 9391.597600737085 10062.143771557674 92.33116101645687
    vertex 9391.59760074089 10064.443771590046 89.03116098218142
    vertex 9391.5976007366 10064.443771573746 90.83116101645736
  endloop
endfacet
facet normal 1.0 -6.076646128642358e-10 -4.913790007943364e-09
  outer loop
    vertex 9391.59760074409 10067.743771590678 89.03116102021914
    vertex 9391.59760075747 10082.179281442199 93.78045712726234
    vertex 9391.597600783047 10080.129281442198 97.33116128277867
  endloop
endfacet
facet normal 1.0 -6.076646128642358e-10 -4.913790007943364e-09
  outer loop
    vertex 9391.59760075747 10082.179281442199 93.78045712726234
    vertex 9391.59760074409 10067.743771590678 89.03116102021914
    vertex 9391.597600771858 10100.729024535252 89.03116118505385
  endloop
endfacet
facet normal 1.0 -6.076646128642358e-10 -4.913790007943364e-09
  outer loop
    vertex 9391.59760075747 10082.179281442199 93.78045712726234
    vertex 9391.597600771858 10100.729024535252 89.03116118505385
    vertex 9391.597600757223 10086.279281442197 93.78045712726261
  endloop
endfacet
facet normal 1.0 -6.076646128642358e-10 -4.913790007943364e-09
  outer loop
    vertex 9391.597600757223 10086.279281442197 93.78045712726261
    vertex 9391.597600771858 10100.729024535252 89.03116118505385
    vertex 9391.597600782554 10088.329281442198 97.3311612827792
  endloop
endfacet
facet normal 1.0 -6.076646128642358e-10 -4.913790007943364e-09
  outer loop
    vertex 9391.597600784216 10115.409281455462 89.0311614924952
    vertex 9391.597600768815 10104.029024567046 90.83116099916434
    vertex 9391.597600772175 10104.02902455258 89.0311609991633
  endloop
endfacet
facet normal 1.0 -6.076646128642358e-10 -4.913790007943364e-09
  outer loop
    vertex 9391.597600768815 10104.029024567046 90.83116099916434
    vertex 9391.597600784216 10115.409281455462 89.0311614924952
    vertex 9391.597600769297 10106.32902458312 92.33116099916415
  endloop
endfacet
facet normal 1.0 -6.076646128642358e-10 -4.913790007943364e-09
  outer loop
    vertex 9391.597600769297 10106.32902458312 92.33116099916415
    vertex 9391.597600784216 10115.409281455462 89.0311614924952
    vertex 9391.5976007742 10106.32902458312 94.83116099916359
  endloop
endfacet
facet normal 1.0 -6.076646128642358e-10 -4.913790007943364e-09
  outer loop
    vertex 9391.5976007742 10106.32902458312 94.83116099916359
    vertex 9391.597600784216 10115.409281455462 89.0311614924952
    vertex 9391.597600841635 10115.409281359853 105.83116146065221
  endloop
endfacet
facet normal 1.0 -6.076646128642358e-10 -4.913790007943364e-09
  outer loop
    vertex 9391.597600844045 10053.049281359852 105.8311607891262
    vertex 9391.597600808378 10082.179281442199 100.88186543829526
    vertex 9391.597600841635 10115.409281359853 105.83116146065221
  endloop
endfacet
facet normal 1.0 -6.076646128642358e-10 -4.913790007943364e-09
  outer loop
    vertex 9391.597600808378 10082.179281442199 100.88186543829526
    vertex 9391.597600844045 10053.049281359852 105.8311607891262
    vertex 9391.597600741987 10062.143771557674 94.8311610164563
  endloop
endfacet
facet normal 1.0 -6.076646128642358e-10 -4.913790007943364e-09
  outer loop
    vertex 9391.597600741987 10062.143771557674 94.8311610164563
    vertex 9391.597600844045 10053.049281359852 105.8311607891262
    vertex 9391.597600731717 10053.049281528783 89.0311608181321
  endloop
endfacet
facet normal 1.0 -6.076646128642358e-10 -4.913790007943364e-09
  outer loop
    vertex 9391.597600741987 10062.143771557674 94.8311610164563
    vertex 9391.597600731717 10053.049281528783 89.0311608181321
    vertex 9391.597600737085 10062.143771557674 92.33116101645687
  endloop
endfacet
facet normal 1.0 -6.076646128642358e-10 -4.913790007943364e-09
  outer loop
    vertex 9391.597600808378 10082.179281442199 100.88186543829526
    vertex 9391.597600741987 10062.143771557674 94.8311610164563
    vertex 9391.597600746476 10067.743771559604 94.8311610202207
  endloop
endfacet
facet normal 1.0 -6.076646128642358e-10 -4.913790007943364e-09
  outer loop
    vertex 9391.597600808378 10082.179281442199 100.88186543829526
    vertex 9391.597600746476 10067.743771559604 94.8311610202207
    vertex 9391.59760074409 10067.743771590678 89.03116102021914
  endloop
endfacet
facet normal 1.0 -6.076646128642358e-10 -4.913790007943364e-09
  outer loop
    vertex 9391.597600808378 10082.179281442199 100.88186543829526
    vertex 9391.59760074409 10067.743771590678 89.03116102021914
    vertex 9391.597600783047 10080.129281442198 97.33116128277867
  endloop
endfacet
facet normal 1.0 -6.076646128642358e-10 -4.913790007943364e-09
  outer loop
    vertex 9391.597600841635 10115.409281359853 105.83116146065221
    vertex 9391.597600808378 10082.179281442199 100.88186543829526
    vertex 9391.59760080813 10086.279281442197 100.88186543829552
  endloop
endfacet
facet normal 1.0 -6.076646128642358e-10 -4.913790007943364e-09
  outer loop
    vertex 9391.597600841635 10115.409281359853 105.83116146065221
    vertex 9391.59760080813 10086.279281442197 100.88186543829552
    vertex 9391.597600782554 10088.329281442198 97.3311612827792
  endloop
endfacet
facet normal 1.0 -6.076646128642358e-10 -4.913790007943364e-09
  outer loop
    vertex 9391.597600841635 10115.409281359853 105.83116146065221
    vertex 9391.597600782554 10088.329281442198 97.3311612827792
    vertex 9391.597600774561 10100.729024583115 94.83116099648494
  endloop
endfacet
facet normal 1.0 -6.076646128642358e-10 -4.913790007943364e-09
  outer loop
    vertex 9391.597600774561 10100.729024583115 94.83116099648494
    vertex 9391.597600782554 10088.329281442198 97.3311612827792
    vertex 9391.597600771858 10100.729024535252 89.03116118505385
  endloop
endfacet
facet normal 1.0 -6.076646128642358e-10 -4.913790007943364e-09
  outer loop
    vertex 9391.597600841635 10115.409281359853 105.83116146065221
    vertex 9391.597600774561 10100.729024583115 94.83116099648494
    vertex 9391.5976007742 10106.32902458312 94.83116099916359
  endloop
endfacet
facet normal 0.9978589232124482 -0.06540312962919684 -7.338793540060703e-09
  outer loop
    vertex 9391.54626989983 10052.26612438069 89.03116080993112
    vertex 9391.597600844045 10053.049281359852 105.8311607891262
    vertex 9391.54627001213 10052.266124206531 105.83116078095844
  endloop
endfacet
facet normal 0.9978589232124482 -0.06540312962919684 -7.338793540060703e-09
  outer loop
    vertex 9391.597600844045 10053.049281359852 105.8311607891262
    vertex 9391.54626989983 10052.26612438069 89.03116080993112
    vertex 9391.597600731717 10053.049281528783 89.0311608181321
  endloop
endfacet
facet normal 0.5555702329221125 -0.8314696123676856 -1.2389593050343975e-08
  outer loop
    vertex 9388.597600843 10047.853128937117 105.83116074868582
    vertex 9389.250169303265 10048.289161492268 89.03116077879771
    vertex 9389.250169417139 10048.289161318084 105.83116075000697
  endloop
endfacet
facet normal 0.5555702329221125 -0.8314696123676856 -1.2389593050343975e-08
  outer loop
    vertex 9389.250169303265 10048.289161492268 89.03116077879771
    vertex 9388.597600843 10047.853128937117 105.83116074868582
    vertex 9388.597600728948 10047.853129111301 89.03116077745928
  endloop
endfacet
facet normal 0.8314696121499526 -0.5555702332479733 -1.1367971202145632e-08
  outer loop
    vertex 9390.357720771613 10049.39671295996 89.03116078504667
    vertex 9390.793753266147 10050.049281359845 105.83116076097724
    vertex 9390.357720885058 10049.396712785789 105.83116075620536
  endloop
endfacet
facet normal 0.8314696121499526 -0.5555702332479733 -1.1367971202145632e-08
  outer loop
    vertex 9390.793753266147 10050.049281359845 105.83116076097724
    vertex 9390.357720771613 10049.39671295996 89.03116078504667
    vertex 9390.793753152962 10050.049281534013 89.03116078985029
  endloop
endfacet
facet normal 0.751839807331501 -0.6593458152682333 -1.1917969502408305e-08
  outer loop
    vertex 9389.840241416632 10048.806640846893 89.03116078134177
    vertex 9390.357720885058 10049.396712785789 105.83116075620536
    vertex 9389.84024153031 10048.806640672718 105.83116075252791
  endloop
endfacet
facet normal 0.751839807331501 -0.6593458152682333 -1.1917969502408305e-08
  outer loop
    vertex 9390.357720885058 10049.396712785789 105.83116075620536
    vertex 9389.840241416632 10048.806640846893 89.03116078134177
    vertex 9390.357720771613 10049.39671295996 89.03116078504667
  endloop
endfacet
facet normal 0.9469301293796666 -0.3214394656432339 -9.687757681065426e-09
  outer loop
    vertex 9391.140877925745 10050.753180939822 89.0311607956675
    vertex 9391.393155801466 10051.496367089236 105.83116077346062
    vertex 9391.14087803865 10050.753180765658 105.8311607667627
  endloop
endfacet
facet normal 0.9469301293796666 -0.3214394656432339 -9.687757681065426e-09
  outer loop
    vertex 9391.393155801466 10051.496367089236 105.83116077346062
    vertex 9391.140877925745 10050.753180939822 89.0311607956675
    vertex 9391.39315568886 10051.496367263395 89.0311608024001
  endloop
endfacet
facet normal 0.6593458149730692 -0.7518398075903533 -1.2260427059156553e-08
  outer loop
    vertex 9389.250169417139 10048.289161318084 105.83116075000697
    vertex 9389.840241416632 10048.806640846893 89.03116078134177
    vertex 9389.84024153031 10048.806640672718 105.83116075252791
  endloop
endfacet
facet normal 0.6593458149730692 -0.7518398075903533 -1.2260427059156553e-08
  outer loop
    vertex 9389.840241416632 10048.806640846893 89.03116078134177
    vertex 9389.250169417139 10048.289161318084 105.83116075000697
    vertex 9389.250169303265 10048.289161492268 89.03116077879771
  endloop
endfacet
facet normal 0.8968727413907673 -0.44228869050678854 -1.0620144974988364e-08
  outer loop
    vertex 9390.793753152962 10050.049281534013 89.03116078985029
    vertex 9391.14087803865 10050.753180765658 105.8311607667627
    vertex 9390.793753266147 10050.049281359845 105.83116076097724
  endloop
endfacet
facet normal 0.8968727413907673 -0.44228869050678854 -1.0620144974988364e-08
  outer loop
    vertex 9391.14087803865 10050.753180765658 105.8311607667627
    vertex 9390.793753152962 10050.049281534013 89.03116078985029
    vertex 9391.140877925745 10050.753180939822 89.0311607956675
  endloop
endfacet
facet normal 0.44228869015469224 -0.8968727415644019 -1.2303413783667882e-08
  outer loop
    vertex 9387.893701437122 10047.50600416475 105.83116074858762
    vertex 9388.597600728948 10047.853129111301 89.03116077745928
    vertex 9388.597600843 10047.853128937117 105.83116074868582
  endloop
endfacet
facet normal 0.44228869015469224 -0.8968727415644019 -1.2303413783667882e-08
  outer loop
    vertex 9388.597600728948 10047.853129111301 89.03116077745928
    vertex 9387.893701437122 10047.50600416475 105.83116074858762
    vertex 9387.893701322928 10047.506004338935 89.03116077734374
  endloop
endfacet
facet normal 0.06540312923759586 -0.9978589232381149 -1.079133937580652e-08
  outer loop
    vertex 9385.597600733738 10047.049281534328 89.03116078427838
    vertex 9386.380757996169 10047.10061219156 105.83116075204555
    vertex 9385.597600842839 10047.049281359796 105.83116075554393
  endloop
endfacet
facet normal 0.06540312923759586 -0.9978589232381149 -1.079133937580652e-08
  outer loop
    vertex 9386.380757996169 10047.10061219156 105.83116075204555
    vertex 9385.597600733738 10047.049281534328 89.03116078427838
    vertex 9386.380757881825 10047.100612365746 89.03116078078433
  endloop
endfacet
facet normal 0.19509032201040985 -0.980785280404368 -1.1496560799041373e-08
  outer loop
    vertex 9386.380757881825 10047.100612365746 89.03116078078433
    vertex 9387.150515113495 10047.253726402078 105.8311607497138
    vertex 9386.380757996169 10047.10061219156 105.83116075204555
  endloop
endfacet
facet normal 0.19509032201040985 -0.980785280404368 -1.1496560799041373e-08
  outer loop
    vertex 9387.150515113495 10047.253726402078 105.8311607497138
    vertex 9386.380757881825 10047.100612365746 89.03116078078433
    vertex 9387.150514999204 10047.25372657626 89.03116077845836
  endloop
endfacet
facet normal 0.32143946527192296 -0.9469301295057098 -1.2003769963671181e-08
  outer loop
    vertex 9387.150514999204 10047.25372657626 89.03116077845836
    vertex 9387.893701437122 10047.50600416475 105.83116074858762
    vertex 9387.150515113495 10047.253726402078 105.8311607497138
  endloop
endfacet
facet normal 0.32143946527192296 -0.9469301295057098 -1.2003769963671181e-08
  outer loop
    vertex 9387.893701437122 10047.50600416475 105.83116074858762
    vertex 9387.150514999204 10047.25372657626 89.03116077845836
    vertex 9387.893701322928 10047.506004338935 89.03116077734374
  endloop
endfacet
facet normal 0.9807852803279441 -0.19509032239461846 -8.587445915575455e-09
  outer loop
    vertex 9391.39315568886 10051.496367263395 89.0311608024001
    vertex 9391.54627001213 10052.266124206531 105.83116078095844
    vertex 9391.393155801466 10051.496367089236 105.83116077346062
  endloop
endfacet
facet normal 0.9807852803279441 -0.19509032239461846 -8.587445915575455e-09
  outer loop
    vertex 9391.54627001213 10052.266124206531 105.83116078095844
    vertex 9391.39315568886 10051.496367263395 89.0311608024001
    vertex 9391.54626989983 10052.26612438069 89.03116080993112
  endloop
endfacet
facet normal 0.980785280478523 0.1950903216376078 -2.1783411084709996e-09
  outer loop
    vertex 9391.546269952627 10116.192438613414 89.03116150108167
    vertex 9391.393155799682 10116.962195630467 105.83116147783669
    vertex 9391.546270010034 10116.192438513173 105.83116146920113
  endloop
endfacet
facet normal 0.980785280478523 0.1950903216376078 -2.1783411084709996e-09
  outer loop
    vertex 9391.393155799682 10116.962195630467 105.83116147783669
    vertex 9391.546269952627 10116.192438613414 89.03116150108167
    vertex 9391.393155742582 10116.962195730706 89.03116150975043
  endloop
endfacet
facet normal 0.8314696124552189 0.5555702327911098 5.244597680114291e-10
  outer loop
    vertex 9390.793753208423 10118.409281460095 89.03116152675298
    vertex 9390.357720884116 10119.061849933893 105.83116150278319
    vertex 9390.793753264943 10118.409281359845 105.83116149477138
  endloop
endfacet
facet normal 0.8314696124552189 0.5555702327911098 5.244597680114291e-10
  outer loop
    vertex 9390.357720884116 10119.061849933893 105.83116150278319
    vertex 9390.793753208423 10118.409281460095 89.03116152675298
    vertex 9390.357720827858 10119.061850034142 89.03116153479223
  endloop
endfacet
facet normal 0.7518398076263315 0.6593458149320437 1.422151389896568e-09
  outer loop
    vertex 9390.357720827858 10119.061850034142 89.03116153479223
    vertex 9389.840241529606 10119.651922046956 105.83116151030555
    vertex 9390.357720884116 10119.061849933893 105.83116150278319
  endloop
endfacet
facet normal 0.7518398076263315 0.6593458149320437 1.422151389896568e-09
  outer loop
    vertex 9389.840241529606 10119.651922046956 105.83116151030555
    vertex 9390.357720827858 10119.061850034142 89.03116153479223
    vertex 9389.840241473576 10119.651922147217 89.03116154234057
  endloop
endfacet
facet normal 0.9978589232647532 0.06540312883117437 -3.0288555927089675e-09
  outer loop
    vertex 9391.597600784216 10115.409281455462 89.0311614924952
    vertex 9391.546270010034 10116.192438513173 105.83116146920113
    vertex 9391.597600841635 10115.409281359853 105.83116146065221
  endloop
endfacet
facet normal 0.9978589232647532 0.06540312883117437 -3.0288555927089675e-09
  outer loop
    vertex 9391.546270010034 10116.192438513173 105.83116146920113
    vertex 9391.597600784216 10115.409281455462 89.0311614924952
    vertex 9391.546269952627 10116.192438613414 89.03116150108167
  endloop
endfacet
facet normal 0.5555702331169364 0.8314696122375087 3.119040035009584e-09
  outer loop
    vertex 9389.250169416642 10120.169401401577 105.83116151720994
    vertex 9388.597600787023 10120.605433882796 89.03116155545632
    vertex 9388.597600842679 10120.60543378253 105.83116152337797
  endloop
endfacet
facet normal 0.5555702331169364 0.8314696122375087 3.119040035009584e-09
  outer loop
    vertex 9388.597600787023 10120.605433882796 89.03116155545632
    vertex 9389.250169416642 10120.169401401577 105.83116151720994
    vertex 9389.250169360821 10120.169401501838 89.03116154927096
  endloop
endfacet
facet normal 0.3214394653347886 0.9469301294843698 4.590316162257362e-09
  outer loop
    vertex 9387.893701436938 10120.952558554885 105.83116152870426
    vertex 9387.150515057998 10121.204836417812 89.03116156520505
    vertex 9387.150515113413 10121.204836317545 105.83116153309783
  endloop
endfacet
facet normal 0.3214394653347886 0.9469301294843698 4.590316162257362e-09
  outer loop
    vertex 9387.150515057998 10121.204836417812 89.03116156520505
    vertex 9387.893701436938 10120.952558554885 105.83116152870426
    vertex 9387.893701381421 10120.952558655152 89.0311615607985
  endloop
endfacet
facet normal 0.8968727416746461 0.4422886899311393 -3.8558103326289785e-10
  outer loop
    vertex 9391.140877980362 10117.705382054286 89.03116151835566
    vertex 9390.793753264943 10118.409281359845 105.83116149477138
    vertex 9391.140878037162 10117.705381954038 105.8311614864087
  endloop
endfacet
facet normal 0.8968727416746461 0.4422886899311393 -3.8558103326289785e-10
  outer loop
    vertex 9390.793753264943 10118.409281359845 105.83116149477138
    vertex 9391.140877980362 10117.705382054286 89.03116151835566
    vertex 9390.793753208423 10118.409281460095 89.03116152675298
  endloop
endfacet
facet normal 0.659345815227105 0.7518398073675696 2.2920125313640925e-09
  outer loop
    vertex 9389.840241529606 10119.651922046956 105.83116151030555
    vertex 9389.250169360821 10120.169401501838 89.03116154927096
    vertex 9389.250169416642 10120.169401401577 105.83116151720994
  endloop
endfacet
facet normal 0.659345815227105 0.7518398073675696 2.2920125313640925e-09
  outer loop
    vertex 9389.250169360821 10120.169401501838 89.03116154927096
    vertex 9389.840241529606 10119.651922046956 105.83116151030555
    vertex 9389.840241473576 10119.651922147217 89.03116154234057
  endloop
endfacet
facet normal 0.4422886902828688 0.8968727415011923 3.889408416259272e-09
  outer loop
    vertex 9388.597600842679 10120.60543378253 105.83116152337797
    vertex 9387.893701381421 10120.952558655152 89.0311615607985
    vertex 9387.893701436938 10120.952558554885 105.83116152870426
  endloop
endfacet
facet normal 0.4422886902828688 0.8968727415011923 3.889408416259272e-09
  outer loop
    vertex 9387.893701381421 10120.952558655152 89.0311615607985
    vertex 9388.597600842679 10120.60543378253 105.83116152337797
    vertex 9388.597600787023 10120.605433882796 89.03116155545632
  endloop
endfacet
facet normal 0.19509032202162466 0.9807852804021373 5.210448793593563e-09
  outer loop
    vertex 9387.150515113413 10121.204836317545 105.83116153309783
    vertex 9386.380757940778 10121.357950628315 89.03116156859805
    vertex 9386.380757996149 10121.357950528047 105.83116153648362
  endloop
endfacet
facet normal 0.19509032202162466 0.9807852804021373 5.210448793593563e-09
  outer loop
    vertex 9386.380757940778 10121.357950628315 89.03116156859805
    vertex 9387.150515113413 10121.204836317545 105.83116153309783
    vertex 9387.150515057998 10121.204836417812 89.03116156520505
  endloop
endfacet
facet normal 0.06540312922266543 0.9978589232390936 5.740164996629066e-09
  outer loop
    vertex 9386.380757996149 10121.357950528047 105.83116153648362
    vertex 9385.597600784471 10121.409281460263 89.0311615709197
    vertex 9385.597600842839 10121.409281359796 105.83116153880384
  endloop
endfacet
facet normal 0.06540312922266543 0.9978589232390936 5.740164996629066e-09
  outer loop
    vertex 9385.597600784471 10121.409281460263 89.0311615709197
    vertex 9386.380757996149 10121.357950528047 105.83116153648362
    vertex 9386.380757940778 10121.357950628315 89.03116156859805
  endloop
endfacet
facet normal 0.9469301296105966 0.3214394649629361 -1.2919354766942857e-09
  outer loop
    vertex 9391.393155742582 10116.962195730706 89.03116150975043
    vertex 9391.140878037162 10117.705381954038 105.8311614864087
    vertex 9391.393155799682 10116.962195630467 105.83116147783669
  endloop
endfacet
facet normal 0.9469301296105966 0.3214394649629361 -1.2919354766942857e-09
  outer loop
    vertex 9391.140878037162 10117.705381954038 105.8311614864087
    vertex 9391.393155742582 10116.962195730706 89.03116150975043
    vertex 9391.140877980362 10117.705382054286 89.03116151835566
  endloop
endfacet
facet normal 3.4976390703080865e-11 -1.0 -1.0388799266042074e-08
  outer loop
    vertex 9372.59760771338 10047.049281533871 89.03116089287985
    vertex 9385.597600842839 10047.049281359796 105.83116075554393
    vertex 9372.597607830361 10047.049281359343 105.83116086414252
  endloop
endfacet
facet normal 3.4976390703080865e-11 -1.0 -1.0388799266042074e-08
  outer loop
    vertex 9385.597600842839 10047.049281359796 105.83116075554393
    vertex 9372.59760771338 10047.049281533871 89.03116089287985
    vertex 9385.597600733738 10047.049281534328 89.03116078427838
  endloop
endfacet
facet normal 3.17899946434857e-08 0.8660254037844075 0.5000000000000532
  outer loop
    vertex 9391.597600783047 10080.129281442198 97.33116128277867
    vertex 9389.59760075747 10082.179281441597 93.78045719894814
    vertex 9389.597600783047 10080.129281441597 97.33116135446447
  endloop
endfacet
facet normal 3.17899946434857e-08 0.8660254037844075 0.5000000000000532
  outer loop
    vertex 9389.59760075747 10082.179281441597 93.78045719894814
    vertex 9391.597600783047 10080.129281442198 97.33116128277867
    vertex 9391.59760075747 10082.179281442199 93.78045712726234
  endloop
endfacet
facet normal 3.272777032750169e-08 -0.8660254037844716 0.4999999999999419
  outer loop
    vertex 9389.597600757224 10086.279281441597 93.78045719894841
    vertex 9391.597600782554 10088.329281442198 97.3311612827792
    vertex 9389.597600782554 10088.329281441596 97.33116135446501
  endloop
endfacet
facet normal 3.272777032750169e-08 -0.8660254037844716 0.4999999999999419
  outer loop
    vertex 9391.597600782554 10088.329281442198 97.3311612827792
    vertex 9389.597600757224 10086.279281441597 93.78045719894841
    vertex 9391.597600757223 10086.279281442197 93.78045712726261
  endloop
endfacet
facet normal -3.17899946434857e-08 -0.8660254037844075 -0.5000000000000532
  outer loop
    vertex 9389.597600782554 10088.329281441596 97.33116135446501
    vertex 9391.59760080813 10086.279281442197 100.88186543829552
    vertex 9389.59760080813 10086.279281441597 100.88186550998132
  endloop
endfacet
facet normal -3.17899946434857e-08 -0.8660254037844075 -0.5000000000000532
  outer loop
    vertex 9391.59760080813 10086.279281442197 100.88186543829552
    vertex 9389.597600782554 10088.329281441596 97.33116135446501
    vertex 9391.597600782554 10088.329281442198 97.3311612827792
  endloop
endfacet
facet normal -6.451776499716251e-08 6.420790910127922e-14 -0.999999999999998
  outer loop
    vertex 9389.597600808376 10082.179281441597 100.88186550998107
    vertex 9391.59760080813 10086.279281442197 100.88186543829552
    vertex 9391.597600808378 10082.179281442199 100.88186543829526
  endloop
endfacet
facet normal -6.451776499716251e-08 6.420790910127922e-14 -0.999999999999998
  outer loop
    vertex 9391.59760080813 10086.279281442197 100.88186543829552
    vertex 9389.597600808376 10082.179281441597 100.88186550998107
    vertex 9389.59760080813 10086.279281441597 100.88186550998132
  endloop
endfacet
facet normal -3.272777034230394e-08 0.8660254037844716 -0.4999999999999419
  outer loop
    vertex 9391.597600808378 10082.179281442199 100.88186543829526
    vertex 9389.597600783047 10080.129281441597 97.33116135446447
    vertex 9389.597600808376 10082.179281441597 100.88186550998107
  endloop
endfacet
facet normal -3.272777034230394e-08 0.8660254037844716 -0.4999999999999419
  outer loop
    vertex 9389.597600783047 10080.129281441597 97.33116135446447
    vertex 9391.597600808378 10082.179281442199 100.88186543829526
    vertex 9391.597600783047 10080.129281442198 97.33116128277867
  endloop
endfacet
facet normal 6.451776499716251e-08 -6.420790892409172e-14 0.999999999999998
  outer loop
    vertex 9391.597600757223 10086.279281442197 93.78045712726261
    vertex 9389.59760075747 10082.179281441597 93.78045719894814
    vertex 9391.59760075747 10082.179281442199 93.78045712726234
  endloop
endfacet
facet normal 6.451776499716251e-08 -6.420790892409172e-14 0.999999999999998
  outer loop
    vertex 9389.59760075747 10082.179281441597 93.78045719894814
    vertex 9391.597600757223 10086.279281442197 93.78045712726261
    vertex 9389.597600757224 10086.279281441597 93.78045719894841
  endloop
endfacet
facet normal 5.592210816730079e-09 -1.0024629552484979e-08 1.0
  outer loop
    vertex 9385.597600842839 10121.409281359796 105.83116153880384
    vertex 9377.63517778425 10115.311144967869 105.83116149175791
    vertex 9377.777607830361 10114.229281359341 105.83116148019138
  endloop
endfacet
facet normal 5.592210816730079e-09 -1.0024629552484979e-08 1.0
  outer loop
    vertex 9377.63517778425 10115.311144967869 105.83116149175791
    vertex 9385.597600842839 10121.409281359796 105.83116153880384
    vertex 9377.217594018179 10116.319281359341 105.83116150465854
  endloop
endfacet
facet normal 5.592210816730079e-09 -1.0024629552484979e-08 1.0
  outer loop
    vertex 9377.217594018179 10116.319281359341 105.83116150465854
    vertex 9385.597600842839 10121.409281359796 105.83116153880384
    vertex 9376.55331417572 10117.1849877047 105.83116151801397
  endloop
endfacet
facet normal 5.592210816730079e-09 -1.0024629552484979e-08 1.0
  outer loop
    vertex 9376.55331417572 10117.1849877047 105.83116151801397
    vertex 9385.597600842839 10121.409281359796 105.83116153880384
    vertex 9372.597607830361 10121.409281359342 105.83116158619733
  endloop
endfacet
facet normal 5.592210816730079e-09 -1.0024629552484979e-08 1.0
  outer loop
    vertex 9376.55331417572 10117.1849877047 105.83116151801397
    vertex 9372.597607830361 10121.409281359342 105.83116158619733
    vertex 9375.687607830361 10117.84926754716 105.83116153091457
  endloop
endfacet
facet normal 5.592210816730079e-09 -1.0024629552484979e-08 1.0
  outer loop
    vertex 9375.687607830361 10117.84926754716 105.83116153091457
    vertex 9372.597607830361 10121.409281359342 105.83116158619733
    vertex 9374.679471438889 10118.26685131323 105.83116154248106
  endloop
endfacet
facet normal 5.592210816730079e-09 -1.0024629552484979e-08 1.0
  outer loop
    vertex 9374.679471438889 10118.26685131323 105.83116154248106
    vertex 9372.597607830361 10121.409281359342 105.83116158619733
    vertex 9373.597607830361 10118.409281359342 105.8311615519251
  endloop
endfacet
facet normal 5.592210816730079e-09 -1.0024629552484979e-08 1.0
  outer loop
    vertex 9373.597607830361 10118.409281359342 105.8311615519251
    vertex 9372.597607830361 10121.409281359342 105.83116158619733
    vertex 9372.515744221833 10118.26685131323 105.83116155860279
  endloop
endfacet
facet normal 5.592210816730079e-09 -1.0024629552484979e-08 1.0
  outer loop
    vertex 9372.515744221833 10118.26685131323 105.83116155860279
    vertex 9372.597607830361 10121.409281359342 105.83116158619733
    vertex 9370.739287086526 10121.164628792098 105.83116159766703
  endloop
endfacet
facet normal 5.592210816730079e-09 -1.0024629552484979e-08 1.0
  outer loop
    vertex 9372.515744221833 10118.26685131323 105.83116155860279
    vertex 9370.739287086526 10121.164628792098 105.83116159766703
    vertex 9371.507607830361 10117.84926754716 105.83116156205926
  endloop
endfacet
facet normal 5.592210816730079e-09 -1.0024629552484979e-08 1.0
  outer loop
    vertex 9371.507607830361 10117.84926754716 105.83116156205926
    vertex 9370.739287086526 10121.164628792098 105.83116159766703
    vertex 9370.641901485002 10117.1849877047 105.83116156205922
  endloop
endfacet
facet normal 5.592210816730079e-09 -1.0024629552484979e-08 1.0
  outer loop
    vertex 9370.641901485002 10117.1849877047 105.83116156205922
    vertex 9370.739287086526 10121.164628792098 105.83116159766703
    vertex 9369.007607830361 10120.447343758513 105.83116160360542
  endloop
endfacet
facet normal 5.592210816730079e-09 -1.0024629552484979e-08 1.0
  outer loop
    vertex 9370.641901485002 10117.1849877047 105.83116156205922
    vertex 9369.007607830361 10120.447343758513 105.83116160360542
    vertex 9369.977621642542 10116.319281359341 105.83116155860264
  endloop
endfacet
facet normal 5.592210816730079e-09 -1.0024629552484979e-08 1.0
  outer loop
    vertex 9369.977621642542 10116.319281359341 105.83116155860264
    vertex 9369.007607830361 10120.447343758513 105.83116160360542
    vertex 9369.560037876474 10115.311144967869 105.8311615519249
  endloop
endfacet
facet normal 5.592210816730079e-09 -1.0024629552484979e-08 1.0
  outer loop
    vertex 9369.560037876474 10115.311144967869 105.8311615519249
    vertex 9369.007607830361 10120.447343758513 105.83116160360542
    vertex 9366.756965652417 10118.31114496787 105.83116159963912
  endloop
endfacet
facet normal 5.592210816730079e-09 -1.0024629552484979e-08 1.0
  outer loop
    vertex 9369.560037876474 10115.311144967869 105.8311615519249
    vertex 9366.756965652417 10118.31114496787 105.83116159963912
    vertex 9362.597600880017 10115.311144967869 105.83116156837004
  endloop
endfacet
facet normal 5.592210816730079e-09 -1.0024629552484979e-08 1.0
  outer loop
    vertex 9366.756965652417 10118.31114496787 105.83116159963912
    vertex 9369.007607830361 10120.447343758513 105.83116160360542
    vertex 9367.520581141442 10119.30630804826 105.83116160360537
  endloop
endfacet
facet normal 5.592210816730079e-09 -1.0024629552484979e-08 1.0
  outer loop
    vertex 9362.597600880017 10115.311144967869 105.83116156837004
    vertex 9366.756965652417 10118.31114496787 105.83116159963912
    vertex 9362.597600880017 10118.31114496787 105.83116159964777
  endloop
endfacet
facet normal 5.592210816730079e-09 -1.0024629552484979e-08 1.0
  outer loop
    vertex 9387.150515113413 10121.204836317545 105.83116153309783
    vertex 9386.397601185005 10094.337910184468 105.83116137439544
    vertex 9386.397601185005 10074.137910184467 105.83116117824648
  endloop
endfacet
facet normal 5.592210816730079e-09 -1.0024629552484979e-08 1.0
  outer loop
    vertex 9386.397601185005 10094.337910184468 105.83116137439544
    vertex 9387.150515113413 10121.204836317545 105.83116153309783
    vertex 9386.380757996149 10121.357950528047 105.83116153648362
  endloop
endfacet
facet normal 5.592210816730079e-09 -1.0024629552484979e-08 1.0
  outer loop
    vertex 9386.397601185005 10094.337910184468 105.83116137439544
    vertex 9386.380757996149 10121.357950528047 105.83116153648362
    vertex 9375.797601185006 10094.337910184468 105.83116137439544
  endloop
endfacet
facet normal 5.592210816730079e-09 -1.0024629552484979e-08 1.0
  outer loop
    vertex 9375.797601185006 10094.337910184468 105.83116137439544
    vertex 9386.380757996149 10121.357950528047 105.83116153648362
    vertex 9385.597600842839 10121.409281359796 105.83116153880384
  endloop
endfacet
facet normal 5.592210816730079e-09 -1.0024629552484979e-08 1.0
  outer loop
    vertex 9375.797601185006 10094.337910184468 105.83116137439544
    vertex 9385.597600842839 10121.409281359796 105.83116153880384
    vertex 9377.777607830361 10114.229281359341 105.83116148019138
  endloop
endfacet
facet normal 5.592210816730079e-09 -1.0024629552484979e-08 1.0
  outer loop
    vertex 9375.797601185006 10094.337910184468 105.83116137439544
    vertex 9377.777607830361 10114.229281359341 105.83116148019138
    vertex 9377.63517778425 10113.147417750813 105.83116147074726
  endloop
endfacet
facet normal 5.592210816730079e-09 -1.0024629552484979e-08 1.0
  outer loop
    vertex 9375.797601185006 10094.337910184468 105.83116137439544
    vertex 9377.63517778425 10113.147417750813 105.83116147074726
    vertex 9377.217594018179 10112.139281359341 105.83116146406952
  endloop
endfacet
facet normal 5.592210816730079e-09 -1.0024629552484979e-08 1.0
  outer loop
    vertex 9375.797601185006 10094.337910184468 105.83116137439544
    vertex 9377.217594018179 10112.139281359341 105.83116146406952
    vertex 9376.55331417572 10111.27357501398 105.83116146061296
  endloop
endfacet
facet normal 5.592210816730079e-09 -1.0024629552484979e-08 1.0
  outer loop
    vertex 9375.797601185006 10094.337910184468 105.83116137439544
    vertex 9376.55331417572 10111.27357501398 105.83116146061296
    vertex 9375.687607830361 10110.609295171522 105.83116146061292
  endloop
endfacet
facet normal 5.592210816730079e-09 -1.0024629552484979e-08 1.0
  outer loop
    vertex 9391.597600841635 10115.409281359853 105.83116146065221
    vertex 9391.54627001213 10052.266124206531 105.83116078095844
    vertex 9391.597600844045 10053.049281359852 105.8311607891262
  endloop
endfacet
facet normal 5.592210816730079e-09 -1.0024629552484979e-08 1.0
  outer loop
    vertex 9391.54627001213 10052.266124206531 105.83116078095844
    vertex 9391.597600841635 10115.409281359853 105.83116146065221
    vertex 9391.546270010034 10116.192438513173 105.83116146920113
  endloop
endfacet
facet normal 5.592210816730079e-09 -1.0024629552484979e-08 1.0
  outer loop
    vertex 9391.54627001213 10052.266124206531 105.83116078095844
    vertex 9391.546270010034 10116.192438513173 105.83116146920113
    vertex 9391.393155801466 10051.496367089236 105.83116077346062
  endloop
endfacet
facet normal 5.592210816730079e-09 -1.0024629552484979e-08 1.0
  outer loop
    vertex 9391.393155801466 10051.496367089236 105.83116077346062
    vertex 9391.546270010034 10116.192438513173 105.83116146920113
    vertex 9391.393155799682 10116.962195630467 105.83116147783669
  endloop
endfacet
facet normal 5.592210816730079e-09 -1.0024629552484979e-08 1.0
  outer loop
    vertex 9391.393155801466 10051.496367089236 105.83116077346062
    vertex 9391.393155799682 10116.962195630467 105.83116147783669
    vertex 9391.14087803865 10050.753180765658 105.8311607667627
  endloop
endfacet
facet normal 5.592210816730079e-09 -1.0024629552484979e-08 1.0
  outer loop
    vertex 9391.14087803865 10050.753180765658 105.8311607667627
    vertex 9391.393155799682 10116.962195630467 105.83116147783669
    vertex 9391.140878037162 10117.705381954038 105.8311614864087
  endloop
endfacet
facet normal 5.592210816730079e-09 -1.0024629552484979e-08 1.0
  outer loop
    vertex 9391.14087803865 10050.753180765658 105.8311607667627
    vertex 9391.140878037162 10117.705381954038 105.8311614864087
    vertex 9390.793753266147 10050.049281359845 105.83116076097724
  endloop
endfacet
facet normal 5.592210816730079e-09 -1.0024629552484979e-08 1.0
  outer loop
    vertex 9390.793753266147 10050.049281359845 105.83116076097724
    vertex 9391.140878037162 10117.705381954038 105.8311614864087
    vertex 9390.793753264943 10118.409281359845 105.83116149477138
  endloop
endfacet
facet normal 5.592210816730079e-09 -1.0024629552484979e-08 1.0
  outer loop
    vertex 9390.793753266147 10050.049281359845 105.83116076097724
    vertex 9390.793753264943 10118.409281359845 105.83116149477138
    vertex 9390.357720885058 10049.396712785789 105.83116075620536
  endloop
endfacet
facet normal 5.592210816730079e-09 -1.0024629552484979e-08 1.0
  outer loop
    vertex 9390.357720885058 10049.396712785789 105.83116075620536
    vertex 9390.793753264943 10118.409281359845 105.83116149477138
    vertex 9390.357720884116 10119.061849933893 105.83116150278319
  endloop
endfacet
facet normal 5.592210816730079e-09 -1.0024629552484979e-08 1.0
  outer loop
    vertex 9390.357720885058 10049.396712785789 105.83116075620536
    vertex 9390.357720884116 10119.061849933893 105.83116150278319
    vertex 9389.84024153031 10048.806640672718 105.83116075252791
  endloop
endfacet
facet normal 5.592210816730079e-09 -1.0024629552484979e-08 1.0
  outer loop
    vertex 9389.84024153031 10048.806640672718 105.83116075252791
    vertex 9390.357720884116 10119.061849933893 105.83116150278319
    vertex 9389.840241529606 10119.651922046956 105.83116151030555
  endloop
endfacet
facet normal 5.592210816730079e-09 -1.0024629552484979e-08 1.0
  outer loop
    vertex 9389.84024153031 10048.806640672718 105.83116075252791
    vertex 9389.840241529606 10119.651922046956 105.83116151030555
    vertex 9389.250169417139 10048.289161318084 105.83116075000697
  endloop
endfacet
facet normal 5.592210816730079e-09 -1.0024629552484979e-08 1.0
  outer loop
    vertex 9389.250169417139 10048.289161318084 105.83116075000697
    vertex 9389.840241529606 10119.651922046956 105.83116151030555
    vertex 9389.250169416642 10120.169401401577 105.83116151720994
  endloop
endfacet
facet normal 5.592210816730079e-09 -1.0024629552484979e-08 1.0
  outer loop
    vertex 9389.250169417139 10048.289161318084 105.83116075000697
    vertex 9389.250169416642 10120.169401401577 105.83116151720994
    vertex 9388.597600843 10047.853128937117 105.83116074868582
  endloop
endfacet
facet normal 5.592210816730079e-09 -1.0024629552484979e-08 1.0
  outer loop
    vertex 9388.597600843 10047.853128937117 105.83116074868582
    vertex 9389.250169416642 10120.169401401577 105.83116151720994
    vertex 9388.597600842679 10120.60543378253 105.83116152337797
  endloop
endfacet
facet normal 5.592210816730079e-09 -1.0024629552484979e-08 1.0
  outer loop
    vertex 9388.597600843 10047.853128937117 105.83116074868582
    vertex 9388.597600842679 10120.60543378253 105.83116152337797
    vertex 9387.893701437122 10047.50600416475 105.83116074858762
  endloop
endfacet
facet normal 5.592210816730079e-09 -1.0024629552484979e-08 1.0
  outer loop
    vertex 9387.893701437122 10047.50600416475 105.83116074858762
    vertex 9388.597600842679 10120.60543378253 105.83116152337797
    vertex 9387.893701436938 10120.952558554885 105.83116152870426
  endloop
endfacet
facet normal 5.592210816730079e-09 -1.0024629552484979e-08 1.0
  outer loop
    vertex 9387.893701437122 10047.50600416475 105.83116074858762
    vertex 9387.893701436938 10120.952558554885 105.83116152870426
    vertex 9387.150515113495 10047.253726402078 105.8311607497138
  endloop
endfacet
facet normal 5.592210816730079e-09 -1.0024629552484979e-08 1.0
  outer loop
    vertex 9387.150515113495 10047.253726402078 105.8311607497138
    vertex 9387.893701436938 10120.952558554885 105.83116152870426
    vertex 9387.150515113413 10121.204836317545 105.83116153309783
  endloop
endfacet
facet normal 5.592210816730079e-09 -1.0024629552484979e-08 1.0
  outer loop
    vertex 9387.150515113495 10047.253726402078 105.8311607497138
    vertex 9387.150515113413 10121.204836317545 105.83116153309783
    vertex 9386.380757996169 10047.10061219156 105.83116075204555
  endloop
endfacet
facet normal 5.592210816730079e-09 -1.0024629552484979e-08 1.0
  outer loop
    vertex 9386.380757996169 10047.10061219156 105.83116075204555
    vertex 9387.150515113413 10121.204836317545 105.83116153309783
    vertex 9386.397601185005 10074.137910184467 105.83116117824648
  endloop
endfacet
facet normal 5.592210816730079e-09 -1.0024629552484979e-08 1.0
  outer loop
    vertex 9386.380757996169 10047.10061219156 105.83116075204555
    vertex 9386.397601185005 10074.137910184467 105.83116117824648
    vertex 9375.797601185006 10074.137910184467 105.83116117824648
  endloop
endfacet
facet normal 5.592210816730079e-09 -1.0024629552484979e-08 1.0
  outer loop
    vertex 9386.380757996169 10047.10061219156 105.83116075204555
    vertex 9375.797601185006 10074.137910184467 105.83116117824648
    vertex 9385.597600842839 10047.049281359796 105.83116075554393
  endloop
endfacet
facet normal 5.592210816730079e-09 -1.0024629552484979e-08 1.0
  outer loop
    vertex 9385.597600842839 10047.049281359796 105.83116075554393
    vertex 9375.797601185006 10074.137910184467 105.83116117824648
    vertex 9377.777607830361 10054.229281359341 105.83116089757615
  endloop
endfacet
facet normal 5.592210816730079e-09 -1.0024629552484979e-08 1.0
  outer loop
    vertex 9377.777607830361 10054.229281359341 105.83116089757615
    vertex 9375.797601185006 10074.137910184467 105.83116117824648
    vertex 9377.63517778425 10055.31114496787 105.83116090914268
  endloop
endfacet
facet normal 5.592210816730079e-09 -1.0024629552484979e-08 1.0
  outer loop
    vertex 9377.63517778425 10055.31114496787 105.83116090914268
    vertex 9375.797601185006 10074.137910184467 105.83116117824648
    vertex 9377.217594018179 10056.319281359341 105.83116092204328
  endloop
endfacet
facet normal 5.592210816730079e-09 -1.0024629552484979e-08 1.0
  outer loop
    vertex 9377.217594018179 10056.319281359341 105.83116092204328
    vertex 9375.797601185006 10074.137910184467 105.83116117824648
    vertex 9376.55331417572 10057.1849877047 105.83116093539871
  endloop
endfacet
facet normal 5.592210816730079e-09 -1.0024629552484979e-08 1.0
  outer loop
    vertex 9376.55331417572 10057.1849877047 105.83116093539871
    vertex 9375.797601185006 10074.137910184467 105.83116117824648
    vertex 9375.68760783036 10057.84926754716 105.83116094829931
  endloop
endfacet
facet normal 5.592210816730079e-09 -1.0024629552484979e-08 1.0
  outer loop
    vertex 9375.68760783036 10057.84926754716 105.83116094829931
    vertex 9375.797601185006 10074.137910184467 105.83116117824648
    vertex 9375.797601185006 10094.337910184468 105.83116137439544
  endloop
endfacet
facet normal 5.592210816730079e-09 -1.0024629552484979e-08 1.0
  outer loop
    vertex 9375.68760783036 10057.84926754716 105.83116094829931
    vertex 9375.797601185006 10094.337910184468 105.83116137439544
    vertex 9375.687607830361 10110.609295171522 105.83116146061292
  endloop
endfacet
facet normal 5.592210816730079e-09 -1.0024629552484979e-08 1.0
  outer loop
    vertex 9375.68760783036 10057.84926754716 105.83116094829931
    vertex 9375.687607830361 10110.609295171522 105.83116146061292
    vertex 9374.679471438889 10110.191711405454 105.83116146406941
  endloop
endfacet
facet normal 5.592210816730079e-09 -1.0024629552484979e-08 1.0
  outer loop
    vertex 9375.68760783036 10057.84926754716 105.83116094829931
    vertex 9374.679471438889 10110.191711405454 105.83116146406941
    vertex 9374.679471438889 10058.26685131323 105.8311609598658
  endloop
endfacet
facet normal 5.592210816730079e-09 -1.0024629552484979e-08 1.0
  outer loop
    vertex 9374.679471438889 10058.26685131323 105.8311609598658
    vertex 9374.679471438889 10110.191711405454 105.83116146406941
    vertex 9373.597607830361 10110.049281359341 105.83116147074706
  endloop
endfacet
facet normal 5.592210816730079e-09 -1.0024629552484979e-08 1.0
  outer loop
    vertex 9374.679471438889 10058.26685131323 105.8311609598658
    vertex 9373.597607830361 10110.049281359341 105.83116147074706
    vertex 9373.597607830361 10058.409281359342 105.83116096930985
  endloop
endfacet
facet normal 5.592210816730079e-09 -1.0024629552484979e-08 1.0
  outer loop
    vertex 9373.597607830361 10058.409281359342 105.83116096930985
    vertex 9373.597607830361 10110.049281359341 105.83116147074706
    vertex 9372.515744221833 10110.191711405454 105.83116148019113
  endloop
endfacet
facet normal 5.592210816730079e-09 -1.0024629552484979e-08 1.0
  outer loop
    vertex 9373.597607830361 10058.409281359342 105.83116096930985
    vertex 9372.515744221833 10110.191711405454 105.83116148019113
    vertex 9372.515744221831 10058.26685131323 105.83116097598753
  endloop
endfacet
facet normal 5.592210816730079e-09 -1.0024629552484979e-08 1.0
  outer loop
    vertex 9372.515744221831 10058.26685131323 105.83116097598753
    vertex 9372.515744221833 10110.191711405454 105.83116148019113
    vertex 9371.507607830361 10110.609295171522 105.83116149175761
  endloop
endfacet
facet normal 5.592210816730079e-09 -1.0024629552484979e-08 1.0
  outer loop
    vertex 9372.515744221831 10058.26685131323 105.83116097598753
    vertex 9371.507607830361 10110.609295171522 105.83116149175761
    vertex 9371.507607830361 10057.84926754716 105.83116097944402
  endloop
endfacet
facet normal 5.592210816730079e-09 -1.0024629552484979e-08 1.0
  outer loop
    vertex 9371.507607830361 10057.84926754716 105.83116097944402
    vertex 9371.507607830361 10110.609295171522 105.83116149175761
    vertex 9370.641901485002 10111.27357501398 105.83116150465823
  endloop
endfacet
facet normal 5.592210816730079e-09 -1.0024629552484979e-08 1.0
  outer loop
    vertex 9371.507607830361 10057.84926754716 105.83116097944402
    vertex 9370.641901485002 10111.27357501398 105.83116150465823
    vertex 9370.641901485002 10057.1849877047 105.83116097944398
  endloop
endfacet
facet normal 5.592210816730079e-09 -1.0024629552484979e-08 1.0
  outer loop
    vertex 9370.641901485002 10057.1849877047 105.83116097944398
    vertex 9370.641901485002 10111.27357501398 105.83116150465823
    vertex 9369.977621642542 10112.139281359341 105.83116151801363
  endloop
endfacet
facet normal 5.592210816730079e-09 -1.0024629552484979e-08 1.0
  outer loop
    vertex 9370.641901485002 10057.1849877047 105.83116097944398
    vertex 9369.977621642542 10112.139281359341 105.83116151801363
    vertex 9369.977621642542 10056.319281359341 105.8311609759874
  endloop
endfacet
facet normal 5.592210816730079e-09 -1.0024629552484979e-08 1.0
  outer loop
    vertex 9369.977621642542 10056.319281359341 105.8311609759874
    vertex 9369.977621642542 10112.139281359341 105.83116151801363
    vertex 9369.560037876474 10113.147417750813 105.83116153091426
  endloop
endfacet
facet normal 5.592210816730079e-09 -1.0024629552484979e-08 1.0
  outer loop
    vertex 9369.977621642542 10056.319281359341 105.8311609759874
    vertex 9369.560037876474 10113.147417750813 105.83116153091426
    vertex 9369.560037876472 10055.31114496787 105.83116096930966
  endloop
endfacet
facet normal 5.592210816730079e-09 -1.0024629552484979e-08 1.0
  outer loop
    vertex 9369.560037876472 10055.31114496787 105.83116096930966
    vertex 9369.560037876474 10113.147417750813 105.83116153091426
    vertex 9362.597600880017 10113.147417750813 105.83116154769291
  endloop
endfacet
facet normal 5.592210816730079e-09 -1.0024629552484979e-08 1.0
  outer loop
    vertex 9369.560037876472 10055.31114496787 105.83116096930966
    vertex 9362.597600880017 10113.147417750813 105.83116154769291
    vertex 9362.597600880017 10055.31114496787 105.83116100426606
  endloop
endfacet
facet normal 5.592210816730079e-09 -1.0024629552484979e-08 1.0
  outer loop
    vertex 9385.597600842839 10047.049281359796 105.83116075554393
    vertex 9376.55331417572 10051.273575013982 105.83116087799772
    vertex 9372.597607830361 10047.049281359343 105.83116086414252
  endloop
endfacet
facet normal 5.592210816730079e-09 -1.0024629552484979e-08 1.0
  outer loop
    vertex 9376.55331417572 10051.273575013982 105.83116087799772
    vertex 9385.597600842839 10047.049281359796 105.83116075554393
    vertex 9377.217594018179 10052.139281359341 105.8311608814543
  endloop
endfacet
facet normal 5.592210816730079e-09 -1.0024629552484979e-08 1.0
  outer loop
    vertex 9377.217594018179 10052.139281359341 105.8311608814543
    vertex 9385.597600842839 10047.049281359796 105.83116075554393
    vertex 9377.63517778425 10053.147417750813 105.83116088813202
  endloop
endfacet
facet normal 5.592210816730079e-09 -1.0024629552484979e-08 1.0
  outer loop
    vertex 9377.63517778425 10053.147417750813 105.83116088813202
    vertex 9385.597600842839 10047.049281359796 105.83116075554393
    vertex 9377.777607830361 10054.229281359341 105.83116089757615
  endloop
endfacet
facet normal 5.592210816730079e-09 -1.0024629552484979e-08 1.0
  outer loop
    vertex 9372.597607830361 10047.049281359343 105.83116086414252
    vertex 9376.55331417572 10051.273575013982 105.83116087799772
    vertex 9375.687607830361 10050.609295171524 105.83116087799766
  endloop
endfacet
facet normal 5.592210816730079e-09 -1.0024629552484979e-08 1.0
  outer loop
    vertex 9372.597607830361 10047.049281359343 105.83116086414252
    vertex 9375.687607830361 10050.609295171524 105.83116087799766
    vertex 9374.679471438889 10050.191711405452 105.83116088145415
  endloop
endfacet
facet normal 5.592210816730079e-09 -1.0024629552484979e-08 1.0
  outer loop
    vertex 9372.597607830361 10047.049281359343 105.83116086414252
    vertex 9374.679471438889 10050.191711405452 105.83116088145415
    vertex 9373.597607830361 10050.049281359341 105.83116088813183
  endloop
endfacet
facet normal 5.592210816730079e-09 -1.0024629552484979e-08 1.0
  outer loop
    vertex 9372.597607830361 10047.049281359343 105.83116086414252
    vertex 9373.597607830361 10050.049281359341 105.83116088813183
    vertex 9372.515744221831 10050.191711405452 105.83116089757588
  endloop
endfacet
facet normal 5.592210816730079e-09 -1.0024629552484979e-08 1.0
  outer loop
    vertex 9372.597607830361 10047.049281359343 105.83116086414252
    vertex 9372.515744221831 10050.191711405452 105.83116089757588
    vertex 9370.739287086524 10047.293933926587 105.83116088036533
  endloop
endfacet
facet normal 5.592210816730079e-09 -1.0024629552484979e-08 1.0
  outer loop
    vertex 9370.739287086524 10047.293933926587 105.83116088036533
    vertex 9372.515744221831 10050.191711405452 105.83116089757588
    vertex 9371.507607830361 10050.609295171524 105.83116090914237
  endloop
endfacet
facet normal 5.592210816730079e-09 -1.0024629552484979e-08 1.0
  outer loop
    vertex 9370.739287086524 10047.293933926587 105.83116088036533
    vertex 9371.507607830361 10050.609295171524 105.83116090914237
    vertex 9370.641901485002 10051.273575013982 105.83116092204297
  endloop
endfacet
facet normal 5.592210816730079e-09 -1.0024629552484979e-08 1.0
  outer loop
    vertex 9370.739287086524 10047.293933926587 105.83116088036533
    vertex 9370.641901485002 10051.273575013982 105.83116092204297
    vertex 9369.007607830361 10048.011218960168 105.83116090023238
  endloop
endfacet
facet normal 5.592210816730079e-09 -1.0024629552484979e-08 1.0
  outer loop
    vertex 9369.007607830361 10048.011218960168 105.83116090023238
    vertex 9370.641901485002 10051.273575013982 105.83116092204297
    vertex 9369.977621642542 10052.139281359341 105.8311609353984
  endloop
endfacet
facet normal 5.592210816730079e-09 -1.0024629552484979e-08 1.0
  outer loop
    vertex 9369.007607830361 10048.011218960168 105.83116090023238
    vertex 9369.977621642542 10052.139281359341 105.8311609353984
    vertex 9369.560037876472 10053.147417750813 105.831160948299
  endloop
endfacet
facet normal 5.592210816730079e-09 -1.0024629552484979e-08 1.0
  outer loop
    vertex 9369.007607830361 10048.011218960168 105.83116090023238
    vertex 9369.560037876472 10053.147417750813 105.831160948299
    vertex 9366.756965652417 10050.147417750813 105.8311609453823
  endloop
endfacet
facet normal 5.592210816730079e-09 -1.0024629552484979e-08 1.0
  outer loop
    vertex 9366.756965652417 10050.147417750813 105.8311609453823
    vertex 9369.560037876472 10053.147417750813 105.831160948299
    vertex 9362.597600880017 10053.147417750813 105.83116097097424
  endloop
endfacet
facet normal 5.592210816730079e-09 -1.0024629552484979e-08 1.0
  outer loop
    vertex 9369.007607830361 10048.011218960168 105.83116090023238
    vertex 9366.756965652417 10050.147417750813 105.8311609453823
    vertex 9367.520581141442 10049.152254670422 105.83116092239224
  endloop
endfacet
facet normal 5.592210816730079e-09 -1.0024629552484979e-08 1.0
  outer loop
    vertex 9366.756965652417 10050.147417750813 105.8311609453823
    vertex 9362.597600880017 10053.147417750813 105.83116097097424
    vertex 9362.597600880017 10050.147417750813 105.83116095302157
  endloop
endfacet
facet normal 2.740980349760683e-09 1.0 9.738672986323573e-09
  outer loop
    vertex 9369.560037876474 10113.147417750813 105.83116153091426
    vertex 9362.59760078241 10113.147417874106 97.23116132072448
    vertex 9362.597600880017 10113.147417750813 105.83116154769291
  endloop
endfacet
facet normal 2.740980349760683e-09 1.0 9.738672986323573e-09
  outer loop
    vertex 9362.59760078241 10113.147417874106 97.23116132072448
    vertex 9369.560037876474 10113.147417750813 105.83116153091426
    vertex 9364.227283238217 10113.147417825765 98.11058447911053
  endloop
endfacet
facet normal 2.740980349760683e-09 1.0 9.738672986323573e-09
  outer loop
    vertex 9364.227283238217 10113.147417825765 98.11058447911053
    vertex 9369.560037876474 10113.147417750813 105.83116153091426
    vertex 9364.444346097625 10113.147417824892 98.20049485936475
  endloop
endfacet
facet normal 2.740980349760683e-09 1.0 9.738672986323573e-09
  outer loop
    vertex 9364.444346097625 10113.147417824892 98.20049485936475
    vertex 9369.560037876474 10113.147417750813 105.83116153091426
    vertex 9364.677283238218 10113.147417824594 98.23116161570448
  endloop
endfacet
facet normal 2.740980349760683e-09 1.0 9.738672986323573e-09
  outer loop
    vertex 9362.59760078241 10113.147417874106 97.23116132072448
    vertex 9364.227283238217 10113.147417825765 98.11058447911053
    vertex 9364.04088713515 10113.147417827153 97.96755771877328
  endloop
endfacet
facet normal 2.740980349760683e-09 1.0 9.738672986323573e-09
  outer loop
    vertex 9362.59760078241 10113.147417874106 97.23116132072448
    vertex 9364.04088713515 10113.147417827153 97.96755771877328
    vertex 9363.897860374811 10113.147417828963 97.78116161570458
  endloop
endfacet
facet normal 2.740980349760683e-09 1.0 9.738672986323573e-09
  outer loop
    vertex 9362.59760078241 10113.147417874106 97.23116132072448
    vertex 9363.897860374811 10113.147417828963 97.78116161570458
    vertex 9363.807949994558 10113.14741783107 97.5640987562976
  endloop
endfacet
facet normal 2.740980349760683e-09 1.0 9.738672986323573e-09
  outer loop
    vertex 9362.59760078241 10113.147417874106 97.23116132072448
    vertex 9363.807949994558 10113.14741783107 97.5640987562976
    vertex 9363.777283238218 10113.14741783333 97.33116161570469
  endloop
endfacet
facet normal 2.740980349760683e-09 1.0 9.738672986323573e-09
  outer loop
    vertex 9362.59760078241 10113.147417874106 97.23116132072448
    vertex 9363.777283238218 10113.14741783333 97.33116161570469
    vertex 9363.807949994558 10113.147417835593 97.09822447511321
  endloop
endfacet
facet normal 2.740980349760683e-09 1.0 9.738672986323573e-09
  outer loop
    vertex 9369.560037876474 10113.147417750813 105.83116153091426
    vertex 9364.91022037881 10113.147417824892 98.20049485936475
    vertex 9364.677283238218 10113.147417824594 98.23116161570448
  endloop
endfacet
facet normal 2.740980349760683e-09 1.0 9.738672986323573e-09
  outer loop
    vertex 9364.91022037881 10113.147417824892 98.20049485936475
    vertex 9369.560037876474 10113.147417750813 105.83116153091426
    vertex 9365.127283238216 10113.147417825765 98.11058447911053
  endloop
endfacet
facet normal 2.740980349760683e-09 1.0 9.738672986323573e-09
  outer loop
    vertex 9365.127283238216 10113.147417825765 98.11058447911053
    vertex 9369.560037876474 10113.147417750813 105.83116153091426
    vertex 9365.313679341285 10113.147417827153 97.96755771877328
  endloop
endfacet
facet normal 2.740980349760683e-09 1.0 9.738672986323573e-09
  outer loop
    vertex 9365.313679341285 10113.147417827153 97.96755771877328
    vertex 9369.560037876474 10113.147417750813 105.83116153091426
    vertex 9365.456706101624 10113.147417828963 97.78116161570458
  endloop
endfacet
facet normal 2.740980349760683e-09 1.0 9.738672986323573e-09
  outer loop
    vertex 9365.456706101624 10113.147417828963 97.78116161570458
    vertex 9369.560037876474 10113.147417750813 105.83116153091426
    vertex 9369.560037776399 10113.147417913904 89.03116153139598
  endloop
endfacet
facet normal 2.740980349760683e-09 1.0 9.738672986323573e-09
  outer loop
    vertex 9365.456706101624 10113.147417828963 97.78116161570458
    vertex 9369.560037776399 10113.147417913904 89.03116153139598
    vertex 9365.546616481877 10113.14741783107 97.5640987562976
  endloop
endfacet
facet normal 2.740980349760683e-09 1.0 9.738672986323573e-09
  outer loop
    vertex 9365.546616481877 10113.14741783107 97.5640987562976
    vertex 9369.560037776399 10113.147417913904 89.03116153139598
    vertex 9365.577283238219 10113.14741783333 97.33116161570469
  endloop
endfacet
facet normal 2.740980349760683e-09 1.0 9.738672986323573e-09
  outer loop
    vertex 9365.577283238219 10113.14741783333 97.33116161570469
    vertex 9369.560037776399 10113.147417913904 89.03116153139598
    vertex 9365.546616481877 10113.147417835593 97.09822447511321
  endloop
endfacet
facet normal 2.740980349760683e-09 1.0 9.738672986323573e-09
  outer loop
    vertex 9365.546616481877 10113.147417835593 97.09822447511321
    vertex 9369.560037776399 10113.147417913904 89.03116153139598
    vertex 9365.456706101624 10113.1474178377 96.88116161570478
  endloop
endfacet
facet normal 2.740980349760683e-09 1.0 9.738672986323573e-09
  outer loop
    vertex 9365.456706101624 10113.1474178377 96.88116161570478
    vertex 9369.560037776399 10113.147417913904 89.03116153139598
    vertex 9365.313679341285 10113.147417839511 96.69476551263752
  endloop
endfacet
facet normal 2.740980349760683e-09 1.0 9.738672986323573e-09
  outer loop
    vertex 9365.313679341285 10113.147417839511 96.69476551263752
    vertex 9369.560037776399 10113.147417913904 89.03116153139598
    vertex 9365.127283238216 10113.147417840897 96.55173875229885
  endloop
endfacet
facet normal 2.740980349760683e-09 1.0 9.738672986323573e-09
  outer loop
    vertex 9365.127283238216 10113.147417840897 96.55173875229885
    vertex 9369.560037776399 10113.147417913904 89.03116153139598
    vertex 9364.91022037881 10113.147417841772 96.46182837204461
  endloop
endfacet
facet normal 2.740980349760683e-09 1.0 9.738672986323573e-09
  outer loop
    vertex 9364.91022037881 10113.147417841772 96.46182837204461
    vertex 9369.560037776399 10113.147417913904 89.03116153139598
    vertex 9364.677283238218 10113.147417842069 96.43116161570488
  endloop
endfacet
facet normal 2.740980349760683e-09 1.0 9.738672986323573e-09
  outer loop
    vertex 9364.677283238218 10113.147417842069 96.43116161570488
    vertex 9369.560037776399 10113.147417913904 89.03116153139598
    vertex 9356.39760079027 10113.147417931 89.03116154668895
  endloop
endfacet
facet normal 2.740980349760683e-09 1.0 9.738672986323573e-09
  outer loop
    vertex 9362.59760078241 10113.147417874106 97.23116132072448
    vertex 9356.39760079027 10113.147417931 89.03116154668895
    vertex 9356.39760079278 10113.14741788955 97.23116132251482
  endloop
endfacet
facet normal 2.740980349760683e-09 1.0 9.738672986323573e-09
  outer loop
    vertex 9356.39760079027 10113.147417931 89.03116154668895
    vertex 9362.59760078241 10113.147417874106 97.23116132072448
    vertex 9363.807949994558 10113.147417835593 97.09822447511321
  endloop
endfacet
facet normal 2.740980349760683e-09 1.0 9.738672986323573e-09
  outer loop
    vertex 9356.39760079027 10113.147417931 89.03116154668895
    vertex 9363.807949994558 10113.147417835593 97.09822447511321
    vertex 9363.897860374811 10113.1474178377 96.88116161570478
  endloop
endfacet
facet normal 2.740980349760683e-09 1.0 9.738672986323573e-09
  outer loop
    vertex 9356.39760079027 10113.147417931 89.03116154668895
    vertex 9363.897860374811 10113.1474178377 96.88116161570478
    vertex 9364.04088713515 10113.147417839511 96.69476551263752
  endloop
endfacet
facet normal 2.740980349760683e-09 1.0 9.738672986323573e-09
  outer loop
    vertex 9356.39760079027 10113.147417931 89.03116154668895
    vertex 9364.04088713515 10113.147417839511 96.69476551263752
    vertex 9364.227283238217 10113.147417840897 96.55173875229885
  endloop
endfacet
facet normal 2.740980349760683e-09 1.0 9.738672986323573e-09
  outer loop
    vertex 9356.39760079027 10113.147417931 89.03116154668895
    vertex 9364.227283238217 10113.147417840897 96.55173875229885
    vertex 9364.444346097625 10113.147417841772 96.46182837204461
  endloop
endfacet
facet normal 2.740980349760683e-09 1.0 9.738672986323573e-09
  outer loop
    vertex 9356.39760079027 10113.147417931 89.03116154668895
    vertex 9364.444346097625 10113.147417841772 96.46182837204461
    vertex 9364.677283238218 10113.147417842069 96.43116161570488
  endloop
endfacet
facet normal 8.511204020711695e-15 1.0 9.78780800684086e-09
  outer loop
    vertex 9369.560037876472 10053.147417750813 105.831160948299
    vertex 9364.98786609234 10053.147417817323 98.49027263835235
    vertex 9364.677283238218 10053.147417816897 98.53116164680628
  endloop
endfacet
facet normal 8.511204020711695e-15 1.0 9.78780800684086e-09
  outer loop
    vertex 9364.98786609234 10053.147417817323 98.49027263835235
    vertex 9369.560037876472 10053.147417750813 105.831160948299
    vertex 9365.277283238218 10053.147417818565 98.37039213134767
  endloop
endfacet
facet normal 8.511204020711695e-15 1.0 9.78780800684086e-09
  outer loop
    vertex 9365.277283238218 10053.147417818565 98.37039213134767
    vertex 9369.560037876472 10053.147417750813 105.831160948299
    vertex 9365.52581137564 10053.147417820543 98.17968978423039
  endloop
endfacet
facet normal 8.511204020711695e-15 1.0 9.78780800684086e-09
  outer loop
    vertex 9365.52581137564 10053.147417820543 98.17968978423039
    vertex 9369.560037876472 10053.147417750813 105.831160948299
    vertex 9365.716513722758 10053.14741782312 97.93116164680642
  endloop
endfacet
facet normal 8.511204020711695e-15 1.0 9.78780800684086e-09
  outer loop
    vertex 9365.716513722758 10053.14741782312 97.93116164680642
    vertex 9369.560037876472 10053.147417750813 105.831160948299
    vertex 9369.560037767102 10053.147417915246 89.031160975015
  endloop
endfacet
facet normal 8.511204020711695e-15 1.0 9.78780800684086e-09
  outer loop
    vertex 9365.716513722758 10053.14741782312 97.93116164680642
    vertex 9369.560037767102 10053.147417915246 89.031160975015
    vertex 9365.836394229764 10053.14741782612 97.64174450092851
  endloop
endfacet
facet normal 8.511204020711695e-15 1.0 9.78780800684086e-09
  outer loop
    vertex 9365.836394229764 10053.14741782612 97.64174450092851
    vertex 9369.560037767102 10053.147417915246 89.031160975015
    vertex 9365.877283238216 10053.147417829341 97.33116164680655
  endloop
endfacet
facet normal 8.511204020711695e-15 1.0 9.78780800684086e-09
  outer loop
    vertex 9365.877283238216 10053.147417829341 97.33116164680655
    vertex 9369.560037767102 10053.147417915246 89.031160975015
    vertex 9365.836394229764 10053.14741783256 97.02057879268315
  endloop
endfacet
facet normal 8.511204020711695e-15 1.0 9.78780800684086e-09
  outer loop
    vertex 9365.836394229764 10053.14741783256 97.02057879268315
    vertex 9369.560037767102 10053.147417915246 89.031160975015
    vertex 9365.716513722758 10053.14741783556 96.73116164680668
  endloop
endfacet
facet normal 8.511204020711695e-15 1.0 9.78780800684086e-09
  outer loop
    vertex 9365.716513722758 10053.14741783556 96.73116164680668
    vertex 9369.560037767102 10053.147417915246 89.031160975015
    vertex 9365.52581137564 10053.147417838138 96.48263350938271
  endloop
endfacet
facet normal 8.511204020711695e-15 1.0 9.78780800684086e-09
  outer loop
    vertex 9365.52581137564 10053.147417838138 96.48263350938271
    vertex 9369.560037767102 10053.147417915246 89.031160975015
    vertex 9365.277283238218 10053.147417840117 96.29193116226543
  endloop
endfacet
facet normal 8.511204020711695e-15 1.0 9.78780800684086e-09
  outer loop
    vertex 9365.277283238218 10053.147417840117 96.29193116226543
    vertex 9369.560037767102 10053.147417915246 89.031160975015
    vertex 9364.98786609234 10053.147417841357 96.17205065525931
  endloop
endfacet
facet normal 8.511204020711695e-15 1.0 9.78780800684086e-09
  outer loop
    vertex 9364.98786609234 10053.147417841357 96.17205065525931
    vertex 9369.560037767102 10053.147417915246 89.031160975015
    vertex 9364.677283238218 10053.147417841783 96.13116164680538
  endloop
endfacet
facet normal 8.511204020711695e-15 1.0 9.78780800684086e-09
  outer loop
    vertex 9364.677283238218 10053.147417841783 96.13116164680538
    vertex 9369.560037767102 10053.147417915246 89.031160975015
    vertex 9362.59760077073 10053.147417915248 89.0311609976888
  endloop
endfacet
facet normal 8.511204020711695e-15 1.0 9.78780800684086e-09
  outer loop
    vertex 9362.597600880017 10053.147417750813 105.83116097097424
    vertex 9363.477283238217 10053.147417829341 97.33116164680655
    vertex 9362.59760077073 10053.147417915248 89.0311609976888
  endloop
endfacet
facet normal 8.511204020711695e-15 1.0 9.78780800684086e-09
  outer loop
    vertex 9363.477283238217 10053.147417829341 97.33116164680655
    vertex 9362.597600880017 10053.147417750813 105.83116097097424
    vertex 9363.51817224667 10053.14741782612 97.64174450092851
  endloop
endfacet
facet normal 8.511204020711695e-15 1.0 9.78780800684086e-09
  outer loop
    vertex 9363.51817224667 10053.14741782612 97.64174450092851
    vertex 9362.597600880017 10053.147417750813 105.83116097097424
    vertex 9363.638052753677 10053.14741782312 97.93116164680642
  endloop
endfacet
facet normal 8.511204020711695e-15 1.0 9.78780800684086e-09
  outer loop
    vertex 9363.638052753677 10053.14741782312 97.93116164680642
    vertex 9362.597600880017 10053.147417750813 105.83116097097424
    vertex 9369.560037876472 10053.147417750813 105.831160948299
  endloop
endfacet
facet normal 8.511204020711695e-15 1.0 9.78780800684086e-09
  outer loop
    vertex 9363.638052753677 10053.14741782312 97.93116164680642
    vertex 9369.560037876472 10053.147417750813 105.831160948299
    vertex 9363.828755100794 10053.147417820543 98.17968978423039
  endloop
endfacet
facet normal 8.511204020711695e-15 1.0 9.78780800684086e-09
  outer loop
    vertex 9363.828755100794 10053.147417820543 98.17968978423039
    vertex 9369.560037876472 10053.147417750813 105.831160948299
    vertex 9364.077283238217 10053.147417818565 98.37039213134767
  endloop
endfacet
facet normal 8.511204020711695e-15 1.0 9.78780800684086e-09
  outer loop
    vertex 9364.077283238217 10053.147417818565 98.37039213134767
    vertex 9369.560037876472 10053.147417750813 105.831160948299
    vertex 9364.366700384095 10053.147417817323 98.49027263835235
  endloop
endfacet
facet normal 8.511204020711695e-15 1.0 9.78780800684086e-09
  outer loop
    vertex 9364.366700384095 10053.147417817323 98.49027263835235
    vertex 9369.560037876472 10053.147417750813 105.831160948299
    vertex 9364.677283238218 10053.147417816897 98.53116164680628
  endloop
endfacet
facet normal 8.511204020711695e-15 1.0 9.78780800684086e-09
  outer loop
    vertex 9362.59760077073 10053.147417915248 89.0311609976888
    vertex 9363.477283238217 10053.147417829341 97.33116164680655
    vertex 9363.51817224667 10053.14741783256 97.02057879268315
  endloop
endfacet
facet normal 8.511204020711695e-15 1.0 9.78780800684086e-09
  outer loop
    vertex 9362.59760077073 10053.147417915248 89.0311609976888
    vertex 9363.51817224667 10053.14741783256 97.02057879268315
    vertex 9363.638052753677 10053.147417835562 96.73116164680668
  endloop
endfacet
facet normal 8.511204020711695e-15 1.0 9.78780800684086e-09
  outer loop
    vertex 9362.59760077073 10053.147417915248 89.0311609976888
    vertex 9363.638052753677 10053.147417835562 96.73116164680668
    vertex 9363.828755100794 10053.147417838138 96.48263350938271
  endloop
endfacet
facet normal 8.511204020711695e-15 1.0 9.78780800684086e-09
  outer loop
    vertex 9362.59760077073 10053.147417915248 89.0311609976888
    vertex 9363.828755100794 10053.147417838138 96.48263350938271
    vertex 9364.077283238217 10053.147417840117 96.29193116226543
  endloop
endfacet
facet normal 8.511204020711695e-15 1.0 9.78780800684086e-09
  outer loop
    vertex 9362.59760077073 10053.147417915248 89.0311609976888
    vertex 9364.077283238217 10053.147417840117 96.29193116226543
    vertex 9364.366700384095 10053.14741784136 96.17205065525931
  endloop
endfacet
facet normal 8.511204020711695e-15 1.0 9.78780800684086e-09
  outer loop
    vertex 9362.59760077073 10053.147417915248 89.0311609976888
    vertex 9364.366700384095 10053.14741784136 96.17205065525931
    vertex 9364.677283238218 10053.147417841783 96.13116164680538
  endloop
endfacet
facet normal 7.450869722846442e-09 -9.710253083528991e-09 1.0
  outer loop
    vertex 9377.635177688479 10055.311145114842 90.8311609358568
    vertex 9377.635177688479 10053.147417897786 90.83116091484617
    vertex 9377.77760773459 10054.229281506312 90.83116092429027
  endloop
endfacet
facet normal 7.450869722846442e-09 -9.710253083528991e-09 1.0
  outer loop
    vertex 9377.635177688479 10053.147417897786 90.83116091484617
    vertex 9377.635177688479 10055.311145114842 90.8311609358568
    vertex 9377.217593922409 10056.319281506314 90.83116094875743
  endloop
endfacet
facet normal 7.450869722846442e-09 -9.710253083528991e-09 1.0
  outer loop
    vertex 9377.635177688479 10053.147417897786 90.83116091484617
    vertex 9377.217593922409 10056.319281506314 90.83116094875743
    vertex 9377.217593922409 10052.139281506314 90.83116090816841
  endloop
endfacet
facet normal 7.450869722846442e-09 -9.710253083528991e-09 1.0
  outer loop
    vertex 9377.217593922409 10052.139281506314 90.83116090816841
    vertex 9377.217593922409 10056.319281506314 90.83116094875743
    vertex 9376.553314079949 10051.273575160953 90.83116090471185
  endloop
endfacet
facet normal 7.450869722846442e-09 -9.710253083528991e-09 1.0
  outer loop
    vertex 9376.553314079949 10051.273575160953 90.83116090471185
    vertex 9377.217593922409 10056.319281506314 90.83116094875743
    vertex 9376.553314079949 10057.184987851673 90.83116096211285
  endloop
endfacet
facet normal 7.450869722846442e-09 -9.710253083528991e-09 1.0
  outer loop
    vertex 9376.553314079949 10051.273575160953 90.83116090471185
    vertex 9376.553314079949 10057.184987851673 90.83116096211285
    vertex 9375.68760773459 10050.609295318494 90.8311609047118
  endloop
endfacet
facet normal 7.450869722846442e-09 -9.710253083528991e-09 1.0
  outer loop
    vertex 9375.68760773459 10050.609295318494 90.8311609047118
    vertex 9376.553314079949 10057.184987851673 90.83116096211285
    vertex 9375.68760773459 10057.849267694131 90.83116097501345
  endloop
endfacet
facet normal 7.450869722846442e-09 -9.710253083528991e-09 1.0
  outer loop
    vertex 9375.68760773459 10050.609295318494 90.8311609047118
    vertex 9375.68760773459 10057.849267694131 90.83116097501345
    vertex 9374.679471343117 10058.266851460201 90.83116098657995
  endloop
endfacet
facet normal 7.450869722846442e-09 -9.710253083528991e-09 1.0
  outer loop
    vertex 9375.68760773459 10050.609295318494 90.8311609047118
    vertex 9374.679471343117 10058.266851460201 90.83116098657995
    vertex 9374.679471343117 10050.191711552425 90.83116090816829
  endloop
endfacet
facet normal 7.450878299965253e-09 -9.710241434604687e-09 1.0
  outer loop
    vertex 9377.635177697883 10115.311145113486 90.83116151847206
    vertex 9377.635177697883 10113.14741789643 90.8311614974614
    vertex 9377.777607743994 10114.229281504957 90.83116150690552
  endloop
endfacet
facet normal 7.450878299965253e-09 -9.710241434604687e-09 1.0
  outer loop
    vertex 9377.635177697883 10113.14741789643 90.8311614974614
    vertex 9377.635177697883 10115.311145113486 90.83116151847206
    vertex 9377.217593931815 10116.319281504959 90.83116153137267
  endloop
endfacet
facet normal 7.450878299965253e-09 -9.710241434604687e-09 1.0
  outer loop
    vertex 9377.635177697883 10113.14741789643 90.8311614974614
    vertex 9377.217593931815 10116.319281504959 90.83116153137267
    vertex 9377.217593931813 10112.139281504958 90.83116149078366
  endloop
endfacet
facet normal 7.450878299965253e-09 -9.710241434604687e-09 1.0
  outer loop
    vertex 9377.217593931813 10112.139281504958 90.83116149078366
    vertex 9377.217593931815 10116.319281504959 90.83116153137267
    vertex 9376.553314089355 10117.184987850318 90.83116154472809
  endloop
endfacet
facet normal 7.450878299965253e-09 -9.710241434604687e-09 1.0
  outer loop
    vertex 9377.217593931813 10112.139281504958 90.83116149078366
    vertex 9376.553314089355 10117.184987850318 90.83116154472809
    vertex 9376.553314089355 10111.2735751596 90.8311614873271
  endloop
endfacet
facet normal 7.450878299965253e-09 -9.710241434604687e-09 1.0
  outer loop
    vertex 9376.553314089355 10111.2735751596 90.8311614873271
    vertex 9376.553314089355 10117.184987850318 90.83116154472809
    vertex 9375.687607743996 10117.849267692778 90.83116155762869
  endloop
endfacet
facet normal 7.450878299965253e-09 -9.710241434604687e-09 1.0
  outer loop
    vertex 9376.553314089355 10111.2735751596 90.8311614873271
    vertex 9375.687607743996 10117.849267692778 90.83116155762869
    vertex 9375.687607743996 10110.60929531714 90.83116148732705
  endloop
endfacet
facet normal 7.450878299965253e-09 -9.710241434604687e-09 1.0
  outer loop
    vertex 9375.687607743996 10110.60929531714 90.83116148732705
    vertex 9375.687607743996 10117.849267692778 90.83116155762869
    vertex 9374.679471352523 10110.19171155107 90.83116149078354
  endloop
endfacet
facet normal 7.450878299965253e-09 -9.710241434604687e-09 1.0
  outer loop
    vertex 9374.679471352523 10110.19171155107 90.83116149078354
    vertex 9375.687607743996 10117.849267692778 90.83116155762869
    vertex 9374.679471352523 10118.266851458846 90.83116156919519
  endloop
endfacet
facet normal 0.7933533402918155 0.6087614290079644 -7.20297597714784e-10
  outer loop
    vertex 9354.018177889762 10070.036398067545 89.03116100168349
    vertex 9354.161204657545 10069.850001964474 97.23116128602231
    vertex 9354.1612046501 10069.850001964474 89.03116100155064
  endloop
endfacet
facet normal 0.7933533402918155 0.6087614290079644 -7.20297597714784e-10
  outer loop
    vertex 9354.161204657545 10069.850001964474 97.23116128602231
    vertex 9354.018177889762 10070.036398067545 89.03116100168349
    vertex 9354.018177897207 10070.036398067543 97.23116128615226
  endloop
endfacet
facet normal 0.13052619422677816 0.9914448611096198 -7.39283975434284e-11
  outer loop
    vertex 9354.747600754898 10069.59298069242 97.2311612854332
    vertex 9354.564663612604 10069.617064823871 89.03116100118679
    vertex 9354.56466362002 10069.61706482388 97.23116128565556
  endloop
endfacet
facet normal 0.13052619422677816 0.9914448611096198 -7.39283975434284e-11
  outer loop
    vertex 9354.564663612604 10069.617064823871 89.03116100118679
    vertex 9354.747600754898 10069.59298069242 97.2311612854332
    vertex 9354.747600753104 10069.592980692421 89.03116100099764
  endloop
endfacet
facet normal -0.7933533402895613 -0.6087614290109019 7.203382154328248e-10
  outer loop
    vertex 9355.577023624019 10070.936398067543 97.23116128473593
    vertex 9355.433996856236 10071.12279417061 89.0311610003971
    vertex 9355.577023616574 10070.936398067543 89.03116100026571
  endloop
endfacet
facet normal -0.7933533402895613 -0.6087614290109019 7.203382154328248e-10
  outer loop
    vertex 9355.433996856236 10071.12279417061 89.0311610003971
    vertex 9355.577023624019 10070.936398067543 97.23116128473593
    vertex 9355.43399686368 10071.12279417061 97.23116128486589
  endloop
endfacet
facet normal -0.9914448613738494 -0.13052619221975603 9.001946179586811e-10
  outer loop
    vertex 9355.666934004274 10070.719335208134 97.23116128465506
    vertex 9355.697600753167 10070.486398067542 89.03116100015596
    vertex 9355.697600760614 10070.48639806754 97.23116128462762
  endloop
endfacet
facet normal -0.9914448613738494 -0.13052619221975603 9.001946179586811e-10
  outer loop
    vertex 9355.697600753167 10070.486398067542 89.03116100015596
    vertex 9355.666934004274 10070.719335208134 97.23116128465506
    vertex 9355.666933996827 10070.719335208136 89.03116100018485
  endloop
endfacet
facet normal 0.3826834323699823 0.9238795325092602 -3.4737421747931436e-10
  outer loop
    vertex 9354.56466362002 10069.61706482388 97.23116128565556
    vertex 9354.347600753168 10069.706975204137 89.03116100138315
    vertex 9354.347600760613 10069.706975204137 97.23116128585337
  endloop
endfacet
facet normal 0.3826834323699823 0.9238795325092602 -3.4737421747931436e-10
  outer loop
    vertex 9354.347600753168 10069.706975204137 89.03116100138315
    vertex 9354.56466362002 10069.61706482388 97.23116128565556
    vertex 9354.564663612604 10069.617064823871 89.03116100118679
  endloop
endfacet
facet normal -0.1305261902160805 0.9914448616376382 7.41374389741137e-11
  outer loop
    vertex 9355.030537901204 10069.61706482388 97.23116128523253
    vertex 9354.847600753103 10069.592980692421 89.03116100095144
    vertex 9354.847600754896 10069.59298069242 97.231161285387
  endloop
endfacet
facet normal -0.1305261902160805 0.9914448616376382 7.41374389741137e-11
  outer loop
    vertex 9354.847600753103 10069.592980692421 89.03116100095144
    vertex 9355.030537901204 10069.61706482388 97.23116128523253
    vertex 9355.030537893792 10069.617064823895 89.03116100076231
  endloop
endfacet
facet normal -0.6087614290054126 0.7933533402937734 5.528386589003956e-10
  outer loop
    vertex 9355.43399686368 10069.850001964474 97.2311612848658
    vertex 9355.247600753168 10069.706975204137 89.03116100056594
    vertex 9355.247600760613 10069.706975204137 97.23116128503617
  endloop
endfacet
facet normal -0.6087614290054126 0.7933533402937734 5.528386589003956e-10
  outer loop
    vertex 9355.247600753168 10069.706975204137 89.03116100056594
    vertex 9355.43399686368 10069.850001964474 97.2311612848658
    vertex 9355.433996856238 10069.850001964476 89.03116100039703
  endloop
endfacet
facet normal 0.9238795325108826 0.38268343236606556 -8.388583090849842e-10
  outer loop
    vertex 9353.928267509507 10070.253460926951 89.0311610017658
    vertex 9354.018177897207 10070.036398067543 97.23116128615226
    vertex 9354.018177889762 10070.036398067545 89.03116100168349
  endloop
endfacet
facet normal 0.9238795325108826 0.38268343236606556 -8.388583090849842e-10
  outer loop
    vertex 9354.018177897207 10070.036398067543 97.23116128615226
    vertex 9353.928267509507 10070.253460926951 89.0311610017658
    vertex 9353.928267516952 10070.25346092695 97.23116128623313
  endloop
endfacet
facet normal 0.1305261969691149 -0.9914448607485844 -1.3178586125288413e-11
  outer loop
    vertex 9354.564663612648 10071.355731311232 89.03116100118689
    vertex 9354.747600763129 10071.379815444776 97.23116128480815
    vertex 9354.56466362002 10071.355731311203 97.23116128565567
  endloop
endfacet
facet normal 0.1305261969691149 -0.9914448607485844 -1.3178586125288413e-11
  outer loop
    vertex 9354.747600763129 10071.379815444776 97.23116128480815
    vertex 9354.564663612648 10071.355731311232 89.03116100118689
    vertex 9354.747600755847 10071.379815443037 89.0311610007913
  endloop
endfacet
facet normal -0.38268343236407654 -0.9238795325117065 3.4742987514981856e-10
  outer loop
    vertex 9355.030537893692 10071.35573131123 89.0311610007653
    vertex 9355.247600760613 10071.265820930948 97.23116128503626
    vertex 9355.030537901204 10071.355731311203 97.23116128523263
  endloop
endfacet
facet normal -0.38268343236407654 -0.9238795325117065 3.4742987514981856e-10
  outer loop
    vertex 9355.247600760613 10071.265820930948 97.23116128503626
    vertex 9355.030537893692 10071.35573131123 89.0311610007653
    vertex 9355.247600753164 10071.26582093095 89.03116100056604
  endloop
endfacet
facet normal 0.3826834323626098 -0.9238795325123139 -3.474995117368253e-10
  outer loop
    vertex 9354.34760075317 10071.26582093095 89.03116100138325
    vertex 9354.56466362002 10071.355731311203 97.23116128565567
    vertex 9354.347600760613 10071.265820930948 97.23116128585347
  endloop
endfacet
facet normal 0.3826834323626098 -0.9238795325123139 -3.474995117368253e-10
  outer loop
    vertex 9354.56466362002 10071.355731311203 97.23116128565567
    vertex 9354.34760075317 10071.26582093095 89.03116100138325
    vertex 9354.564663612648 10071.355731311232 89.03116100118689
  endloop
endfacet
facet normal 0.6087614290065995 0.7933533402928628 -5.526669274205214e-10
  outer loop
    vertex 9354.347600760613 10069.706975204137 97.23116128585337
    vertex 9354.1612046501 10069.850001964474 89.03116100155064
    vertex 9354.161204657545 10069.850001964474 97.23116128602231
  endloop
endfacet
facet normal 0.6087614290065995 0.7933533402928628 -5.526669274205214e-10
  outer loop
    vertex 9354.1612046501 10069.850001964474 89.03116100155064
    vertex 9354.347600760613 10069.706975204137 97.23116128585337
    vertex 9354.347600753168 10069.706975204137 89.03116100138315
  endloop
endfacet
facet normal 0.9914448613738419 -0.13052619221981307 -9.002113806000717e-10
  outer loop
    vertex 9353.928267509507 10070.719335208134 89.03116100176584
    vertex 9353.897600760612 10070.48639806754 97.23116128626202
    vertex 9353.897600753167 10070.486398067542 89.03116100179325
  endloop
endfacet
facet normal 0.9914448613738419 -0.13052619221981307 -9.002113806000717e-10
  outer loop
    vertex 9353.897600760612 10070.48639806754 97.23116128626202
    vertex 9353.928267509507 10070.719335208134 89.03116100176584
    vertex 9353.928267516952 10070.719335208134 97.23116128623316
  endloop
endfacet
facet normal 0.608761429010301 -0.7933533402900225 -5.527565916298675e-10
  outer loop
    vertex 9354.1612046501 10071.122794170611 89.03116100155073
    vertex 9354.347600760613 10071.265820930948 97.23116128585347
    vertex 9354.161204657545 10071.12279417061 97.23116128602238
  endloop
endfacet
facet normal 0.608761429010301 -0.7933533402900225 -5.527565916298675e-10
  outer loop
    vertex 9354.347600760613 10071.265820930948 97.23116128585347
    vertex 9354.1612046501 10071.122794170611 89.03116100155073
    vertex 9354.34760075317 10071.26582093095 89.03116100138325
  endloop
endfacet
facet normal 0.9238795325117082 -0.38268343236407243 -8.388349903095977e-10
  outer loop
    vertex 9354.018177889762 10070.936398067543 89.03116100168354
    vertex 9353.928267516952 10070.719335208134 97.23116128623316
    vertex 9353.928267509507 10070.719335208134 89.03116100176584
  endloop
endfacet
facet normal 0.9238795325117082 -0.38268343236407243 -8.388349903095977e-10
  outer loop
    vertex 9353.928267516952 10070.719335208134 97.23116128623316
    vertex 9354.018177889762 10070.936398067543 89.03116100168354
    vertex 9354.018177897207 10070.936398067543 97.23116128615231
  endloop
endfacet
facet normal -0.7933533402911948 0.6087614290087734 7.202577947363802e-10
  outer loop
    vertex 9355.577023624019 10070.036398067543 97.23116128473588
    vertex 9355.433996856238 10069.850001964476 89.03116100039703
    vertex 9355.43399686368 10069.850001964474 97.2311612848658
  endloop
endfacet
facet normal -0.7933533402911948 0.6087614290087734 7.202577947363802e-10
  outer loop
    vertex 9355.433996856238 10069.850001964476 89.03116100039703
    vertex 9355.577023624019 10070.036398067543 97.23116128473588
    vertex 9355.577023616574 10070.036398067541 89.0311610002671
  endloop
endfacet
facet normal 0.7933533402907593 -0.6087614290093408 -7.203178171048032e-10
  outer loop
    vertex 9354.1612046501 10071.122794170611 89.03116100155073
    vertex 9354.018177897207 10070.936398067543 97.23116128615231
    vertex 9354.018177889762 10070.936398067543 89.03116100168354
  endloop
endfacet
facet normal 0.7933533402907593 -0.6087614290093408 -7.203178171048032e-10
  outer loop
    vertex 9354.018177897207 10070.936398067543 97.23116128615231
    vertex 9354.1612046501 10071.122794170611 89.03116100155073
    vertex 9354.161204657545 10071.12279417061 97.23116128602238
  endloop
endfacet
facet normal -0.38268343237133035 0.9238795325087019 3.4755156620991367e-10
  outer loop
    vertex 9355.247600760613 10069.706975204137 97.23116128503617
    vertex 9355.030537893792 10069.617064823895 89.03116100076231
    vertex 9355.030537901204 10069.61706482388 97.23116128523253
  endloop
endfacet
facet normal -0.38268343237133035 0.9238795325087019 3.4755156620991367e-10
  outer loop
    vertex 9355.030537893792 10069.617064823895 89.03116100076231
    vertex 9355.247600760613 10069.706975204137 97.23116128503617
    vertex 9355.247600753168 10069.706975204137 89.03116100056594
  endloop
endfacet
facet normal -0.9238795325118163 -0.38268343236381175 8.38785869274708e-10
  outer loop
    vertex 9355.577023624019 10070.936398067543 97.23116128473593
    vertex 9355.666933996827 10070.719335208136 89.03116100018485
    vertex 9355.666934004274 10070.719335208134 97.23116128465506
  endloop
endfacet
facet normal -0.9238795325118163 -0.38268343236381175 8.38785869274708e-10
  outer loop
    vertex 9355.666933996827 10070.719335208136 89.03116100018485
    vertex 9355.577023624019 10070.936398067543 97.23116128473593
    vertex 9355.577023616574 10070.936398067543 89.03116100026571
  endloop
endfacet
facet normal -0.1305261968561655 -0.9914448607634544 2.2128896818775404e-10
  outer loop
    vertex 9354.847600760444 10071.379815444425 97.23116128471864
    vertex 9355.030537893692 10071.35573131123 89.0311610007653
    vertex 9355.030537901204 10071.355731311203 97.23116128523263
  endloop
endfacet
facet normal -0.1305261968561655 -0.9914448607634544 2.2128896818775404e-10
  outer loop
    vertex 9355.030537893692 10071.35573131123 89.0311610007653
    vertex 9354.847600760444 10071.379815444425 97.23116128471864
    vertex 9354.847600753163 10071.379815442684 89.03116100070179
  endloop
endfacet
facet normal -0.608761429010463 -0.7933533402898982 5.527866769025519e-10
  outer loop
    vertex 9355.247600753164 10071.26582093095 89.03116100056604
    vertex 9355.43399686368 10071.12279417061 97.23116128486589
    vertex 9355.247600760613 10071.265820930948 97.23116128503626
  endloop
endfacet
facet normal -0.608761429010463 -0.7933533402898982 5.527866769025519e-10
  outer loop
    vertex 9355.43399686368 10071.12279417061 97.23116128486589
    vertex 9355.247600753164 10071.26582093095 89.03116100056604
    vertex 9355.433996856236 10071.12279417061 89.0311610003971
  endloop
endfacet
facet normal -0.9238795325116234 0.38268343236427727 8.388311775716944e-10
  outer loop
    vertex 9355.577023624019 10070.036398067543 97.23116128473588
    vertex 9355.666933996827 10070.253460926951 89.03116100018481
    vertex 9355.577023616574 10070.036398067541 89.0311610002671
  endloop
endfacet
facet normal -0.9238795325116234 0.38268343236427727 8.388311775716944e-10
  outer loop
    vertex 9355.666933996827 10070.253460926951 89.03116100018481
    vertex 9355.577023624019 10070.036398067543 97.23116128473588
    vertex 9355.666934004274 10070.25346092695 97.23116128465503
  endloop
endfacet
facet normal -0.9914448613737337 0.13052619222063538 9.002133251306926e-10
  outer loop
    vertex 9355.697600760614 10070.48639806754 97.23116128462762
    vertex 9355.666933996827 10070.253460926951 89.03116100018481
    vertex 9355.666934004274 10070.25346092695 97.23116128465503
  endloop
endfacet
facet normal -0.9914448613737337 0.13052619222063538 9.002133251306926e-10
  outer loop
    vertex 9355.666933996827 10070.253460926951 89.03116100018481
    vertex 9355.697600760614 10070.48639806754 97.23116128462762
    vertex 9355.697600753167 10070.486398067542 89.03116100015596
  endloop
endfacet
facet normal 0.9914448613737669 0.13052619222038261 -9.002115644225852e-10
  outer loop
    vertex 9353.897600753167 10070.486398067542 89.03116100179325
    vertex 9353.928267516952 10070.25346092695 97.23116128623313
    vertex 9353.928267509507 10070.253460926951 89.0311610017658
  endloop
endfacet
facet normal 0.9914448613737669 0.13052619222038261 -9.002115644225852e-10
  outer loop
    vertex 9353.928267516952 10070.25346092695 97.23116128623313
    vertex 9353.897600753167 10070.486398067542 89.03116100179325
    vertex 9353.897600760612 10070.48639806754 97.23116128626202
  endloop
endfacet
facet normal 8.479328350574631e-15 1.0 6.421178951243176e-14
  outer loop
    vertex 9354.847600754896 10069.59298069242 97.231161285387
    vertex 9354.747600753104 10069.592980692421 89.03116100099764
    vertex 9354.747600754898 10069.59298069242 97.2311612854332
  endloop
endfacet
facet normal 8.479328350574631e-15 1.0 6.421178951243176e-14
  outer loop
    vertex 9354.747600753104 10069.592980692421 89.03116100099764
    vertex 9354.847600754896 10069.59298069242 97.231161285387
    vertex 9354.847600753103 10069.592980692421 89.03116100095144
  endloop
endfacet
facet normal -8.479328350574631e-15 -1.0 -6.421178951243176e-14
  outer loop
    vertex 9354.747600755716 10098.879815442662 89.03116151441715
    vertex 9354.84760075758 10098.87981544266 97.23116128689335
    vertex 9354.747600757579 10098.87981544266 97.2311612869381
  endloop
endfacet
facet normal -8.479328350574631e-15 -1.0 -6.421178951243176e-14
  outer loop
    vertex 9354.84760075758 10098.87981544266 97.23116128689335
    vertex 9354.747600755716 10098.879815442662 89.03116151441715
    vertex 9354.847600755718 10098.879815442662 89.03116151437239
  endloop
endfacet
facet normal 2.3435561695078416e-11 1.0 8.519019948207302e-09
  outer loop
    vertex 9391.5976007366 10064.443771573746 90.83116101645736
    vertex 9350.397600763321 10064.443771590048 89.03116102573867
    vertex 9350.397600760793 10064.443771575678 90.8311610257397
  endloop
endfacet
facet normal 2.3435561695078416e-11 1.0 8.519019948207302e-09
  outer loop
    vertex 9350.397600763321 10064.443771590048 89.03116102573867
    vertex 9391.5976007366 10064.443771573746 90.83116101645736
    vertex 9391.59760074089 10064.443771590046 89.03116098218142
  endloop
endfacet
facet normal 2.1431274870877932e-10 0.5462677778686303 0.8376105985853264
  outer loop
    vertex 9391.5976007366 10064.443771573746 90.83116101645736
    vertex 9350.397600761275 10062.143771559604 92.3311610257392
    vertex 9391.597600737085 10062.143771557674 92.33116101645687
  endloop
endfacet
facet normal 2.1431274870877932e-10 0.5462677778686303 0.8376105985853264
  outer loop
    vertex 9350.397600761275 10062.143771559604 92.3311610257392
    vertex 9391.5976007366 10064.443771573746 90.83116101645736
    vertex 9350.397600760793 10064.443771575678 90.8311610257397
  endloop
endfacet
facet normal 4.686263313812534e-11 1.0 6.421169764240044e-14
  outer loop
    vertex 9391.597600741987 10062.143771557674 94.8311610164563
    vertex 9350.397600761275 10062.143771559604 92.3311610257392
    vertex 9350.397600766179 10062.143771559604 94.83116102573864
  endloop
endfacet
facet normal 4.686263313812534e-11 1.0 6.421169764240044e-14
  outer loop
    vertex 9350.397600761275 10062.143771559604 92.3311610257392
    vertex 9391.597600741987 10062.143771557674 94.8311610164563
    vertex 9391.597600737085 10062.143771557674 92.33116101645687
  endloop
endfacet
facet normal -4.504820711489127e-10 4.621816688740069e-10 -1.0
  outer loop
    vertex 9391.597600741987 10062.143771557674 94.8311610164563
    vertex 9350.397600766539 10067.743771559604 94.83116102306072
    vertex 9391.597600746476 10067.743771559604 94.8311610202207
  endloop
endfacet
facet normal -4.504820711489127e-10 4.621816688740069e-10 -1.0
  outer loop
    vertex 9350.397600766539 10067.743771559604 94.83116102306072
    vertex 9391.597600741987 10062.143771557674 94.8311610164563
    vertex 9350.397600766179 10062.143771559604 94.83116102573864
  endloop
endfacet
facet normal -2.0373874212426995e-10 1.0 -6.804822276694102e-09
  outer loop
    vertex 9391.597600774561 10100.729024583115 94.83116099648494
    vertex 9350.397600763306 10100.729024535254 89.03116102306414
    vertex 9350.397600766539 10100.729024566326 94.83116102306283
  endloop
endfacet
facet normal -2.0373874212426995e-10 1.0 -6.804822276694102e-09
  outer loop
    vertex 9350.397600763306 10100.729024535254 89.03116102306414
    vertex 9391.597600774561 10100.729024583115 94.83116099648494
    vertex 9391.597600771858 10100.729024535252 89.03116118505385
  endloop
endfacet
facet normal -6.451219266602233e-10 4.783305271876487e-10 -1.0
  outer loop
    vertex 9350.397600766539 10100.729024566326 94.83116102306283
    vertex 9391.5976007742 10106.32902458312 94.83116099916359
    vertex 9391.597600774561 10100.729024583115 94.83116099648494
  endloop
endfacet
facet normal -6.451219266602233e-10 4.783305271876487e-10 -1.0
  outer loop
    vertex 9391.5976007742 10106.32902458312 94.83116099916359
    vertex 9350.397600766539 10100.729024566326 94.83116102306283
    vertex 9350.397600766179 10106.329024566332 94.83116102574148
  endloop
endfacet
facet normal 4.0749917561327593e-10 -1.0 -6.421258853940653e-14
  outer loop
    vertex 9350.397600761276 10106.329024566332 92.33116102574205
    vertex 9391.5976007742 10106.32902458312 94.83116099916359
    vertex 9350.397600766179 10106.329024566332 94.83116102574148
  endloop
endfacet
facet normal 4.0749917561327593e-10 -1.0 -6.421258853940653e-14
  outer loop
    vertex 9391.5976007742 10106.32902458312 94.83116099916359
    vertex 9350.397600761276 10106.329024566332 92.33116102574205
    vertex 9391.597600769297 10106.32902458312 92.33116099916415
  endloop
endfacet
facet normal 7.629646321327127e-10 -0.5462677778682568 0.83761059858557
  outer loop
    vertex 9350.397600761276 10106.329024566332 92.33116102574205
    vertex 9391.597600768815 10104.029024567046 90.83116099916434
    vertex 9391.597600769297 10106.32902458312 92.33116099916415
  endloop
endfacet
facet normal 7.629646321327127e-10 -0.5462677778682568 0.83761059858557
  outer loop
    vertex 9391.597600768815 10104.029024567046 90.83116099916434
    vertex 9350.397600761276 10106.329024566332 92.33116102574205
    vertex 9350.397600760793 10104.029024550258 90.83116102574223
  endloop
endfacet
facet normal 4.0748599112781546e-10 -1.0 8.036414135863696e-09
  outer loop
    vertex 9350.397600763306 10104.029024535792 89.0311610257412
    vertex 9391.597600768815 10104.029024567046 90.83116099916434
    vertex 9350.397600760793 10104.029024550258 90.83116102574223
  endloop
endfacet
facet normal 4.0748599112781546e-10 -1.0 8.036414135863696e-09
  outer loop
    vertex 9391.597600768815 10104.029024567046 90.83116099916434
    vertex 9350.397600763306 10104.029024535792 89.0311610257412
    vertex 9391.597600772175 10104.02902455258 89.0311609991633
  endloop
endfacet
facet normal -1.0 8.479468241539211e-15 8.879537664561481e-10
  outer loop
    vertex 9354.847600760444 10071.379815444425 97.23116128471864
    vertex 9354.847600753163 10072.836398061745 89.03116100047231
    vertex 9354.847600753163 10071.379815442684 89.03116100070179
  endloop
endfacet
facet normal -1.0 8.479468241539211e-15 8.879537664561481e-10
  outer loop
    vertex 9354.847600753163 10072.836398061745 89.03116100047231
    vertex 9354.847600760444 10071.379815444425 97.23116128471864
    vertex 9354.847600760444 10072.836398063484 97.23116128448916
  endloop
endfacet
facet normal 1.0 -8.479469121388393e-15 -8.87953766456148e-10
  outer loop
    vertex 9354.747600755847 10072.83639806167 89.03116100056037
    vertex 9354.747600763129 10071.379815444776 97.23116128480815
    vertex 9354.747600755847 10071.379815443037 89.0311610007913
  endloop
endfacet
facet normal 1.0 -8.479469121388393e-15 -8.87953766456148e-10
  outer loop
    vertex 9354.747600763129 10071.379815444776 97.23116128480815
    vertex 9354.747600755847 10072.83639806167 89.03116100056037
    vertex 9354.747600763129 10072.836398063408 97.23116128457724
  endloop
endfacet
facet normal -6.364845179509263e-10 1.0 -1.0478901599017326e-10
  outer loop
    vertex 9362.597600760762 10072.836398067537 97.23116127745341
    vertex 9354.847600753163 10072.836398061745 89.03116100047231
    vertex 9354.847600760444 10072.836398063484 97.23116128448916
  endloop
endfacet
facet normal -6.364845179509263e-10 1.0 -1.0478901599017326e-10
  outer loop
    vertex 9354.847600753163 10072.836398061745 89.03116100047231
    vertex 9362.597600760762 10072.836398067537 97.23116127745341
    vertex 9362.597600758485 10072.836398067559 89.03116099298464
  endloop
endfacet
facet normal -1.0 9.318348671596658e-15 -9.355969406562813e-09
  outer loop
    vertex 9354.84760067708 10097.092979690013 97.23116124298947
    vertex 9354.847600753797 10095.636398068613 89.0311612531341
    vertex 9354.84760067708 10095.636397078137 97.23116111236673
  endloop
endfacet
facet normal -1.0 9.318348671596658e-15 -9.355969406562813e-09
  outer loop
    vertex 9354.847600753797 10095.636398068613 89.0311612531341
    vertex 9354.84760067708 10097.092979690013 97.23116124298947
    vertex 9354.847600753797 10097.092980692167 89.03116138375685
  endloop
endfacet
facet normal 1.0 -9.322484884187025e-15 9.355969406562811e-09
  outer loop
    vertex 9354.747600753799 10095.63639806878 89.03116125187654
    vertex 9354.74760067708 10097.092979690013 97.23116124237585
    vertex 9354.74760067708 10095.636397078304 97.23116111110916
  endloop
endfacet
facet normal 1.0 -9.322484884187025e-15 9.355969406562811e-09
  outer loop
    vertex 9354.74760067708 10097.092979690013 97.23116124237585
    vertex 9354.747600753799 10095.63639806878 89.03116125187654
    vertex 9354.747600753799 10097.092980680614 89.03116138314323
  endloop
endfacet
facet normal -1.0 1.3994431384045537e-14 7.4508714654571e-09
  outer loop
    vertex 9374.679471352523 10118.266851458846 90.83116156919519
    vertex 9374.679471339112 10110.19171156859 89.03116146455113
    vertex 9374.679471352523 10110.19171155107 90.83116149078354
  endloop
endfacet
facet normal -1.0 1.3994431384045537e-14 7.4508714654571e-09
  outer loop
    vertex 9374.679471339112 10110.19171156859 89.03116146455113
    vertex 9374.679471352523 10118.266851458846 90.83116156919519
    vertex 9374.679471339112 10118.266851476286 89.03116154296278
  endloop
endfacet
facet normal -8.50226065188511e-15 -1.0 -9.708139909898458e-09
  outer loop
    vertex 9362.597600880017 10115.311144967869 105.83116156837004
    vertex 9363.638052753677 10115.311145078595 97.93116159779984
    vertex 9369.560037876474 10115.311144967869 105.8311615519249
  endloop
endfacet
facet normal -8.50226065188511e-15 -1.0 -9.708139909898458e-09
  outer loop
    vertex 9363.638052753677 10115.311145078595 97.93116159779984
    vertex 9362.597600880017 10115.311144967869 105.83116156837004
    vertex 9363.518172246671 10115.311145080323 97.64174445192339
  endloop
endfacet
facet normal -8.50226065188511e-15 -1.0 -9.708139909898458e-09
  outer loop
    vertex 9363.518172246671 10115.311145080323 97.64174445192339
    vertex 9362.597600880017 10115.311144967869 105.83116156837004
    vertex 9363.477283238217 10115.311145082176 97.33116159779998
  endloop
endfacet
facet normal -8.50226065188511e-15 -1.0 -9.708139909898458e-09
  outer loop
    vertex 9363.477283238217 10115.311145082176 97.33116159779998
    vertex 9362.597600880017 10115.311144967869 105.83116156837004
    vertex 9362.597600780075 10115.311145130967 89.03116156885177
  endloop
endfacet
facet normal -8.50226065188511e-15 -1.0 -9.708139909898458e-09
  outer loop
    vertex 9369.560037876474 10115.311144967869 105.8311615519249
    vertex 9363.638052753677 10115.311145078595 97.93116159779984
    vertex 9363.828755100794 10115.31114507711 98.17968973522382
  endloop
endfacet
facet normal -8.50226065188511e-15 -1.0 -9.708139909898458e-09
  outer loop
    vertex 9369.560037876474 10115.311144967869 105.8311615519249
    vertex 9363.828755100794 10115.31114507711 98.17968973522382
    vertex 9364.077283238217 10115.311145075973 98.3703920823411
  endloop
endfacet
facet normal -8.50226065188511e-15 -1.0 -9.708139909898458e-09
  outer loop
    vertex 9369.560037876474 10115.311144967869 105.8311615519249
    vertex 9364.077283238217 10115.311145075973 98.3703920823411
    vertex 9364.366700384095 10115.311145075257 98.49027258934723
  endloop
endfacet
facet normal -8.50226065188511e-15 -1.0 -9.708139909898458e-09
  outer loop
    vertex 9369.560037876474 10115.311144967869 105.8311615519249
    vertex 9364.366700384095 10115.311145075257 98.49027258934723
    vertex 9364.677283238218 10115.311145075015 98.53116159780114
  endloop
endfacet
facet normal -8.50226065188511e-15 -1.0 -9.708139909898458e-09
  outer loop
    vertex 9363.477283238217 10115.311145082176 97.33116159779998
    vertex 9362.597600780075 10115.311145130967 89.03116156885177
    vertex 9363.518172246671 10115.31114508403 97.02057874367802
  endloop
endfacet
facet normal -8.50226065188511e-15 -1.0 -9.708139909898458e-09
  outer loop
    vertex 9363.518172246671 10115.31114508403 97.02057874367802
    vertex 9362.597600780075 10115.311145130967 89.03116156885177
    vertex 9363.638052753677 10115.311145085756 96.73116159780011
  endloop
endfacet
facet normal -8.50226065188511e-15 -1.0 -9.708139909898458e-09
  outer loop
    vertex 9363.638052753677 10115.311145085756 96.73116159780011
    vertex 9362.597600780075 10115.311145130967 89.03116156885177
    vertex 9363.828755100794 10115.31114508724 96.48263346037614
  endloop
endfacet
facet normal -8.50226065188511e-15 -1.0 -9.708139909898458e-09
  outer loop
    vertex 9363.828755100794 10115.31114508724 96.48263346037614
    vertex 9362.597600780075 10115.311145130967 89.03116156885177
    vertex 9364.077283238217 10115.311145088379 96.29193111325885
  endloop
endfacet
facet normal -8.50226065188511e-15 -1.0 -9.708139909898458e-09
  outer loop
    vertex 9364.077283238217 10115.311145088379 96.29193111325885
    vertex 9362.597600780075 10115.311145130967 89.03116156885177
    vertex 9364.366700384095 10115.311145089094 96.17205060625417
  endloop
endfacet
facet normal -8.50226065188511e-15 -1.0 -9.708139909898458e-09
  outer loop
    vertex 9364.366700384095 10115.311145089094 96.17205060625417
    vertex 9362.597600780075 10115.311145130967 89.03116156885177
    vertex 9364.677283238218 10115.311145089338 96.13116159780026
  endloop
endfacet
facet normal -8.50226065188511e-15 -1.0 -9.708139909898458e-09
  outer loop
    vertex 9369.560037876474 10115.311144967869 105.8311615519249
    vertex 9365.71651372276 10115.311145078595 97.93116159779984
    vertex 9369.560037776397 10115.311145130965 89.03116155240374
  endloop
endfacet
facet normal -8.50226065188511e-15 -1.0 -9.708139909898458e-09
  outer loop
    vertex 9365.71651372276 10115.311145078595 97.93116159779984
    vertex 9369.560037876474 10115.311144967869 105.8311615519249
    vertex 9365.52581137564 10115.31114507711 98.17968973522382
  endloop
endfacet
facet normal -8.50226065188511e-15 -1.0 -9.708139909898458e-09
  outer loop
    vertex 9365.52581137564 10115.31114507711 98.17968973522382
    vertex 9369.560037876474 10115.311144967869 105.8311615519249
    vertex 9365.277283238218 10115.311145075973 98.3703920823411
  endloop
endfacet
facet normal -8.50226065188511e-15 -1.0 -9.708139909898458e-09
  outer loop
    vertex 9365.277283238218 10115.311145075973 98.3703920823411
    vertex 9369.560037876474 10115.311144967869 105.8311615519249
    vertex 9364.98786609234 10115.311145075257 98.49027258934723
  endloop
endfacet
facet normal -8.50226065188511e-15 -1.0 -9.708139909898458e-09
  outer loop
    vertex 9364.98786609234 10115.311145075257 98.49027258934723
    vertex 9369.560037876474 10115.311144967869 105.8311615519249
    vertex 9364.677283238218 10115.311145075015 98.53116159780114
  endloop
endfacet
facet normal -8.50226065188511e-15 -1.0 -9.708139909898458e-09
  outer loop
    vertex 9369.560037776397 10115.311145130965 89.03116155240374
    vertex 9365.71651372276 10115.311145078595 97.93116159779984
    vertex 9365.836394229764 10115.311145080323 97.64174445192339
  endloop
endfacet
facet normal -8.50226065188511e-15 -1.0 -9.708139909898458e-09
  outer loop
    vertex 9369.560037776397 10115.311145130965 89.03116155240374
    vertex 9365.836394229764 10115.311145080323 97.64174445192339
    vertex 9365.877283238218 10115.311145082176 97.33116159779998
  endloop
endfacet
facet normal -8.50226065188511e-15 -1.0 -9.708139909898458e-09
  outer loop
    vertex 9369.560037776397 10115.311145130965 89.03116155240374
    vertex 9365.877283238218 10115.311145082176 97.33116159779998
    vertex 9365.836394229764 10115.31114508403 97.02057874367802
  endloop
endfacet
facet normal -8.50226065188511e-15 -1.0 -9.708139909898458e-09
  outer loop
    vertex 9369.560037776397 10115.311145130965 89.03116155240374
    vertex 9365.836394229764 10115.31114508403 97.02057874367802
    vertex 9365.71651372276 10115.311145085756 96.73116159780011
  endloop
endfacet
facet normal -8.50226065188511e-15 -1.0 -9.708139909898458e-09
  outer loop
    vertex 9369.560037776397 10115.311145130965 89.03116155240374
    vertex 9365.71651372276 10115.311145085756 96.73116159780011
    vertex 9365.52581137564 10115.31114508724 96.48263346037614
  endloop
endfacet
facet normal -8.50226065188511e-15 -1.0 -9.708139909898458e-09
  outer loop
    vertex 9369.560037776397 10115.311145130965 89.03116155240374
    vertex 9365.52581137564 10115.31114508724 96.48263346037614
    vertex 9365.277283238218 10115.311145088379 96.29193111325885
  endloop
endfacet
facet normal -8.50226065188511e-15 -1.0 -9.708139909898458e-09
  outer loop
    vertex 9369.560037776397 10115.311145130965 89.03116155240374
    vertex 9365.277283238218 10115.311145088379 96.29193111325885
    vertex 9364.98786609234 10115.311145089094 96.17205060625417
  endloop
endfacet
facet normal -8.50226065188511e-15 -1.0 -9.708139909898458e-09
  outer loop
    vertex 9369.560037776397 10115.311145130965 89.03116155240374
    vertex 9364.98786609234 10115.311145089094 96.17205060625417
    vertex 9364.677283238218 10115.311145089338 96.13116159780026
  endloop
endfacet
facet normal -8.50226065188511e-15 -1.0 -9.708139909898458e-09
  outer loop
    vertex 9369.560037776397 10115.311145130965 89.03116155240374
    vertex 9364.677283238218 10115.311145089338 96.13116159780026
    vertex 9362.597600780075 10115.311145130967 89.03116156885177
  endloop
endfacet
facet normal 8.479340781340566e-15 1.0 5.968380942346218e-09
  outer loop
    vertex 9366.756965652417 10118.31114496787 105.83116159963912
    vertex 9364.98786609234 10118.311145011683 98.49027260725227
    vertex 9364.677283238218 10118.31114501144 98.53116161570475
  endloop
endfacet
facet normal 8.479340781340566e-15 1.0 5.968380942346218e-09
  outer loop
    vertex 9364.98786609234 10118.311145011683 98.49027260725227
    vertex 9366.756965652417 10118.31114496787 105.83116159963912
    vertex 9365.277283238218 10118.311145012398 98.37039210024614
  endloop
endfacet
facet normal 8.479340781340566e-15 1.0 5.968380942346218e-09
  outer loop
    vertex 9365.277283238218 10118.311145012398 98.37039210024614
    vertex 9366.756965652417 10118.31114496787 105.83116159963912
    vertex 9365.52581137564 10118.311145013535 98.17968975312886
  endloop
endfacet
facet normal 8.479340781340566e-15 1.0 5.968380942346218e-09
  outer loop
    vertex 9365.52581137564 10118.311145013535 98.17968975312886
    vertex 9366.756965652417 10118.31114496787 105.83116159963912
    vertex 9365.71651372276 10118.311145015019 97.93116161570488
  endloop
endfacet
facet normal 8.479340781340566e-15 1.0 5.968380942346218e-09
  outer loop
    vertex 9365.71651372276 10118.311145015019 97.93116161570488
    vertex 9366.756965652417 10118.31114496787 105.83116159963912
    vertex 9365.836394229764 10118.311145016747 97.64174446982842
  endloop
endfacet
facet normal 8.479340781340566e-15 1.0 5.968380942346218e-09
  outer loop
    vertex 9365.836394229764 10118.311145016747 97.64174446982842
    vertex 9366.756965652417 10118.31114496787 105.83116159963912
    vertex 9365.877283238218 10118.3111450186 97.33116161570501
  endloop
endfacet
facet normal 8.479340781340566e-15 1.0 5.968380942346218e-09
  outer loop
    vertex 9365.877283238218 10118.3111450186 97.33116161570501
    vertex 9366.756965652417 10118.31114496787 105.83116159963912
    vertex 9366.756965597078 10118.311145068139 89.031161631755
  endloop
endfacet
facet normal 8.479340781340566e-15 1.0 5.968380942346218e-09
  outer loop
    vertex 9365.877283238218 10118.3111450186 97.33116161570501
    vertex 9366.756965597078 10118.311145068139 89.031161631755
    vertex 9365.836394229764 10118.311145020454 97.02057876158162
  endloop
endfacet
facet normal 8.479340781340566e-15 1.0 5.968380942346218e-09
  outer loop
    vertex 9365.836394229764 10118.311145020454 97.02057876158162
    vertex 9366.756965597078 10118.311145068139 89.031161631755
    vertex 9365.71651372276 10118.31114502218 96.73116161570516
  endloop
endfacet
facet normal 8.479340781340566e-15 1.0 5.968380942346218e-09
  outer loop
    vertex 9365.71651372276 10118.31114502218 96.73116161570516
    vertex 9366.756965597078 10118.311145068139 89.031161631755
    vertex 9365.52581137564 10118.311145023665 96.48263347828117
  endloop
endfacet
facet normal 8.479340781340566e-15 1.0 5.968380942346218e-09
  outer loop
    vertex 9365.52581137564 10118.311145023665 96.48263347828117
    vertex 9366.756965597078 10118.311145068139 89.031161631755
    vertex 9365.277283238218 10118.311145024803 96.29193113116389
  endloop
endfacet
facet normal 8.479340781340566e-15 1.0 5.968380942346218e-09
  outer loop
    vertex 9365.277283238218 10118.311145024803 96.29193113116389
    vertex 9366.756965597078 10118.311145068139 89.031161631755
    vertex 9364.98786609234 10118.31114502552 96.17205062415778
  endloop
endfacet
facet normal 8.479340781340566e-15 1.0 5.968380942346218e-09
  outer loop
    vertex 9364.98786609234 10118.31114502552 96.17205062415778
    vertex 9366.756965597078 10118.311145068139 89.031161631755
    vertex 9364.677283238218 10118.311145025764 96.1311616157053
  endloop
endfacet
facet normal 8.479340781340566e-15 1.0 5.968380942346218e-09
  outer loop
    vertex 9364.677283238218 10118.311145025764 96.1311616157053
    vertex 9366.756965597078 10118.311145068139 89.031161631755
    vertex 9362.597600825346 10118.311145068139 89.03116163176367
  endloop
endfacet
facet normal 8.479340781340566e-15 1.0 5.968380942346218e-09
  outer loop
    vertex 9362.597600880017 10118.31114496787 105.83116159964777
    vertex 9363.477283238217 10118.3111450186 97.33116161570501
    vertex 9362.597600825346 10118.311145068139 89.03116163176367
  endloop
endfacet
facet normal 8.479340781340566e-15 1.0 5.968380942346218e-09
  outer loop
    vertex 9363.477283238217 10118.3111450186 97.33116161570501
    vertex 9362.597600880017 10118.31114496787 105.83116159964777
    vertex 9363.518172246671 10118.311145016747 97.64174446982842
  endloop
endfacet
facet normal 8.479340781340566e-15 1.0 5.968380942346218e-09
  outer loop
    vertex 9363.518172246671 10118.311145016747 97.64174446982842
    vertex 9362.597600880017 10118.31114496787 105.83116159964777
    vertex 9366.756965652417 10118.31114496787 105.83116159963912
  endloop
endfacet
facet normal 8.479340781340566e-15 1.0 5.968380942346218e-09
  outer loop
    vertex 9363.518172246671 10118.311145016747 97.64174446982842
    vertex 9366.756965652417 10118.31114496787 105.83116159963912
    vertex 9363.638052753677 10118.311145015019 97.93116161570488
  endloop
endfacet
facet normal 8.479340781340566e-15 1.0 5.968380942346218e-09
  outer loop
    vertex 9363.638052753677 10118.311145015019 97.93116161570488
    vertex 9366.756965652417 10118.31114496787 105.83116159963912
    vertex 9363.828755100794 10118.311145013535 98.17968975312886
  endloop
endfacet
facet normal 8.479340781340566e-15 1.0 5.968380942346218e-09
  outer loop
    vertex 9363.828755100794 10118.311145013535 98.17968975312886
    vertex 9366.756965652417 10118.31114496787 105.83116159963912
    vertex 9364.077283238217 10118.311145012398 98.37039210024614
  endloop
endfacet
facet normal 8.479340781340566e-15 1.0 5.968380942346218e-09
  outer loop
    vertex 9364.077283238217 10118.311145012398 98.37039210024614
    vertex 9366.756965652417 10118.31114496787 105.83116159963912
    vertex 9364.366700384095 10118.311145011683 98.49027260725227
  endloop
endfacet
facet normal 8.479340781340566e-15 1.0 5.968380942346218e-09
  outer loop
    vertex 9364.366700384095 10118.311145011683 98.49027260725227
    vertex 9366.756965652417 10118.31114496787 105.83116159963912
    vertex 9364.677283238218 10118.31114501144 98.53116161570475
  endloop
endfacet
facet normal 8.479340781340566e-15 1.0 5.968380942346218e-09
  outer loop
    vertex 9362.597600825346 10118.311145068139 89.03116163176367
    vertex 9363.477283238217 10118.3111450186 97.33116161570501
    vertex 9363.518172246671 10118.311145020454 97.02057876158162
  endloop
endfacet
facet normal 8.479340781340566e-15 1.0 5.968380942346218e-09
  outer loop
    vertex 9362.597600825346 10118.311145068139 89.03116163176367
    vertex 9363.518172246671 10118.311145020454 97.02057876158162
    vertex 9363.638052753677 10118.31114502218 96.73116161570516
  endloop
endfacet
facet normal 8.479340781340566e-15 1.0 5.968380942346218e-09
  outer loop
    vertex 9362.597600825346 10118.311145068139 89.03116163176367
    vertex 9363.638052753677 10118.31114502218 96.73116161570516
    vertex 9363.828755100794 10118.311145023665 96.48263347828117
  endloop
endfacet
facet normal 8.479340781340566e-15 1.0 5.968380942346218e-09
  outer loop
    vertex 9362.597600825346 10118.311145068139 89.03116163176367
    vertex 9363.828755100794 10118.311145023665 96.48263347828117
    vertex 9364.077283238217 10118.311145024803 96.29193113116389
  endloop
endfacet
facet normal 8.479340781340566e-15 1.0 5.968380942346218e-09
  outer loop
    vertex 9362.597600825346 10118.311145068139 89.03116163176367
    vertex 9364.077283238217 10118.311145024803 96.29193113116389
    vertex 9364.366700384095 10118.31114502552 96.17205062415778
  endloop
endfacet
facet normal 8.479340781340566e-15 1.0 5.968380942346218e-09
  outer loop
    vertex 9362.597600825346 10118.311145068139 89.03116163176367
    vertex 9364.366700384095 10118.31114502552 96.17205062415778
    vertex 9364.677283238218 10118.311145025764 96.1311616157053
  endloop
endfacet
facet normal -3.492092402673581e-11 1.0 5.980283886724066e-09
  outer loop
    vertex 9385.597600842839 10121.409281359796 105.83116153880384
    vertex 9372.597607776537 10121.40928145981 89.03116161831176
    vertex 9372.597607830361 10121.409281359342 105.83116158619733
  endloop
endfacet
facet normal -3.492092402673581e-11 1.0 5.980283886724066e-09
  outer loop
    vertex 9372.597607776537 10121.40928145981 89.03116161831176
    vertex 9385.597600842839 10121.409281359796 105.83116153880384
    vertex 9385.597600784471 10121.409281460263 89.0311615709197
  endloop
endfacet
facet normal -3.4240815639763068e-09 2.594961540386627e-08 -0.9999999999999998
  outer loop
    vertex 9391.397600771394 10104.229024550892 88.83116100672757
    vertex 9391.347555516792 10116.166277363061 88.83116150100375
    vertex 9391.397600783219 10115.402734139396 88.8311614928692
  endloop
endfacet
facet normal -3.4240815639763068e-09 2.594961540386627e-08 -0.9999999999999998
  outer loop
    vertex 9391.347555516792 10116.166277363061 88.83116150100375
    vertex 9391.397600771394 10104.229024550892 88.83116100672757
    vertex 9374.879471337621 10110.016316277894 88.83116145997857
  endloop
endfacet
facet normal -3.4240815639763068e-09 2.594961540386627e-08 -0.9999999999999998
  outer loop
    vertex 9374.879471337621 10110.016316277894 88.83116145997857
    vertex 9391.397600771394 10104.229024550892 88.83116100672757
    vertex 9350.597600764197 10104.229024534267 88.83116103767735
  endloop
endfacet
facet normal -3.4240815639763068e-09 2.594961540386627e-08 -0.9999999999999998
  outer loop
    vertex 9391.347555516792 10116.166277363061 88.83116150100375
    vertex 9374.879471337621 10110.016316277894 88.83116145997857
    vertex 9391.19955606484 10116.910320854922 88.83116150892894
  endloop
endfacet
facet normal -3.4240815639763068e-09 2.594961540386627e-08 -0.9999999999999998
  outer loop
    vertex 9391.19955606484 10116.910320854922 88.83116150892894
    vertex 9374.879471337621 10110.016316277894 88.83116145997857
    vertex 9390.955705604869 10117.628681146583 88.83116151680504
  endloop
endfacet
facet normal -3.4240815639763068e-09 2.594961540386627e-08 -0.9999999999999998
  outer loop
    vertex 9390.955705604869 10117.628681146583 88.83116151680504
    vertex 9374.879471337621 10110.016316277894 88.83116145997857
    vertex 9390.620176485852 10118.309066894302 88.83116152449777
  endloop
endfacet
facet normal -3.4240815639763068e-09 2.594961540386627e-08 -0.9999999999999998
  outer loop
    vertex 9390.620176485852 10118.309066894302 88.83116152449777
    vertex 9374.879471337621 10110.016316277894 88.83116145997857
    vertex 9390.198709704047 10118.939836509291 88.83116153187285
  endloop
endfacet
facet normal -3.4240815639763068e-09 2.594961540386627e-08 -0.9999999999999998
  outer loop
    vertex 9390.198709704047 10118.939836509291 88.83116153187285
    vertex 9374.879471337621 10110.016316277894 88.83116145997857
    vertex 9389.698516672946 10119.510197348547 88.83116153880903
  endloop
endfacet
facet normal -3.4240815639763068e-09 2.594961540386627e-08 -0.9999999999999998
  outer loop
    vertex 9389.698516672946 10119.510197348547 88.83116153880903
    vertex 9374.879471337621 10110.016316277894 88.83116145997857
    vertex 9389.128155833987 10120.010390379985 88.83116154518353
  endloop
endfacet
facet normal -3.4240815639763068e-09 2.594961540386627e-08 -0.9999999999999998
  outer loop
    vertex 9389.128155833987 10120.010390379985 88.83116154518353
    vertex 9374.879471337621 10110.016316277894 88.83116145997857
    vertex 9388.497386219253 10120.431857162162 88.83116155088666
  endloop
endfacet
facet normal -3.4240815639763068e-09 2.594961540386627e-08 -0.9999999999999998
  outer loop
    vertex 9388.497386219253 10120.431857162162 88.83116155088666
    vertex 9374.879471337621 10110.016316277894 88.83116145997857
    vertex 9387.817000471727 10120.767386281585 88.83116155582312
  endloop
endfacet
facet normal -3.4240815639763068e-09 2.594961540386627e-08 -0.9999999999999998
  outer loop
    vertex 9387.817000471727 10120.767386281585 88.83116155582312
    vertex 9374.879471337621 10110.016316277894 88.83116145997857
    vertex 9387.098640180213 10121.01123674198 88.8311615599077
  endloop
endfacet
facet normal -3.4240815639763068e-09 2.594961540386627e-08 -0.9999999999999998
  outer loop
    vertex 9387.098640180213 10121.01123674198 88.8311615599077
    vertex 9374.879471337621 10110.016316277894 88.83116145997857
    vertex 9386.354596688432 10121.159236194375 88.83116156307113
  endloop
endfacet
facet normal -3.4240815639763068e-09 2.594961540386627e-08 -0.9999999999999998
  outer loop
    vertex 9386.354596688432 10121.159236194375 88.83116156307113
    vertex 9374.879471337621 10110.016316277894 88.83116145997857
    vertex 9385.591053464761 10121.209281461259 88.8311615652845
  endloop
endfacet
facet normal -3.4240815639763068e-09 2.594961540386627e-08 -0.9999999999999998
  outer loop
    vertex 9374.879471337621 10110.016316277894 88.83116145997857
    vertex 9350.597600764197 10104.229024534267 88.83116103767735
    vertex 9373.597607729092 10109.847555732264 88.83116146557771
  endloop
endfacet
facet normal -3.4240815639763068e-09 2.594961540386627e-08 -0.9999999999999998
  outer loop
    vertex 9373.597607729092 10109.847555732264 88.83116146557771
    vertex 9350.597600764197 10104.229024534267 88.83116103767735
    vertex 9372.463533643673 10109.99685941806 88.83116147539282
  endloop
endfacet
facet normal -3.4240815639763068e-09 2.594961540386627e-08 -0.9999999999999998
  outer loop
    vertex 9372.463533643673 10109.99685941806 88.83116147539282
    vertex 9350.597600764197 10104.229024534267 88.83116103767735
    vertex 9371.406744833033 10110.43459567599 88.831161487687
  endloop
endfacet
facet normal -3.4240815639763068e-09 2.594961540386627e-08 -0.9999999999999998
  outer loop
    vertex 9371.406744833033 10110.43459567599 88.831161487687
    vertex 9350.597600764197 10104.229024534267 88.83116103767735
    vertex 9370.49925970819 10111.130933503471 88.83116150162716
  endloop
endfacet
facet normal -3.4240815639763068e-09 2.594961540386627e-08 -0.9999999999999998
  outer loop
    vertex 9370.49925970819 10111.130933503471 88.83116150162716
    vertex 9350.597600764197 10104.229024534267 88.83116103767735
    vertex 9369.802921880702 10112.03841862832 88.83116151626469
  endloop
endfacet
facet normal -3.4240815639763068e-09 2.594961540386627e-08 -0.9999999999999998
  outer loop
    vertex 9369.802921880702 10112.03841862832 88.83116151626469
    vertex 9350.597600764197 10104.229024534267 88.83116103767735
    vertex 9369.42640204755 10112.947417916022 88.8311615270732
  endloop
endfacet
facet normal -3.4240815639763068e-09 2.594961540386627e-08 -0.9999999999999998
  outer loop
    vertex 9369.42640204755 10112.947417916022 88.8311615270732
    vertex 9350.597600764197 10104.229024534267 88.83116103767735
    vertex 9356.404148111003 10112.947417932939 88.83116154099743
  endloop
endfacet
facet normal -3.4240815639763068e-09 2.594961540386627e-08 -0.9999999999999998
  outer loop
    vertex 9356.404148111003 10112.947417932939 88.83116154099743
    vertex 9350.597600764197 10104.229024534267 88.83116103767735
    vertex 9355.640604887292 10112.897372666484 88.83116153965179
  endloop
endfacet
facet normal -3.4240815639763068e-09 2.594961540386627e-08 -0.9999999999999998
  outer loop
    vertex 9355.640604887292 10112.897372666484 88.83116153965179
    vertex 9350.597600764197 10104.229024534267 88.83116103767735
    vertex 9354.896561395155 10112.749373214498 88.831161534493
  endloop
endfacet
facet normal -3.4240815639763068e-09 2.594961540386627e-08 -0.9999999999999998
  outer loop
    vertex 9354.896561395155 10112.749373214498 88.831161534493
    vertex 9350.597600764197 10104.229024534267 88.83116103767735
    vertex 9354.178201103054 10112.505522754484 88.83116152561492
  endloop
endfacet
facet normal -3.4240815639763068e-09 2.594961540386627e-08 -0.9999999999999998
  outer loop
    vertex 9354.178201103054 10112.505522754484 88.83116152561492
    vertex 9350.597600764197 10104.229024534267 88.83116103767735
    vertex 9353.497815354738 10112.16999363542 88.83116151316337
  endloop
endfacet
facet normal -3.4240815639763068e-09 2.594961540386627e-08 -0.9999999999999998
  outer loop
    vertex 9353.497815354738 10112.16999363542 88.83116151316337
    vertex 9350.597600764197 10104.229024534267 88.83116103767735
    vertex 9352.86704573902 10111.748526853564 88.83116149735925
  endloop
endfacet
facet normal -3.4240815639763068e-09 2.594961540386627e-08 -0.9999999999999998
  outer loop
    vertex 9352.86704573902 10111.748526853564 88.83116149735925
    vertex 9350.597600764197 10104.229024534267 88.83116103767735
    vertex 9352.296684898885 10111.24833382239 88.83116147846825
  endloop
endfacet
facet normal -3.4240815639763068e-09 2.594961540386627e-08 -0.9999999999999998
  outer loop
    vertex 9352.296684898885 10111.24833382239 88.83116147846825
    vertex 9350.597600764197 10104.229024534267 88.83116103767735
    vertex 9351.79649186646 10110.677972983356 88.83116145681375
  endloop
endfacet
facet normal -3.4240815639763068e-09 2.594961540386627e-08 -0.9999999999999998
  outer loop
    vertex 9351.79649186646 10110.677972983356 88.83116145681375
    vertex 9350.597600764197 10104.229024534267 88.83116103767735
    vertex 9351.37502508322 10110.047203368566 88.8311614327683
  endloop
endfacet
facet normal -3.4240815639763068e-09 2.594961540386627e-08 -0.9999999999999998
  outer loop
    vertex 9351.37502508322 10110.047203368566 88.8311614327683
    vertex 9350.597600764197 10104.229024534267 88.83116103767735
    vertex 9351.039495962657 10109.36681762098 88.83116140674045
  endloop
endfacet
facet normal -3.4240815639763068e-09 2.594961540386627e-08 -0.9999999999999998
  outer loop
    vertex 9351.039495962657 10109.36681762098 88.83116140674045
    vertex 9350.597600764197 10104.229024534267 88.83116103767735
    vertex 9350.795645501068 10108.648457329413 88.83116137917928
  endloop
endfacet
facet normal -3.4240815639763068e-09 2.594961540386627e-08 -0.9999999999999998
  outer loop
    vertex 9350.795645501068 10108.648457329413 88.83116137917928
    vertex 9350.597600764197 10104.229024534267 88.83116103767735
    vertex 9350.647646047448 10107.904413837612 88.83116135055255
  endloop
endfacet
facet normal -3.4240815639763068e-09 2.594961540386627e-08 -0.9999999999999998
  outer loop
    vertex 9350.647646047448 10107.904413837612 88.83116135055255
    vertex 9350.597600764197 10104.229024534267 88.83116103767735
    vertex 9350.597600779287 10107.140870613566 88.83116132098156
  endloop
endfacet
facet normal -3.4240815639763068e-09 2.594961540386627e-08 -0.9999999999999998
  outer loop
    vertex 9385.591053464761 10121.209281461259 88.8311615652845
    vertex 9374.879471337621 10118.442246770866 88.83116154548807
    vertex 9372.61071646693 10121.209281460804 88.83116161264334
  endloop
endfacet
facet normal -3.4240815639763068e-09 2.594961540386627e-08 -0.9999999999999998
  outer loop
    vertex 9374.879471337621 10118.442246770866 88.83116154548807
    vertex 9385.591053464761 10121.209281461259 88.8311615652845
    vertex 9374.879471337621 10110.016316277894 88.83116145997857
  endloop
endfacet
facet normal -3.4240815639763068e-09 2.594961540386627e-08 -0.9999999999999998
  outer loop
    vertex 9372.61071646693 10121.209281460804 88.83116161264334
    vertex 9374.879471337621 10118.442246770866 88.83116154548807
    vertex 9373.597607729092 10118.611007316495 88.83116155805658
  endloop
endfacet
facet normal -3.4240815639763068e-09 2.594961540386627e-08 -0.9999999999999998
  outer loop
    vertex 9372.61071646693 10121.209281460804 88.83116161264334
    vertex 9373.597607729092 10118.611007316495 88.83116155805658
    vertex 9372.463533643684 10118.461703630703 88.8311615647198
  endloop
endfacet
facet normal -3.4240815639763068e-09 2.594961540386627e-08 -0.9999999999999998
  outer loop
    vertex 9372.61071646693 10121.209281460804 88.83116161264334
    vertex 9372.463533643684 10118.461703630703 88.8311615647198
    vertex 9370.791497507418 10120.969776741125 88.83116162414771
  endloop
endfacet
facet normal -3.4240815639763068e-09 2.594961540386627e-08 -0.9999999999999998
  outer loop
    vertex 9370.791497507418 10120.969776741125 88.83116162414771
    vertex 9372.463533643684 10118.461703630703 88.8311615647198
    vertex 9371.40674483303 10118.023967372765 88.83116156777778
  endloop
endfacet
facet normal -3.4240815639763068e-09 2.594961540386627e-08 -0.9999999999999998
  outer loop
    vertex 9370.791497507418 10120.969776741125 88.83116162414771
    vertex 9371.40674483303 10118.023967372765 88.83116156777778
    vertex 9370.499259708191 10117.327629545287 88.83116156702118
  endloop
endfacet
facet normal -3.4240815639763068e-09 2.594961540386627e-08 -0.9999999999999998
  outer loop
    vertex 9370.791497507418 10120.969776741125 88.83116162414771
    vertex 9370.499259708191 10117.327629545287 88.83116156702118
    vertex 9369.10847067042 10120.272644199405 88.83116163048317
  endloop
endfacet
facet normal -3.4240815639763068e-09 2.594961540386627e-08 -0.9999999999999998
  outer loop
    vertex 9369.10847067042 10120.272644199405 88.83116163048317
    vertex 9370.499259708191 10117.327629545287 88.83116156702118
    vertex 9369.802921880702 10116.420144420435 88.8311615625034
  endloop
endfacet
facet normal -3.4240815639763068e-09 2.594961540386627e-08 -0.9999999999999998
  outer loop
    vertex 9369.10847067042 10120.272644199405 88.83116163048317
    vertex 9369.802921880702 10116.420144420435 88.8311615625034
    vertex 9369.42640204762 10115.511145132907 88.83116155719729
  endloop
endfacet
facet normal -3.4240815639763068e-09 2.594961540386627e-08 -0.9999999999999998
  outer loop
    vertex 9369.10847067042 10120.272644199405 88.83116163048317
    vertex 9369.42640204762 10115.511145132907 88.83116155719729
    vertex 9366.855594681625 10118.111145069333 88.83116162677817
  endloop
endfacet
facet normal -3.4240815639763068e-09 2.594961540386627e-08 -0.9999999999999998
  outer loop
    vertex 9366.855594681625 10118.111145069333 88.83116162677817
    vertex 9369.42640204762 10115.511145132907 88.83116155719729
    vertex 9362.797600781765 10115.511145132908 88.83116157321219
  endloop
endfacet
facet normal -3.4240815639763068e-09 2.594961540386627e-08 -0.9999999999999998
  outer loop
    vertex 9369.10847067042 10120.272644199405 88.83116163048317
    vertex 9366.855594681625 10118.111145069333 88.83116162677817
    vertex 9367.663222760986 10119.163666474175 88.83116163123965
  endloop
endfacet
facet normal -3.4240815639763068e-09 2.594961540386627e-08 -0.9999999999999998
  outer loop
    vertex 9366.855594681625 10118.111145069333 88.83116162677817
    vertex 9362.797600781765 10115.511145132908 88.83116157321219
    vertex 9362.797600821 10118.111145069333 88.83116162650096
  endloop
endfacet
facet normal -1.0 8.406978747998274e-15 7.45084650767573e-09
  outer loop
    vertex 9374.679471343117 10058.266851460201 90.83116098657995
    vertex 9374.679471329706 10050.19171156991 89.0311609081687
    vertex 9374.679471343117 10050.191711552425 90.83116090816829
  endloop
endfacet
facet normal -1.0 8.406978747998274e-15 7.45084650767573e-09
  outer loop
    vertex 9374.679471329706 10050.19171156991 89.0311609081687
    vertex 9374.679471343117 10058.266851460201 90.83116098657995
    vertex 9374.679471329706 10058.26685147764 89.03116098658035
  endloop
endfacet
facet normal -1.134384654682944e-09 -1.0 -9.387260820897286e-09
  outer loop
    vertex 9356.397600770857 10055.311145124751 89.03116102854919
    vertex 9362.59760078087 10055.311145092175 97.23116131544937
    vertex 9356.397600782819 10055.311145085274 97.23116132107883
  endloop
endfacet
facet normal -1.134384654682944e-09 -1.0 -9.387260820897286e-09
  outer loop
    vertex 9362.59760078087 10055.311145092175 97.23116131544937
    vertex 9356.397600770857 10055.311145124751 89.03116102854919
    vertex 9363.807949994558 10055.311145053345 97.0982244751095
  endloop
endfacet
facet normal -1.134384654682944e-09 -1.0 -9.387260820897286e-09
  outer loop
    vertex 9363.807949994558 10055.311145053345 97.0982244751095
    vertex 9356.397600770857 10055.311145124751 89.03116102854919
    vertex 9363.897860374811 10055.31114505547 96.88116161570107
  endloop
endfacet
facet normal -1.134384654682944e-09 -1.0 -9.387260820897286e-09
  outer loop
    vertex 9363.897860374811 10055.31114505547 96.88116161570107
    vertex 9356.397600770857 10055.311145124751 89.03116102854919
    vertex 9364.04088713515 10055.311145057294 96.69476551263381
  endloop
endfacet
facet normal -1.134384654682944e-09 -1.0 -9.387260820897286e-09
  outer loop
    vertex 9364.04088713515 10055.311145057294 96.69476551263381
    vertex 9356.397600770857 10055.311145124751 89.03116102854919
    vertex 9364.227283238217 10055.311145058695 96.55173875229512
  endloop
endfacet
facet normal -1.134384654682944e-09 -1.0 -9.387260820897286e-09
  outer loop
    vertex 9364.227283238217 10055.311145058695 96.55173875229512
    vertex 9356.397600770857 10055.311145124751 89.03116102854919
    vertex 9364.444346097625 10055.311145059575 96.4618283720409
  endloop
endfacet
facet normal -1.134384654682944e-09 -1.0 -9.387260820897286e-09
  outer loop
    vertex 9364.444346097625 10055.311145059575 96.4618283720409
    vertex 9356.397600770857 10055.311145124751 89.03116102854919
    vertex 9364.677283238218 10055.311145059875 96.43116161570117
  endloop
endfacet
facet normal -1.134384654682944e-09 -1.0 -9.387260820897286e-09
  outer loop
    vertex 9369.560037876472 10055.31114496787 105.83116096930966
    vertex 9365.456706101622 10055.31114504666 97.78116161570087
    vertex 9369.560037767136 10055.311145132388 89.0311609960242
  endloop
endfacet
facet normal -1.134384654682944e-09 -1.0 -9.387260820897286e-09
  outer loop
    vertex 9365.456706101622 10055.31114504666 97.78116161570087
    vertex 9369.560037876472 10055.31114496787 105.83116096930966
    vertex 9365.313679341285 10055.311145044836 97.96755771876957
  endloop
endfacet
facet normal -1.134384654682944e-09 -1.0 -9.387260820897286e-09
  outer loop
    vertex 9365.313679341285 10055.311145044836 97.96755771876957
    vertex 9369.560037876472 10055.31114496787 105.83116096930966
    vertex 9365.127283238216 10055.311145043437 98.1105844791068
  endloop
endfacet
facet normal -1.134384654682944e-09 -1.0 -9.387260820897286e-09
  outer loop
    vertex 9365.127283238216 10055.311145043437 98.1105844791068
    vertex 9369.560037876472 10055.31114496787 105.83116096930966
    vertex 9364.91022037881 10055.311145042557 98.20049485936104
  endloop
endfacet
facet normal -1.134384654682944e-09 -1.0 -9.387260820897286e-09
  outer loop
    vertex 9364.91022037881 10055.311145042557 98.20049485936104
    vertex 9369.560037876472 10055.31114496787 105.83116096930966
    vertex 9364.677283238218 10055.311145042257 98.23116161570077
  endloop
endfacet
facet normal -1.134384654682944e-09 -1.0 -9.387260820897286e-09
  outer loop
    vertex 9369.560037767136 10055.311145132388 89.0311609960242
    vertex 9365.456706101622 10055.31114504666 97.78116161570087
    vertex 9365.546616481877 10055.311145048785 97.56409875629389
  endloop
endfacet
facet normal -1.134384654682944e-09 -1.0 -9.387260820897286e-09
  outer loop
    vertex 9369.560037767136 10055.311145132388 89.0311609960242
    vertex 9365.546616481877 10055.311145048785 97.56409875629389
    vertex 9365.577283238217 10055.311145051066 97.33116161570096
  endloop
endfacet
facet normal -1.134384654682944e-09 -1.0 -9.387260820897286e-09
  outer loop
    vertex 9369.560037767136 10055.311145132388 89.0311609960242
    vertex 9365.577283238217 10055.311145051066 97.33116161570096
    vertex 9365.546616481877 10055.311145053345 97.0982244751095
  endloop
endfacet
facet normal -1.134384654682944e-09 -1.0 -9.387260820897286e-09
  outer loop
    vertex 9369.560037767136 10055.311145132388 89.0311609960242
    vertex 9365.546616481877 10055.311145053345 97.0982244751095
    vertex 9365.456706101622 10055.31114505547 96.88116161570107
  endloop
endfacet
facet normal -1.134384654682944e-09 -1.0 -9.387260820897286e-09
  outer loop
    vertex 9369.560037767136 10055.311145132388 89.0311609960242
    vertex 9365.456706101622 10055.31114505547 96.88116161570107
    vertex 9365.313679341285 10055.311145057294 96.69476551263381
  endloop
endfacet
facet normal -1.134384654682944e-09 -1.0 -9.387260820897286e-09
  outer loop
    vertex 9369.560037767136 10055.311145132388 89.0311609960242
    vertex 9365.313679341285 10055.311145057294 96.69476551263381
    vertex 9365.127283238216 10055.311145058695 96.55173875229512
  endloop
endfacet
facet normal -1.134384654682944e-09 -1.0 -9.387260820897286e-09
  outer loop
    vertex 9369.560037767136 10055.311145132388 89.0311609960242
    vertex 9365.127283238216 10055.311145058695 96.55173875229512
    vertex 9364.91022037881 10055.311145059575 96.4618283720409
  endloop
endfacet
facet normal -1.134384654682944e-09 -1.0 -9.387260820897286e-09
  outer loop
    vertex 9369.560037767136 10055.311145132388 89.0311609960242
    vertex 9364.91022037881 10055.311145059575 96.4618283720409
    vertex 9364.677283238218 10055.311145059875 96.43116161570117
  endloop
endfacet
facet normal -1.134384654682944e-09 -1.0 -9.387260820897286e-09
  outer loop
    vertex 9369.560037767136 10055.311145132388 89.0311609960242
    vertex 9364.677283238218 10055.311145059875 96.43116161570117
    vertex 9356.397600770857 10055.311145124751 89.03116102854919
  endloop
endfacet
facet normal -1.134384654682944e-09 -1.0 -9.387260820897286e-09
  outer loop
    vertex 9362.59760078087 10055.311145092175 97.23116131544937
    vertex 9369.560037876472 10055.31114496787 105.83116096930966
    vertex 9362.597600880017 10055.31114496787 105.83116100426606
  endloop
endfacet
facet normal -1.134384654682944e-09 -1.0 -9.387260820897286e-09
  outer loop
    vertex 9369.560037876472 10055.31114496787 105.83116096930966
    vertex 9362.59760078087 10055.311145092175 97.23116131544937
    vertex 9364.227283238217 10055.311145043437 98.1105844791068
  endloop
endfacet
facet normal -1.134384654682944e-09 -1.0 -9.387260820897286e-09
  outer loop
    vertex 9369.560037876472 10055.31114496787 105.83116096930966
    vertex 9364.227283238217 10055.311145043437 98.1105844791068
    vertex 9364.444346097625 10055.311145042557 98.20049485936104
  endloop
endfacet
facet normal -1.134384654682944e-09 -1.0 -9.387260820897286e-09
  outer loop
    vertex 9369.560037876472 10055.31114496787 105.83116096930966
    vertex 9364.444346097625 10055.311145042557 98.20049485936104
    vertex 9364.677283238218 10055.311145042257 98.23116161570077
  endloop
endfacet
facet normal -1.134384654682944e-09 -1.0 -9.387260820897286e-09
  outer loop
    vertex 9364.227283238217 10055.311145043437 98.1105844791068
    vertex 9362.59760078087 10055.311145092175 97.23116131544937
    vertex 9364.04088713515 10055.311145044838 97.96755771876957
  endloop
endfacet
facet normal -1.134384654682944e-09 -1.0 -9.387260820897286e-09
  outer loop
    vertex 9364.04088713515 10055.311145044838 97.96755771876957
    vertex 9362.59760078087 10055.311145092175 97.23116131544937
    vertex 9363.897860374811 10055.31114504666 97.78116161570087
  endloop
endfacet
facet normal -1.134384654682944e-09 -1.0 -9.387260820897286e-09
  outer loop
    vertex 9363.897860374811 10055.31114504666 97.78116161570087
    vertex 9362.59760078087 10055.311145092175 97.23116131544937
    vertex 9363.807949994558 10055.311145048787 97.56409875629389
  endloop
endfacet
facet normal -1.134384654682944e-09 -1.0 -9.387260820897286e-09
  outer loop
    vertex 9363.807949994558 10055.311145048787 97.56409875629389
    vertex 9362.59760078087 10055.311145092175 97.23116131544937
    vertex 9363.777283238218 10055.311145051066 97.33116161570096
  endloop
endfacet
facet normal -1.134384654682944e-09 -1.0 -9.387260820897286e-09
  outer loop
    vertex 9363.777283238218 10055.311145051066 97.33116161570096
    vertex 9362.59760078087 10055.311145092175 97.23116131544937
    vertex 9363.807949994558 10055.311145053345 97.0982244751095
  endloop
endfacet
facet normal -4.7189025020751094e-09 7.486257839779908e-09 -1.0
  outer loop
    vertex 9372.610716407195 10047.249281535602 88.83116089432951
    vertex 9374.879471328217 10050.016316279245 88.83116090549765
    vertex 9385.591053405022 10047.249281536055 88.83116078583633
  endloop
endfacet
facet normal -4.7189025020751094e-09 7.486257839779908e-09 -1.0
  outer loop
    vertex 9374.879471328217 10050.016316279245 88.83116090549765
    vertex 9372.610716407195 10047.249281535602 88.83116089432951
    vertex 9373.597607719688 10049.847555733617 88.83116091331017
  endloop
endfacet
facet normal -4.7189025020751094e-09 7.486257839779908e-09 -1.0
  outer loop
    vertex 9373.597607719688 10049.847555733617 88.83116091331017
    vertex 9372.610716407195 10047.249281535602 88.83116089432951
    vertex 9372.463533634273 10049.99685941941 88.83116092305454
  endloop
endfacet
facet normal -4.7189025020751094e-09 7.486257839779908e-09 -1.0
  outer loop
    vertex 9372.463533634273 10049.99685941941 88.83116092305454
    vertex 9372.610716407195 10047.249281535602 88.83116089432951
    vertex 9370.791497447684 10047.488786255279 88.8311609103372
  endloop
endfacet
facet normal -4.7189025020751094e-09 7.486257839779908e-09 -1.0
  outer loop
    vertex 9372.463533634273 10049.99685941941 88.83116092305454
    vertex 9370.791497447684 10047.488786255279 88.8311609103372
    vertex 9371.40674482363 10050.434595677343 88.83116093500509
  endloop
endfacet
facet normal -4.7189025020751094e-09 7.486257839779908e-09 -1.0
  outer loop
    vertex 9371.40674482363 10050.434595677343 88.83116093500509
    vertex 9370.791497447684 10047.488786255279 88.8311609103372
    vertex 9370.499259698783 10051.130933504826 88.8311609483475
  endloop
endfacet
facet normal -4.7189025020751094e-09 7.486257839779908e-09 -1.0
  outer loop
    vertex 9370.499259698783 10051.130933504826 88.8311609483475
    vertex 9370.791497447684 10047.488786255279 88.8311609103372
    vertex 9369.108470610698 10048.185918796997 88.83116092982019
  endloop
endfacet
facet normal -4.7189025020751094e-09 7.486257839779908e-09 -1.0
  outer loop
    vertex 9370.499259698783 10051.130933504826 88.8311609483475
    vertex 9369.108470610698 10048.185918796997 88.83116092982019
    vertex 9369.8029218713 10052.038418629674 88.83116096217361
  endloop
endfacet
facet normal -4.7189025020751094e-09 7.486257839779908e-09 -1.0
  outer loop
    vertex 9369.8029218713 10052.038418629674 88.83116096217361
    vertex 9369.108470610698 10048.185918796997 88.83116092982019
    vertex 9369.426402038216 10052.947417917205 88.83116097382822
  endloop
endfacet
facet normal -4.7189025020751094e-09 7.486257839779908e-09 -1.0
  outer loop
    vertex 9369.426402038216 10052.947417917205 88.83116097382822
    vertex 9369.108470610698 10048.185918796997 88.83116092982019
    vertex 9366.855594621897 10050.347417927074 88.8311609757801
  endloop
endfacet
facet normal -4.7189025020751094e-09 7.486257839779908e-09 -1.0
  outer loop
    vertex 9369.426402038216 10052.947417917205 88.83116097382822
    vertex 9366.855594621897 10050.347417927074 88.8311609757801
    vertex 9362.797600769007 10052.947417917207 88.83116099560395
  endloop
endfacet
facet normal -4.7189025020751094e-09 7.486257839779908e-09 -1.0
  outer loop
    vertex 9366.855594621897 10050.347417927074 88.8311609757801
    vertex 9369.108470610698 10048.185918796997 88.83116092982019
    vertex 9367.66322270126 10049.29489652223 88.8311609516162
  endloop
endfacet
facet normal -4.7189025020751094e-09 7.486257839779908e-09 -1.0
  outer loop
    vertex 9362.797600769007 10052.947417917207 88.83116099560395
    vertex 9366.855594621897 10050.347417927074 88.8311609757801
    vertex 9362.797600764627 10050.347417927074 88.8311609823928
  endloop
endfacet
facet normal -4.7189025020751094e-09 7.486257839779908e-09 -1.0
  outer loop
    vertex 9391.397600739738 10064.24377159175 88.8311609805586
    vertex 9374.879471328217 10058.442246772222 88.83116098689372
    vertex 9350.597600763427 10064.243771591751 88.83116102492582
  endloop
endfacet
facet normal -4.7189025020751094e-09 7.486257839779908e-09 -1.0
  outer loop
    vertex 9374.879471328217 10058.442246772222 88.83116098689372
    vertex 9391.397600739738 10064.24377159175 88.8311609805586
    vertex 9391.397600730732 10053.055828858334 88.8311608191327
  endloop
endfacet
facet normal -4.7189025020751094e-09 7.486257839779908e-09 -1.0
  outer loop
    vertex 9374.879471328217 10058.442246772222 88.83116098689372
    vertex 9391.397600730732 10053.055828858334 88.8311608191327
    vertex 9391.347555463379 10052.292285634601 88.8311608110617
  endloop
endfacet
facet normal -4.7189025020751094e-09 7.486257839779908e-09 -1.0
  outer loop
    vertex 9374.879471328217 10058.442246772222 88.83116098689372
    vertex 9391.347555463379 10052.292285634601 88.8311608110617
    vertex 9391.199556010528 10051.548242142717 88.83116080370247
  endloop
endfacet
facet normal -4.7189025020751094e-09 7.486257839779908e-09 -1.0
  outer loop
    vertex 9374.879471328217 10058.442246772222 88.83116098689372
    vertex 9391.199556010528 10051.548242142717 88.83116080370247
    vertex 9390.955705549679 10050.829881851017 88.8311607971186
  endloop
endfacet
facet normal -4.7189025020751094e-09 7.486257839779908e-09 -1.0
  outer loop
    vertex 9374.879471328217 10058.442246772222 88.83116098689372
    vertex 9390.955705549679 10050.829881851017 88.8311607971186
    vertex 9390.620176429831 10050.149496103266 88.83116079142411
  endloop
endfacet
facet normal -4.7189025020751094e-09 7.486257839779908e-09 -1.0
  outer loop
    vertex 9374.879471328217 10058.442246772222 88.83116098689372
    vertex 9390.620176429831 10050.149496103266 88.83116079142411
    vertex 9390.198709647237 10049.51872648823 88.83116078672009
  endloop
endfacet
facet normal -4.7189025020751094e-09 7.486257839779908e-09 -1.0
  outer loop
    vertex 9374.879471328217 10058.442246772222 88.83116098689372
    vertex 9390.198709647237 10049.51872648823 88.83116078672009
    vertex 9389.69851661542 10048.948365648934 88.83116078308451
  endloop
endfacet
facet normal -4.7189025020751094e-09 7.486257839779908e-09 -1.0
  outer loop
    vertex 9374.879471328217 10058.442246772222 88.83116098689372
    vertex 9389.69851661542 10048.948365648934 88.83116078308451
    vertex 9389.128155775821 10048.448172617449 88.831160780578
  endloop
endfacet
facet normal -4.7189025020751094e-09 7.486257839779908e-09 -1.0
  outer loop
    vertex 9374.879471328217 10058.442246772222 88.83116098689372
    vertex 9389.128155775821 10048.448172617449 88.831160780578
    vertex 9388.497386160545 10048.026705835236 88.83116077924679
  endloop
endfacet
facet normal -4.7189025020751094e-09 7.486257839779908e-09 -1.0
  outer loop
    vertex 9374.879471328217 10058.442246772222 88.83116098689372
    vertex 9388.497386160545 10048.026705835236 88.83116077924679
    vertex 9387.817000412582 10047.691176715785 88.83116077911104
  endloop
endfacet
facet normal -4.7189025020751094e-09 7.486257839779908e-09 -1.0
  outer loop
    vertex 9374.879471328217 10058.442246772222 88.83116098689372
    vertex 9387.817000412582 10047.691176715785 88.83116077911104
    vertex 9387.098640120745 10047.447326255366 88.83116078017223
  endloop
endfacet
facet normal -4.7189025020751094e-09 7.486257839779908e-09 -1.0
  outer loop
    vertex 9374.879471328217 10058.442246772222 88.83116098689372
    vertex 9387.098640120745 10047.447326255366 88.83116078017223
    vertex 9386.354596628767 10047.299326802953 88.83116078241737
  endloop
endfacet
facet normal -4.7189025020751094e-09 7.486257839779908e-09 -1.0
  outer loop
    vertex 9374.879471328217 10058.442246772222 88.83116098689372
    vertex 9386.354596628767 10047.299326802953 88.83116078241737
    vertex 9385.591053405022 10047.249281536055 88.83116078583633
  endloop
endfacet
facet normal -4.7189025020751094e-09 7.486257839779908e-09 -1.0
  outer loop
    vertex 9374.879471328217 10058.442246772222 88.83116098689372
    vertex 9385.591053405022 10047.249281536055 88.83116078583633
    vertex 9374.879471328217 10050.016316279245 88.83116090549765
  endloop
endfacet
facet normal -4.7189025020751094e-09 7.486257839779908e-09 -1.0
  outer loop
    vertex 9350.597600763427 10064.243771591751 88.83116102492582
    vertex 9374.879471328217 10058.442246772222 88.83116098689372
    vertex 9373.597607719688 10058.61100731785 88.83116099756069
  endloop
endfacet
facet normal -4.7189025020751094e-09 7.486257839779908e-09 -1.0
  outer loop
    vertex 9350.597600763427 10064.243771591751 88.83116102492582
    vertex 9373.597607719688 10058.61100731785 88.83116099756069
    vertex 9372.463533634273 10058.461703632056 88.83116100443472
  endloop
endfacet
facet normal -4.7189025020751094e-09 7.486257839779908e-09 -1.0
  outer loop
    vertex 9350.597600763427 10064.243771591751 88.83116102492582
    vertex 9372.463533634273 10058.461703632056 88.83116100443472
    vertex 9371.40674482363 10058.023967374123 88.83116100796774
  endloop
endfacet
facet normal -4.7189025020751094e-09 7.486257839779908e-09 -1.0
  outer loop
    vertex 9350.597600763427 10064.243771591751 88.83116102492582
    vertex 9371.40674482363 10058.023967374123 88.83116100796774
    vertex 9370.499259698783 10057.32762954664 88.83116100792148
  endloop
endfacet
facet normal -4.7189025020751094e-09 7.486257839779908e-09 -1.0
  outer loop
    vertex 9350.597600763427 10064.243771591751 88.83116102492582
    vertex 9370.499259698783 10057.32762954664 88.83116100792148
    vertex 9369.8029218713 10056.420144421792 88.83116100429888
  endloop
endfacet
facet normal -4.7189025020751094e-09 7.486257839779908e-09 -1.0
  outer loop
    vertex 9350.597600763427 10064.243771591751 88.83116102492582
    vertex 9369.8029218713 10056.420144421792 88.83116100429888
    vertex 9369.426402038183 10055.511145134184 88.83116099807881
  endloop
endfacet
facet normal -4.7189025020751094e-09 7.486257839779908e-09 -1.0
  outer loop
    vertex 9350.597600763427 10064.243771591751 88.83116102492582
    vertex 9369.426402038183 10055.511145134184 88.83116099807881
    vertex 9356.404148093277 10055.51114512663 88.83116103003061
  endloop
endfacet
facet normal -4.7189025020751094e-09 7.486257839779908e-09 -1.0
  outer loop
    vertex 9350.597600763427 10064.243771591751 88.83116102492582
    vertex 9356.404148093277 10055.51114512663 88.83116103003061
    vertex 9355.640604869586 10055.561190393324 88.83116103168814
  endloop
endfacet
facet normal -4.7189025020751094e-09 7.486257839779908e-09 -1.0
  outer loop
    vertex 9350.597600763427 10064.243771591751 88.83116102492582
    vertex 9355.640604869586 10055.561190393324 88.83116103168814
    vertex 9354.896561377602 10055.709189845542 88.8311610332619
  endloop
endfacet
facet normal -4.7189025020751094e-09 7.486257839779908e-09 -1.0
  outer loop
    vertex 9350.597600763427 10064.243771591751 88.83116102492582
    vertex 9354.896561377602 10055.709189845542 88.8311610332619
    vertex 9354.178201085755 10055.95304030577 88.83116103475484
  endloop
endfacet
facet normal -4.7189025020751094e-09 7.486257839779908e-09 -1.0
  outer loop
    vertex 9350.597600763427 10064.243771591751 88.83116102492582
    vertex 9354.178201085755 10055.95304030577 88.83116103475484
    vertex 9353.497815337778 10056.288569425044 88.83116103614383
  endloop
endfacet
facet normal -4.7189025020751094e-09 7.486257839779908e-09 -1.0
  outer loop
    vertex 9350.597600763427 10064.243771591751 88.83116102492582
    vertex 9353.497815337778 10056.288569425044 88.83116103614383
    vertex 9352.86704572249 10056.710036207081 88.83116103740142
  endloop
endfacet
facet normal -4.7189025020751094e-09 7.486257839779908e-09 -1.0
  outer loop
    vertex 9350.597600763427 10064.243771591751 88.83116102492582
    vertex 9352.86704572249 10056.710036207081 88.83116103740142
    vertex 9352.296684882858 10057.21022923842 88.83116103850885
  endloop
endfacet
facet normal -4.7189025020751094e-09 7.486257839779908e-09 -1.0
  outer loop
    vertex 9350.597600763427 10064.243771591751 88.83116102492582
    vertex 9352.296684882858 10057.21022923842 88.83116103850885
    vertex 9351.796491851015 10057.78059007758 88.8311610394445
  endloop
endfacet
facet normal -4.7189025020751094e-09 7.486257839779908e-09 -1.0
  outer loop
    vertex 9350.597600763427 10064.243771591751 88.83116102492582
    vertex 9351.796491851015 10057.78059007758 88.8311610394445
    vertex 9351.375025068395 10058.411359692494 88.83116104019388
  endloop
endfacet
facet normal -4.7189025020751094e-09 7.486257839779908e-09 -1.0
  outer loop
    vertex 9350.597600763427 10064.243771591751 88.83116102492582
    vertex 9351.375025068395 10058.411359692494 88.83116104019388
    vertex 9351.039495948507 10059.091745440159 88.83116104074114
  endloop
endfacet
facet normal -4.7189025020751094e-09 7.486257839779908e-09 -1.0
  outer loop
    vertex 9350.597600763427 10064.243771591751 88.83116102492582
    vertex 9351.039495948507 10059.091745440159 88.83116104074114
    vertex 9350.795645487622 10059.810105731789 88.83116104108191
  endloop
endfacet
facet normal -4.7189025020751094e-09 7.486257839779908e-09 -1.0
  outer loop
    vertex 9350.597600763427 10064.243771591751 88.83116102492582
    vertex 9350.795645487622 10059.810105731789 88.83116104108191
    vertex 9350.647646034728 10060.554149223628 88.83116104120901
  endloop
endfacet
facet normal -4.7189025020751094e-09 7.486257839779908e-09 -1.0
  outer loop
    vertex 9350.597600763427 10064.243771591751 88.83116102492582
    vertex 9350.647646034728 10060.554149223628 88.83116104120901
    vertex 9350.597600767327 10061.317692447396 88.83116104115132
  endloop
endfacet
facet normal 6.299305011332063e-08 -0.9999999999999962 -5.966700901160951e-08
  outer loop
    vertex 9354.84760067708 10095.636397078137 97.23116111236673
    vertex 9362.597600758689 10095.636398055603 89.03116099297745
    vertex 9362.597600758427 10095.636398067538 97.23116128273061
  endloop
endfacet
facet normal 6.299305011332063e-08 -0.9999999999999962 -5.966700901160951e-08
  outer loop
    vertex 9362.597600758689 10095.636398055603 89.03116099297745
    vertex 9354.84760067708 10095.636397078137 97.23116111236673
    vertex 9354.847600753797 10095.636398068613 89.0311612531341
  endloop
endfacet
facet normal -1.1689837767902154e-07 -0.9999999999999913 -5.96670098467161e-08
  outer loop
    vertex 9350.397600767754 10095.636398076083 89.03116099650038
    vertex 9354.74760067708 10095.636397078304 97.23116111110916
    vertex 9350.397600768796 10095.636398088018 97.23116128625354
  endloop
endfacet
facet normal -1.1689837767902154e-07 -0.9999999999999913 -5.96670098467161e-08
  outer loop
    vertex 9354.74760067708 10095.636397078304 97.23116111110916
    vertex 9350.397600767754 10095.636398076083 89.03116099650038
    vertex 9354.747600753799 10095.63639806878 89.03116125187654
  endloop
endfacet
facet normal -8.479697753176607e-15 -1.0 -5.357642684607123e-09
  outer loop
    vertex 9350.397600763321 10067.74377159068 89.03116102306059
    vertex 9391.597600746476 10067.743771559604 94.8311610202207
    vertex 9350.397600766539 10067.743771559604 94.83116102306072
  endloop
endfacet
facet normal -8.479697753176607e-15 -1.0 -5.357642684607123e-09
  outer loop
    vertex 9391.597600746476 10067.743771559604 94.8311610202207
    vertex 9350.397600763321 10067.74377159068 89.03116102306059
    vertex 9391.59760074409 10067.743771590678 89.03116102021914
  endloop
endfacet
facet normal -3.089670349835428e-09 1.5879705466314957e-08 -1.0
  outer loop
    vertex 9350.597600762996 10067.943771591752 88.83116102397025
    vertex 9386.597601177555 10073.93791034954 88.83116112194412
    vertex 9391.397600743267 10067.94377159175 88.83116102259574
  endloop
endfacet
facet normal -3.089670349835428e-09 1.5879705466314957e-08 -1.0
  outer loop
    vertex 9386.597601177555 10073.93791034954 88.83116112194412
    vertex 9350.597600762996 10067.943771591752 88.83116102397025
    vertex 9375.597601177555 10073.93791034954 88.8311611225231
  endloop
endfacet
facet normal -3.089670349835428e-09 1.5879705466314957e-08 -1.0
  outer loop
    vertex 9375.597601177555 10073.93791034954 88.8311611225231
    vertex 9350.597600762996 10067.943771591752 88.83116102397025
    vertex 9355.08274837047 10069.42221267145 88.83116099758882
  endloop
endfacet
facet normal -3.089670349835428e-09 1.5879705466314957e-08 -1.0
  outer loop
    vertex 9375.597601177555 10073.93791034954 88.8311611225231
    vertex 9355.08274837047 10069.42221267145 88.83116099758882
    vertex 9355.348463649045 10069.532275543566 88.83116099756572
  endloop
endfacet
facet normal -3.089670349835428e-09 1.5879705466314957e-08 -1.0
  outer loop
    vertex 9375.597601177555 10073.93791034954 88.8311611225231
    vertex 9355.348463649045 10069.532275543566 88.83116099756572
    vertex 9362.797600757032 10072.636398067687 88.83116099101963
  endloop
endfacet
facet normal -3.089670349835428e-09 1.5879705466314957e-08 -1.0
  outer loop
    vertex 9375.597601177555 10073.93791034954 88.8311611225231
    vertex 9362.797600757032 10072.636398067687 88.83116099101963
    vertex 9375.597601177555 10094.53791034954 88.8311613237731
  endloop
endfacet
facet normal -3.089670349835428e-09 1.5879705466314957e-08 -1.0
  outer loop
    vertex 9375.597601177555 10094.53791034954 88.8311613237731
    vertex 9362.797600757032 10072.636398067687 88.83116099101963
    vertex 9362.79760075724 10095.8363980672 88.83116099090995
  endloop
endfacet
facet normal -3.089670349835428e-09 1.5879705466314957e-08 -1.0
  outer loop
    vertex 9362.797600757032 10072.636398067687 88.83116099101963
    vertex 9355.348463649045 10069.532275543566 88.83116099756572
    vertex 9355.5766385316 10069.70736028893 88.83116099777509
  endloop
endfacet
facet normal -3.089670349835428e-09 1.5879705466314957e-08 -1.0
  outer loop
    vertex 9362.797600757032 10072.636398067687 88.83116099101963
    vertex 9355.5766385316 10069.70736028893 88.83116099777509
    vertex 9355.751723276962 10069.935535171484 88.83116099820103
  endloop
endfacet
facet normal -3.089670349835428e-09 1.5879705466314957e-08 -1.0
  outer loop
    vertex 9362.797600757032 10072.636398067687 88.83116099101963
    vertex 9355.751723276962 10069.935535171484 88.83116099820103
    vertex 9355.86178614908 10070.201250450064 88.83116099881612
  endloop
endfacet
facet normal -3.089670349835428e-09 1.5879705466314957e-08 -1.0
  outer loop
    vertex 9362.797600757032 10072.636398067687 88.83116099101963
    vertex 9355.86178614908 10070.201250450064 88.83116099881612
    vertex 9355.899326545103 10070.486398067542 88.83116099957847
  endloop
endfacet
facet normal -3.089670349835428e-09 1.5879705466314957e-08 -1.0
  outer loop
    vertex 9355.08274837047 10069.42221267145 88.83116099758882
    vertex 9350.597600762996 10067.943771591752 88.83116102397025
    vertex 9354.860709445544 10069.392980692422 88.83116099777362
  endloop
endfacet
facet normal -3.089670349835428e-09 1.5879705466314957e-08 -1.0
  outer loop
    vertex 9354.860709445544 10069.392980692422 88.83116099777362
    vertex 9350.597600762996 10067.943771591752 88.83116102397025
    vertex 9354.734492060428 10069.392980692422 88.83116099788624
  endloop
endfacet
facet normal -3.089670349835428e-09 1.5879705466314957e-08 -1.0
  outer loop
    vertex 9354.734492060428 10069.392980692422 88.83116099788624
    vertex 9350.597600762996 10067.943771591752 88.83116102397025
    vertex 9354.512453135501 10069.42221267145 88.83116099831362
  endloop
endfacet
facet normal -3.089670349835428e-09 1.5879705466314957e-08 -1.0
  outer loop
    vertex 9354.512453135501 10069.42221267145 88.83116099831362
    vertex 9350.597600762996 10067.943771591752 88.83116102397025
    vertex 9354.246737856927 10069.532275543566 88.83116099896046
  endloop
endfacet
facet normal -3.089670349835428e-09 1.5879705466314957e-08 -1.0
  outer loop
    vertex 9354.246737856927 10069.532275543566 88.83116099896046
    vertex 9350.597600762996 10067.943771591752 88.83116102397025
    vertex 9354.018562974372 10069.70736028893 88.8311609997459
  endloop
endfacet
facet normal -3.089670349835428e-09 1.5879705466314957e-08 -1.0
  outer loop
    vertex 9354.018562974372 10069.70736028893 88.8311609997459
    vertex 9350.597600762996 10067.943771591752 88.83116102397025
    vertex 9353.843478229008 10069.935535171486 88.83116100061655
  endloop
endfacet
facet normal -3.089670349835428e-09 1.5879705466314957e-08 -1.0
  outer loop
    vertex 9353.843478229008 10069.935535171486 88.83116100061655
    vertex 9350.597600762996 10067.943771591752 88.83116102397025
    vertex 9353.733415356892 10070.201250450064 88.83116100151173
  endloop
endfacet
facet normal -3.089670349835428e-09 1.5879705466314957e-08 -1.0
  outer loop
    vertex 9353.733415356892 10070.201250450064 88.83116100151173
    vertex 9350.597600762996 10067.943771591752 88.83116102397025
    vertex 9353.69587496087 10070.486398067542 88.83116100237083
  endloop
endfacet
facet normal -3.089670349835428e-09 1.5879705466314957e-08 -1.0
  outer loop
    vertex 9354.5124531355 10071.550583463633 88.8311610043778
    vertex 9354.54760075567 10072.636398061499 88.83116099936781
    vertex 9354.54760075567 10071.555210735614 88.8311610028589
  endloop
endfacet
facet normal -3.089670349835428e-09 1.5879705466314957e-08 -1.0
  outer loop
    vertex 9354.54760075567 10072.636398061499 88.83116099936781
    vertex 9354.5124531355 10071.550583463633 88.8311610043778
    vertex 9350.597600759149 10072.636398058537 88.83116100248503
  endloop
endfacet
facet normal -3.089670349835428e-09 1.5879705466314957e-08 -1.0
  outer loop
    vertex 9350.597600759149 10072.636398058537 88.83116100248503
    vertex 9354.5124531355 10071.550583463633 88.8311610043778
    vertex 9354.246737856933 10071.440520591523 88.83116100438212
  endloop
endfacet
facet normal -3.089670349835428e-09 1.5879705466314957e-08 -1.0
  outer loop
    vertex 9350.597600759149 10072.636398058537 88.83116100248503
    vertex 9354.246737856933 10071.440520591523 88.83116100438212
    vertex 9354.018562974372 10071.265435846155 88.8311610041742
  endloop
endfacet
facet normal -3.089670349835428e-09 1.5879705466314957e-08 -1.0
  outer loop
    vertex 9350.597600759149 10072.636398058537 88.83116100248503
    vertex 9354.018562974372 10071.265435846155 88.8311610041742
    vertex 9353.843478229008 10071.0372609636 88.83116100374826
  endloop
endfacet
facet normal -3.089670349835428e-09 1.5879705466314957e-08 -1.0
  outer loop
    vertex 9350.597600759149 10072.636398058537 88.83116100248503
    vertex 9353.843478229008 10071.0372609636 88.83116100374826
    vertex 9353.733415356892 10070.771545685022 88.83116100313318
  endloop
endfacet
facet normal -3.089670349835428e-09 1.5879705466314957e-08 -1.0
  outer loop
    vertex 9350.597600759149 10072.636398058537 88.83116100248503
    vertex 9353.733415356892 10070.771545685022 88.83116100313318
    vertex 9353.69587496087 10070.486398067542 88.83116100237083
  endloop
endfacet
facet normal -3.089670349835428e-09 1.5879705466314957e-08 -1.0
  outer loop
    vertex 9350.597600759149 10072.636398058537 88.83116100248503
    vertex 9353.69587496087 10070.486398067542 88.83116100237083
    vertex 9350.597600762996 10067.943771591752 88.83116102397025
  endloop
endfacet
facet normal -3.089670349835428e-09 1.5879705466314957e-08 -1.0
  outer loop
    vertex 9362.797600757032 10072.636398067687 88.83116099101963
    vertex 9355.751723276964 10071.0372609636 88.83116100133276
    vertex 9355.047600752985 10072.636398061873 88.83116099852174
  endloop
endfacet
facet normal -3.089670349835428e-09 1.5879705466314957e-08 -1.0
  outer loop
    vertex 9355.751723276964 10071.0372609636 88.83116100133276
    vertex 9362.797600757032 10072.636398067687 88.83116099101963
    vertex 9355.86178614908 10070.771545685022 88.83116100043756
  endloop
endfacet
facet normal -3.089670349835428e-09 1.5879705466314957e-08 -1.0
  outer loop
    vertex 9355.86178614908 10070.771545685022 88.83116100043756
    vertex 9362.797600757032 10072.636398067687 88.83116099101963
    vertex 9355.899326545103 10070.486398067542 88.83116099957847
  endloop
endfacet
facet normal -3.089670349835428e-09 1.5879705466314957e-08 -1.0
  outer loop
    vertex 9355.047600752985 10072.636398061873 88.83116099852174
    vertex 9355.751723276964 10071.0372609636 88.83116100133276
    vertex 9355.5766385316 10071.265435846155 88.83116100220339
  endloop
endfacet
facet normal -3.089670349835428e-09 1.5879705466314957e-08 -1.0
  outer loop
    vertex 9355.047600752985 10072.636398061873 88.83116099852174
    vertex 9355.5766385316 10071.265435846155 88.83116100220339
    vertex 9355.34846364904 10071.440520591523 88.83116100298884
  endloop
endfacet
facet normal -3.089670349835428e-09 1.5879705466314957e-08 -1.0
  outer loop
    vertex 9355.047600752985 10072.636398061873 88.83116099852174
    vertex 9355.34846364904 10071.440520591523 88.83116100298884
    vertex 9355.082748370472 10071.550583463633 88.8311610036559
  endloop
endfacet
facet normal -3.089670349835428e-09 1.5879705466314957e-08 -1.0
  outer loop
    vertex 9355.047600752985 10072.636398061873 88.83116099852174
    vertex 9355.082748370472 10071.550583463633 88.8311610036559
    vertex 9355.047600752985 10071.55521073526 88.83116100195508
  endloop
endfacet
facet normal -3.089670349835428e-09 1.5879705466314957e-08 -1.0
  outer loop
    vertex 9362.79760075724 10095.8363980672 88.83116099090995
    vertex 9355.861786151763 10097.701250450064 88.83116151277693
    vertex 9355.899326547786 10097.986398067542 88.83116151355807
  endloop
endfacet
facet normal -3.089670349835428e-09 1.5879705466314957e-08 -1.0
  outer loop
    vertex 9355.861786151763 10097.701250450064 88.83116151277693
    vertex 9362.79760075724 10095.8363980672 88.83116099090995
    vertex 9355.751723279645 10097.435535171482 88.83116151210555
  endloop
endfacet
facet normal -3.089670349835428e-09 1.5879705466314957e-08 -1.0
  outer loop
    vertex 9355.751723279645 10097.435535171482 88.83116151210555
    vertex 9362.79760075724 10095.8363980672 88.83116099090995
    vertex 9355.04760075567 10095.83639808021 88.8311612600342
  endloop
endfacet
facet normal -3.089670349835428e-09 1.5879705466314957e-08 -1.0
  outer loop
    vertex 9355.751723279645 10097.435535171482 88.83116151210555
    vertex 9355.04760075567 10095.83639808021 88.8311612600342
    vertex 9355.576638534283 10097.207360288929 88.8311615115901
  endloop
endfacet
facet normal -3.089670349835428e-09 1.5879705466314957e-08 -1.0
  outer loop
    vertex 9355.576638534283 10097.207360288929 88.8311615115901
    vertex 9355.04760075567 10095.83639808021 88.8311612600342
    vertex 9355.348463651726 10097.032275543565 88.83116151126522
  endloop
endfacet
facet normal -3.089670349835428e-09 1.5879705466314957e-08 -1.0
  outer loop
    vertex 9355.348463651726 10097.032275543565 88.83116151126522
    vertex 9355.04760075567 10095.83639808021 88.8311612600342
    vertex 9355.082748373154 10096.922212671449 88.83116152047391
  endloop
endfacet
facet normal -3.089670349835428e-09 1.5879705466314957e-08 -1.0
  outer loop
    vertex 9355.082748373154 10096.922212671449 88.83116152047391
    vertex 9355.04760075567 10095.83639808021 88.8311612600342
    vertex 9355.04760075567 10096.917585399822 88.83116143605793
  endloop
endfacet
facet normal -3.089670349835428e-09 1.5879705466314957e-08 -1.0
  outer loop
    vertex 9354.54760075567 10095.83639808105 88.83116125688521
    vertex 9354.512453138186 10096.922212671449 88.83116152095326
    vertex 9354.54760075567 10096.917585399822 88.83116143641455
  endloop
endfacet
facet normal -3.089670349835428e-09 1.5879705466314957e-08 -1.0
  outer loop
    vertex 9354.512453138186 10096.922212671449 88.83116152095326
    vertex 9354.54760075567 10095.83639808105 88.83116125688521
    vertex 9350.59760076743 10095.83639808768 88.831161004183
  endloop
endfacet
facet normal -3.089670349835428e-09 1.5879705466314957e-08 -1.0
  outer loop
    vertex 9354.512453138186 10096.922212671449 88.83116152095326
    vertex 9350.59760076743 10095.83639808768 88.831161004183
    vertex 9354.246737859612 10097.032275543565 88.83116151209975
  endloop
endfacet
facet normal -3.089670349835428e-09 1.5879705466314957e-08 -1.0
  outer loop
    vertex 9354.246737859612 10097.032275543565 88.83116151209975
    vertex 9350.59760076743 10095.83639808768 88.831161004183
    vertex 9354.018562977057 10097.207360288929 88.8311615127697
  endloop
endfacet
facet normal -3.089670349835428e-09 1.5879705466314957e-08 -1.0
  outer loop
    vertex 9354.018562977057 10097.207360288929 88.8311615127697
    vertex 9350.59760076743 10095.83639808768 88.831161004183
    vertex 9353.843478231694 10097.435535171482 88.83116151355226
  endloop
endfacet
facet normal -3.089670349835428e-09 1.5879705466314957e-08 -1.0
  outer loop
    vertex 9353.843478231694 10097.435535171482 88.83116151355226
    vertex 9350.59760076743 10095.83639808768 88.831161004183
    vertex 9353.733415359577 10097.701250450064 88.83116151438969
  endloop
endfacet
facet normal -3.089670349835428e-09 1.5879705466314957e-08 -1.0
  outer loop
    vertex 9353.733415359577 10097.701250450064 88.83116151438969
    vertex 9350.59760076743 10095.83639808768 88.831161004183
    vertex 9353.695874963554 10097.986398067542 88.83116151523001
  endloop
endfacet
facet normal -3.089670349835428e-09 1.5879705466314957e-08 -1.0
  outer loop
    vertex 9391.397600770699 10100.529024534182 88.83116118287082
    vertex 9386.597601177555 10094.53791034954 88.83116132319269
    vertex 9350.597600763336 10100.529024534184 88.83116102106736
  endloop
endfacet
facet normal -3.089670349835428e-09 1.5879705466314957e-08 -1.0
  outer loop
    vertex 9386.597601177555 10094.53791034954 88.83116132319269
    vertex 9391.397600770699 10100.529024534182 88.83116118287082
    vertex 9391.397600743267 10067.94377159175 88.83116102259574
  endloop
endfacet
facet normal -3.089670349835428e-09 1.5879705466314957e-08 -1.0
  outer loop
    vertex 9386.597601177555 10094.53791034954 88.83116132319269
    vertex 9391.397600743267 10067.94377159175 88.83116102259574
    vertex 9386.597601177555 10073.93791034954 88.83116112194412
  endloop
endfacet
facet normal -3.089670349835428e-09 1.5879705466314957e-08 -1.0
  outer loop
    vertex 9350.597600763336 10100.529024534184 88.83116102106736
    vertex 9386.597601177555 10094.53791034954 88.83116132319269
    vertex 9375.597601177555 10094.53791034954 88.8311613237731
  endloop
endfacet
facet normal -3.089670349835428e-09 1.5879705466314957e-08 -1.0
  outer loop
    vertex 9350.597600763336 10100.529024534184 88.83116102106736
    vertex 9375.597601177555 10094.53791034954 88.8311613237731
    vertex 9355.082748373154 10099.050583463635 88.83116151720235
  endloop
endfacet
facet normal -3.089670349835428e-09 1.5879705466314957e-08 -1.0
  outer loop
    vertex 9355.082748373154 10099.050583463635 88.83116151720235
    vertex 9375.597601177555 10094.53791034954 88.8311613237731
    vertex 9355.348463651726 10098.940520591519 88.83116151668834
  endloop
endfacet
facet normal -3.089670349835428e-09 1.5879705466314957e-08 -1.0
  outer loop
    vertex 9355.348463651726 10098.940520591519 88.83116151668834
    vertex 9375.597601177555 10094.53791034954 88.8311613237731
    vertex 9362.79760075724 10095.8363980672 88.83116099090995
  endloop
endfacet
facet normal -3.089670349835428e-09 1.5879705466314957e-08 -1.0
  outer loop
    vertex 9355.348463651726 10098.940520591519 88.83116151668834
    vertex 9362.79760075724 10095.8363980672 88.83116099090995
    vertex 9355.576638534283 10098.765435846155 88.83116151601838
  endloop
endfacet
facet normal -3.089670349835428e-09 1.5879705466314957e-08 -1.0
  outer loop
    vertex 9355.576638534283 10098.765435846155 88.83116151601838
    vertex 9362.79760075724 10095.8363980672 88.83116099090995
    vertex 9355.751723279645 10098.537260963602 88.83116151523582
  endloop
endfacet
facet normal -3.089670349835428e-09 1.5879705466314957e-08 -1.0
  outer loop
    vertex 9355.751723279645 10098.537260963602 88.83116151523582
    vertex 9362.79760075724 10095.8363980672 88.83116099090995
    vertex 9355.861786151763 10098.27154568502 88.83116151439839
  endloop
endfacet
facet normal -3.089670349835428e-09 1.5879705466314957e-08 -1.0
  outer loop
    vertex 9355.861786151763 10098.27154568502 88.83116151439839
    vertex 9362.79760075724 10095.8363980672 88.83116099090995
    vertex 9355.899326547786 10097.986398067542 88.83116151355807
  endloop
endfacet
facet normal -3.089670349835428e-09 1.5879705466314957e-08 -1.0
  outer loop
    vertex 9350.597600763336 10100.529024534184 88.83116102106736
    vertex 9355.082748373154 10099.050583463635 88.83116151720235
    vertex 9354.860709448227 10099.079815442663 88.83116151747667
  endloop
endfacet
facet normal -3.089670349835428e-09 1.5879705466314957e-08 -1.0
  outer loop
    vertex 9350.597600763336 10100.529024534184 88.83116102106736
    vertex 9354.860709448227 10099.079815442663 88.83116151747667
    vertex 9354.734492063113 10099.079815442663 88.83116151760083
  endloop
endfacet
facet normal -3.089670349835428e-09 1.5879705466314957e-08 -1.0
  outer loop
    vertex 9350.597600763336 10100.529024534184 88.83116102106736
    vertex 9354.734492063113 10099.079815442663 88.83116151760083
    vertex 9354.512453138186 10099.050583463635 88.8311615176326
  endloop
endfacet
facet normal -3.089670349835428e-09 1.5879705466314957e-08 -1.0
  outer loop
    vertex 9350.597600763336 10100.529024534184 88.83116102106736
    vertex 9354.512453138186 10099.050583463635 88.8311615176326
    vertex 9354.246737859612 10098.940520591519 88.83116151752287
  endloop
endfacet
facet normal -3.089670349835428e-09 1.5879705466314957e-08 -1.0
  outer loop
    vertex 9350.597600763336 10100.529024534184 88.83116102106736
    vertex 9354.246737859612 10098.940520591519 88.83116151752287
    vertex 9354.018562977057 10098.765435846155 88.83116151719798
  endloop
endfacet
facet normal -3.089670349835428e-09 1.5879705466314957e-08 -1.0
  outer loop
    vertex 9350.597600763336 10100.529024534184 88.83116102106736
    vertex 9354.018562977057 10098.765435846155 88.83116151719798
    vertex 9353.843478231694 10098.537260963602 88.83116151668253
  endloop
endfacet
facet normal -3.089670349835428e-09 1.5879705466314957e-08 -1.0
  outer loop
    vertex 9350.597600763336 10100.529024534184 88.83116102106736
    vertex 9353.843478231694 10098.537260963602 88.83116151668253
    vertex 9353.733415359577 10098.27154568502 88.83116151601115
  endloop
endfacet
facet normal -3.089670349835428e-09 1.5879705466314957e-08 -1.0
  outer loop
    vertex 9350.597600763336 10100.529024534184 88.83116102106736
    vertex 9353.733415359577 10098.27154568502 88.83116151601115
    vertex 9353.695874963554 10097.986398067542 88.83116151523001
  endloop
endfacet
facet normal -3.089670349835428e-09 1.5879705466314957e-08 -1.0
  outer loop
    vertex 9350.597600763336 10100.529024534184 88.83116102106736
    vertex 9353.695874963554 10097.986398067542 88.83116151523001
    vertex 9350.59760076743 10095.83639808768 88.831161004183
  endloop
endfacet
facet normal 0.7010573829967015 -0.09229595427219289 -0.7071067830043788
  outer loop
    vertex 9353.897600755727 10097.986398067542 89.03116151465389
    vertex 9353.733415359577 10098.27154568502 88.83116151601115
    vertex 9353.928267512067 10098.219335208134 89.03116151464523
  endloop
endfacet
facet normal 0.7010573829967015 -0.09229595427219289 -0.7071067830043788
  outer loop
    vertex 9353.733415359577 10098.27154568502 88.83116151601115
    vertex 9353.897600755727 10097.986398067542 89.03116151465389
    vertex 9353.695874963554 10097.986398067542 88.83116151523001
  endloop
endfacet
facet normal 0.6532814829452087 0.27059805165458883 -0.7071067801129116
  outer loop
    vertex 9353.843478231694 10097.435535171482 88.83116151355226
    vertex 9353.928267512067 10097.75346092695 89.0311615146452
    vertex 9354.018177892323 10097.536398067541 89.03116151461776
  endloop
endfacet
facet normal 0.6532814829452087 0.27059805165458883 -0.7071067801129116
  outer loop
    vertex 9353.928267512067 10097.75346092695 89.0311615146452
    vertex 9353.843478231694 10097.435535171482 88.83116151355226
    vertex 9353.733415359577 10097.701250450064 88.83116151438969
  endloop
endfacet
facet normal 0.5609855280142391 0.4304593370291676 -0.7071067787279338
  outer loop
    vertex 9354.018562977057 10097.207360288929 88.8311615127697
    vertex 9354.018177892323 10097.536398067541 89.03116151461776
    vertex 9354.16120465266 10097.350001964473 89.03116151457732
  endloop
endfacet
facet normal 0.5609855280142391 0.4304593370291676 -0.7071067787279338
  outer loop
    vertex 9354.018177892323 10097.536398067541 89.03116151461776
    vertex 9354.018562977057 10097.207360288929 88.8311615127697
    vertex 9353.843478231694 10097.435535171482 88.83116151355226
  endloop
endfacet
facet normal 0.2705980606751377 0.653281474114276 -0.707106784819615
  outer loop
    vertex 9354.512453138186 10096.922212671449 88.83116152095326
    vertex 9354.347600755727 10097.206975204135 89.03116151452389
    vertex 9354.564663657819 10097.117064806202 89.0311615144618
  endloop
endfacet
facet normal 0.2705980606751377 0.653281474114276 -0.707106784819615
  outer loop
    vertex 9354.347600755727 10097.206975204135 89.03116151452389
    vertex 9354.512453138186 10096.922212671449 88.83116152095326
    vertex 9354.246737859612 10097.032275543565 88.83116151209975
  endloop
endfacet
facet normal 0.09229542876630142 0.7010575607442948 -0.7071066753694977
  outer loop
    vertex 9354.54760075567 10096.917585399822 88.83116143641455
    vertex 9354.564663657819 10097.117064806202 89.0311615144618
    vertex 9354.747600753799 10097.092980680614 89.03116138314323
  endloop
endfacet
facet normal 0.09229542876630142 0.7010575607442948 -0.7071066753694977
  outer loop
    vertex 9354.564663657819 10097.117064806202 89.0311615144618
    vertex 9354.54760075567 10096.917585399822 88.83116143641455
    vertex 9354.512453138186 10096.922212671449 88.83116152095326
  endloop
endfacet
facet normal -0.27059804906707546 -0.6532814778272819 -0.7071067858314579
  outer loop
    vertex 9355.247600755725 10098.765820930948 89.0311615142641
    vertex 9355.082748373154 10099.050583463635 88.83116151720235
    vertex 9355.348463651726 10098.940520591519 88.83116151668834
  endloop
endfacet
facet normal -0.27059804906707546 -0.6532814778272819 -0.7071067858314579
  outer loop
    vertex 9355.082748373154 10099.050583463635 88.83116151720235
    vertex 9355.247600755725 10098.765820930948 89.0311615142641
    vertex 9355.030537896326 10098.8557313112 89.03116151432619
  endloop
endfacet
facet normal -0.09229595553251167 -0.7010573793355411 -0.7071067864697127
  outer loop
    vertex 9355.030537896326 10098.8557313112 89.03116151432619
    vertex 9354.860709448227 10099.079815442663 88.83116151747667
    vertex 9355.082748373154 10099.050583463635 88.83116151720235
  endloop
endfacet
facet normal -0.09229595553251167 -0.7010573793355411 -0.7071067864697127
  outer loop
    vertex 9354.860709448227 10099.079815442663 88.83116151747667
    vertex 9355.030537896326 10098.8557313112 89.03116151432619
    vertex 9354.847600755718 10098.879815442662 89.03116151437239
  endloop
endfacet
facet normal -5.494240602294993e-10 -0.7071067756287767 -0.7071067867443184
  outer loop
    vertex 9354.847600755718 10098.879815442662 89.03116151437239
    vertex 9354.734492063113 10099.079815442663 88.83116151760083
    vertex 9354.860709448227 10099.079815442663 88.83116151747667
  endloop
endfacet
facet normal -5.494240602294993e-10 -0.7071067756287767 -0.7071067867443184
  outer loop
    vertex 9354.734492063113 10099.079815442663 88.83116151760083
    vertex 9354.847600755718 10098.879815442662 89.03116151437239
    vertex 9354.747600755716 10098.879815442662 89.03116151441715
  endloop
endfacet
facet normal 0.5609855238816003 -0.4304593314410635 -0.7071067854083987
  outer loop
    vertex 9354.018177892323 10098.436398067543 89.03116151461782
    vertex 9354.018562977057 10098.765435846155 88.83116151719798
    vertex 9354.16120465266 10098.622794170611 89.0311615145774
  endloop
endfacet
facet normal 0.5609855238816003 -0.4304593314410635 -0.7071067854083987
  outer loop
    vertex 9354.018562977057 10098.765435846155 88.83116151719798
    vertex 9354.018177892323 10098.436398067543 89.03116151461782
    vertex 9353.843478231694 10098.537260963602 88.83116151668253
  endloop
endfacet
facet normal 0.7010573841055334 0.09229595682988553 -0.7071067815711871
  outer loop
    vertex 9353.733415359577 10097.701250450064 88.83116151438969
    vertex 9353.897600755727 10097.986398067542 89.03116151465389
    vertex 9353.928267512067 10097.75346092695 89.0311615146452
  endloop
endfacet
facet normal 0.7010573841055334 0.09229595682988553 -0.7071067815711871
  outer loop
    vertex 9353.897600755727 10097.986398067542 89.03116151465389
    vertex 9353.733415359577 10097.701250450064 88.83116151438969
    vertex 9353.695874963554 10097.986398067542 88.83116151523001
  endloop
endfacet
facet normal 0.7071067355281879 8.279713949436802e-08 -0.7071068268448994
  outer loop
    vertex 9354.54760075567 10095.83639808105 88.83116125688521
    vertex 9354.747600753799 10097.092980680614 89.03116138314323
    vertex 9354.747600753799 10095.63639806878 89.03116125187654
  endloop
endfacet
facet normal 0.7071067355281879 8.279713949436802e-08 -0.7071068268448994
  outer loop
    vertex 9354.747600753799 10097.092980680614 89.03116138314323
    vertex 9354.54760075567 10095.83639808105 88.83116125688521
    vertex 9354.54760075567 10096.917585399822 88.83116143641455
  endloop
endfacet
facet normal 0.0922959547808185 -0.7010573790885472 -0.7071067868127092
  outer loop
    vertex 9354.564663615138 10098.855731311203 89.03116151446046
    vertex 9354.734492063113 10099.079815442663 88.83116151760083
    vertex 9354.747600755716 10098.879815442662 89.03116151441715
  endloop
endfacet
facet normal 0.0922959547808185 -0.7010573790885472 -0.7071067868127092
  outer loop
    vertex 9354.734492063113 10099.079815442663 88.83116151760083
    vertex 9354.564663615138 10098.855731311203 89.03116151446046
    vertex 9354.512453138186 10099.050583463635 88.8311615176326
  endloop
endfacet
facet normal 0.6532814799158942 -0.270598047993698 -0.7071067843125955
  outer loop
    vertex 9353.928267512067 10098.219335208134 89.03116151464523
    vertex 9353.843478231694 10098.537260963602 88.83116151668253
    vertex 9354.018177892323 10098.436398067543 89.03116151461782
  endloop
endfacet
facet normal 0.6532814799158942 -0.270598047993698 -0.7071067843125955
  outer loop
    vertex 9353.843478231694 10098.537260963602 88.83116151668253
    vertex 9353.928267512067 10098.219335208134 89.03116151464523
    vertex 9353.733415359577 10098.27154568502 88.83116151601115
  endloop
endfacet
facet normal 0.4304593318439523 -0.5609855225570595 -0.7071067862139645
  outer loop
    vertex 9354.16120465266 10098.622794170611 89.0311615145774
    vertex 9354.246737859612 10098.940520591519 88.83116151752287
    vertex 9354.34760075573 10098.765820930948 89.03116151452399
  endloop
endfacet
facet normal 0.4304593318439523 -0.5609855225570595 -0.7071067862139645
  outer loop
    vertex 9354.246737859612 10098.940520591519 88.83116151752287
    vertex 9354.16120465266 10098.622794170611 89.0311615145774
    vertex 9354.018562977057 10098.765435846155 88.83116151719798
  endloop
endfacet
facet normal 0.43045933598332886 0.5609855303561496 -0.7071067775066375
  outer loop
    vertex 9354.246737859612 10097.032275543565 88.83116151209975
    vertex 9354.16120465266 10097.350001964473 89.03116151457732
    vertex 9354.347600755727 10097.206975204135 89.03116151452389
  endloop
endfacet
facet normal 0.43045933598332886 0.5609855303561496 -0.7071067775066375
  outer loop
    vertex 9354.16120465266 10097.350001964473 89.03116151457732
    vertex 9354.246737859612 10097.032275543565 88.83116151209975
    vertex 9354.018562977057 10097.207360288929 88.8311615127697
  endloop
endfacet
facet normal 0.2705980480505155 -0.6532814773305459 -0.7071067866794029
  outer loop
    vertex 9354.34760075573 10098.765820930948 89.03116151452399
    vertex 9354.512453138186 10099.050583463635 88.8311615176326
    vertex 9354.564663615138 10098.855731311203 89.03116151446046
  endloop
endfacet
facet normal 0.2705980480505155 -0.6532814773305459 -0.7071067866794029
  outer loop
    vertex 9354.512453138186 10099.050583463635 88.8311615176326
    vertex 9354.34760075573 10098.765820930948 89.03116151452399
    vertex 9354.246737859612 10098.940520591519 88.83116151752287
  endloop
endfacet
facet normal -0.7071067764195698 2.5456647312125263e-09 -0.7071067859535254
  outer loop
    vertex 9350.397600767754 10095.636398076083 89.03116099650038
    vertex 9350.597600763336 10100.529024534184 88.83116102106736
    vertex 9350.59760076743 10095.83639808768 88.831161004183
  endloop
endfacet
facet normal -0.7071067764195698 2.5456647312125263e-09 -0.7071067859535254
  outer loop
    vertex 9350.597600763336 10100.529024534184 88.83116102106736
    vertex 9350.397600767754 10095.636398076083 89.03116099650038
    vertex 9350.397600763306 10100.729024535254 89.03116102306414
  endloop
endfacet
facet normal 0.6532814796704681 -0.2705980480510252 -0.7071067845174016
  outer loop
    vertex 9353.928267509507 10070.719335208134 89.03116100176584
    vertex 9353.843478229008 10071.0372609636 88.83116100374826
    vertex 9354.018177889762 10070.936398067543 89.03116100168354
  endloop
endfacet
facet normal 0.6532814796704681 -0.2705980480510252 -0.7071067845174016
  outer loop
    vertex 9353.843478229008 10071.0372609636 88.83116100374826
    vertex 9353.928267509507 10070.719335208134 89.03116100176584
    vertex 9353.733415356892 10070.771545685022 88.83116100313318
  endloop
endfacet
facet normal -0.7071067820596081 -3.4931873348566027e-09 -0.707106780313487
  outer loop
    vertex 9350.397600759145 10072.836398058409 89.03116100406164
    vertex 9350.597600762996 10067.943771591752 88.83116102397025
    vertex 9350.397600763321 10067.74377159068 89.03116102306059
  endloop
endfacet
facet normal -0.7071067820596081 -3.4931873348566027e-09 -0.707106780313487
  outer loop
    vertex 9350.597600762996 10067.943771591752 88.83116102397025
    vertex 9350.397600759145 10072.836398058409 89.03116100406164
    vertex 9350.597600759149 10072.636398058537 88.83116100248503
  endloop
endfacet
facet normal 2.7920978071531846e-09 0.7071067829872705 -0.7071067793858247
  outer loop
    vertex 9391.397600770699 10100.529024534182 88.83116118287082
    vertex 9350.397600763306 10100.729024535254 89.03116102306414
    vertex 9391.597600771858 10100.729024535252 89.03116118505385
  endloop
endfacet
facet normal 2.7920978071531846e-09 0.7071067829872705 -0.7071067793858247
  outer loop
    vertex 9350.397600763306 10100.729024535254 89.03116102306414
    vertex 9391.397600770699 10100.529024534182 88.83116118287082
    vertex 9350.597600763336 10100.529024534184 88.83116102106736
  endloop
endfacet
facet normal -3.642214996008123e-11 -0.7071067763880986 -0.7071067859849964
  outer loop
    vertex 9350.397600763321 10067.74377159068 89.03116102306059
    vertex 9391.397600743267 10067.94377159175 88.83116102259574
    vertex 9391.59760074409 10067.743771590678 89.03116102021914
  endloop
endfacet
facet normal -3.642214996008123e-11 -0.7071067763880986 -0.7071067859849964
  outer loop
    vertex 9391.397600743267 10067.94377159175 88.83116102259574
    vertex 9350.397600763321 10067.74377159068 89.03116102306059
    vertex 9350.597600762996 10067.943771591752 88.83116102397025
  endloop
endfacet
facet normal 4.200867170327956e-08 -0.7071067488738478 -0.7071068134992446
  outer loop
    vertex 9350.397600767754 10095.636398076083 89.03116099650038
    vertex 9354.54760075567 10095.83639808105 88.83116125688521
    vertex 9354.747600753799 10095.63639806878 89.03116125187654
  endloop
endfacet
facet normal 4.200867170327956e-08 -0.7071067488738478 -0.7071068134992446
  outer loop
    vertex 9354.54760075567 10095.83639808105 88.83116125688521
    vertex 9350.397600767754 10095.636398076083 89.03116099650038
    vertex 9350.59760076743 10095.83639808768 88.831161004183
  endloop
endfacet
facet normal 0.2705980477052393 -0.6532814773642377 -0.7071067867804071
  outer loop
    vertex 9354.34760075317 10071.26582093095 89.03116100138325
    vertex 9354.5124531355 10071.550583463633 88.8311610043778
    vertex 9354.564663612648 10071.355731311232 89.03116100118689
  endloop
endfacet
facet normal 0.2705980477052393 -0.6532814773642377 -0.7071067867804071
  outer loop
    vertex 9354.5124531355 10071.550583463633 88.8311610043778
    vertex 9354.34760075317 10071.26582093095 89.03116100138325
    vertex 9354.246737856933 10071.440520591523 88.83116100438212
  endloop
endfacet
facet normal 0.5609855235916537 -0.43045933152893934 -0.7071067855849333
  outer loop
    vertex 9354.018177889762 10070.936398067543 89.03116100168354
    vertex 9354.018562974372 10071.265435846155 88.8311610041742
    vertex 9354.1612046501 10071.122794170611 89.03116100155073
  endloop
endfacet
facet normal 0.5609855235916537 -0.43045933152893934 -0.7071067855849333
  outer loop
    vertex 9354.018562974372 10071.265435846155 88.8311610041742
    vertex 9354.018177889762 10070.936398067543 89.03116100168354
    vertex 9353.843478229008 10071.0372609636 88.83116100374826
  endloop
endfacet
facet normal 0.092295952600155 -0.7010573810051794 -0.7071067851971077
  outer loop
    vertex 9354.564663612648 10071.355731311232 89.03116100118689
    vertex 9354.54760075567 10071.555210735614 88.8311610028589
    vertex 9354.747600755847 10071.379815443037 89.0311610007913
  endloop
endfacet
facet normal 0.092295952600155 -0.7010573810051794 -0.7071067851971077
  outer loop
    vertex 9354.54760075567 10071.555210735614 88.8311610028589
    vertex 9354.564663612648 10071.355731311232 89.03116100118689
    vertex 9354.5124531355 10071.550583463633 88.8311610043778
  endloop
endfacet
facet normal 0.4304593315176205 -0.5609855226363544 -0.7071067863497138
  outer loop
    vertex 9354.1612046501 10071.122794170611 89.03116100155073
    vertex 9354.246737856933 10071.440520591523 88.83116100438212
    vertex 9354.34760075317 10071.26582093095 89.03116100138325
  endloop
endfacet
facet normal 0.4304593315176205 -0.5609855226363544 -0.7071067863497138
  outer loop
    vertex 9354.246737856933 10071.440520591523 88.83116100438212
    vertex 9354.1612046501 10071.122794170611 89.03116100155073
    vertex 9354.018562974372 10071.265435846155 88.8311610041742
  endloop
endfacet
facet normal 0.7071067792643545 2.910828099522196e-09 -0.7071067831087405
  outer loop
    vertex 9391.59760074409 10067.743771590678 89.03116102021914
    vertex 9391.397600770699 10100.529024534182 88.83116118287082
    vertex 9391.597600771858 10100.729024535252 89.03116118505385
  endloop
endfacet
facet normal 0.7071067792643545 2.910828099522196e-09 -0.7071067831087405
  outer loop
    vertex 9391.397600770699 10100.529024534182 88.83116118287082
    vertex 9391.59760074409 10067.743771590678 89.03116102021914
    vertex 9391.397600743267 10067.94377159175 88.83116102259574
  endloop
endfacet
facet normal 0.7010573827724038 -0.09229595429339707 -0.7071067832239898
  outer loop
    vertex 9353.897600753167 10070.486398067542 89.03116100179325
    vertex 9353.733415356892 10070.771545685022 88.83116100313318
    vertex 9353.928267509507 10070.719335208134 89.03116100176584
  endloop
endfacet
facet normal 0.7010573827724038 -0.09229595429339707 -0.7071067832239898
  outer loop
    vertex 9353.733415356892 10070.771545685022 88.83116100313318
    vertex 9353.897600753167 10070.486398067542 89.03116100179325
    vertex 9353.69587496087 10070.486398067542 88.83116100237083
  endloop
endfacet
facet normal -1.0942520863085756e-09 0.7071067835960041 -0.7071067787770909
  outer loop
    vertex 9354.747600755847 10072.83639806167 89.03116100056037
    vertex 9350.597600759149 10072.636398058537 88.83116100248503
    vertex 9350.397600759145 10072.836398058409 89.03116100406164
  endloop
endfacet
facet normal -1.0942520863085756e-09 0.7071067835960041 -0.7071067787770909
  outer loop
    vertex 9350.597600759149 10072.636398058537 88.83116100248503
    vertex 9354.747600755847 10072.83639806167 89.03116100056037
    vertex 9354.54760075567 10072.636398061499 88.83116099936781
  endloop
endfacet
facet normal 0.7071067801263403 -8.833800706361071e-10 -0.7071067822467547
  outer loop
    vertex 9354.54760075567 10071.555210735614 88.8311610028589
    vertex 9354.747600755847 10072.83639806167 89.03116100056037
    vertex 9354.747600755847 10071.379815443037 89.0311610007913
  endloop
endfacet
facet normal 0.7071067801263403 -8.833800706361071e-10 -0.7071067822467547
  outer loop
    vertex 9354.747600755847 10072.83639806167 89.03116100056037
    vertex 9354.54760075567 10071.555210735614 88.8311610028589
    vertex 9354.54760075567 10072.636398061499 88.83116099936781
  endloop
endfacet
facet normal 0.7010573838813265 0.09229595685122166 -0.707106781790691
  outer loop
    vertex 9353.733415356892 10070.201250450064 88.83116100151173
    vertex 9353.897600753167 10070.486398067542 89.03116100179325
    vertex 9353.928267509507 10070.253460926951 89.0311610017658
  endloop
endfacet
facet normal 0.7010573838813265 0.09229595685122166 -0.707106781790691
  outer loop
    vertex 9353.897600753167 10070.486398067542 89.03116100179325
    vertex 9353.733415356892 10070.201250450064 88.83116100151173
    vertex 9353.69587496087 10070.486398067542 88.83116100237083
  endloop
endfacet
facet normal -0.09229595701099902 0.7010573901489177 -0.7071067755558649
  outer loop
    vertex 9354.860709445544 10069.392980692422 88.83116099777362
    vertex 9355.030537893792 10069.617064823895 89.03116100076231
    vertex 9355.08274837047 10069.42221267145 88.83116099758882
  endloop
endfacet
facet normal -0.09229595701099902 0.7010573901489177 -0.7071067755558649
  outer loop
    vertex 9355.030537893792 10069.617064823895 89.03116100076231
    vertex 9354.860709445544 10069.392980692422 88.83116099777362
    vertex 9354.847600753103 10069.592980692421 89.03116100095144
  endloop
endfacet
facet normal 0.43045933565279887 0.5609855304343951 -0.7071067776457749
  outer loop
    vertex 9354.246737856927 10069.532275543566 88.83116099896046
    vertex 9354.1612046501 10069.850001964474 89.03116100155064
    vertex 9354.347600753168 10069.706975204137 89.03116100138315
  endloop
endfacet
facet normal 0.43045933565279887 0.5609855304343951 -0.7071067776457749
  outer loop
    vertex 9354.1612046501 10069.850001964474 89.03116100155064
    vertex 9354.246737856927 10069.532275543566 88.83116099896046
    vertex 9354.018562974372 10069.70736028893 88.8311609997459
  endloop
endfacet
facet normal -0.7010573865284973 0.09229595698776351 -0.707106779148345
  outer loop
    vertex 9355.86178614908 10070.201250450064 88.83116099881612
    vertex 9355.697600753167 10070.486398067542 89.03116100015596
    vertex 9355.899326545103 10070.486398067542 88.83116099957847
  endloop
endfacet
facet normal -0.7010573865284973 0.09229595698776351 -0.707106779148345
  outer loop
    vertex 9355.697600753167 10070.486398067542 89.03116100015596
    vertex 9355.86178614908 10070.201250450064 88.83116099881612
    vertex 9355.666933996827 10070.253460926951 89.03116100018481
  endloop
endfacet
facet normal 0.09229595524343825 0.7010573900288681 -0.7071067759056002
  outer loop
    vertex 9354.734492060428 10069.392980692422 88.83116099788624
    vertex 9354.564663612604 10069.617064823871 89.03116100118679
    vertex 9354.747600753104 10069.592980692421 89.03116100099764
  endloop
endfacet
facet normal 0.09229595524343825 0.7010573900288681 -0.7071067759056002
  outer loop
    vertex 9354.564663612604 10069.617064823871 89.03116100118679
    vertex 9354.734492060428 10069.392980692422 88.83116099788624
    vertex 9354.512453135501 10069.42221267145 88.83116099831362
  endloop
endfacet
facet normal -0.4304593376356394 0.5609855309589336 -0.7071067760225538
  outer loop
    vertex 9355.348463649045 10069.532275543566 88.83116099756572
    vertex 9355.433996856238 10069.850001964476 89.03116100039703
    vertex 9355.5766385316 10069.70736028893 88.83116099777509
  endloop
endfacet
facet normal -0.4304593376356394 0.5609855309589336 -0.7071067760225538
  outer loop
    vertex 9355.433996856238 10069.850001964476 89.03116100039703
    vertex 9355.348463649045 10069.532275543566 88.83116099756572
    vertex 9355.247600753168 10069.706975204137 89.03116100056594
  endloop
endfacet
facet normal -0.6532814821779863 -0.27059804842986146 -0.7071067820557824
  outer loop
    vertex 9355.666933996827 10070.719335208136 89.03116100018485
    vertex 9355.751723276964 10071.0372609636 88.83116100133276
    vertex 9355.86178614908 10070.771545685022 88.83116100043756
  endloop
endfacet
facet normal -0.6532814821779863 -0.27059804842986146 -0.7071067820557824
  outer loop
    vertex 9355.751723276964 10071.0372609636 88.83116100133276
    vertex 9355.666933996827 10070.719335208136 89.03116100018485
    vertex 9355.577023616574 10070.936398067543 89.03116100026571
  endloop
endfacet
facet normal 0.2705980507209661 0.6532814871023119 -0.707106776629531
  outer loop
    vertex 9354.512453135501 10069.42221267145 88.83116099831362
    vertex 9354.347600753168 10069.706975204137 89.03116100138315
    vertex 9354.564663612604 10069.617064823871 89.03116100118679
  endloop
endfacet
facet normal 0.2705980507209661 0.6532814871023119 -0.707106776629531
  outer loop
    vertex 9354.347600753168 10069.706975204137 89.03116100138315
    vertex 9354.512453135501 10069.42221267145 88.83116099831362
    vertex 9354.246737856927 10069.532275543566 88.83116099896046
  endloop
endfacet
facet normal -0.5609855299988943 0.4304593376307242 -0.7071067767871964
  outer loop
    vertex 9355.5766385316 10069.70736028893 88.83116099777509
    vertex 9355.577023616574 10070.036398067541 89.0311610002671
    vertex 9355.751723276962 10069.935535171484 88.83116099820103
  endloop
endfacet
facet normal -0.5609855299988943 0.4304593376307242 -0.7071067767871964
  outer loop
    vertex 9355.577023616574 10070.036398067541 89.0311610002671
    vertex 9355.5766385316 10069.70736028893 88.83116099777509
    vertex 9355.433996856238 10069.850001964476 89.03116100039703
  endloop
endfacet
facet normal -0.4304593335016517 -0.5609855231573916 -0.7071067847285456
  outer loop
    vertex 9355.433996856236 10071.12279417061 89.0311610003971
    vertex 9355.34846364904 10071.440520591523 88.83116100298884
    vertex 9355.5766385316 10071.265435846155 88.83116100220339
  endloop
endfacet
facet normal -0.4304593335016517 -0.5609855231573916 -0.7071067847285456
  outer loop
    vertex 9355.34846364904 10071.440520591523 88.83116100298884
    vertex 9355.433996856236 10071.12279417061 89.0311610003971
    vertex 9355.247600753164 10071.26582093095 89.03116100056604
  endloop
endfacet
facet normal -0.27059805246243984 0.6532814874868684 -0.7071067756078139
  outer loop
    vertex 9355.08274837047 10069.42221267145 88.83116099758882
    vertex 9355.247600753168 10069.706975204137 89.03116100056594
    vertex 9355.348463649045 10069.532275543566 88.83116099756572
  endloop
endfacet
facet normal -0.27059805246243984 0.6532814874868684 -0.7071067756078139
  outer loop
    vertex 9355.247600753168 10069.706975204137 89.03116100056594
    vertex 9355.08274837047 10069.42221267145 88.83116099758882
    vertex 9355.030537893792 10069.617064823895 89.03116100076231
  endloop
endfacet
facet normal 0.6532814827000039 0.27059805171852 -0.707106780314986
  outer loop
    vertex 9353.843478229008 10069.935535171486 88.83116100061655
    vertex 9353.928267509507 10070.253460926951 89.0311610017658
    vertex 9354.018177889762 10070.036398067545 89.03116100168349
  endloop
endfacet
facet normal 0.6532814827000039 0.27059805171852 -0.707106780314986
  outer loop
    vertex 9353.928267509507 10070.253460926951 89.0311610017658
    vertex 9353.843478229008 10069.935535171486 88.83116100061655
    vertex 9353.733415356892 10070.201250450064 88.83116100151173
  endloop
endfacet
facet normal 0.5609855277302823 0.43045933711226353 -0.7071067789026262
  outer loop
    vertex 9354.018562974372 10069.70736028893 88.8311609997459
    vertex 9354.018177889762 10070.036398067545 89.03116100168349
    vertex 9354.1612046501 10069.850001964474 89.03116100155064
  endloop
endfacet
facet normal 0.5609855277302823 0.43045933711226353 -0.7071067789026262
  outer loop
    vertex 9354.018177889762 10070.036398067545 89.03116100168349
    vertex 9354.018562974372 10069.70736028893 88.8311609997459
    vertex 9353.843478229008 10069.935535171486 88.83116100061655
  endloop
endfacet
facet normal -0.6532814852086345 0.27059805209371984 -0.7071067778537307
  outer loop
    vertex 9355.751723276962 10069.935535171484 88.83116099820103
    vertex 9355.666933996827 10070.253460926951 89.03116100018481
    vertex 9355.86178614908 10070.201250450064 88.83116099881612
  endloop
endfacet
facet normal -0.6532814852086345 0.27059805209371984 -0.7071067778537307
  outer loop
    vertex 9355.666933996827 10070.253460926951 89.03116100018481
    vertex 9355.751723276962 10069.935535171484 88.83116099820103
    vertex 9355.577023616574 10070.036398067541 89.0311610002671
  endloop
endfacet
facet normal -0.27059804945132426 -0.653281477745397 -0.707106785760064
  outer loop
    vertex 9355.247600753164 10071.26582093095 89.03116100056604
    vertex 9355.082748370472 10071.550583463633 88.8311610036559
    vertex 9355.34846364904 10071.440520591523 88.83116100298884
  endloop
endfacet
facet normal -0.27059804945132426 -0.653281477745397 -0.707106785760064
  outer loop
    vertex 9355.082748370472 10071.550583463633 88.8311610036559
    vertex 9355.247600753164 10071.26582093095 89.03116100056604
    vertex 9355.030537893692 10071.35573131123 89.0311610007653
  endloop
endfacet
facet normal -5.135941992606042e-10 0.7071067867455945 -0.7071067756275006
  outer loop
    vertex 9354.847600753103 10069.592980692421 89.03116100095144
    vertex 9354.734492060428 10069.392980692422 88.83116099788624
    vertex 9354.747600753104 10069.592980692421 89.03116100099764
  endloop
endfacet
facet normal -5.135941992606042e-10 0.7071067867455945 -0.7071067756275006
  outer loop
    vertex 9354.734492060428 10069.392980692422 88.83116099788624
    vertex 9354.847600753103 10069.592980692421 89.03116100095144
    vertex 9354.860709445544 10069.392980692422 88.83116099777362
  endloop
endfacet
facet normal -0.5609855258611667 -0.4304593320435839 -0.707106783471112
  outer loop
    vertex 9355.577023616574 10070.936398067543 89.03116100026571
    vertex 9355.5766385316 10071.265435846155 88.83116100220339
    vertex 9355.751723276964 10071.0372609636 88.83116100133276
  endloop
endfacet
facet normal -0.5609855258611667 -0.4304593320435839 -0.707106783471112
  outer loop
    vertex 9355.5766385316 10071.265435846155 88.83116100220339
    vertex 9355.577023616574 10070.936398067543 89.03116100026571
    vertex 9355.433996856236 10071.12279417061 89.0311610003971
  endloop
endfacet
facet normal -0.7010573854198512 -0.09229595442978321 -0.7071067805813896
  outer loop
    vertex 9355.697600753167 10070.486398067542 89.03116100015596
    vertex 9355.86178614908 10070.771545685022 88.83116100043756
    vertex 9355.899326545103 10070.486398067542 88.83116099957847
  endloop
endfacet
facet normal -0.7010573854198512 -0.09229595442978321 -0.7071067805813896
  outer loop
    vertex 9355.86178614908 10070.771545685022 88.83116100043756
    vertex 9355.697600753167 10070.486398067542 89.03116100015596
    vertex 9355.666933996827 10070.719335208136 89.03116100018485
  endloop
endfacet
facet normal -1.9351997940774026e-11 -0.7071067732461652 -0.7071067891269298
  outer loop
    vertex 9386.397601177554 10094.337910347598 89.03116132093305
    vertex 9375.597601177555 10094.53791034954 88.8311613237731
    vertex 9386.597601177555 10094.53791034954 88.83116132319269
  endloop
endfacet
facet normal -1.9351997940774026e-11 -0.7071067732461652 -0.7071067891269298
  outer loop
    vertex 9375.597601177555 10094.53791034954 88.8311613237731
    vertex 9386.397601177554 10094.337910347598 89.03116132093305
    vertex 9375.797601177554 10094.337910347598 89.03116132093305
  endloop
endfacet
facet normal -0.6935199211272324 0.13794971755825106 -0.7071067772446226
  outer loop
    vertex 9350.647646047448 10107.904413837612 88.83116135055255
    vertex 9350.602045824211 10108.700332204859 89.03116138129299
    vertex 9350.795645501068 10108.648457329413 88.83116137917928
  endloop
endfacet
facet normal -0.6935199211272324 0.13794971755825106 -0.7071067772446226
  outer loop
    vertex 9350.602045824211 10108.700332204859 89.03116138129299
    vertex 9350.647646047448 10107.904413837612 88.83116135055255
    vertex 9350.448931612445 10107.930575087656 89.03116135195447
  endloop
endfacet
facet normal -0.6695807126201007 0.2272920526824359 -0.7071067755824173
  outer loop
    vertex 9350.795645501068 10108.648457329413 88.83116137917928
    vertex 9350.854323588088 10109.443518528284 89.03116140953132
    vertex 9351.039495962657 10109.36681762098 88.83116140674045
  endloop
endfacet
facet normal -0.6695807126201007 0.2272920526824359 -0.7071067755824173
  outer loop
    vertex 9350.854323588088 10109.443518528284 89.03116140953132
    vertex 9350.795645501068 10108.648457329413 88.83116137917928
    vertex 9350.602045824211 10108.700332204859 89.03116138129299
  endloop
endfacet
facet normal -0.7055928117523136 0.04624702457635541 -0.7071067788681553
  outer loop
    vertex 9350.597600779287 10107.140870613566 88.83116132098156
    vertex 9350.448931612445 10107.930575087656 89.03116135195447
    vertex 9350.647646047448 10107.904413837612 88.83116135055255
  endloop
endfacet
facet normal -0.7055928117523136 0.04624702457635541 -0.7071067788681553
  outer loop
    vertex 9350.448931612445 10107.930575087656 89.03116135195447
    vertex 9350.597600779287 10107.140870613566 88.83116132098156
    vertex 9350.397600779466 10107.147417935226 89.03116132201818
  endloop
endfacet
facet normal -0.7071067882388571 7.159835580331612e-08 -0.7071067741342344
  outer loop
    vertex 9350.397600779466 10107.147417935226 89.03116132201818
    vertex 9350.597600764197 10104.229024534267 88.83116103767735
    vertex 9350.397600763306 10104.029024535792 89.0311610257412
  endloop
endfacet
facet normal -0.7071067882388571 7.159835580331612e-08 -0.7071067741342344
  outer loop
    vertex 9350.597600764197 10104.229024534267 88.83116103767735
    vertex 9350.397600779466 10107.147417935226 89.03116132201818
    vertex 9350.597600779287 10107.140870613566 88.83116132098156
  endloop
endfacet
facet normal -2.0773288343349003e-10 -0.707106766791291 -0.7071067955818039
  outer loop
    vertex 9350.397600763306 10104.029024535792 89.0311610257412
    vertex 9391.397600771394 10104.229024550892 88.83116100672757
    vertex 9391.597600772175 10104.02902455258 89.0311609991633
  endloop
endfacet
facet normal -2.0773288343349003e-10 -0.707106766791291 -0.7071067955818039
  outer loop
    vertex 9391.397600771394 10104.229024550892 88.83116100672757
    vertex 9350.397600763306 10104.029024535792 89.0311610257412
    vertex 9350.597600764197 10104.229024534267 88.83116103767735
  endloop
endfacet
facet normal -0.5879377954829328 0.39284750328505724 -0.7071067725636392
  outer loop
    vertex 9351.37502508322 10110.047203368566 88.8311614327683
    vertex 9351.637480743615 10110.799986507689 89.03116146080444
    vertex 9351.79649186646 10110.677972983356 88.83116145681375
  endloop
endfacet
facet normal -0.5879377954829328 0.39284750328505724 -0.7071067725636392
  outer loop
    vertex 9351.637480743615 10110.799986507689 89.03116146080444
    vertex 9351.37502508322 10110.047203368566 88.8311614327683
    vertex 9351.201448361595 10110.14741793389 89.03116143618722
  endloop
endfacet
facet normal -0.5316310199189107 0.46622791925807017 -0.7071067712617872
  outer loop
    vertex 9351.79649186646 10110.677972983356 88.83116145681375
    vertex 9352.154960099202 10111.39005862046 89.03116148295994
    vertex 9352.296684898885 10111.24833382239 88.83116147846825
  endloop
endfacet
facet normal -0.5316310199189107 0.46622791925807017 -0.7071067712617872
  outer loop
    vertex 9352.154960099202 10111.39005862046 89.03116148295994
    vertex 9351.79649186646 10110.677972983356 88.83116145681375
    vertex 9351.637480743615 10110.799986507689 89.03116146080444
  endloop
endfacet
facet normal -0.6341847927118968 0.312745357816273 -0.7071067740146039
  outer loop
    vertex 9351.039495962657 10109.36681762098 88.83116140674045
    vertex 9351.201448361595 10110.14741793389 89.03116143618722
    vertex 9351.37502508322 10110.047203368566 88.8311614327683
  endloop
endfacet
facet normal -0.6341847927118968 0.312745357816273 -0.7071067740146039
  outer loop
    vertex 9351.201448361595 10110.14741793389 89.03116143618722
    vertex 9351.039495962657 10109.36681762098 88.83116140674045
    vertex 9350.854323588088 10109.443518528284 89.03116140953132
  endloop
endfacet
facet normal -0.46622789059038344 0.5316310465678756 -0.7071067701279536
  outer loop
    vertex 9352.296684898885 10111.24833382239 88.83116147846825
    vertex 9352.745032213104 10111.907537974748 89.03116150227687
    vertex 9352.86704573902 10111.748526853564 88.83116149735925
  endloop
endfacet
facet normal -0.46622789059038344 0.5316310465678756 -0.7071067701279536
  outer loop
    vertex 9352.745032213104 10111.907537974748 89.03116150227687
    vertex 9352.296684898885 10111.24833382239 88.83116147846825
    vertex 9352.154960099202 10111.39005862046 89.03116148295994
  endloop
endfacet
facet normal -0.09229596077178626 0.7010573961223239 -0.7071067691426806
  outer loop
    vertex 9373.597607729092 10109.847555732264 88.83116146557771
    vertex 9374.679471339112 10110.19171156859 89.03116146455113
    vertex 9374.879471337621 10110.016316277894 88.83116145997857
  endloop
endfacet
facet normal -0.09229596077178626 0.7010573961223239 -0.7071067691426806
  outer loop
    vertex 9374.679471339112 10110.19171156859 89.03116146455113
    vertex 9373.597607729092 10109.847555732264 88.83116146557771
    vertex 9373.597607730277 10110.049281522439 89.0311614712288
  endloop
endfacet
facet normal -0.04624699547290784 0.7055928250347376 -0.7071067675176267
  outer loop
    vertex 9355.640604887292 10112.897372666484 88.83116153965179
    vertex 9356.39760079027 10113.147417931 89.03116154668895
    vertex 9356.404148111003 10112.947417932939 88.83116154099743
  endloop
endfacet
facet normal -0.04624699547290784 0.7055928250347376 -0.7071067675176267
  outer loop
    vertex 9356.39760079027 10113.147417931 89.03116154668895
    vertex 9355.640604887292 10112.897372666484 88.83116153965179
    vertex 9355.614443635755 10113.096087099613 89.03116154537796
  endloop
endfacet
facet normal -0.31274532691038665 0.6341848141715081 -0.7071067684373876
  outer loop
    vertex 9353.497815354738 10112.16999363542 88.83116151316337
    vertex 9354.101500194229 10112.690695127294 89.03116153112308
    vertex 9354.178201103054 10112.505522754484 88.83116152561492
  endloop
endfacet
facet normal -0.31274532691038665 0.6341848141715081 -0.7071067684373876
  outer loop
    vertex 9354.101500194229 10112.690695127294 89.03116153112308
    vertex 9353.497815354738 10112.16999363542 88.83116151316337
    vertex 9353.397600787868 10112.343570355339 89.03116151842174
  endloop
endfacet
facet normal 0.6532814826143278 0.2705980589070719 -0.7071067776432006
  outer loop
    vertex 9369.802921880702 10112.03841862832 88.83116151626469
    vertex 9369.560037776399 10113.147417913904 89.03116153139598
    vertex 9369.977621542464 10112.139281522439 89.0311615184968
  endloop
endfacet
facet normal 0.6532814826143278 0.2705980589070719 -0.7071067776432006
  outer loop
    vertex 9369.560037776399 10113.147417913904 89.03116153139598
    vertex 9369.802921880702 10112.03841862832 88.83116151626469
    vertex 9369.42640204755 10112.947417916022 88.8311615270732
  endloop
endfacet
facet normal 0.5609855257618054 0.4304593449520923 -0.7071067756917383
  outer loop
    vertex 9370.49925970819 10111.130933503471 88.83116150162716
    vertex 9369.977621542464 10112.139281522439 89.0311615184968
    vertex 9370.641901384924 10111.273575177076 89.0311615051385
  endloop
endfacet
facet normal 0.5609855257618054 0.4304593449520923 -0.7071067756917383
  outer loop
    vertex 9369.977621542464 10112.139281522439 89.0311615184968
    vertex 9370.49925970819 10111.130933503471 88.83116150162716
    vertex 9369.802921880702 10112.03841862832 88.83116151626469
  endloop
endfacet
facet normal -0.2272920217039458 0.6695807312400278 -0.7071067679083567
  outer loop
    vertex 9354.178201103054 10112.505522754484 88.83116152561492
    vertex 9354.844686518207 10112.94297288954 89.03116154015852
    vertex 9354.896561395155 10112.749373214498 88.831161534493
  endloop
endfacet
facet normal -0.2272920217039458 0.6695807312400278 -0.7071067679083567
  outer loop
    vertex 9354.844686518207 10112.94297288954 89.03116154015852
    vertex 9354.178201103054 10112.505522754484 88.83116152561492
    vertex 9354.101500194229 10112.690695127294 89.03116153112308
  endloop
endfacet
facet normal 0.0922959512713864 0.7010573981280331 -0.7071067683941814
  outer loop
    vertex 9373.597607729092 10109.847555732264 88.83116146557771
    vertex 9372.515744121754 10110.191711568548 89.03116148067285
    vertex 9373.597607730277 10110.049281522439 89.0311614712288
  endloop
endfacet
facet normal 0.0922959512713864 0.7010573981280331 -0.7071067683941814
  outer loop
    vertex 9372.515744121754 10110.191711568548 89.03116148067285
    vertex 9373.597607729092 10109.847555732264 88.83116146557771
    vertex 9372.463533643673 10109.99685941806 88.83116147539282
  endloop
endfacet
facet normal 0.270598047328869 0.6532814955422488 -0.7071067701301453
  outer loop
    vertex 9372.463533643673 10109.99685941806 88.83116147539282
    vertex 9371.507607730284 10110.609295334618 89.0311614922379
    vertex 9372.515744121754 10110.191711568548 89.03116148067285
  endloop
endfacet
facet normal 0.270598047328869 0.6532814955422488 -0.7071067701301453
  outer loop
    vertex 9371.507607730284 10110.609295334618 89.0311614922379
    vertex 9372.463533643673 10109.99685941806 88.83116147539282
    vertex 9371.406744833033 10110.43459567599 88.831161487687
  endloop
endfacet
facet normal -0.13794968720956746 0.6935199369944758 -0.7071067676029986
  outer loop
    vertex 9354.896561395155 10112.749373214498 88.831161534493
    vertex 9355.614443635755 10113.096087099613 89.03116154537796
    vertex 9355.640604887292 10112.897372666484 88.83116153965179
  endloop
endfacet
facet normal -0.13794968720956746 0.6935199369944758 -0.7071067676029986
  outer loop
    vertex 9355.614443635755 10113.096087099613 89.03116154537796
    vertex 9354.896561395155 10112.749373214498 88.831161534493
    vertex 9354.844686518207 10112.94297288954 89.03116154015852
  endloop
endfacet
facet normal 0.4304593330527334 0.5609855387646472 -0.7071067726197613
  outer loop
    vertex 9371.406744833033 10110.43459567599 88.831161487687
    vertex 9370.641901384924 10111.273575177076 89.0311615051385
    vertex 9371.507607730284 10110.609295334618 89.0311614922379
  endloop
endfacet
facet normal 0.4304593330527334 0.5609855387646472 -0.7071067726197613
  outer loop
    vertex 9370.641901384924 10111.273575177076 89.0311615051385
    vertex 9371.406744833033 10110.43459567599 88.831161487687
    vertex 9370.49925970819 10111.130933503471 88.83116150162716
  endloop
endfacet
facet normal 0.31274532881524325 -0.6341847906647846 -0.7071067886774307
  outer loop
    vertex 9387.893701322928 10047.506004338935 89.03116077734374
    vertex 9388.497386160545 10048.026705835236 88.83116077924679
    vertex 9388.597600728948 10047.853129111301 89.03116077745928
  endloop
endfacet
facet normal 0.31274532881524325 -0.6341847906647846 -0.7071067886774307
  outer loop
    vertex 9388.497386160545 10048.026705835236 88.83116077924679
    vertex 9387.893701322928 10047.506004338935 89.03116077734374
    vertex 9387.817000412582 10047.691176715785 88.83116077911104
  endloop
endfacet
facet normal -0.707106785630355 7.027674164567621e-09 -0.7071067767427401
  outer loop
    vertex 9374.679471339112 10110.19171156859 89.03116146455113
    vertex 9374.879471337621 10118.442246770866 88.83116154548807
    vertex 9374.879471337621 10110.016316277894 88.83116145997857
  endloop
endfacet
facet normal -0.707106785630355 7.027674164567621e-09 -0.7071067767427401
  outer loop
    vertex 9374.879471337621 10118.442246770866 88.83116154548807
    vertex 9374.679471339112 10110.19171156859 89.03116146455113
    vertex 9374.679471339112 10118.266851476286 89.03116154296278
  endloop
endfacet
facet normal -0.39284747317061436 0.587937819676244 -0.7071067691783242
  outer loop
    vertex 9352.86704573902 10111.748526853564 88.83116149735925
    vertex 9353.397600787868 10112.343570355339 89.03116151842174
    vertex 9353.497815354738 10112.16999363542 88.83116151316337
  endloop
endfacet
facet normal -0.39284747317061436 0.587937819676244 -0.7071067691783242
  outer loop
    vertex 9353.397600787868 10112.343570355339 89.03116151842174
    vertex 9352.86704573902 10111.748526853564 88.83116149735925
    vertex 9352.745032213104 10111.907537974748 89.03116150227687
  endloop
endfacet
facet normal 0.09229594967620615 -0.7010573716635993 -0.707106794840421
  outer loop
    vertex 9372.51574412176 10118.266851476326 89.03116155908451
    vertex 9373.597607729092 10118.611007316495 88.83116155805658
    vertex 9373.597607730282 10118.409281522436 89.03116155240683
  endloop
endfacet
facet normal 0.09229594967620615 -0.7010573716635993 -0.707106794840421
  outer loop
    vertex 9373.597607729092 10118.611007316495 88.83116155805658
    vertex 9372.51574412176 10118.266851476326 89.03116155908451
    vertex 9372.463533643684 10118.461703630703 88.8311615647198
  endloop
endfacet
facet normal -0.09229596063328947 -0.7010573723144949 -0.7071067927649076
  outer loop
    vertex 9374.679471339112 10118.266851476286 89.03116154296278
    vertex 9373.597607729092 10118.611007316495 88.83116155805658
    vertex 9374.879471337621 10118.442246770866 88.83116154548807
  endloop
endfacet
facet normal -0.09229596063328947 -0.7010573723144949 -0.7071067927649076
  outer loop
    vertex 9373.597607729092 10118.611007316495 88.83116155805658
    vertex 9374.679471339112 10118.266851476286 89.03116154296278
    vertex 9373.597607730282 10118.409281522436 89.03116155240683
  endloop
endfacet
facet normal 1.292770093277537e-10 0.7071067936036207 -0.7071067687694742
  outer loop
    vertex 9369.560037776399 10113.147417913904 89.03116153139598
    vertex 9356.404148111003 10112.947417932939 88.83116154099743
    vertex 9356.39760079027 10113.147417931 89.03116154668895
  endloop
endfacet
facet normal 1.292770093277537e-10 0.7071067936036207 -0.7071067687694742
  outer loop
    vertex 9356.404148111003 10112.947417932939 88.83116154099743
    vertex 9369.560037776399 10113.147417913904 89.03116153139598
    vertex 9369.42640204755 10112.947417916022 88.8311615270732
  endloop
endfacet
facet normal -1.6884787840850419e-09 -0.7071067695226086 -0.7071067928504863
  outer loop
    vertex 9362.597600780075 10115.311145130967 89.03116156885177
    vertex 9369.42640204762 10115.511145132907 88.83116155719729
    vertex 9369.560037776397 10115.311145130965 89.03116155240374
  endloop
endfacet
facet normal -1.6884787840850419e-09 -0.7071067695226086 -0.7071067928504863
  outer loop
    vertex 9369.42640204762 10115.511145132907 88.83116155719729
    vertex 9362.597600780075 10115.311145130967 89.03116156885177
    vertex 9362.797600781765 10115.511145132908 88.83116157321219
  endloop
endfacet
facet normal 0.653281475044761 -0.2705980425755243 -0.7071067908863811
  outer loop
    vertex 9369.560037776397 10115.311145130965 89.03116155240374
    vertex 9369.802921880702 10116.420144420435 88.8311615625034
    vertex 9369.977621542464 10116.319281522437 89.03116155908293
  endloop
endfacet
facet normal 0.653281475044761 -0.2705980425755243 -0.7071067908863811
  outer loop
    vertex 9369.802921880702 10116.420144420435 88.8311615625034
    vertex 9369.560037776397 10115.311145130965 89.03116155240374
    vertex 9369.42640204762 10115.511145132907 88.83116155719729
  endloop
endfacet
facet normal -0.27059805683446764 0.65328149263054 -0.7071067691825783
  outer loop
    vertex 9369.10847067042 10120.272644199405 88.83116163048317
    vertex 9370.739287031187 10121.164628892366 89.03116162978291
    vertex 9370.791497507418 10120.969776741125 88.83116162414771
  endloop
endfacet
facet normal -0.27059805683446764 0.65328149263054 -0.7071067691825783
  outer loop
    vertex 9370.739287031187 10121.164628892366 89.03116162978291
    vertex 9369.10847067042 10120.272644199405 88.83116163048317
    vertex 9369.00760777502 10120.447343858781 89.03116163571987
  endloop
endfacet
facet normal -0.43045934136880776 0.5609855354138067 -0.7071067702156563
  outer loop
    vertex 9367.663222760986 10119.163666474175 88.83116163123965
    vertex 9369.00760777502 10120.447343858781 89.03116163571987
    vertex 9369.10847067042 10120.272644199405 88.83116163048317
  endloop
endfacet
facet normal -0.43045934136880776 0.5609855354138067 -0.7071067702156563
  outer loop
    vertex 9369.00760777502 10120.447343858781 89.03116163571987
    vertex 9367.663222760986 10119.163666474175 88.83116163123965
    vertex 9367.520581086099 10119.306308148527 89.0311616357198
  endloop
endfacet
facet normal -2.60350641915449e-09 0.7071067929149473 -0.7071067694581477
  outer loop
    vertex 9385.597600784471 10121.409281460263 89.0311615709197
    vertex 9372.61071646693 10121.209281460804 88.83116161264334
    vertex 9372.597607776537 10121.40928145981 89.03116161831176
  endloop
endfacet
facet normal -2.60350641915449e-09 0.7071067929149473 -0.7071067694581477
  outer loop
    vertex 9372.61071646693 10121.209281460804 88.83116161264334
    vertex 9385.597600784471 10121.409281460263 89.0311615709197
    vertex 9385.591053464761 10121.209281461259 88.8311615652845
  endloop
endfacet
facet normal 0.13794968893038842 0.6935199344376818 -0.7071067697749489
  outer loop
    vertex 9387.098640180213 10121.01123674198 88.8311615599077
    vertex 9386.380757940778 10121.357950628315 89.03116156859805
    vertex 9387.150515057998 10121.204836417812 89.03116156520505
  endloop
endfacet
facet normal 0.13794968893038842 0.6935199344376818 -0.7071067697749489
  outer loop
    vertex 9386.380757940778 10121.357950628315 89.03116156859805
    vertex 9387.098640180213 10121.01123674198 88.8311615599077
    vertex 9386.354596688432 10121.159236194375 88.83116156307113
  endloop
endfacet
facet normal 0.5609855198143143 -0.43045932603039966 -0.7071067919289968
  outer loop
    vertex 9369.977621542464 10116.319281522437 89.03116155908293
    vertex 9370.499259708191 10117.327629545287 88.83116156702118
    vertex 9370.641901384924 10117.184987867799 89.03116156254094
  endloop
endfacet
facet normal 0.5609855198143143 -0.43045932603039966 -0.7071067919289968
  outer loop
    vertex 9370.499259708191 10117.327629545287 88.83116156702118
    vertex 9369.977621542464 10116.319281522437 89.03116155908293
    vertex 9369.802921880702 10116.420144420435 88.8311615625034
  endloop
endfacet
facet normal 0.22729202544865998 0.669580727249294 -0.707106770483604
  outer loop
    vertex 9387.817000471727 10120.767386281585 88.83116155582312
    vertex 9387.150515057998 10121.204836417812 89.03116156520505
    vertex 9387.893701381421 10120.952558655152 89.0311615607985
  endloop
endfacet
facet normal 0.22729202544865998 0.669580727249294 -0.707106770483604
  outer loop
    vertex 9387.150515057998 10121.204836417812 89.03116156520505
    vertex 9387.817000471727 10120.767386281585 88.83116155582312
    vertex 9387.098640180213 10121.01123674198 88.8311615599077
  endloop
endfacet
facet normal -0.09229596157077573 0.7010573961368053 -0.707106769024034
  outer loop
    vertex 9370.791497507418 10120.969776741125 88.83116162414771
    vertex 9372.597607776537 10121.40928145981 89.03116161831176
    vertex 9372.61071646693 10121.209281460804 88.83116161264334
  endloop
endfacet
facet normal -0.09229596157077573 0.7010573961368053 -0.707106769024034
  outer loop
    vertex 9372.597607776537 10121.40928145981 89.03116161831176
    vertex 9370.791497507418 10120.969776741125 88.83116162414771
    vertex 9370.739287031187 10121.164628892366 89.03116162978291
  endloop
endfacet
facet normal 0.04624699489867038 0.7055928233128189 -0.7071067692734156
  outer loop
    vertex 9386.354596688432 10121.159236194375 88.83116156307113
    vertex 9385.597600784471 10121.409281460263 89.0311615709197
    vertex 9386.380757940778 10121.357950628315 89.03116156859805
  endloop
endfacet
facet normal 0.04624699489867038 0.7055928233128189 -0.7071067692734156
  outer loop
    vertex 9385.597600784471 10121.409281460263 89.0311615709197
    vertex 9386.354596688432 10121.159236194375 88.83116156307113
    vertex 9385.591053464761 10121.209281461259 88.8311615652845
  endloop
endfacet
facet normal 0.43045932710472895 -0.5609855166568605 -0.7071067937799632
  outer loop
    vertex 9370.641901384924 10117.184987867799 89.03116156254094
    vertex 9371.40674483303 10118.023967372765 88.83116156777778
    vertex 9371.507607730282 10117.849267710253 89.03116156254242
  endloop
endfacet
facet normal 0.43045932710472895 -0.5609855166568605 -0.7071067937799632
  outer loop
    vertex 9371.40674483303 10118.023967372765 88.83116156777778
    vertex 9370.641901384924 10117.184987867799 89.03116156254094
    vertex 9370.499259708191 10117.327629545287 88.83116156702118
  endloop
endfacet
facet normal -0.5609855334877033 0.43045934262335966 -0.7071067709800142
  outer loop
    vertex 9366.855594681625 10118.111145069333 88.83116162677817
    vertex 9367.520581086099 10119.306308148527 89.0311616357198
    vertex 9367.663222760986 10119.163666474175 88.83116163123965
  endloop
endfacet
facet normal -0.5609855334877033 0.43045934262335966 -0.7071067709800142
  outer loop
    vertex 9367.520581086099 10119.306308148527 89.0311616357198
    vertex 9366.855594681625 10118.111145069333 88.83116162677817
    vertex 9366.756965597078 10118.311145068139 89.031161631755
  endloop
endfacet
facet normal 0.3127453322797874 0.6341848082459489 -0.707106771377035
  outer loop
    vertex 9388.497386219253 10120.431857162162 88.83116155088666
    vertex 9387.893701381421 10120.952558655152 89.0311615607985
    vertex 9388.597600787023 10120.605433882796 89.03116155545632
  endloop
endfacet
facet normal 0.3127453322797874 0.6341848082459489 -0.707106771377035
  outer loop
    vertex 9387.893701381421 10120.952558655152 89.0311615607985
    vertex 9388.497386219253 10120.431857162162 88.83116155088666
    vertex 9387.817000471727 10120.767386281585 88.83116155582312
  endloop
endfacet
facet normal -0.7071067843309932 2.535458107584052e-08 -0.7071067780421013
  outer loop
    vertex 9362.597600825346 10118.311145068139 89.03116163176367
    vertex 9362.797600781765 10115.511145132908 88.83116157321219
    vertex 9362.597600780075 10115.311145130967 89.03116156885177
  endloop
endfacet
facet normal -0.7071067843309932 2.535458107584052e-08 -0.7071067780421013
  outer loop
    vertex 9362.797600781765 10115.511145132908 88.83116157321219
    vertex 9362.597600825346 10118.311145068139 89.03116163176367
    vertex 9362.797600821 10118.111145069333 88.83116162650096
  endloop
endfacet
facet normal 0.2705980429739919 -0.653281470673097 -0.7071067947727847
  outer loop
    vertex 9371.507607730282 10117.849267710253 89.03116156254242
    vertex 9372.463533643684 10118.461703630703 88.8311615647198
    vertex 9372.51574412176 10118.266851476326 89.03116155908451
  endloop
endfacet
facet normal 0.2705980429739919 -0.653281470673097 -0.7071067947727847
  outer loop
    vertex 9372.463533643684 10118.461703630703 88.8311615647198
    vertex 9371.507607730282 10117.849267710253 89.03116156254242
    vertex 9371.40674483303 10118.023967372765 88.83116156777778
  endloop
endfacet
facet normal 2.2807973495069845e-11 0.7071067923564973 -0.7071067700165975
  outer loop
    vertex 9366.756965597078 10118.311145068139 89.031161631755
    vertex 9362.797600821 10118.111145069333 88.83116162650096
    vertex 9362.597600825346 10118.311145068139 89.03116163176367
  endloop
endfacet
facet normal 2.2807973495069845e-11 0.7071067923564973 -0.7071067700165975
  outer loop
    vertex 9362.797600821 10118.111145069333 88.83116162650096
    vertex 9366.756965597078 10118.311145068139 89.031161631755
    vertex 9366.855594681625 10118.111145069333 88.83116162677817
  endloop
endfacet
facet normal 0.5316310266804284 0.4662279059082322 -0.7071067749803691
  outer loop
    vertex 9390.198709704047 10118.939836509291 88.83116153187285
    vertex 9389.840241473576 10119.651922147217 89.03116154234057
    vertex 9390.357720827858 10119.061850034142 89.03116153479223
  endloop
endfacet
facet normal 0.5316310266804284 0.4662279059082322 -0.7071067749803691
  outer loop
    vertex 9389.840241473576 10119.651922147217 89.03116154234057
    vertex 9390.198709704047 10118.939836509291 88.83116153187285
    vertex 9389.698516672946 10119.510197348547 88.83116153880903
  endloop
endfacet
facet normal -7.581369558533422e-10 0.7071067863512577 -0.7071067760218375
  outer loop
    vertex 9391.59760074089 10064.443771590046 89.03116098218142
    vertex 9350.597600763427 10064.243771591751 88.83116102492582
    vertex 9350.397600763321 10064.443771590048 89.03116102573867
  endloop
endfacet
facet normal -7.581369558533422e-10 0.7071067863512577 -0.7071067760218375
  outer loop
    vertex 9350.597600763427 10064.243771591751 88.83116102492582
    vertex 9391.59760074089 10064.443771590046 89.03116098218142
    vertex 9391.397600739738 10064.24377159175 88.8311609805586
  endloop
endfacet
facet normal 0.4662278975304777 0.5316310358084064 -0.707106773641429
  outer loop
    vertex 9389.698516672946 10119.510197348547 88.83116153880903
    vertex 9389.250169360821 10120.169401501838 89.03116154927096
    vertex 9389.840241473576 10119.651922147217 89.03116154234057
  endloop
endfacet
facet normal 0.4662278975304777 0.5316310358084064 -0.707106773641429
  outer loop
    vertex 9389.250169360821 10120.169401501838 89.03116154927096
    vertex 9389.698516672946 10119.510197348547 88.83116153880903
    vertex 9389.128155833987 10120.010390379985 88.83116154518353
  endloop
endfacet
facet normal 0.6695807151235503 0.2272920329760065 -0.7071067795462499
  outer loop
    vertex 9391.19955606484 10116.910320854922 88.83116150892894
    vertex 9391.140877980362 10117.705382054286 89.03116151835566
    vertex 9391.393155742582 10116.962195730706 89.03116150975043
  endloop
endfacet
facet normal 0.6695807151235503 0.2272920329760065 -0.7071067795462499
  outer loop
    vertex 9391.140877980362 10117.705382054286 89.03116151835566
    vertex 9391.19955606484 10116.910320854922 88.83116150892894
    vertex 9390.955705604869 10117.628681146583 88.83116151680504
  endloop
endfacet
facet normal 0.693519921281719 0.13794969670453597 -0.7071067811614629
  outer loop
    vertex 9391.347555516792 10116.166277363061 88.83116150100375
    vertex 9391.393155742582 10116.962195730706 89.03116150975043
    vertex 9391.546269952627 10116.192438613414 89.03116150108167
  endloop
endfacet
facet normal 0.693519921281719 0.13794969670453597 -0.7071067811614629
  outer loop
    vertex 9391.393155742582 10116.962195730706 89.03116150975043
    vertex 9391.347555516792 10116.166277363061 88.83116150100375
    vertex 9391.19955606484 10116.910320854922 88.83116150892894
  endloop
endfacet
facet normal -0.7071067839074545 -4.736997895097925e-09 -0.7071067784656405
  outer loop
    vertex 9350.397600763321 10064.443771590048 89.03116102573867
    vertex 9350.597600767327 10061.317692447396 88.83116104115132
    vertex 9350.397600767497 10061.311145125526 89.03116104205799
  endloop
endfacet
facet normal -0.7071067839074545 -4.736997895097925e-09 -0.7071067784656405
  outer loop
    vertex 9350.597600767327 10061.317692447396 88.83116104115132
    vertex 9350.397600763321 10064.443771590048 89.03116102573867
    vertex 9350.597600763427 10064.243771591751 88.83116102492582
  endloop
endfacet
facet normal 0.7071067775210018 9.622082602584483e-09 -0.7071067848520931
  outer loop
    vertex 9391.597600731717 10053.049281528783 89.0311608181321
    vertex 9391.397600739738 10064.24377159175 88.8311609805586
    vertex 9391.59760074089 10064.443771590046 89.03116098218142
  endloop
endfacet
facet normal 0.7071067775210018 9.622082602584483e-09 -0.7071067848520931
  outer loop
    vertex 9391.397600739738 10064.24377159175 88.8311609805586
    vertex 9391.597600731717 10053.049281528783 89.0311608181321
    vertex 9391.397600730732 10053.055828858334 88.8311608191327
  endloop
endfacet
facet normal 0.5879378014032427 0.3928474874682018 -0.707106776428456
  outer loop
    vertex 9390.620176485852 10118.309066894302 88.83116152449777
    vertex 9390.357720827858 10119.061850034142 89.03116153479223
    vertex 9390.793753208423 10118.409281460095 89.03116152675298
  endloop
endfacet
facet normal 0.5879378014032427 0.3928474874682018 -0.707106776428456
  outer loop
    vertex 9390.357720827858 10119.061850034142 89.03116153479223
    vertex 9390.620176485852 10118.309066894302 88.83116152449777
    vertex 9390.198709704047 10118.939836509291 88.83116153187285
  endloop
endfacet
facet normal 0.39284747963191347 0.5879378114452091 -0.7071067724324744
  outer loop
    vertex 9389.128155833987 10120.010390379985 88.83116154518353
    vertex 9388.597600787023 10120.605433882796 89.03116155545632
    vertex 9389.250169360821 10120.169401501838 89.03116154927096
  endloop
endfacet
facet normal 0.39284747963191347 0.5879378114452091 -0.7071067724324744
  outer loop
    vertex 9388.597600787023 10120.605433882796 89.03116155545632
    vertex 9389.128155833987 10120.010390379985 88.83116154518353
    vertex 9388.497386219253 10120.431857162162 88.83116155088666
  endloop
endfacet
facet normal 0.6935199188249883 -0.13794968234100205 -0.7071067863731746
  outer loop
    vertex 9391.39315568886 10051.496367263395 89.0311608024001
    vertex 9391.347555463379 10052.292285634601 88.8311608110617
    vertex 9391.54626989983 10052.26612438069 89.03116080993112
  endloop
endfacet
facet normal 0.6935199188249883 -0.13794968234100205 -0.7071067863731746
  outer loop
    vertex 9391.347555463379 10052.292285634601 88.8311608110617
    vertex 9391.39315568886 10051.496367263395 89.0311608024001
    vertex 9391.199556010528 10051.548242142717 88.83116080370247
  endloop
endfacet
facet normal 0.6341847971820799 0.3127453398310755 -0.7071067779600683
  outer loop
    vertex 9390.955705604869 10117.628681146583 88.83116151680504
    vertex 9390.793753208423 10118.409281460095 89.03116152675298
    vertex 9391.140877980362 10117.705382054286 89.03116151835566
  endloop
endfacet
facet normal 0.6341847971820799 0.3127453398310755 -0.7071067779600683
  outer loop
    vertex 9390.793753208423 10118.409281460095 89.03116152675298
    vertex 9390.955705604869 10117.628681146583 88.83116151680504
    vertex 9390.620176485852 10118.309066894302 88.83116152449777
  endloop
endfacet
facet normal 0.7055928073392183 -0.04624698891695253 -0.707106785604039
  outer loop
    vertex 9391.54626989983 10052.26612438069 89.03116080993112
    vertex 9391.397600730732 10053.055828858334 88.8311608191327
    vertex 9391.597600731717 10053.049281528783 89.0311608181321
  endloop
endfacet
facet normal 0.7055928073392183 -0.04624698891695253 -0.707106785604039
  outer loop
    vertex 9391.397600730732 10053.055828858334 88.8311608191327
    vertex 9391.54626989983 10052.26612438069 89.03116080993112
    vertex 9391.347555463379 10052.292285634601 88.8311608110617
  endloop
endfacet
facet normal 0.7071067798445781 2.995940172796671e-08 -0.7071067825285164
  outer loop
    vertex 9391.597600772175 10104.02902455258 89.0311609991633
    vertex 9391.397600783219 10115.402734139396 88.8311614928692
    vertex 9391.597600784216 10115.409281455462 89.0311614924952
  endloop
endfacet
facet normal 0.7071067798445781 2.995940172796671e-08 -0.7071067825285164
  outer loop
    vertex 9391.397600783219 10115.402734139396 88.8311614928692
    vertex 9391.597600772175 10104.02902455258 89.0311609991633
    vertex 9391.397600771394 10104.229024550892 88.83116100672757
  endloop
endfacet
facet normal 0.7055928094261311 0.046247003288099685 -0.7071067825816763
  outer loop
    vertex 9391.397600783219 10115.402734139396 88.8311614928692
    vertex 9391.546269952627 10116.192438613414 89.03116150108167
    vertex 9391.597600784216 10115.409281455462 89.0311614924952
  endloop
endfacet
facet normal 0.7055928094261311 0.046247003288099685 -0.7071067825816763
  outer loop
    vertex 9391.546269952627 10116.192438613414 89.03116150108167
    vertex 9391.397600783219 10115.402734139396 88.8311614928692
    vertex 9391.347555516792 10116.166277363061 88.83116150100375
  endloop
endfacet
facet normal 0.6695807121656353 -0.22729201835817542 -0.7071067870459368
  outer loop
    vertex 9391.140877925745 10050.753180939822 89.0311607956675
    vertex 9391.199556010528 10051.548242142717 88.83116080370247
    vertex 9391.39315568886 10051.496367263395 89.0311608024001
  endloop
endfacet
facet normal 0.6695807121656353 -0.22729201835817542 -0.7071067870459368
  outer loop
    vertex 9391.199556010528 10051.548242142717 88.83116080370247
    vertex 9391.140877925745 10050.753180939822 89.0311607956675
    vertex 9390.955705549679 10050.829881851017 88.8311607971186
  endloop
endfacet
facet normal 0.6341847938149827 -0.3127453248291131 -0.7071067876151242
  outer loop
    vertex 9390.793753152962 10050.049281534013 89.03116078985029
    vertex 9390.955705549679 10050.829881851017 88.8311607971186
    vertex 9391.140877925745 10050.753180939822 89.0311607956675
  endloop
endfacet
facet normal 0.6341847938149827 -0.3127453248291131 -0.7071067876151242
  outer loop
    vertex 9390.955705549679 10050.829881851017 88.8311607971186
    vertex 9390.793753152962 10050.049281534013 89.03116078985029
    vertex 9390.620176429831 10050.149496103266 88.83116079142411
  endloop
endfacet
facet normal 0.04624699261506202 -0.7055928049023631 -0.7071067877938085
  outer loop
    vertex 9385.597600733738 10047.049281534328 89.03116078427838
    vertex 9386.354596628767 10047.299326802953 88.83116078241737
    vertex 9386.380757881825 10047.100612365746 89.03116078078433
  endloop
endfacet
facet normal 0.04624699261506202 -0.7055928049023631 -0.7071067877938085
  outer loop
    vertex 9386.354596628767 10047.299326802953 88.83116078241737
    vertex 9385.597600733738 10047.049281534328 89.03116078427838
    vertex 9385.591053405022 10047.249281536055 88.83116078583633
  endloop
endfacet
facet normal 0.4662278936959344 -0.5316310192280399 -0.7071067886354989
  outer loop
    vertex 9389.250169303265 10048.289161492268 89.03116077879771
    vertex 9389.69851661542 10048.948365648934 88.83116078308451
    vertex 9389.840241416632 10048.806640846893 89.03116078134177
  endloop
endfacet
facet normal 0.4662278936959344 -0.5316310192280399 -0.7071067886354989
  outer loop
    vertex 9389.69851661542 10048.948365648934 88.83116078308451
    vertex 9389.250169303265 10048.289161492268 89.03116077879771
    vertex 9389.128155775821 10048.448172617449 88.831160780578
  endloop
endfacet
facet normal 0.13794968620776668 -0.6935199161846638 -0.7071067882083976
  outer loop
    vertex 9386.380757881825 10047.100612365746 89.03116078078433
    vertex 9387.098640120745 10047.447326255366 88.83116078017223
    vertex 9387.150514999204 10047.25372657626 89.03116077845836
  endloop
endfacet
facet normal 0.13794968620776668 -0.6935199161846638 -0.7071067882083976
  outer loop
    vertex 9387.098640120745 10047.447326255366 88.83116078017223
    vertex 9386.380757881825 10047.100612365746 89.03116078078433
    vertex 9386.354596628767 10047.299326802953 88.83116078241737
  endloop
endfacet
facet normal -5.88391416994595e-09 -0.7071067754248258 -0.7071067869482692
  outer loop
    vertex 9372.59760771338 10047.049281533871 89.03116089287985
    vertex 9385.591053405022 10047.249281536055 88.83116078583633
    vertex 9385.597600733738 10047.049281534328 89.03116078427838
  endloop
endfacet
facet normal -5.88391416994595e-09 -0.7071067754248258 -0.7071067869482692
  outer loop
    vertex 9385.591053405022 10047.249281536055 88.83116078583633
    vertex 9372.59760771338 10047.049281533871 89.03116089287985
    vertex 9372.610716407195 10047.249281535602 88.83116089432951
  endloop
endfacet
facet normal 0.5879377977372765 -0.3928474719875483 -0.7071067880771857
  outer loop
    vertex 9390.357720771613 10049.39671295996 89.03116078504667
    vertex 9390.620176429831 10050.149496103266 88.83116079142411
    vertex 9390.793753152962 10050.049281534013 89.03116078985029
  endloop
endfacet
facet normal 0.5879377977372765 -0.3928474719875483 -0.7071067880771857
  outer loop
    vertex 9390.620176429831 10050.149496103266 88.83116079142411
    vertex 9390.357720771613 10049.39671295996 89.03116078504667
    vertex 9390.198709647237 10049.51872648823 88.83116078672009
  endloop
endfacet
facet normal -0.09229596097599937 -0.7010573781029852 -0.7071067869812062
  outer loop
    vertex 9372.59760771338 10047.049281533871 89.03116089287985
    vertex 9370.791497447684 10047.488786255279 88.8311609103372
    vertex 9372.610716407195 10047.249281535602 88.83116089432951
  endloop
endfacet
facet normal -0.09229596097599937 -0.7010573781029852 -0.7071067869812062
  outer loop
    vertex 9370.791497447684 10047.488786255279 88.8311609103372
    vertex 9372.59760771338 10047.049281533871 89.03116089287985
    vertex 9370.739286972157 10047.293934100773 89.03116090910123
  endloop
endfacet
facet normal -0.5609855344973469 -0.43045932420391303 -0.7071067813920586
  outer loop
    vertex 9367.52058102708 10049.152254844606 89.0311609511267
    vertex 9366.855594621897 10050.347417927074 88.8311609757801
    vertex 9367.66322270126 10049.29489652223 88.8311609516162
  endloop
endfacet
facet normal -0.5609855344973469 -0.43045932420391303 -0.7071067813920586
  outer loop
    vertex 9366.855594621897 10050.347417927074 88.8311609757801
    vertex 9367.52058102708 10049.152254844606 89.0311609511267
    vertex 9366.756965538052 10050.147417924998 89.0311609741182
  endloop
endfacet
facet normal -1.2270452475167254e-09 -0.707106775030361 -0.7071067873427341
  outer loop
    vertex 9366.756965538052 10050.147417924998 89.0311609741182
    vertex 9362.797600764627 10050.347417927074 88.8311609823928
    vertex 9366.855594621897 10050.347417927074 88.8311609757801
  endloop
endfacet
facet normal -1.2270452475167254e-09 -0.707106775030361 -0.7071067873427341
  outer loop
    vertex 9362.797600764627 10050.347417927074 88.8311609823928
    vertex 9366.756965538052 10050.147417924998 89.0311609741182
    vertex 9362.597600765677 10050.147417925 89.03116098175457
  endloop
endfacet
facet normal -0.7071067849185106 4.877161733734103e-09 -0.7071067774545845
  outer loop
    vertex 9362.59760077073 10053.147417915248 89.0311609976888
    vertex 9362.797600764627 10050.347417927074 88.8311609823928
    vertex 9362.597600765677 10050.147417925 89.03116098175457
  endloop
endfacet
facet normal -0.7071067849185106 4.877161733734103e-09 -0.7071067774545845
  outer loop
    vertex 9362.797600764627 10050.347417927074 88.8311609823928
    vertex 9362.59760077073 10053.147417915248 89.0311609976888
    vertex 9362.797600769007 10052.947417917207 88.83116099560395
  endloop
endfacet
facet normal 0.3928474759200536 -0.5879377943375323 -0.7071067887191869
  outer loop
    vertex 9388.597600728948 10047.853129111301 89.03116077745928
    vertex 9389.128155775821 10048.448172617449 88.831160780578
    vertex 9389.250169303265 10048.289161492268 89.03116077879771
  endloop
endfacet
facet normal 0.3928474759200536 -0.5879377943375323 -0.7071067887191869
  outer loop
    vertex 9389.128155775821 10048.448172617449 88.831160780578
    vertex 9388.597600728948 10047.853129111301 89.03116077745928
    vertex 9388.497386160545 10048.026705835236 88.83116077924679
  endloop
endfacet
facet normal 0.5316310228564137 -0.46622788988653674 -0.7071067884192533
  outer loop
    vertex 9389.840241416632 10048.806640846893 89.03116078134177
    vertex 9390.198709647237 10049.51872648823 88.83116078672009
    vertex 9390.357720771613 10049.39671295996 89.03116078504667
  endloop
endfacet
facet normal 0.5316310228564137 -0.46622788988653674 -0.7071067884192533
  outer loop
    vertex 9390.198709647237 10049.51872648823 88.83116078672009
    vertex 9389.840241416632 10048.806640846893 89.03116078134177
    vertex 9389.69851661542 10048.948365648934 88.83116078308451
  endloop
endfacet
facet normal -2.3123082775962363e-09 0.7071067873475542 -0.7071067750255409
  outer loop
    vertex 9369.560037767102 10053.147417915246 89.031160975015
    vertex 9362.797600769007 10052.947417917207 88.83116099560395
    vertex 9362.59760077073 10053.147417915248 89.0311609976888
  endloop
endfacet
facet normal -2.3123082775962363e-09 0.7071067873475542 -0.7071067750255409
  outer loop
    vertex 9362.797600769007 10052.947417917207 88.83116099560395
    vertex 9369.560037767102 10053.147417915246 89.031160975015
    vertex 9369.426402038216 10052.947417917205 88.83116097382822
  endloop
endfacet
facet normal 0.22729202232506102 -0.6695807092774312 -0.7071067885057506
  outer loop
    vertex 9387.150514999204 10047.25372657626 89.03116077845836
    vertex 9387.817000412582 10047.691176715785 88.83116077911104
    vertex 9387.893701322928 10047.506004338935 89.03116077734374
  endloop
endfacet
facet normal 0.22729202232506102 -0.6695807092774312 -0.7071067885057506
  outer loop
    vertex 9387.817000412582 10047.691176715785 88.83116077911104
    vertex 9387.150514999204 10047.25372657626 89.03116077845836
    vertex 9387.098640120745 10047.447326255366 88.83116078017223
  endloop
endfacet
facet normal -0.2705980553778681 -0.6532814755746628 -0.7071067854975709
  outer loop
    vertex 9370.739286972157 10047.293934100773 89.03116090910123
    vertex 9369.108470610698 10048.185918796997 88.83116092982019
    vertex 9370.791497447684 10047.488786255279 88.8311609103372
  endloop
endfacet
facet normal -0.2705980553778681 -0.6532814755746628 -0.7071067854975709
  outer loop
    vertex 9369.108470610698 10048.185918796997 88.83116092982019
    vertex 9370.739286972157 10047.293934100773 89.03116090910123
    vertex 9369.007607715994 10048.011219134356 89.03116092896683
  endloop
endfacet
facet normal -0.43045933964587985 -0.5609855195897334 -0.70710678381859
  outer loop
    vertex 9369.007607715994 10048.011219134356 89.03116092896683
    vertex 9367.66322270126 10049.29489652223 88.8311609516162
    vertex 9369.108470610698 10048.185918796997 88.83116092982019
  endloop
endfacet
facet normal -0.43045933964587985 -0.5609855195897334 -0.70710678381859
  outer loop
    vertex 9367.66322270126 10049.29489652223 88.8311609516162
    vertex 9369.007607715994 10048.011219134356 89.03116092896683
    vertex 9367.52058102708 10049.152254844606 89.0311609511267
  endloop
endfacet
facet normal 0.5609855220309394 0.4304593417575397 -0.7071067805963538
  outer loop
    vertex 9370.499259698783 10051.130933504826 88.8311609483475
    vertex 9369.977621533171 10052.139281523774 89.03116096211293
    vertex 9370.64190137563 10051.273575178415 89.03116094875752
  endloop
endfacet
facet normal 0.5609855220309394 0.4304593417575397 -0.7071067805963538
  outer loop
    vertex 9369.977621533171 10052.139281523774 89.03116096211293
    vertex 9370.499259698783 10051.130933504826 88.8311609483475
    vertex 9369.8029218713 10052.038418629674 88.83116096217361
  endloop
endfacet
facet normal 0.43045933014146665 -0.5609855209925713 -0.7071067884915638
  outer loop
    vertex 9370.641901375628 10057.184987869134 89.03116100615851
    vertex 9371.40674482363 10058.023967374123 88.83116100796774
    vertex 9371.507607720994 10057.849267711597 89.03116100615857
  endloop
endfacet
facet normal 0.43045933014146665 -0.5609855209925713 -0.7071067884915638
  outer loop
    vertex 9371.40674482363 10058.023967374123 88.83116100796774
    vertex 9370.641901375628 10057.184987869134 89.03116100615851
    vertex 9370.499259698783 10057.32762954664 88.83116100792148
  endloop
endfacet
facet normal 0.09229595035197136 0.7010573909757482 -0.7071067756052856
  outer loop
    vertex 9373.597607719688 10049.847555733617 88.83116091331017
    vertex 9372.515744112457 10050.191711569889 89.03116092429187
    vertex 9373.597607720994 10050.049281523776 89.03116091484782
  endloop
endfacet
facet normal 0.09229595035197136 0.7010573909757482 -0.7071067756052856
  outer loop
    vertex 9372.515744112457 10050.191711569889 89.03116092429187
    vertex 9373.597607719688 10049.847555733617 88.83116091331017
    vertex 9372.463533634273 10049.99685941941 88.83116092305454
  endloop
endfacet
facet normal -0.7071067859047317 6.847737871082065e-09 -0.7071067764683633
  outer loop
    vertex 9374.679471329706 10050.19171156991 89.0311609081687
    vertex 9374.879471328217 10058.442246772222 88.83116098689372
    vertex 9374.879471328217 10050.016316279245 88.83116090549765
  endloop
endfacet
facet normal -0.7071067859047317 6.847737871082065e-09 -0.7071067764683633
  outer loop
    vertex 9374.879471328217 10058.442246772222 88.83116098689372
    vertex 9374.679471329706 10050.19171156991 89.0311609081687
    vertex 9374.679471329706 10058.26685147764 89.03116098658035
  endloop
endfacet
facet normal -0.09229596076786979 0.7010573906828285 -0.7071067745361517
  outer loop
    vertex 9373.597607719688 10049.847555733617 88.83116091331017
    vertex 9374.679471329706 10050.19171156991 89.0311609081687
    vertex 9374.879471328217 10050.016316279245 88.83116090549765
  endloop
endfacet
facet normal -0.09229596076786979 0.7010573906828285 -0.7071067745361517
  outer loop
    vertex 9374.679471329706 10050.19171156991 89.0311609081687
    vertex 9373.597607719688 10049.847555733617 88.83116091331017
    vertex 9373.597607720994 10050.049281523776 89.03116091484782
  endloop
endfacet
facet normal 0.6532814778696168 0.2705980572375646 -0.7071067826656349
  outer loop
    vertex 9369.8029218713 10052.038418629674 88.83116096217361
    vertex 9369.560037767102 10053.147417915246 89.031160975015
    vertex 9369.977621533171 10052.139281523774 89.03116096211293
  endloop
endfacet
facet normal 0.6532814778696168 0.2705980572375646 -0.7071067826656349
  outer loop
    vertex 9369.560037767102 10053.147417915246 89.031160975015
    vertex 9369.8029218713 10052.038418629674 88.83116096217361
    vertex 9369.426402038216 10052.947417917205 88.83116097382822
  endloop
endfacet
facet normal 0.2705980447945834 0.6532814891321423 -0.7071067770221406
  outer loop
    vertex 9372.463533634273 10049.99685941941 88.83116092305454
    vertex 9371.507607720989 10050.609295335957 89.03116093585835
    vertex 9372.515744112457 10050.191711569889 89.03116092429187
  endloop
endfacet
facet normal 0.2705980447945834 0.6532814891321423 -0.7071067770221406
  outer loop
    vertex 9371.507607720989 10050.609295335957 89.03116093585835
    vertex 9372.463533634273 10049.99685941941 88.83116092305454
    vertex 9371.40674482363 10050.434595677343 88.83116093500509
  endloop
endfacet
facet normal 0.5609855226844747 -0.43045932859830793 -0.7071067880887022
  outer loop
    vertex 9369.977621533173 10056.31928152378 89.03116100270195
    vertex 9370.499259698783 10057.32762954664 88.83116100792148
    vertex 9370.641901375628 10057.184987869134 89.03116100615851
  endloop
endfacet
facet normal 0.5609855226844747 -0.43045932859830793 -0.7071067880887022
  outer loop
    vertex 9370.499259698783 10057.32762954664 88.83116100792148
    vertex 9369.977621533173 10056.31928152378 89.03116100270195
    vertex 9369.8029218713 10056.420144421792 88.83116100429888
  endloop
endfacet
facet normal 0.4304593294890336 0.5609855338026727 -0.7071067787258032
  outer loop
    vertex 9371.40674482363 10050.434595677343 88.83116093500509
    vertex 9370.64190137563 10051.273575178415 89.03116094875752
    vertex 9371.507607720989 10050.609295335957 89.03116093585835
  endloop
endfacet
facet normal 0.4304593294890336 0.5609855338026727 -0.7071067787258032
  outer loop
    vertex 9370.64190137563 10051.273575178415 89.03116094875752
    vertex 9371.40674482363 10050.434595677343 88.83116093500509
    vertex 9370.499259698783 10051.130933504826 88.8311609483475
  endloop
endfacet
facet normal 0.6532814787601728 -0.27059804379631064 -0.7071067869866134
  outer loop
    vertex 9369.560037767136 10055.311145132388 89.0311609960242
    vertex 9369.8029218713 10056.420144421792 88.83116100429888
    vertex 9369.977621533173 10056.31928152378 89.03116100270195
  endloop
endfacet
facet normal 0.6532814787601728 -0.27059804379631064 -0.7071067869866134
  outer loop
    vertex 9369.8029218713 10056.420144421792 88.83116100429888
    vertex 9369.560037767136 10055.311145132388 89.0311609960242
    vertex 9369.426402038183 10055.511145134184 88.83116099807881
  endloop
endfacet
facet normal -1.33091805119591e-09 -0.7071067750247328 -0.7071067873483623
  outer loop
    vertex 9356.397600770857 10055.311145124751 89.03116102854919
    vertex 9369.426402038183 10055.511145134184 88.83116099807881
    vertex 9369.560037767136 10055.311145132388 89.0311609960242
  endloop
endfacet
facet normal -1.33091805119591e-09 -0.7071067750247328 -0.7071067873483623
  outer loop
    vertex 9369.426402038183 10055.511145134184 88.83116099807881
    vertex 9356.397600770857 10055.311145124751 89.03116102854919
    vertex 9356.404148093277 10055.51114512663 88.83116103003061
  endloop
endfacet
facet normal -0.046246997181106454 -0.7055928053169477 -0.707106787081478
  outer loop
    vertex 9356.397600770857 10055.311145124751 89.03116102854919
    vertex 9355.640604869586 10055.561190393324 88.83116103168814
    vertex 9356.404148093277 10055.51114512663 88.83116103003061
  endloop
endfacet
facet normal -0.046246997181106454 -0.7055928053169477 -0.707106787081478
  outer loop
    vertex 9355.640604869586 10055.561190393324 88.83116103168814
    vertex 9356.397600770857 10055.311145124751 89.03116102854919
    vertex 9355.614443618275 10055.36247595626 89.03116103031067
  endloop
endfacet
facet normal -0.13794968986602318 -0.6935199169914842 -0.7071067867033897
  outer loop
    vertex 9355.614443618275 10055.36247595626 89.03116103031067
    vertex 9354.896561377602 10055.709189845542 88.8311610332619
    vertex 9355.640604869586 10055.561190393324 88.83116103168814
  endloop
endfacet
facet normal -0.13794968986602318 -0.6935199169914842 -0.7071067867033897
  outer loop
    vertex 9354.896561377602 10055.709189845542 88.8311610332619
    vertex 9355.614443618275 10055.36247595626 89.03116103031067
    vertex 9354.844686500868 10055.515590166577 89.03116103204326
  endloop
endfacet
facet normal 0.27059804527356823 -0.6532814766262041 -0.7071067883928216
  outer loop
    vertex 9371.507607720994 10057.849267711597 89.03116100615857
    vertex 9372.463533634273 10058.461703632056 88.83116100443472
    vertex 9372.515744112457 10058.266851477665 89.03116100270208
  endloop
endfacet
facet normal 0.27059804527356823 -0.6532814766262041 -0.7071067883928216
  outer loop
    vertex 9372.463533634273 10058.461703632056 88.83116100443472
    vertex 9371.507607720994 10057.849267711597 89.03116100615857
    vertex 9371.40674482363 10058.023967374123 88.83116100796774
  endloop
endfacet
facet normal -0.09229596077598717 -0.7010573780478837 -0.7071067870619432
  outer loop
    vertex 9374.679471329706 10058.26685147764 89.03116098658035
    vertex 9373.597607719688 10058.61100731785 88.83116099756069
    vertex 9374.879471328217 10058.442246772222 88.83116098689372
  endloop
endfacet
facet normal -0.09229596077598717 -0.7010573780478837 -0.7071067870619432
  outer loop
    vertex 9373.597607719688 10058.61100731785 88.83116099756069
    vertex 9374.679471329706 10058.26685147764 89.03116098658035
    vertex 9373.597607720989 10058.409281523776 89.03116099602585
  endloop
endfacet
facet normal 0.0922959505273446 -0.7010573786458134 -0.707106787806845
  outer loop
    vertex 9372.515744112457 10058.266851477665 89.03116100270208
    vertex 9373.597607719688 10058.61100731785 88.83116099756069
    vertex 9373.597607720989 10058.409281523776 89.03116099602585
  endloop
endfacet
facet normal 0.0922959505273446 -0.7010573786458134 -0.707106787806845
  outer loop
    vertex 9373.597607719688 10058.61100731785 88.83116099756069
    vertex 9372.515744112457 10058.266851477665 89.03116100270208
    vertex 9372.463533634273 10058.461703632056 88.83116100443472
  endloop
endfacet
facet normal -0.22729202521935413 -0.6695807107156541 -0.7071067862135141
  outer loop
    vertex 9354.844686500868 10055.515590166577 89.03116103204326
    vertex 9354.178201085755 10055.95304030577 88.83116103475484
    vertex 9354.896561377602 10055.709189845542 88.8311610332619
  endloop
endfacet
facet normal -0.22729202521935413 -0.6695807107156541 -0.7071067862135141
  outer loop
    vertex 9354.178201085755 10055.95304030577 88.83116103475484
    vertex 9354.844686500868 10055.515590166577 89.03116103204326
    vertex 9354.101500177132 10055.767867929055 89.03116103371812
  endloop
endfacet
facet normal -0.5316310248927639 -0.4662278949996853 -0.7071067835169111
  outer loop
    vertex 9352.154960083324 10057.06850443653 89.03116103810164
    vertex 9351.796491851015 10057.78059007758 88.8311610394445
    vertex 9352.296684882858 10057.21022923842 88.83116103850885
  endloop
endfacet
facet normal -0.5316310248927639 -0.4662278949996853 -0.7071067835169111
  outer loop
    vertex 9351.796491851015 10057.78059007758 88.8311610394445
    vertex 9352.154960083324 10057.06850443653 89.03116103810164
    vertex 9351.637480728317 10057.658576549453 89.03116103926685
  endloop
endfacet
facet normal -0.5879378001739716 -0.3928474779992996 -0.7071067827111978
  outer loop
    vertex 9351.637480728317 10057.658576549453 89.03116103926685
    vertex 9351.375025068395 10058.411359692494 88.83116104019388
    vertex 9351.796491851015 10057.78059007758 88.8311610394445
  endloop
endfacet
facet normal -0.5879378001739716 -0.3928474779992996 -0.7071067827111978
  outer loop
    vertex 9351.375025068395 10058.411359692494 88.83116104019388
    vertex 9351.637480728317 10057.658576549453 89.03116103926685
    vertex 9351.201448346923 10058.311145123405 89.03116104024869
  endloop
endfacet
facet normal -0.6341847968659775 -0.31274533160994433 -0.7071067818796852
  outer loop
    vertex 9351.201448346923 10058.311145123405 89.03116104024869
    vertex 9351.039495948507 10059.091745440159 88.83116104074114
    vertex 9351.375025068395 10058.411359692494 88.83116104019388
  endloop
endfacet
facet normal -0.6341847968659775 -0.31274533160994433 -0.7071067818796852
  outer loop
    vertex 9351.039495948507 10059.091745440159 88.83116104074114
    vertex 9351.201448346923 10058.311145123405 89.03116104024869
    vertex 9350.854323574096 10059.015044529131 89.03116104102985
  endloop
endfacet
facet normal -0.3127453311398096 -0.6341847929066741 -0.707106785638612
  outer loop
    vertex 9354.101500177132 10055.767867929055 89.03116103371812
    vertex 9353.497815337778 10056.288569425044 88.83116103614383
    vertex 9354.178201085755 10055.95304030577 88.83116103475484
  endloop
endfacet
facet normal -0.3127453311398096 -0.6341847929066741 -0.707106785638612
  outer loop
    vertex 9353.497815337778 10056.288569425044 88.83116103614383
    vertex 9354.101500177132 10055.767867929055 89.03116103371812
    vertex 9353.397600771075 10056.114992701248 89.03116103530346
  endloop
endfacet
facet normal -0.6935199235821226 -0.13794969006591926 -0.7071067802003907
  outer loop
    vertex 9350.602045810938 10059.75823085264 89.03116104159587
    vertex 9350.647646034728 10060.554149223628 88.83116104120901
    vertex 9350.795645487622 10059.810105731789 88.83116104108191
  endloop
endfacet
facet normal -0.6935199235821226 -0.13794969006591926 -0.7071067802003907
  outer loop
    vertex 9350.647646034728 10060.554149223628 88.83116104120901
    vertex 9350.602045810938 10059.75823085264 89.03116104159587
    vertex 9350.448931599924 10060.5279879699 89.03116104194244
  endloop
endfacet
facet normal -0.7055928130374611 -0.04624699674256383 -0.707106779406177
  outer loop
    vertex 9350.448931599924 10060.5279879699 89.03116104194244
    vertex 9350.597600767327 10061.317692447396 88.83116104115132
    vertex 9350.647646034728 10060.554149223628 88.83116104120901
  endloop
endfacet
facet normal -0.7055928130374611 -0.04624699674256383 -0.707106779406177
  outer loop
    vertex 9350.597600767327 10061.317692447396 88.83116104115132
    vertex 9350.448931599924 10060.5279879699 89.03116104194244
    vertex 9350.397600767497 10061.311145125526 89.03116104205799
  endloop
endfacet
facet normal -0.09229595379489887 -0.7010573816457133 -0.7071067844061085
  outer loop
    vertex 9355.030537893692 10071.35573131123 89.0311610007653
    vertex 9355.047600752985 10071.55521073526 88.83116100195508
    vertex 9355.082748370472 10071.550583463633 88.8311610036559
  endloop
endfacet
facet normal -0.09229595379489887 -0.7010573816457133 -0.7071067844061085
  outer loop
    vertex 9355.047600752985 10071.55521073526 88.83116100195508
    vertex 9355.030537893692 10071.35573131123 89.0311610007653
    vertex 9354.847600753163 10071.379815442684 89.03116100070179
  endloop
endfacet
facet normal -0.7071067873179517 4.489873207692424e-12 -0.7071067750551433
  outer loop
    vertex 9362.597600758485 10072.836398067559 89.03116099298464
    vertex 9362.79760075724 10095.8363980672 88.83116099090995
    vertex 9362.797600757032 10072.636398067687 88.83116099101963
  endloop
endfacet
facet normal -0.7071067873179517 4.489873207692424e-12 -0.7071067750551433
  outer loop
    vertex 9362.79760075724 10095.8363980672 88.83116099090995
    vertex 9362.597600758485 10072.836398067559 89.03116099298464
    vertex 9362.597600758689 10095.636398055603 89.03116099297745
  endloop
endfacet
facet normal -2.5332613804883905e-08 -0.7071067437484396 -0.7071068186246531
  outer loop
    vertex 9362.597600758689 10095.636398055603 89.03116099297745
    vertex 9355.04760075567 10095.83639808021 88.8311612600342
    vertex 9362.79760075724 10095.8363980672 88.83116099090995
  endloop
endfacet
facet normal -2.5332613804883905e-08 -0.7071067437484396 -0.7071068186246531
  outer loop
    vertex 9355.04760075567 10095.83639808021 88.8311612600342
    vertex 9362.597600758689 10095.636398055603 89.03116099297745
    vertex 9354.847600753797 10095.636398068613 89.0311612531341
  endloop
endfacet
facet normal -0.7071067821435404 -8.694982495481247e-10 -0.7071067802295548
  outer loop
    vertex 9354.847600753163 10072.836398061745 89.03116100047231
    vertex 9355.047600752985 10071.55521073526 88.83116100195508
    vertex 9354.847600753163 10071.379815442684 89.03116100070179
  endloop
endfacet
facet normal -0.7071067821435404 -8.694982495481247e-10 -0.7071067802295548
  outer loop
    vertex 9355.047600752985 10071.55521073526 88.83116100195508
    vertex 9354.847600753163 10072.836398061745 89.03116100047231
    vertex 9355.047600752985 10072.636398061873 88.83116099852174
  endloop
endfacet
facet normal -0.6695807160093868 -0.22729202572259505 -0.7071067810389574
  outer loop
    vertex 9350.854323574096 10059.015044529131 89.03116104102985
    vertex 9350.795645487622 10059.810105731789 88.83116104108191
    vertex 9351.039495948507 10059.091745440159 88.83116104074114
  endloop
endfacet
facet normal -0.6695807160093868 -0.22729202572259505 -0.7071067810389574
  outer loop
    vertex 9350.795645487622 10059.810105731789 88.83116104108191
    vertex 9350.854323574096 10059.015044529131 89.03116104102985
    vertex 9350.602045810938 10059.75823085264 89.03116104159587
  endloop
endfacet
facet normal -0.7071067280670691 8.178112941526933e-08 -0.7071068343060174
  outer loop
    vertex 9354.847600753797 10095.636398068613 89.0311612531341
    vertex 9355.04760075567 10096.917585399822 88.83116143605793
    vertex 9355.04760075567 10095.83639808021 88.8311612600342
  endloop
endfacet
facet normal -0.7071067280670691 8.178112941526933e-08 -0.7071068343060174
  outer loop
    vertex 9355.04760075567 10096.917585399822 88.83116143605793
    vertex 9354.847600753797 10095.636398068613 89.0311612531341
    vertex 9354.847600753797 10097.092980692167 89.03116138375685
  endloop
endfacet
facet normal -1.2141844023182181e-09 0.7071067842676324 -0.7071067781054626
  outer loop
    vertex 9362.597600758485 10072.836398067559 89.03116099298464
    vertex 9355.047600752985 10072.636398061873 88.83116099852174
    vertex 9354.847600753163 10072.836398061745 89.03116100047231
  endloop
endfacet
facet normal -1.2141844023182181e-09 0.7071067842676324 -0.7071067781054626
  outer loop
    vertex 9355.047600752985 10072.636398061873 88.83116099852174
    vertex 9362.597600758485 10072.836398067559 89.03116099298464
    vertex 9362.797600757032 10072.636398067687 88.83116099101963
  endloop
endfacet
facet normal -0.3928474778946096 -0.587937797497028 -0.7071067849951577
  outer loop
    vertex 9353.397600771075 10056.114992701248 89.03116103530346
    vertex 9352.86704572249 10056.710036207081 88.83116103740142
    vertex 9353.497815337778 10056.288569425044 88.83116103614383
  endloop
endfacet
facet normal -0.3928474778946096 -0.587937797497028 -0.7071067849951577
  outer loop
    vertex 9352.86704572249 10056.710036207081 88.83116103740142
    vertex 9353.397600771075 10056.114992701248 89.03116103530346
    vertex 9352.745032196755 10056.55102508203 89.0311610367704
  endloop
endfacet
facet normal -0.4662278955770142 -0.5316310233691429 -0.7071067842817708
  outer loop
    vertex 9352.745032196755 10056.55102508203 89.0311610367704
    vertex 9352.296684882858 10057.21022923842 88.83116103850885
    vertex 9352.86704572249 10056.710036207081 88.83116103740142
  endloop
endfacet
facet normal -0.4662278955770142 -0.5316310233691429 -0.7071067842817708
  outer loop
    vertex 9352.296684882858 10057.21022923842 88.83116103850885
    vertex 9352.745032196755 10056.55102508203 89.0311610367704
    vertex 9352.154960083324 10057.06850443653 89.03116103810164
  endloop
endfacet
facet normal -0.09229542889124562 0.7010575398826604 -0.7071066960363572
  outer loop
    vertex 9355.04760075567 10096.917585399822 88.83116143605793
    vertex 9355.030537896322 10097.117064823882 89.03116151432752
    vertex 9355.082748373154 10096.922212671449 88.83116152047391
  endloop
endfacet
facet normal -0.09229542889124562 0.7010575398826604 -0.7071066960363572
  outer loop
    vertex 9355.030537896322 10097.117064823882 89.03116151432752
    vertex 9355.04760075567 10096.917585399822 88.83116143605793
    vertex 9354.847600753797 10097.092980692167 89.03116138375685
  endloop
endfacet
facet normal -0.7010573863028918 0.09229595701040078 -0.7071067793690655
  outer loop
    vertex 9355.861786151763 10097.701250450064 88.83116151277693
    vertex 9355.697600755728 10097.986398067542 89.03116151413411
    vertex 9355.899326547786 10097.986398067542 88.83116151355807
  endloop
endfacet
facet normal -0.7010573863028918 0.09229595701040078 -0.7071067793690655
  outer loop
    vertex 9355.697600755728 10097.986398067542 89.03116151413411
    vertex 9355.861786151763 10097.701250450064 88.83116151277693
    vertex 9355.666933999388 10097.75346092695 89.03116151414275
  endloop
endfacet
facet normal -0.7010573851939862 -0.09229595445266206 -0.7071067808023362
  outer loop
    vertex 9355.697600755728 10097.986398067542 89.03116151413411
    vertex 9355.861786151763 10098.27154568502 88.83116151439839
    vertex 9355.899326547786 10097.986398067542 88.83116151355807
  endloop
endfacet
facet normal -0.7010573851939862 -0.09229595445266206 -0.7071067808023362
  outer loop
    vertex 9355.861786151763 10098.27154568502 88.83116151439839
    vertex 9355.697600755728 10097.986398067542 89.03116151413411
    vertex 9355.666933999388 10098.219335208134 89.03116151414278
  endloop
endfacet
facet normal -0.6532814819314657 -0.2705980484911297 -0.7071067822600914
  outer loop
    vertex 9355.666933999388 10098.219335208134 89.03116151414278
    vertex 9355.751723279645 10098.537260963602 88.83116151523582
    vertex 9355.861786151763 10098.27154568502 88.83116151439839
  endloop
endfacet
facet normal -0.6532814819314657 -0.2705980484911297 -0.7071067822600914
  outer loop
    vertex 9355.751723279645 10098.537260963602 88.83116151523582
    vertex 9355.666933999388 10098.219335208134 89.03116151414278
    vertex 9355.577023619133 10098.436398067543 89.03116151417024
  endloop
endfacet
facet normal -0.5609855255785609 -0.43045933212563553 -0.7071067836453684
  outer loop
    vertex 9355.577023619133 10098.436398067543 89.03116151417024
    vertex 9355.576638534283 10098.765435846155 88.83116151601838
    vertex 9355.751723279645 10098.537260963602 88.83116151523582
  endloop
endfacet
facet normal -0.5609855255785609 -0.43045933212563553 -0.7071067836453684
  outer loop
    vertex 9355.576638534283 10098.765435846155 88.83116151601838
    vertex 9355.577023619133 10098.436398067543 89.03116151417024
    vertex 9355.433996858797 10098.62279417061 89.03116151421067
  endloop
endfacet
facet normal -0.2705980616413406 0.6532814746786805 -0.7071067839284233
  outer loop
    vertex 9355.082748373154 10096.922212671449 88.83116152047391
    vertex 9355.247600755725 10097.206975204135 89.031161514264
    vertex 9355.348463651726 10097.032275543565 88.83116151126522
  endloop
endfacet
facet normal -0.2705980616413406 0.6532814746786805 -0.7071067839284233
  outer loop
    vertex 9355.247600755725 10097.206975204135 89.031161514264
    vertex 9355.082748373154 10096.922212671449 88.83116152047391
    vertex 9355.030537896322 10097.117064823882 89.03116151432752
  endloop
endfacet
facet normal -0.5609855297135153 0.430459337713534 -0.7071067769631915
  outer loop
    vertex 9355.576638534283 10097.207360288929 88.8311615115901
    vertex 9355.577023619133 10097.53639806754 89.03116151417018
    vertex 9355.751723279645 10097.435535171482 88.83116151210555
  endloop
endfacet
facet normal -0.5609855297135153 0.430459337713534 -0.7071067769631915
  outer loop
    vertex 9355.577023619133 10097.53639806754 89.03116151417018
    vertex 9355.576638534283 10097.207360288929 88.8311615115901
    vertex 9355.433996858797 10097.350001964474 89.03116151421058
  endloop
endfacet
facet normal -0.653281484960967 0.2705980521528938 -0.7071067780599006
  outer loop
    vertex 9355.751723279645 10097.435535171482 88.83116151210555
    vertex 9355.666933999388 10097.75346092695 89.03116151414275
    vertex 9355.861786151763 10097.701250450064 88.83116151277693
  endloop
endfacet
facet normal -0.653281484960967 0.2705980521528938 -0.7071067780599006
  outer loop
    vertex 9355.666933999388 10097.75346092695 89.03116151414275
    vertex 9355.751723279645 10097.435535171482 88.83116151210555
    vertex 9355.577023619133 10097.53639806754 89.03116151417018
  endloop
endfacet
facet normal -0.43045933317100815 -0.560985523239218 -0.7071067848649112
  outer loop
    vertex 9355.433996858797 10098.62279417061 89.03116151421067
    vertex 9355.348463651726 10098.940520591519 88.83116151668834
    vertex 9355.576638534283 10098.765435846155 88.83116151601838
  endloop
endfacet
facet normal -0.43045933317100815 -0.560985523239218 -0.7071067848649112
  outer loop
    vertex 9355.348463651726 10098.940520591519 88.83116151668834
    vertex 9355.433996858797 10098.62279417061 89.03116151421067
    vertex 9355.247600755725 10098.765820930948 89.0311615142641
  endloop
endfacet
facet normal -0.4304593373101048 0.5609855310399982 -0.7071067761564138
  outer loop
    vertex 9355.348463651726 10097.032275543565 88.83116151126522
    vertex 9355.433996858797 10097.350001964474 89.03116151421058
    vertex 9355.576638534283 10097.207360288929 88.8311615115901
  endloop
endfacet
facet normal -0.4304593373101048 0.5609855310399982 -0.7071067761564138
  outer loop
    vertex 9355.433996858797 10097.350001964474 89.03116151421058
    vertex 9355.348463651726 10097.032275543565 88.83116151126522
    vertex 9355.247600755725 10097.206975204135 89.031161514264
  endloop
endfacet
facet normal -1.929188151214301e-11 0.707106789128206 -0.7071067732448889
  outer loop
    vertex 9386.597601177555 10073.93791034954 88.83116112194412
    vertex 9375.797601177554 10074.137910347597 89.03116112478409
    vertex 9386.397601177554 10074.137910347597 89.03116112478409
  endloop
endfacet
facet normal -1.929188151214301e-11 0.707106789128206 -0.7071067732448889
  outer loop
    vertex 9375.797601177554 10074.137910347597 89.03116112478409
    vertex 9386.597601177555 10073.93791034954 88.83116112194412
    vertex 9375.597601177555 10073.93791034954 88.8311611225231
  endloop
endfacet
facet normal -0.7071067816994885 6.887526366182648e-09 -0.7071067806736065
  outer loop
    vertex 9386.397601177554 10074.137910347597 89.03116112478409
    vertex 9386.597601177555 10094.53791034954 88.83116132319269
    vertex 9386.597601177555 10073.93791034954 88.83116112194412
  endloop
endfacet
facet normal -0.7071067816994885 6.887526366182648e-09 -0.7071067806736065
  outer loop
    vertex 9386.597601177555 10094.53791034954 88.83116132319269
    vertex 9386.397601177554 10074.137910347597 89.03116112478409
    vertex 9386.397601177554 10094.337910347598 89.03116132093305
  endloop
endfacet
facet normal 0.7071067806747232 6.887539650561326e-09 -0.7071067816983718
  outer loop
    vertex 9375.597601177555 10073.93791034954 88.8311611225231
    vertex 9375.797601177554 10094.337910347598 89.03116132093305
    vertex 9375.797601177554 10074.137910347597 89.03116112478409
  endloop
endfacet
facet normal 0.7071067806747232 6.887539650561326e-09 -0.7071067816983718
  outer loop
    vertex 9375.797601177554 10094.337910347598 89.03116132093305
    vertex 9375.597601177555 10073.93791034954 88.8311611225231
    vertex 9375.597601177555 10094.53791034954 88.8311613237731
  endloop
endfacet
endsolid xyplotter2_without4pi
