solid xyplotter2
facet normal 4.770856816070231e-14 -0.05868705409788362 0.9982764294930099
  outer loop
    vertex 9242.141681246478 9883.438942040983 146.04716669380878
    vertex 9249.939757457832 9883.772574958286 146.06678043253663
    vertex 9241.977151699479 9883.772574958286 146.0667804325371
  endloop
endfacet
facet normal 4.770856816070231e-14 -0.05868705409788362 0.9982764294930099
  outer loop
    vertex 9249.939757457832 9883.772574958286 146.06678043253663
    vertex 9242.141681246478 9883.438942040983 146.04716669380878
    vertex 9249.939757457832 9881.938942039675 145.95898412370767
  endloop
endfacet
facet normal 4.770856816070231e-14 -0.05868705409788362 0.9982764294930099
  outer loop
    vertex 9249.939757457832 9881.938942039675 145.95898412370767
    vertex 9242.141681246478 9883.438942040983 146.04716669380878
    vertex 9242.359697436956 9883.112657753672 146.02798496913297
  endloop
endfacet
facet normal 4.770856816070231e-14 -0.05868705409788362 0.9982764294930099
  outer loop
    vertex 9249.939757457832 9881.938942039675 145.95898412370767
    vertex 9242.359697436956 9883.112657753672 146.02798496913297
    vertex 9242.61843711427 9882.817621696879 146.01064027730789
  endloop
endfacet
facet normal 4.770856816070231e-14 -0.05868705409788362 0.9982764294930099
  outer loop
    vertex 9249.939757457832 9881.938942039675 145.95898412370767
    vertex 9242.61843711427 9882.817621696879 146.01064027730789
    vertex 9242.913473170804 9882.558882019339 145.99542939081945
  endloop
endfacet
facet normal 4.770856816070231e-14 -0.05868705409788362 0.9982764294930099
  outer loop
    vertex 9249.939757457832 9881.938942039675 145.95898412370767
    vertex 9242.913473170804 9882.558882019339 145.99542939081945
    vertex 9243.23975745783 9882.340865828666 145.9826125721527
  endloop
endfacet
facet normal 4.770856816070231e-14 -0.05868705409788362 0.9982764294930099
  outer loop
    vertex 9249.939757457832 9881.938942039675 145.95898412370767
    vertex 9243.23975745783 9882.340865828666 145.9826125721527
    vertex 9243.591707160735 9882.167303442335 145.97240912062864
  endloop
endfacet
facet normal 4.770856816070231e-14 -0.05868705409788362 0.9982764294930099
  outer loop
    vertex 9249.939757457832 9881.938942039675 145.95898412370767
    vertex 9243.591707160735 9882.167303442335 145.97240912062864
    vertex 9243.963300322523 9882.041164560891 145.96499362013148
  endloop
endfacet
facet normal 4.770856816070231e-14 -0.05868705409788362 0.9982764294930099
  outer loop
    vertex 9249.939757457832 9881.938942039675 145.95898412370767
    vertex 9243.963300322523 9882.041164560891 145.96499362013148
    vertex 9244.34817888117 9881.96460745557 145.96049295193092
  endloop
endfacet
facet normal 4.770856816070231e-14 -0.05868705409788362 0.9982764294930099
  outer loop
    vertex 9249.939757457832 9881.938942039675 145.95898412370767
    vertex 9244.34817888117 9881.96460745557 145.96049295193092
    vertex 9244.73975745783 9881.938942039667 145.95898412370767
  endloop
endfacet
facet normal -4.095384170164966e-18 -0.5531793934886352 0.8330621577166649
  outer loop
    vertex 9251.939757457829 9888.968730199536 147.802861936403
    vertex 9257.93975745783 9890.498897746831 148.81894116639523
    vertex 9251.939757457829 9890.498897746831 148.81894116639523
  endloop
endfacet
facet normal -4.095384170164966e-18 -0.5531793934886352 0.8330621577166649
  outer loop
    vertex 9257.93975745783 9890.498897746831 148.81894116639523
    vertex 9251.939757457829 9888.968730199536 147.802861936403
    vertex 9257.93975745783 9888.968730199536 147.802861936403
  endloop
endfacet
facet normal -6.050875074592131e-15 -0.5531793934886352 0.8330621577166651
  outer loop
    vertex 9241.739757457832 9888.968730199536 147.802861936403
    vertex 9249.939757457832 9890.498897746831 148.81894116639512
    vertex 9241.739757457832 9890.498897746831 148.81894116639523
  endloop
endfacet
facet normal -6.050875074592131e-15 -0.5531793934886352 0.8330621577166651
  outer loop
    vertex 9249.939757457832 9890.498897746831 148.81894116639512
    vertex 9241.739757457832 9888.968730199536 147.802861936403
    vertex 9249.939757457832 9888.968730199536 147.8028619364029
  endloop
endfacet
facet normal -2.188074040606696e-15 -0.43884434250556 0.8985630990925807
  outer loop
    vertex 9241.739757457832 9887.318250603637 146.99679318751592
    vertex 9249.939757457832 9888.968730199536 147.8028619364029
    vertex 9241.739757457832 9888.968730199536 147.802861936403
  endloop
endfacet
facet normal -2.188074040606696e-15 -0.43884434250556 0.8985630990925807
  outer loop
    vertex 9249.939757457832 9888.968730199536 147.8028619364029
    vertex 9241.739757457832 9887.318250603637 146.99679318751592
    vertex 9249.939757457832 9887.318250603637 146.99679318751583
  endloop
endfacet
facet normal 1.7219668771476247e-15 -0.31688969109167864 0.9484623997185236
  outer loop
    vertex 9241.739757457832 9885.576116033682 146.41473059243933
    vertex 9249.939757457832 9887.318250603637 146.99679318751583
    vertex 9241.739757457832 9887.318250603637 146.99679318751592
  endloop
endfacet
facet normal 1.7219668771476247e-15 -0.31688969109167864 0.9484623997185236
  outer loop
    vertex 9249.939757457832 9887.318250603637 146.99679318751583
    vertex 9241.739757457832 9885.576116033682 146.41473059243933
    vertex 9249.939757457832 9885.576116033682 146.41473059243924
  endloop
endfacet
facet normal 1.2004214086512622e-14 -0.18943292288398395 0.9818936641651328
  outer loop
    vertex 9241.739757457832 9884.93894204459 146.29180309474316
    vertex 9249.939757457832 9885.576116033682 146.41473059243924
    vertex 9241.739757457832 9885.576116033682 146.41473059243933
  endloop
endfacet
facet normal 1.2004214086512622e-14 -0.18943292288398395 0.9818936641651328
  outer loop
    vertex 9249.939757457832 9885.576116033682 146.41473059243924
    vertex 9241.739757457832 9884.93894204459 146.29180309474316
    vertex 9249.939757457832 9883.772574958286 146.06678043253663
  endloop
endfacet
facet normal 1.2004214086512622e-14 -0.18943292288398395 0.9818936641651328
  outer loop
    vertex 9249.939757457832 9883.772574958286 146.06678043253663
    vertex 9241.739757457832 9884.93894204459 146.29180309474316
    vertex 9241.765422873708 9884.547363466843 146.2162573638472
  endloop
endfacet
facet normal 1.2004214086512622e-14 -0.18943292288398395 0.9818936641651328
  outer loop
    vertex 9249.939757457832 9883.772574958286 146.06678043253663
    vertex 9241.765422873708 9884.547363466843 146.2162573638472
    vertex 9241.841979978963 9884.162484907089 146.14200424134472
  endloop
endfacet
facet normal 1.2004214086512622e-14 -0.18943292288398395 0.9818936641651328
  outer loop
    vertex 9249.939757457832 9883.772574958286 146.06678043253663
    vertex 9241.841979978963 9884.162484907089 146.14200424134472
    vertex 9241.977151699479 9883.772574958286 146.0667804325371
  endloop
endfacet
facet normal 1.1351271465909863e-12 -0.8314804959196435 0.5555539441901425
  outer loop
    vertex 9250.239757457828 9893.094574512887 151.4072227647954
    vertex 9241.739757457832 9894.115015314681 152.93448511765098
    vertex 9241.739757457832 9893.09457451288 151.40722276480108
  endloop
endfacet
facet normal 1.1351271465909863e-12 -0.8314804959196435 0.5555539441901425
  outer loop
    vertex 9241.739757457832 9894.115015314681 152.93448511765098
    vertex 9250.239757457828 9893.094574512887 151.4072227647954
    vertex 9250.239757457828 9894.115015314688 152.9344851176453
  endloop
endfacet
facet normal 1.1313124435425224e-12 -0.7512167190787498 0.6600556347585853
  outer loop
    vertex 9250.239757457828 9891.882185134302 150.02738881858656
    vertex 9241.739757457832 9893.09457451288 151.40722276480108
    vertex 9241.739757457832 9891.882185134295 150.02738881859224
  endloop
endfacet
facet normal 1.1313124435425224e-12 -0.7512167190787498 0.6600556347585853
  outer loop
    vertex 9241.739757457832 9893.09457451288 151.40722276480108
    vertex 9250.239757457828 9891.882185134302 150.02738881858656
    vertex 9250.239757457828 9893.094574512887 151.4072227647954
  endloop
endfacet
facet normal -1.0 2.6803424866665798e-14 8.992998603766203e-15
  outer loop
    vertex 9249.939757457832 9881.93894205908 147.26122863507928
    vertex 9249.939757457832 9883.772574958286 146.06678043253663
    vertex 9249.939757457832 9881.938942039675 145.95898412370767
  endloop
endfacet
facet normal -1.0 2.6803424866665798e-14 8.992998603766203e-15
  outer loop
    vertex 9249.939757457832 9883.772574958286 146.06678043253663
    vertex 9249.939757457832 9881.93894205908 147.26122863507928
    vertex 9249.939757457832 9885.576116033682 146.41473059243924
  endloop
endfacet
facet normal -1.0 2.6803424866665798e-14 8.992998603766203e-15
  outer loop
    vertex 9249.939757457832 9885.576116033682 146.41473059243924
    vertex 9249.939757457832 9881.93894205908 147.26122863507928
    vertex 9249.939757457832 9887.318250603637 146.99679318751583
  endloop
endfacet
facet normal -1.0 2.6803424866665798e-14 8.992998603766203e-15
  outer loop
    vertex 9249.939757457832 9887.318250603637 146.99679318751583
    vertex 9249.939757457832 9881.93894205908 147.26122863507928
    vertex 9249.939757457832 9883.610593858764 147.35950233633326
  endloop
endfacet
facet normal -1.0 2.6803424866665798e-14 8.992998603766203e-15
  outer loop
    vertex 9249.939757457832 9887.318250603637 146.99679318751583
    vertex 9249.939757457832 9883.610593858764 147.35950233633326
    vertex 9249.939757457832 9888.968730199536 147.8028619364029
  endloop
endfacet
facet normal -1.0 2.6803424866665798e-14 8.992998603766203e-15
  outer loop
    vertex 9249.939757457832 9888.968730199536 147.8028619364029
    vertex 9249.939757457832 9883.610593858764 147.35950233633326
    vertex 9249.939757457832 9885.245571533707 147.67493221547193
  endloop
endfacet
facet normal -1.0 2.6803424866665798e-14 8.992998603766203e-15
  outer loop
    vertex 9249.939757457832 9888.968730199536 147.8028619364029
    vertex 9249.939757457832 9885.245571533707 147.67493221547193
    vertex 9249.939757457832 9886.824881906772 148.20259380375117
  endloop
endfacet
facet normal -1.0 2.6803424866665798e-14 8.992998603766203e-15
  outer loop
    vertex 9249.939757457832 9888.968730199536 147.8028619364029
    vertex 9249.939757457832 9886.824881906772 148.20259380375117
    vertex 9249.939757457832 9890.498897746831 148.81894116639512
  endloop
endfacet
facet normal -1.0 2.6803424866665798e-14 8.992998603766203e-15
  outer loop
    vertex 9249.939757457832 9890.498897746831 148.81894116639512
    vertex 9249.939757457832 9886.824881906772 148.20259380375117
    vertex 9249.939757457832 9888.321103605886 148.93332537780836
  endloop
endfacet
facet normal -1.0 2.6803424866665798e-14 8.992998603766203e-15
  outer loop
    vertex 9249.939757457832 9890.498897746831 148.81894116639512
    vertex 9249.939757457832 9888.321103605886 148.93332537780836
    vertex 9249.939757457832 9889.708257917411 149.854439335053
  endloop
endfacet
facet normal -9.76897341464427e-14 -0.7512167190787497 0.6600556347585853
  outer loop
    vertex 9268.139757457826 9891.882185134293 150.02738881859224
    vertex 9259.63975745783 9893.09457451288 151.40722276480108
    vertex 9259.63975745783 9891.882185134295 150.02738881859224
  endloop
endfacet
facet normal -9.76897341464427e-14 -0.7512167190787497 0.6600556347585853
  outer loop
    vertex 9259.63975745783 9893.09457451288 151.40722276480108
    vertex 9268.139757457826 9891.882185134293 150.02738881859224
    vertex 9268.139757457826 9893.094574512877 151.40722276480108
  endloop
endfacet
facet normal -4.270692177822103e-14 -0.657909658589241 0.7530968603937933
  outer loop
    vertex 9249.939757457832 9890.498897746831 148.81894116639512
    vertex 9251.939757457829 9890.498897746831 148.81894116639523
    vertex 9241.739757457832 9890.498897746831 148.81894116639523
  endloop
endfacet
facet normal -4.270692177822103e-14 -0.657909658589241 0.7530968603937933
  outer loop
    vertex 9241.739757457832 9891.882185134295 150.02738881859224
    vertex 9251.93975745783 9891.882185134295 150.02738881859224
    vertex 9250.239757457828 9891.882185134302 150.02738881858656
  endloop
endfacet
facet normal -4.270692177822103e-14 -0.657909658589241 0.7530968603937933
  outer loop
    vertex 9251.93975745783 9891.882185134295 150.02738881859224
    vertex 9241.739757457832 9891.882185134295 150.02738881859224
    vertex 9241.739757457832 9890.498897746831 148.81894116639523
  endloop
endfacet
facet normal -4.270692177822103e-14 -0.657909658589241 0.7530968603937933
  outer loop
    vertex 9251.93975745783 9891.882185134295 150.02738881859224
    vertex 9241.739757457832 9890.498897746831 148.81894116639523
    vertex 9259.63975745783 9891.882185134295 150.02738881859224
  endloop
endfacet
facet normal -4.270692177822103e-14 -0.657909658589241 0.7530968603937933
  outer loop
    vertex 9259.63975745783 9891.882185134295 150.02738881859224
    vertex 9241.739757457832 9890.498897746831 148.81894116639523
    vertex 9268.139757457826 9891.882185134293 150.02738881859224
  endloop
endfacet
facet normal -4.270692177822103e-14 -0.657909658589241 0.7530968603937933
  outer loop
    vertex 9268.139757457826 9891.882185134293 150.02738881859224
    vertex 9241.739757457832 9890.498897746831 148.81894116639523
    vertex 9257.93975745783 9890.498897746831 148.81894116639523
  endloop
endfacet
facet normal -4.270692177822103e-14 -0.657909658589241 0.7530968603937933
  outer loop
    vertex 9268.139757457826 9891.882185134293 150.02738881859224
    vertex 9257.93975745783 9890.498897746831 148.81894116639523
    vertex 9259.939757457829 9890.498897746831 148.81894116639523
  endloop
endfacet
facet normal -4.270692177822103e-14 -0.657909658589241 0.7530968603937933
  outer loop
    vertex 9268.139757457826 9891.882185134293 150.02738881859224
    vertex 9259.939757457829 9890.498897746831 148.81894116639523
    vertex 9268.139757457826 9890.49889774683 148.81894116639523
  endloop
endfacet
facet normal -4.270692177822103e-14 -0.657909658589241 0.7530968603937933
  outer loop
    vertex 9257.93975745783 9890.498897746831 148.81894116639523
    vertex 9241.739757457832 9890.498897746831 148.81894116639523
    vertex 9251.939757457829 9890.498897746831 148.81894116639523
  endloop
endfacet
facet normal -4.270692177822103e-14 -0.657909658589241 0.7530968603937933
  outer loop
    vertex 9259.63975745783 9891.882185134295 150.02738881859224
    vertex 9257.93975745783 9891.882185134302 150.02738881858656
    vertex 9251.93975745783 9891.882185134295 150.02738881859224
  endloop
endfacet
facet normal -1.081321857510586e-13 -0.8314804959196435 0.5555539441901426
  outer loop
    vertex 9268.139757457826 9893.094574512877 151.40722276480108
    vertex 9259.63975745783 9894.115015314681 152.93448511765098
    vertex 9259.63975745783 9893.09457451288 151.40722276480108
  endloop
endfacet
facet normal -1.081321857510586e-13 -0.8314804959196435 0.5555539441901426
  outer loop
    vertex 9259.63975745783 9894.115015314681 152.93448511765098
    vertex 9268.139757457826 9893.094574512877 151.40722276480108
    vertex 9268.139757457826 9894.11501531468 152.93448511765098
  endloop
endfacet
facet normal -2.0236964811933498e-14 -0.18943292288405786 0.9818936641651187
  outer loop
    vertex 9259.939757457829 9883.772574958286 146.06678043253672
    vertex 9268.139757457826 9885.57611603368 146.41473059243933
    vertex 9259.939757457829 9885.576116033682 146.41473059243933
  endloop
endfacet
facet normal -2.0236964811933498e-14 -0.18943292288405786 0.9818936641651187
  outer loop
    vertex 9268.139757457826 9885.57611603368 146.41473059243933
    vertex 9259.939757457829 9883.772574958286 146.06678043253672
    vertex 9268.139757457844 9884.938942044628 146.29180309475083
  endloop
endfacet
facet normal -2.0236964811933498e-14 -0.18943292288405786 0.9818936641651187
  outer loop
    vertex 9268.139757457844 9884.938942044628 146.29180309475083
    vertex 9259.939757457829 9883.772574958286 146.06678043253672
    vertex 9268.114092041966 9884.547363466843 146.2162573638474
  endloop
endfacet
facet normal -2.0236964811933498e-14 -0.18943292288405786 0.9818936641651187
  outer loop
    vertex 9268.114092041966 9884.547363466843 146.2162573638474
    vertex 9259.939757457829 9883.772574958286 146.06678043253672
    vertex 9268.03753493671 9884.162484907089 146.142004241345
  endloop
endfacet
facet normal -2.0236964811933498e-14 -0.18943292288405786 0.9818936641651187
  outer loop
    vertex 9268.03753493671 9884.162484907089 146.142004241345
    vertex 9259.939757457829 9883.772574958286 146.06678043253672
    vertex 9267.911396055377 9883.790891744233 146.0703142187565
  endloop
endfacet
facet normal -5.0710324525125675e-14 -0.43884434250556 0.8985630990925807
  outer loop
    vertex 9259.939757457829 9887.318250603637 146.99679318751592
    vertex 9268.139757457826 9888.968730199535 147.802861936403
    vertex 9259.939757457829 9888.968730199536 147.802861936403
  endloop
endfacet
facet normal -5.0710324525125675e-14 -0.43884434250556 0.8985630990925807
  outer loop
    vertex 9268.139757457826 9888.968730199535 147.802861936403
    vertex 9259.939757457829 9887.318250603637 146.99679318751592
    vertex 9268.139757457826 9887.318250603636 146.99679318751592
  endloop
endfacet
facet normal -4.1091488602094244e-14 -0.9813491984108577 0.19223358389825465
  outer loop
    vertex 9268.139757457828 9895.512820445942 156.32312501021295
    vertex 9241.739757457832 9895.865914856555 158.12566601158022
    vertex 9241.739757457832 9895.512820445943 156.32312501021295
  endloop
endfacet
facet normal -4.1091488602094244e-14 -0.9813491984108577 0.19223358389825465
  outer loop
    vertex 9241.739757457832 9895.865914856555 158.12566601158022
    vertex 9268.139757457828 9895.512820445942 156.32312501021295
    vertex 9268.139757457828 9895.865914856553 158.12566601158022
  endloop
endfacet
facet normal -5.399623546954492e-05 -0.05915610387200268 0.998248742778618
  outer loop
    vertex 9259.939757457829 9883.772574958286 146.06678043253672
    vertex 9267.737833669196 9883.438942040983 146.0471666938087
    vertex 9267.911396055377 9883.790891744233 146.0703142187565
  endloop
endfacet
facet normal -5.399623546954492e-05 -0.05915610387200268 0.998248742778618
  outer loop
    vertex 9267.737833669196 9883.438942040983 146.0471666938087
    vertex 9259.939757457829 9883.772574958286 146.06678043253672
    vertex 9259.939757457829 9881.938942039675 145.95898412370775
  endloop
endfacet
facet normal -5.399623546954492e-05 -0.05915610387200268 0.998248742778618
  outer loop
    vertex 9267.737833669196 9883.438942040983 146.0471666938087
    vertex 9259.939757457829 9881.938942039675 145.95898412370775
    vertex 9267.519817478717 9883.112657753672 146.02798496913306
  endloop
endfacet
facet normal -5.399623546954492e-05 -0.05915610387200268 0.998248742778618
  outer loop
    vertex 9267.519817478717 9883.112657753672 146.02798496913306
    vertex 9259.939757457829 9881.938942039675 145.95898412370775
    vertex 9267.261077801402 9882.817621696879 146.01064027730797
  endloop
endfacet
facet normal -5.399623546954492e-05 -0.05915610387200268 0.998248742778618
  outer loop
    vertex 9267.261077801402 9882.817621696879 146.01064027730797
    vertex 9259.939757457829 9881.938942039675 145.95898412370775
    vertex 9266.96604174487 9882.558882019339 145.99542939081962
  endloop
endfacet
facet normal -5.399623546954492e-05 -0.05915610387200268 0.998248742778618
  outer loop
    vertex 9266.96604174487 9882.558882019339 145.99542939081962
    vertex 9259.939757457829 9881.938942039675 145.95898412370775
    vertex 9266.639757457844 9882.340865828666 145.9826125721529
  endloop
endfacet
facet normal -5.399623546954492e-05 -0.05915610387200268 0.998248742778618
  outer loop
    vertex 9266.639757457844 9882.340865828666 145.9826125721529
    vertex 9259.939757457829 9881.938942039675 145.95898412370775
    vertex 9266.287807754938 9882.167303442335 145.97240912062864
  endloop
endfacet
facet normal -5.399623546954492e-05 -0.05915610387200268 0.998248742778618
  outer loop
    vertex 9266.287807754938 9882.167303442335 145.97240912062864
    vertex 9259.939757457829 9881.938942039675 145.95898412370775
    vertex 9265.916214593151 9882.041164560891 145.96499362013157
  endloop
endfacet
facet normal -5.399623546954492e-05 -0.05915610387200268 0.998248742778618
  outer loop
    vertex 9265.916214593151 9882.041164560891 145.96499362013157
    vertex 9259.939757457829 9881.938942039675 145.95898412370775
    vertex 9265.531336034504 9881.96460745557 145.960492951931
  endloop
endfacet
facet normal -5.399623546954492e-05 -0.05915610387200268 0.998248742778618
  outer loop
    vertex 9265.531336034504 9881.96460745557 145.960492951931
    vertex 9259.939757457829 9881.938942039675 145.95898412370775
    vertex 9265.13975745792 9881.938942039675 145.95898412370803
  endloop
endfacet
facet normal -4.1792931475124953e-14 -0.9981049269270516 0.061534988778296974
  outer loop
    vertex 9268.139757457828 9895.865914856553 158.12566601158022
    vertex 9241.739757457834 9895.978942248303 159.95898391449
    vertex 9241.739757457832 9895.865914856555 158.12566601158022
  endloop
endfacet
facet normal -4.1792931475124953e-14 -0.9981049269270516 0.061534988778296974
  outer loop
    vertex 9241.739757457834 9895.978942248303 159.95898391449
    vertex 9268.139757457828 9895.865914856553 158.12566601158022
    vertex 9268.139757457828 9895.9789422483 159.95898391449
  endloop
endfacet
facet normal -3.967512633679063e-14 -0.9475544242679893 0.31959445090639405
  outer loop
    vertex 9268.139757457828 9894.925789751363 154.58265820845074
    vertex 9241.739757457832 9895.512820445943 156.32312501021295
    vertex 9241.739757457832 9894.925789751363 154.58265820845074
  endloop
endfacet
facet normal -3.967512633679063e-14 -0.9475544242679893 0.31959445090639405
  outer loop
    vertex 9241.739757457832 9895.512820445943 156.32312501021295
    vertex 9268.139757457828 9894.925789751363 154.58265820845074
    vertex 9268.139757457828 9895.512820445942 156.32312501021295
  endloop
endfacet
facet normal -3.661885890385963e-14 -0.3168896910916787 0.9484623997185236
  outer loop
    vertex 9259.939757457829 9885.576116033682 146.41473059243933
    vertex 9268.139757457826 9887.318250603636 146.99679318751592
    vertex 9259.939757457829 9887.318250603637 146.99679318751592
  endloop
endfacet
facet normal -3.661885890385963e-14 -0.3168896910916787 0.9484623997185236
  outer loop
    vertex 9268.139757457826 9887.318250603636 146.99679318751592
    vertex 9259.939757457829 9885.576116033682 146.41473059243933
    vertex 9268.139757457826 9885.57611603368 146.41473059243933
  endloop
endfacet
facet normal -2.1588159441540263e-14 -0.8973073790128938 0.4414062387064904
  outer loop
    vertex 9257.93975745783 9894.115015314688 152.9344851176453
    vertex 9251.93975745783 9894.298660560557 153.30780615345378
    vertex 9251.93975745783 9894.115015314681 152.93448511765098
  endloop
endfacet
facet normal -2.1588159441540263e-14 -0.8973073790128938 0.4414062387064904
  outer loop
    vertex 9268.139757457826 9894.11501531468 152.93448511765098
    vertex 9259.63975745783 9894.298660560557 153.30780615345378
    vertex 9259.63975745783 9894.115015314681 152.93448511765098
  endloop
endfacet
facet normal -2.1588159441540263e-14 -0.8973073790128938 0.4414062387064904
  outer loop
    vertex 9250.239757457828 9894.115015314688 152.9344851176453
    vertex 9241.739757457832 9894.298660560557 153.30780615345378
    vertex 9241.739757457832 9894.115015314681 152.93448511765098
  endloop
endfacet
facet normal -2.1588159441540263e-14 -0.8973073790128938 0.4414062387064904
  outer loop
    vertex 9241.739757457832 9894.298660560557 153.30780615345378
    vertex 9250.239757457828 9894.115015314688 152.9344851176453
    vertex 9241.739757457832 9894.925789751363 154.58265820845074
  endloop
endfacet
facet normal -2.1588159441540263e-14 -0.8973073790128938 0.4414062387064904
  outer loop
    vertex 9241.739757457832 9894.925789751363 154.58265820845074
    vertex 9250.239757457828 9894.115015314688 152.9344851176453
    vertex 9250.239757457828 9894.298660560564 153.3078061534481
  endloop
endfacet
facet normal -2.1588159441540263e-14 -0.8973073790128938 0.4414062387064904
  outer loop
    vertex 9241.739757457832 9894.925789751363 154.58265820845074
    vertex 9250.239757457828 9894.298660560564 153.3078061534481
    vertex 9268.139757457828 9894.925789751363 154.58265820845074
  endloop
endfacet
facet normal -2.1588159441540263e-14 -0.8973073790128938 0.4414062387064904
  outer loop
    vertex 9268.139757457828 9894.925789751363 154.58265820845074
    vertex 9250.239757457828 9894.298660560564 153.3078061534481
    vertex 9251.93975745783 9894.298660560557 153.30780615345378
  endloop
endfacet
facet normal -2.1588159441540263e-14 -0.8973073790128938 0.4414062387064904
  outer loop
    vertex 9268.139757457828 9894.925789751363 154.58265820845074
    vertex 9251.93975745783 9894.298660560557 153.30780615345378
    vertex 9257.93975745783 9894.298660560564 153.3078061534481
  endloop
endfacet
facet normal -2.1588159441540263e-14 -0.8973073790128938 0.4414062387064904
  outer loop
    vertex 9257.93975745783 9894.298660560564 153.3078061534481
    vertex 9251.93975745783 9894.298660560557 153.30780615345378
    vertex 9257.93975745783 9894.115015314688 152.9344851176453
  endloop
endfacet
facet normal -2.1588159441540263e-14 -0.8973073790128938 0.4414062387064904
  outer loop
    vertex 9268.139757457828 9894.925789751363 154.58265820845074
    vertex 9257.93975745783 9894.298660560564 153.3078061534481
    vertex 9259.63975745783 9894.298660560557 153.30780615345378
  endloop
endfacet
facet normal -2.1588159441540263e-14 -0.8973073790128938 0.4414062387064904
  outer loop
    vertex 9268.139757457828 9894.925789751363 154.58265820845074
    vertex 9259.63975745783 9894.298660560557 153.30780615345378
    vertex 9268.139757457826 9894.11501531468 152.93448511765098
  endloop
endfacet
facet normal -7.335375489963333e-15 -0.5531793934886162 0.8330621577166778
  outer loop
    vertex 9257.93975745783 9888.321103605886 148.93332537780844
    vertex 9259.939757457829 9889.708257917411 149.8544393350531
    vertex 9257.93975745783 9889.708257917411 149.8544393350531
  endloop
endfacet
facet normal -7.335375489963333e-15 -0.5531793934886162 0.8330621577166778
  outer loop
    vertex 9259.939757457829 9889.708257917411 149.8544393350531
    vertex 9257.93975745783 9888.321103605886 148.93332537780844
    vertex 9259.939757457829 9888.321103605886 148.93332537780844
  endloop
endfacet
facet normal -3.681754666974829e-15 -0.43884434250559556 0.8985630990925633
  outer loop
    vertex 9257.93975745783 9886.824881906774 148.20259380375126
    vertex 9259.939757457829 9888.321103605886 148.93332537780844
    vertex 9257.93975745783 9888.321103605886 148.93332537780844
  endloop
endfacet
facet normal -3.681754666974829e-15 -0.43884434250559556 0.8985630990925633
  outer loop
    vertex 9259.939757457829 9888.321103605886 148.93332537780844
    vertex 9257.93975745783 9886.824881906774 148.20259380375126
    vertex 9259.939757457829 9886.824881906774 148.20259380375126
  endloop
endfacet
facet normal 3.5792010196643684e-17 -0.31688969109167997 0.9484623997185232
  outer loop
    vertex 9257.939757457829 9885.245571533707 147.674932215472
    vertex 9259.939757457829 9886.824881906774 148.20259380375126
    vertex 9257.93975745783 9886.824881906774 148.20259380375126
  endloop
endfacet
facet normal 3.5792010196643684e-17 -0.31688969109167997 0.9484623997185232
  outer loop
    vertex 9259.939757457829 9886.824881906774 148.20259380375126
    vertex 9257.939757457829 9885.245571533707 147.674932215472
    vertex 9259.939757457829 9885.245571533707 147.674932215472
  endloop
endfacet
facet normal 1.0 -4.5923661527945355e-12 3.3592522435445318e-12
  outer loop
    vertex 9257.939757457842 9894.681159321695 150.18862727279898
    vertex 9257.93975745783 9891.882185134302 150.02738881858656
    vertex 9257.939757457842 9893.489761627041 148.8326841974501
  endloop
endfacet
facet normal 1.0 -4.5923661527945355e-12 3.3592522435445318e-12
  outer loop
    vertex 9257.93975745783 9891.882185134302 150.02738881858656
    vertex 9257.939757457842 9894.681159321695 150.18862727279898
    vertex 9257.93975745783 9893.094574512887 151.4072227647954
  endloop
endfacet
facet normal 1.0 -4.5923661527945355e-12 3.3592522435445318e-12
  outer loop
    vertex 9257.93975745783 9893.094574512887 151.4072227647954
    vertex 9257.939757457842 9894.681159321695 150.18862727279898
    vertex 9257.939757457842 9895.848049627277 151.93507609224355
  endloop
endfacet
facet normal 1.0 -4.5923661527945355e-12 3.3592522435445318e-12
  outer loop
    vertex 9257.93975745783 9893.094574512887 151.4072227647954
    vertex 9257.939757457842 9895.848049627277 151.93507609224355
    vertex 9257.93975745783 9894.115015314688 152.9344851176453
  endloop
endfacet
facet normal 1.0 -4.5923661527945355e-12 3.3592522435445318e-12
  outer loop
    vertex 9257.93975745783 9894.115015314688 152.9344851176453
    vertex 9257.939757457842 9895.848049627277 151.93507609224355
    vertex 9257.939757457842 9896.005125562202 152.2543860229003
  endloop
endfacet
facet normal 1.0 -4.5923661527945355e-12 3.3592522435445318e-12
  outer loop
    vertex 9257.93975745783 9894.115015314688 152.9344851176453
    vertex 9257.939757457842 9896.005125562202 152.2543860229003
    vertex 9257.93975745783 9894.298660560564 153.3078061534481
  endloop
endfacet
facet normal 3.752717235089399e-15 -0.18943292288401062 0.9818936641651277
  outer loop
    vertex 9257.939757457829 9883.610593858764 147.35950233633335
    vertex 9259.939757457829 9885.245571533707 147.674932215472
    vertex 9257.939757457829 9885.245571533707 147.674932215472
  endloop
endfacet
facet normal 3.752717235089399e-15 -0.18943292288401062 0.9818936641651277
  outer loop
    vertex 9259.939757457829 9885.245571533707 147.674932215472
    vertex 9257.939757457829 9883.610593858764 147.35950233633335
    vertex 9259.939757457829 9883.610593858764 147.35950233633335
  endloop
endfacet
facet normal -1.3262341998031834e-15 -0.05868705409793516 0.9982764294930068
  outer loop
    vertex 9257.939757457829 9881.93894205908 147.26122863507936
    vertex 9259.939757457829 9883.610593858764 147.35950233633335
    vertex 9257.939757457829 9883.610593858764 147.35950233633335
  endloop
endfacet
facet normal -1.3262341998031834e-15 -0.05868705409793516 0.9982764294930068
  outer loop
    vertex 9259.939757457829 9883.610593858764 147.35950233633335
    vertex 9257.939757457829 9881.93894205908 147.26122863507936
    vertex 9259.939757457829 9881.93894205908 147.26122863507936
  endloop
endfacet
facet normal 3.2830247349070224e-12 0.7512167190797178 -0.6600556347574835
  outer loop
    vertex 9257.939757457842 9894.681159321695 150.18862727279898
    vertex 9251.939757457842 9893.489761627034 148.8326841974558
    vertex 9251.939757457842 9894.681159321688 150.1886272728047
  endloop
endfacet
facet normal 3.2830247349070224e-12 0.7512167190797178 -0.6600556347574835
  outer loop
    vertex 9266.439757457834 9894.681159321688 150.1886272728047
    vertex 9259.63975745784 9893.489761627034 148.8326841974558
    vertex 9259.63975745784 9894.681159321688 150.1886272728047
  endloop
endfacet
facet normal 3.2830247349070224e-12 0.7512167190797178 -0.6600556347574835
  outer loop
    vertex 9250.23975745784 9894.681159321695 150.18862727279898
    vertex 9243.439757457834 9893.294772762183 148.6107651838328
    vertex 9243.439757457834 9894.681159321757 150.1886272727452
  endloop
endfacet
facet normal 3.2830247349070224e-12 0.7512167190797178 -0.6600556347574835
  outer loop
    vertex 9243.439757457834 9893.294772762183 148.6107651838328
    vertex 9250.23975745784 9894.681159321695 150.18862727279898
    vertex 9250.23975745784 9893.489761627041 148.8326841974501
  endloop
endfacet
facet normal 3.2830247349070224e-12 0.7512167190797178 -0.6600556347574835
  outer loop
    vertex 9243.439757457834 9893.294772762183 148.6107651838328
    vertex 9250.23975745784 9893.489761627041 148.8326841974501
    vertex 9266.439757457834 9893.294772762112 148.61076518389225
  endloop
endfacet
facet normal 3.2830247349070224e-12 0.7512167190797178 -0.6600556347574835
  outer loop
    vertex 9266.439757457834 9893.294772762112 148.61076518389225
    vertex 9250.23975745784 9893.489761627041 148.8326841974501
    vertex 9251.939757457842 9893.489761627034 148.8326841974558
  endloop
endfacet
facet normal 3.2830247349070224e-12 0.7512167190797178 -0.6600556347574835
  outer loop
    vertex 9266.439757457834 9893.294772762112 148.61076518389225
    vertex 9251.939757457842 9893.489761627034 148.8326841974558
    vertex 9257.939757457842 9893.489761627041 148.8326841974501
  endloop
endfacet
facet normal 3.2830247349070224e-12 0.7512167190797178 -0.6600556347574835
  outer loop
    vertex 9257.939757457842 9893.489761627041 148.8326841974501
    vertex 9251.939757457842 9893.489761627034 148.8326841974558
    vertex 9257.939757457842 9894.681159321695 150.18862727279898
  endloop
endfacet
facet normal 3.2830247349070224e-12 0.7512167190797178 -0.6600556347574835
  outer loop
    vertex 9266.439757457834 9893.294772762112 148.61076518389225
    vertex 9257.939757457842 9893.489761627041 148.8326841974501
    vertex 9259.63975745784 9893.489761627034 148.8326841974558
  endloop
endfacet
facet normal 3.2830247349070224e-12 0.7512167190797178 -0.6600556347574835
  outer loop
    vertex 9266.439757457834 9893.294772762112 148.61076518389225
    vertex 9259.63975745784 9893.489761627034 148.8326841974558
    vertex 9266.439757457834 9894.681159321688 150.1886272728047
  endloop
endfacet
facet normal -1.0 4.590944212123795e-13 -3.042574007359539e-13
  outer loop
    vertex 9266.439757457834 9886.0836823203 143.65898406201657
    vertex 9266.439757457823 9896.978942079828 148.65898389958335
    vertex 9266.439757457827 9896.978942005395 143.65898389958332
  endloop
endfacet
facet normal -1.0 4.590944212123795e-13 -3.042574007359539e-13
  outer loop
    vertex 9266.439757457823 9896.978942079828 148.65898389958335
    vertex 9266.439757457834 9886.0836823203 143.65898406201657
    vertex 9266.439757457834 9888.075840953696 145.14523082286453
  endloop
endfacet
facet normal -1.0 4.590944212123795e-13 -3.042574007359539e-13
  outer loop
    vertex 9266.439757457834 9888.075840953696 145.14523082286453
    vertex 9266.439757457834 9886.0836823203 143.65898406201657
    vertex 9266.439757457834 9886.083682332532 144.47963297707372
  endloop
endfacet
facet normal -1.0 4.590944212123795e-13 -3.042574007359539e-13
  outer loop
    vertex 9266.439757457823 9896.978942079828 148.65898389958335
    vertex 9266.439757457834 9888.075840953696 145.14523082286453
    vertex 9266.439757457834 9889.963190652585 146.06698327244007
  endloop
endfacet
facet normal -1.0 4.590944212123795e-13 -3.042574007359539e-13
  outer loop
    vertex 9266.439757457823 9896.978942079828 148.65898389958335
    vertex 9266.439757457834 9889.963190652585 146.06698327244007
    vertex 9266.439757457834 9891.712961608137 147.22888605120698
  endloop
endfacet
facet normal -1.0 4.590944212123795e-13 -3.042574007359539e-13
  outer loop
    vertex 9266.439757457823 9896.978942079828 148.65898389958335
    vertex 9266.439757457834 9891.712961608137 147.22888605120698
    vertex 9266.439757457834 9893.294772762112 148.61076518389225
  endloop
endfacet
facet normal -1.0 4.590944212123795e-13 -3.042574007359539e-13
  outer loop
    vertex 9266.439757457823 9896.978942079828 148.65898389958335
    vertex 9266.439757457834 9893.294772762112 148.61076518389225
    vertex 9266.439757457834 9894.681159321688 150.1886272728047
  endloop
endfacet
facet normal -1.0 4.590944212123795e-13 -3.042574007359539e-13
  outer loop
    vertex 9266.439757457823 9896.978942079828 148.65898389958335
    vertex 9266.439757457834 9894.681159321688 150.1886272728047
    vertex 9266.439757457823 9897.978942079828 148.65898388471393
  endloop
endfacet
facet normal -1.0 4.590944212123795e-13 -3.042574007359539e-13
  outer loop
    vertex 9266.439757457827 9897.978942005395 143.6589838847139
    vertex 9266.439757457843 9901.978942203597 156.95898382507974
    vertex 9266.439757457842 9901.978942005413 143.65898382508186
  endloop
endfacet
facet normal -1.0 4.590944212123795e-13 -3.042574007359539e-13
  outer loop
    vertex 9266.439757457843 9901.978942203597 156.95898382507974
    vertex 9266.439757457827 9897.978942005395 143.6589838847139
    vertex 9266.439757457823 9897.978942079828 148.65898388471393
  endloop
endfacet
facet normal -1.0 4.590944212123795e-13 -3.042574007359539e-13
  outer loop
    vertex 9266.439757457843 9901.978942203597 156.95898382507974
    vertex 9266.439757457823 9897.978942079828 148.65898388471393
    vertex 9266.439757457834 9894.681159321688 150.1886272728047
  endloop
endfacet
facet normal -1.0 4.590944212123795e-13 -3.042574007359539e-13
  outer loop
    vertex 9266.439757457843 9901.978942203597 156.95898382507974
    vertex 9266.439757457834 9894.681159321688 150.1886272728047
    vertex 9266.439757457834 9895.84804962727 151.93507609224923
  endloop
endfacet
facet normal -1.0 4.590944212123795e-13 -3.042574007359539e-13
  outer loop
    vertex 9266.439757457843 9901.978942203597 156.95898382507974
    vertex 9266.439757457834 9895.84804962727 151.93507609224923
    vertex 9266.439757457834 9896.775183105769 153.81978826582917
  endloop
endfacet
facet normal -1.0 4.590944212123795e-13 -3.042574007359539e-13
  outer loop
    vertex 9266.439757457843 9901.978942203597 156.95898382507974
    vertex 9266.439757457834 9896.775183105769 153.81978826582917
    vertex 9266.439757457834 9897.44646205245 155.81003976750947
  endloop
endfacet
facet normal -1.0 4.590944212123795e-13 -3.042574007359539e-13
  outer loop
    vertex 9266.439757457843 9901.978942203597 156.95898382507974
    vertex 9266.439757457834 9897.44646205245 155.81003976750947
    vertex 9266.439757457834 9897.85023113339 157.87127410486042
  endloop
endfacet
facet normal -1.0 4.590944212123795e-13 -3.042574007359539e-13
  outer loop
    vertex 9266.439757457843 9901.978942203597 156.95898382507974
    vertex 9266.439757457834 9897.85023113339 157.87127410486042
    vertex 9266.43975745783 9898.9789422483 159.95898386978445
  endloop
endfacet
facet normal -1.0 4.590944212123795e-13 -3.042574007359539e-13
  outer loop
    vertex 9266.43975745783 9898.9789422483 159.95898386978445
    vertex 9266.439757457834 9897.85023113339 157.87127410486042
    vertex 9266.439757457836 9897.971369140449 159.8361471634205
  endloop
endfacet
facet normal -1.0 4.590944212123795e-13 -3.042574007359539e-13
  outer loop
    vertex 9266.43975745783 9898.9789422483 159.95898386978445
    vertex 9266.439757457836 9897.971369140449 159.8361471634205
    vertex 9266.439757457827 9897.9789422483 159.95898388468575
  endloop
endfacet
facet normal 1.0 -2.6803424866665776e-14 -8.992998603766242e-15
  outer loop
    vertex 9259.939757457829 9883.772574958286 146.06678043253672
    vertex 9259.939757457829 9881.93894205908 147.26122863507936
    vertex 9259.939757457829 9881.938942039675 145.95898412370775
  endloop
endfacet
facet normal 1.0 -2.6803424866665776e-14 -8.992998603766242e-15
  outer loop
    vertex 9259.939757457829 9881.93894205908 147.26122863507936
    vertex 9259.939757457829 9883.772574958286 146.06678043253672
    vertex 9259.939757457829 9885.576116033682 146.41473059243933
  endloop
endfacet
facet normal 1.0 -2.6803424866665776e-14 -8.992998603766242e-15
  outer loop
    vertex 9259.939757457829 9881.93894205908 147.26122863507936
    vertex 9259.939757457829 9885.576116033682 146.41473059243933
    vertex 9259.939757457829 9887.318250603637 146.99679318751592
  endloop
endfacet
facet normal 1.0 -2.6803424866665776e-14 -8.992998603766242e-15
  outer loop
    vertex 9259.939757457829 9881.93894205908 147.26122863507936
    vertex 9259.939757457829 9887.318250603637 146.99679318751592
    vertex 9259.939757457829 9883.610593858764 147.35950233633335
  endloop
endfacet
facet normal 1.0 -2.6803424866665776e-14 -8.992998603766242e-15
  outer loop
    vertex 9259.939757457829 9883.610593858764 147.35950233633335
    vertex 9259.939757457829 9887.318250603637 146.99679318751592
    vertex 9259.939757457829 9888.968730199536 147.802861936403
  endloop
endfacet
facet normal 1.0 -2.6803424866665776e-14 -8.992998603766242e-15
  outer loop
    vertex 9259.939757457829 9883.610593858764 147.35950233633335
    vertex 9259.939757457829 9888.968730199536 147.802861936403
    vertex 9259.939757457829 9885.245571533707 147.674932215472
  endloop
endfacet
facet normal 1.0 -2.6803424866665776e-14 -8.992998603766242e-15
  outer loop
    vertex 9259.939757457829 9885.245571533707 147.674932215472
    vertex 9259.939757457829 9888.968730199536 147.802861936403
    vertex 9259.939757457829 9886.824881906774 148.20259380375126
  endloop
endfacet
facet normal 1.0 -2.6803424866665776e-14 -8.992998603766242e-15
  outer loop
    vertex 9259.939757457829 9886.824881906774 148.20259380375126
    vertex 9259.939757457829 9888.968730199536 147.802861936403
    vertex 9259.939757457829 9890.498897746831 148.81894116639523
  endloop
endfacet
facet normal 1.0 -2.6803424866665776e-14 -8.992998603766242e-15
  outer loop
    vertex 9259.939757457829 9886.824881906774 148.20259380375126
    vertex 9259.939757457829 9890.498897746831 148.81894116639523
    vertex 9259.939757457829 9888.321103605886 148.93332537780844
  endloop
endfacet
facet normal 1.0 -2.6803424866665776e-14 -8.992998603766242e-15
  outer loop
    vertex 9259.939757457829 9888.321103605886 148.93332537780844
    vertex 9259.939757457829 9890.498897746831 148.81894116639523
    vertex 9259.939757457829 9889.708257917411 149.8544393350531
  endloop
endfacet
facet normal 2.6761052385346572e-14 0.7948064008230474 0.6068630695722994
  outer loop
    vertex 9259.939757457829 9889.708257917411 149.8544393350531
    vertex 9257.93975745783 9890.498897746831 148.81894116639523
    vertex 9257.93975745783 9889.708257917411 149.8544393350531
  endloop
endfacet
facet normal 2.6761052385346572e-14 0.7948064008230474 0.6068630695722994
  outer loop
    vertex 9257.93975745783 9890.498897746831 148.81894116639523
    vertex 9259.939757457829 9889.708257917411 149.8544393350531
    vertex 9259.939757457829 9890.498897746831 148.81894116639523
  endloop
endfacet
facet normal -1.0 4.592366152794535e-12 -3.3592522435445314e-12
  outer loop
    vertex 9251.93975745783 9891.882185134295 150.02738881859224
    vertex 9251.939757457842 9894.681159321688 150.1886272728047
    vertex 9251.939757457842 9893.489761627034 148.8326841974558
  endloop
endfacet
facet normal -1.0 4.592366152794535e-12 -3.3592522435445314e-12
  outer loop
    vertex 9251.939757457842 9894.681159321688 150.1886272728047
    vertex 9251.93975745783 9891.882185134295 150.02738881859224
    vertex 9251.93975745783 9893.09457451288 151.40722276480108
  endloop
endfacet
facet normal -1.0 4.592366152794535e-12 -3.3592522435445314e-12
  outer loop
    vertex 9251.939757457842 9894.681159321688 150.1886272728047
    vertex 9251.93975745783 9893.09457451288 151.40722276480108
    vertex 9251.939757457842 9895.84804962727 151.93507609224923
  endloop
endfacet
facet normal -1.0 4.592366152794535e-12 -3.3592522435445314e-12
  outer loop
    vertex 9251.939757457842 9895.84804962727 151.93507609224923
    vertex 9251.93975745783 9893.09457451288 151.40722276480108
    vertex 9251.93975745783 9894.115015314681 152.93448511765098
  endloop
endfacet
facet normal -1.0 4.592366152794535e-12 -3.3592522435445314e-12
  outer loop
    vertex 9251.939757457842 9895.84804962727 151.93507609224923
    vertex 9251.93975745783 9894.115015314681 152.93448511765098
    vertex 9251.939757457842 9896.005125562193 152.25438602290598
  endloop
endfacet
facet normal -1.0 4.592366152794535e-12 -3.3592522435445314e-12
  outer loop
    vertex 9251.939757457842 9896.005125562193 152.25438602290598
    vertex 9251.93975745783 9894.115015314681 152.93448511765098
    vertex 9251.93975745783 9894.298660560557 153.30780615345378
  endloop
endfacet
facet normal 1.1999233697559778e-11 0.8314804959196525 -0.5555539441901292
  outer loop
    vertex 9250.23975745784 9895.848049627277 151.93507609224355
    vertex 9243.439757457834 9894.681159321757 150.1886272727452
    vertex 9243.439757457834 9895.84804962734 151.93507609218977
  endloop
endfacet
facet normal 1.1999233697559778e-11 0.8314804959196525 -0.5555539441901292
  outer loop
    vertex 9243.439757457834 9894.681159321757 150.1886272727452
    vertex 9250.23975745784 9895.848049627277 151.93507609224355
    vertex 9250.23975745784 9894.681159321695 150.18862727279898
  endloop
endfacet
facet normal -1.0 4.592366152794535e-12 -3.3592522435445314e-12
  outer loop
    vertex 9259.63975745783 9891.882185134295 150.02738881859224
    vertex 9259.63975745784 9894.681159321688 150.1886272728047
    vertex 9259.63975745784 9893.489761627034 148.8326841974558
  endloop
endfacet
facet normal -1.0 4.592366152794535e-12 -3.3592522435445314e-12
  outer loop
    vertex 9259.63975745784 9894.681159321688 150.1886272728047
    vertex 9259.63975745783 9891.882185134295 150.02738881859224
    vertex 9259.63975745783 9893.09457451288 151.40722276480108
  endloop
endfacet
facet normal -1.0 4.592366152794535e-12 -3.3592522435445314e-12
  outer loop
    vertex 9259.63975745784 9894.681159321688 150.1886272728047
    vertex 9259.63975745783 9893.09457451288 151.40722276480108
    vertex 9259.63975745784 9895.84804962727 151.93507609224923
  endloop
endfacet
facet normal -1.0 4.592366152794535e-12 -3.3592522435445314e-12
  outer loop
    vertex 9259.63975745784 9895.84804962727 151.93507609224923
    vertex 9259.63975745783 9893.09457451288 151.40722276480108
    vertex 9259.63975745783 9894.115015314681 152.93448511765098
  endloop
endfacet
facet normal -1.0 4.592366152794535e-12 -3.3592522435445314e-12
  outer loop
    vertex 9259.63975745784 9895.84804962727 151.93507609224923
    vertex 9259.63975745783 9894.115015314681 152.93448511765098
    vertex 9259.63975745784 9896.005125562193 152.25438602290598
  endloop
endfacet
facet normal -1.0 4.592366152794535e-12 -3.3592522435445314e-12
  outer loop
    vertex 9259.63975745784 9896.005125562193 152.25438602290598
    vertex 9259.63975745783 9894.115015314681 152.93448511765098
    vertex 9259.63975745783 9894.298660560557 153.30780615345378
  endloop
endfacet
facet normal 3.5397895588515943e-12 0.8973073790063874 -0.44140623871971657
  outer loop
    vertex 9243.439757457834 9896.77518310584 153.8197882657697
    vertex 9250.23975745784 9895.848049627277 151.93507609224355
    vertex 9243.439757457834 9895.84804962734 151.93507609218977
  endloop
endfacet
facet normal 3.5397895588515943e-12 0.8973073790063874 -0.44140623871971657
  outer loop
    vertex 9250.23975745784 9895.848049627277 151.93507609224355
    vertex 9243.439757457834 9896.77518310584 153.8197882657697
    vertex 9250.23975745784 9896.005125562202 152.2543860229003
  endloop
endfacet
facet normal 3.5397895588515943e-12 0.8973073790063874 -0.44140623871971657
  outer loop
    vertex 9266.439757457834 9896.775183105769 153.81978826582917
    vertex 9250.23975745784 9896.005125562202 152.2543860229003
    vertex 9243.439757457834 9896.77518310584 153.8197882657697
  endloop
endfacet
facet normal 3.5397895588515943e-12 0.8973073790063874 -0.44140623871971657
  outer loop
    vertex 9250.23975745784 9896.005125562202 152.2543860229003
    vertex 9266.439757457834 9896.775183105769 153.81978826582917
    vertex 9251.939757457842 9896.005125562193 152.25438602290598
  endloop
endfacet
facet normal 3.5397895588515943e-12 0.8973073790063874 -0.44140623871971657
  outer loop
    vertex 9251.939757457842 9896.005125562193 152.25438602290598
    vertex 9266.439757457834 9896.775183105769 153.81978826582917
    vertex 9251.939757457842 9895.84804962727 151.93507609224923
  endloop
endfacet
facet normal 3.5397895588515943e-12 0.8973073790063874 -0.44140623871971657
  outer loop
    vertex 9251.939757457842 9895.84804962727 151.93507609224923
    vertex 9266.439757457834 9896.775183105769 153.81978826582917
    vertex 9257.939757457842 9896.005125562202 152.2543860229003
  endloop
endfacet
facet normal 3.5397895588515943e-12 0.8973073790063874 -0.44140623871971657
  outer loop
    vertex 9257.939757457842 9896.005125562202 152.2543860229003
    vertex 9266.439757457834 9896.775183105769 153.81978826582917
    vertex 9259.63975745784 9896.005125562193 152.25438602290598
  endloop
endfacet
facet normal 3.5397895588515943e-12 0.8973073790063874 -0.44140623871971657
  outer loop
    vertex 9259.63975745784 9896.005125562193 152.25438602290598
    vertex 9266.439757457834 9896.775183105769 153.81978826582917
    vertex 9259.63975745784 9895.84804962727 151.93507609224923
  endloop
endfacet
facet normal 3.5397895588515943e-12 0.8973073790063874 -0.44140623871971657
  outer loop
    vertex 9259.63975745784 9895.84804962727 151.93507609224923
    vertex 9266.439757457834 9896.775183105769 153.81978826582917
    vertex 9266.439757457834 9895.84804962727 151.93507609224923
  endloop
endfacet
facet normal 3.5397895588515943e-12 0.8973073790063874 -0.44140623871971657
  outer loop
    vertex 9257.939757457842 9895.848049627277 151.93507609224355
    vertex 9251.939757457842 9895.84804962727 151.93507609224923
    vertex 9257.939757457842 9896.005125562202 152.2543860229003
  endloop
endfacet
facet normal 4.461681893333016e-13 -0.5252860556924418 -0.8509257075062882
  outer loop
    vertex 9259.63975745784 9896.005125562193 152.25438602290598
    vertex 9257.93975745783 9894.298660560564 153.3078061534481
    vertex 9257.939757457842 9896.005125562202 152.2543860229003
  endloop
endfacet
facet normal 4.461681893333016e-13 -0.5252860556924418 -0.8509257075062882
  outer loop
    vertex 9257.93975745783 9894.298660560564 153.3078061534481
    vertex 9259.63975745784 9896.005125562193 152.25438602290598
    vertex 9259.63975745783 9894.298660560557 153.30780615345378
  endloop
endfacet
facet normal 5.4707451391830247e-14 0.5964864446503882 0.8026231502693774
  outer loop
    vertex 9257.93975745783 9891.882185134302 150.02738881858656
    vertex 9259.63975745784 9893.489761627034 148.8326841974558
    vertex 9257.939757457842 9893.489761627041 148.8326841974501
  endloop
endfacet
facet normal 5.4707451391830247e-14 0.5964864446503882 0.8026231502693774
  outer loop
    vertex 9259.63975745784 9893.489761627034 148.8326841974558
    vertex 9257.93975745783 9891.882185134302 150.02738881858656
    vertex 9259.63975745783 9891.882185134295 150.02738881859224
  endloop
endfacet
facet normal -1.6081021526061408e-12 0.8314804959196525 -0.555553944190129
  outer loop
    vertex 9257.939757457842 9895.848049627277 151.93507609224355
    vertex 9251.939757457842 9894.681159321688 150.1886272728047
    vertex 9251.939757457842 9895.84804962727 151.93507609224923
  endloop
endfacet
facet normal -1.6081021526061408e-12 0.8314804959196525 -0.555553944190129
  outer loop
    vertex 9251.939757457842 9894.681159321688 150.1886272728047
    vertex 9257.939757457842 9895.848049627277 151.93507609224355
    vertex 9257.939757457842 9894.681159321695 150.18862727279898
  endloop
endfacet
facet normal 3.949577290415515e-12 0.6579096585905503 -0.7530968603926494
  outer loop
    vertex 9266.439757457834 9893.294772762112 148.61076518389225
    vertex 9243.439757457834 9891.712961608206 147.22888605114753
    vertex 9243.439757457834 9893.294772762183 148.6107651838328
  endloop
endfacet
facet normal 3.949577290415515e-12 0.6579096585905503 -0.7530968603926494
  outer loop
    vertex 9243.439757457834 9891.712961608206 147.22888605114753
    vertex 9266.439757457834 9893.294772762112 148.61076518389225
    vertex 9266.439757457834 9891.712961608137 147.22888605120698
  endloop
endfacet
facet normal 8.789249869867254e-15 0.7948064008230473 0.6068630695722994
  outer loop
    vertex 9251.939757457829 9889.708257917411 149.8544393350531
    vertex 9249.939757457832 9890.498897746831 148.81894116639512
    vertex 9249.939757457832 9889.708257917411 149.854439335053
  endloop
endfacet
facet normal 8.789249869867254e-15 0.7948064008230473 0.6068630695722994
  outer loop
    vertex 9249.939757457832 9890.498897746831 148.81894116639512
    vertex 9251.939757457829 9889.708257917411 149.8544393350531
    vertex 9251.939757457829 9890.498897746831 148.81894116639523
  endloop
endfacet
facet normal 1.0 -2.6803424866665798e-14 -8.992998603766203e-15
  outer loop
    vertex 9251.939757457829 9883.772574958286 146.06678043253672
    vertex 9251.939757457829 9881.93894205908 147.26122863507936
    vertex 9251.939757457829 9881.938942039675 145.95898412370775
  endloop
endfacet
facet normal 1.0 -2.6803424866665798e-14 -8.992998603766203e-15
  outer loop
    vertex 9251.939757457829 9881.93894205908 147.26122863507936
    vertex 9251.939757457829 9883.772574958286 146.06678043253672
    vertex 9251.939757457829 9885.576116033682 146.41473059243933
  endloop
endfacet
facet normal 1.0 -2.6803424866665798e-14 -8.992998603766203e-15
  outer loop
    vertex 9251.939757457829 9881.93894205908 147.26122863507936
    vertex 9251.939757457829 9885.576116033682 146.41473059243933
    vertex 9251.939757457829 9887.318250603637 146.99679318751592
  endloop
endfacet
facet normal 1.0 -2.6803424866665798e-14 -8.992998603766203e-15
  outer loop
    vertex 9251.939757457829 9881.93894205908 147.26122863507936
    vertex 9251.939757457829 9887.318250603637 146.99679318751592
    vertex 9251.939757457829 9883.610593858764 147.35950233633335
  endloop
endfacet
facet normal 1.0 -2.6803424866665798e-14 -8.992998603766203e-15
  outer loop
    vertex 9251.939757457829 9883.610593858764 147.35950233633335
    vertex 9251.939757457829 9887.318250603637 146.99679318751592
    vertex 9251.939757457829 9888.968730199536 147.802861936403
  endloop
endfacet
facet normal 1.0 -2.6803424866665798e-14 -8.992998603766203e-15
  outer loop
    vertex 9251.939757457829 9883.610593858764 147.35950233633335
    vertex 9251.939757457829 9888.968730199536 147.802861936403
    vertex 9251.939757457829 9885.245571533707 147.674932215472
  endloop
endfacet
facet normal 1.0 -2.6803424866665798e-14 -8.992998603766203e-15
  outer loop
    vertex 9251.939757457829 9885.245571533707 147.674932215472
    vertex 9251.939757457829 9888.968730199536 147.802861936403
    vertex 9251.939757457829 9886.824881906774 148.20259380375126
  endloop
endfacet
facet normal 1.0 -2.6803424866665798e-14 -8.992998603766203e-15
  outer loop
    vertex 9251.939757457829 9886.824881906774 148.20259380375126
    vertex 9251.939757457829 9888.968730199536 147.802861936403
    vertex 9251.939757457829 9890.498897746831 148.81894116639523
  endloop
endfacet
facet normal 1.0 -2.6803424866665798e-14 -8.992998603766203e-15
  outer loop
    vertex 9251.939757457829 9886.824881906774 148.20259380375126
    vertex 9251.939757457829 9890.498897746831 148.81894116639523
    vertex 9251.939757457829 9888.321103605886 148.93332537780844
  endloop
endfacet
facet normal 1.0 -2.6803424866665798e-14 -8.992998603766203e-15
  outer loop
    vertex 9251.939757457829 9888.321103605886 148.93332537780844
    vertex 9251.939757457829 9890.498897746831 148.81894116639523
    vertex 9251.939757457829 9889.708257917411 149.8544393350531
  endloop
endfacet
facet normal -4.173261538401121e-14 -0.058687054097935155 0.9982764294930068
  outer loop
    vertex 9249.939757457832 9883.610593858764 147.35950233633326
    vertex 9251.939757457829 9881.93894205908 147.26122863507936
    vertex 9251.939757457829 9883.610593858764 147.35950233633335
  endloop
endfacet
facet normal -4.173261538401121e-14 -0.058687054097935155 0.9982764294930068
  outer loop
    vertex 9251.939757457829 9881.93894205908 147.26122863507936
    vertex 9249.939757457832 9883.610593858764 147.35950233633326
    vertex 9249.939757457832 9881.93894205908 147.26122863507928
  endloop
endfacet
facet normal 3.752717235089399e-15 -0.18943292288401062 0.9818936641651277
  outer loop
    vertex 9249.939757457832 9885.245571533707 147.67493221547193
    vertex 9251.939757457829 9883.610593858764 147.35950233633335
    vertex 9251.939757457829 9885.245571533707 147.674932215472
  endloop
endfacet
facet normal 3.752717235089399e-15 -0.18943292288401062 0.9818936641651277
  outer loop
    vertex 9251.939757457829 9883.610593858764 147.35950233633335
    vertex 9249.939757457832 9885.245571533707 147.67493221547193
    vertex 9249.939757457832 9883.610593858764 147.35950233633326
  endloop
endfacet
facet normal 3.4167772677098444e-12 0.31688969109168214 -0.9484623997185224
  outer loop
    vertex 9266.439757457834 9888.075840953696 145.14523082286453
    vertex 9243.439757457834 9886.0836823326 144.47963297701426
    vertex 9243.439757457834 9888.075840953765 145.14523082280508
  endloop
endfacet
facet normal 3.4167772677098444e-12 0.31688969109168214 -0.9484623997185224
  outer loop
    vertex 9243.439757457834 9886.0836823326 144.47963297701426
    vertex 9266.439757457834 9888.075840953696 145.14523082286453
    vertex 9266.439757457834 9886.083682332532 144.47963297707372
  endloop
endfacet
facet normal -6.391751106048683e-14 -0.5531793934886352 0.8330621577166651
  outer loop
    vertex 9259.939757457829 9888.968730199536 147.802861936403
    vertex 9268.139757457826 9890.49889774683 148.81894116639523
    vertex 9259.939757457829 9890.498897746831 148.81894116639523
  endloop
endfacet
facet normal -6.391751106048683e-14 -0.5531793934886352 0.8330621577166651
  outer loop
    vertex 9268.139757457826 9890.49889774683 148.81894116639523
    vertex 9259.939757457829 9888.968730199536 147.802861936403
    vertex 9268.139757457826 9888.968730199535 147.802861936403
  endloop
endfacet
facet normal 3.4838642340866575e-12 0.9813491984108569 -0.1922335838982583
  outer loop
    vertex 9266.439757457834 9897.85023113339 157.87127410486042
    vertex 9243.439757457834 9897.44646205252 155.81003976745
    vertex 9243.439757457834 9897.85023113346 157.87127410480096
  endloop
endfacet
facet normal 3.4838642340866575e-12 0.9813491984108569 -0.1922335838982583
  outer loop
    vertex 9243.439757457834 9897.44646205252 155.81003976745
    vertex 9266.439757457834 9897.85023113339 157.87127410486042
    vertex 9266.439757457834 9897.44646205245 155.81003976750947
  endloop
endfacet
facet normal -7.335375489963333e-15 -0.5531793934886162 0.8330621577166778
  outer loop
    vertex 9249.939757457832 9889.708257917411 149.854439335053
    vertex 9251.939757457829 9888.321103605886 148.93332537780844
    vertex 9251.939757457829 9889.708257917411 149.8544393350531
  endloop
endfacet
facet normal -7.335375489963333e-15 -0.5531793934886162 0.8330621577166778
  outer loop
    vertex 9251.939757457829 9888.321103605886 148.93332537780844
    vertex 9249.939757457832 9889.708257917411 149.854439335053
    vertex 9249.939757457832 9888.321103605886 148.93332537780836
  endloop
endfacet
facet normal 3.710303062831638e-12 0.9475544242679913 -0.3195944509063879
  outer loop
    vertex 9266.439757457834 9897.44646205245 155.81003976750947
    vertex 9243.439757457834 9896.77518310584 153.8197882657697
    vertex 9243.439757457834 9897.44646205252 155.81003976745
  endloop
endfacet
facet normal 3.710303062831638e-12 0.9475544242679913 -0.3195944509063879
  outer loop
    vertex 9243.439757457834 9896.77518310584 153.8197882657697
    vertex 9266.439757457834 9897.44646205245 155.81003976750947
    vertex 9266.439757457834 9896.775183105769 153.81978826582917
  endloop
endfacet
facet normal 1.0 -4.5923661527945355e-12 3.3592522435445318e-12
  outer loop
    vertex 9250.23975745784 9894.681159321695 150.18862727279898
    vertex 9250.239757457828 9891.882185134302 150.02738881858656
    vertex 9250.23975745784 9893.489761627041 148.8326841974501
  endloop
endfacet
facet normal 1.0 -4.5923661527945355e-12 3.3592522435445318e-12
  outer loop
    vertex 9250.239757457828 9891.882185134302 150.02738881858656
    vertex 9250.23975745784 9894.681159321695 150.18862727279898
    vertex 9250.239757457828 9893.094574512887 151.4072227647954
  endloop
endfacet
facet normal 1.0 -4.5923661527945355e-12 3.3592522435445318e-12
  outer loop
    vertex 9250.239757457828 9893.094574512887 151.4072227647954
    vertex 9250.23975745784 9894.681159321695 150.18862727279898
    vertex 9250.23975745784 9895.848049627277 151.93507609224355
  endloop
endfacet
facet normal 1.0 -4.5923661527945355e-12 3.3592522435445318e-12
  outer loop
    vertex 9250.239757457828 9893.094574512887 151.4072227647954
    vertex 9250.23975745784 9895.848049627277 151.93507609224355
    vertex 9250.239757457828 9894.115015314688 152.9344851176453
  endloop
endfacet
facet normal 1.0 -4.5923661527945355e-12 3.3592522435445318e-12
  outer loop
    vertex 9250.239757457828 9894.115015314688 152.9344851176453
    vertex 9250.23975745784 9895.848049627277 151.93507609224355
    vertex 9250.23975745784 9896.005125562202 152.2543860229003
  endloop
endfacet
facet normal 1.0 -4.5923661527945355e-12 3.3592522435445318e-12
  outer loop
    vertex 9250.239757457828 9894.115015314688 152.9344851176453
    vertex 9250.23975745784 9896.005125562202 152.2543860229003
    vertex 9250.239757457828 9894.298660560564 153.3078061534481
  endloop
endfacet
facet normal 3.658940981422939e-12 0.43884434250555054 -0.8985630990925851
  outer loop
    vertex 9266.439757457834 9889.963190652585 146.06698327244007
    vertex 9243.439757457834 9888.075840953765 145.14523082280508
    vertex 9243.439757457834 9889.963190652654 146.0669832723806
  endloop
endfacet
facet normal 3.658940981422939e-12 0.43884434250555054 -0.8985630990925851
  outer loop
    vertex 9243.439757457834 9888.075840953765 145.14523082280508
    vertex 9266.439757457834 9889.963190652585 146.06698327244007
    vertex 9266.439757457834 9888.075840953696 145.14523082286453
  endloop
endfacet
facet normal 1.4397644393000473e-12 0.9981049269257759 -0.06153498879899028
  outer loop
    vertex 9243.439757457834 9897.971369140447 159.8361471634221
    vertex 9266.439757457834 9897.85023113339 157.87127410486042
    vertex 9243.439757457834 9897.85023113346 157.87127410480096
  endloop
endfacet
facet normal 1.4397644393000473e-12 0.9981049269257759 -0.06153498879899028
  outer loop
    vertex 9266.439757457834 9897.85023113339 157.87127410486042
    vertex 9243.439757457834 9897.971369140447 159.8361471634221
    vertex 9266.439757457827 9897.9789422483 159.95898388468575
  endloop
endfacet
facet normal 1.4397644393000473e-12 0.9981049269257759 -0.06153498879899028
  outer loop
    vertex 9266.439757457834 9897.85023113339 157.87127410486042
    vertex 9266.439757457827 9897.9789422483 159.95898388468575
    vertex 9266.439757457836 9897.971369140449 159.8361471634205
  endloop
endfacet
facet normal 0.0 0.8314804959196525 -0.555553944190129
  outer loop
    vertex 9266.439757457834 9895.84804962727 151.93507609224923
    vertex 9259.63975745784 9894.681159321688 150.1886272728047
    vertex 9259.63975745784 9895.84804962727 151.93507609224923
  endloop
endfacet
facet normal 0.0 0.8314804959196525 -0.555553944190129
  outer loop
    vertex 9259.63975745784 9894.681159321688 150.1886272728047
    vertex 9266.439757457834 9895.84804962727 151.93507609224923
    vertex 9266.439757457834 9894.681159321688 150.1886272728047
  endloop
endfacet
facet normal 5.470745139183123e-14 0.5964864446503882 0.8026231502693774
  outer loop
    vertex 9250.239757457828 9891.882185134302 150.02738881858656
    vertex 9251.939757457842 9893.489761627034 148.8326841974558
    vertex 9250.23975745784 9893.489761627041 148.8326841974501
  endloop
endfacet
facet normal 5.470745139183123e-14 0.5964864446503882 0.8026231502693774
  outer loop
    vertex 9251.939757457842 9893.489761627034 148.8326841974558
    vertex 9250.239757457828 9891.882185134302 150.02738881858656
    vertex 9251.93975745783 9891.882185134295 150.02738881859224
  endloop
endfacet
facet normal 3.5792010196643684e-17 -0.31688969109167997 0.9484623997185232
  outer loop
    vertex 9249.939757457832 9886.824881906772 148.20259380375117
    vertex 9251.939757457829 9885.245571533707 147.674932215472
    vertex 9251.939757457829 9886.824881906774 148.20259380375126
  endloop
endfacet
facet normal 3.5792010196643684e-17 -0.31688969109167997 0.9484623997185232
  outer loop
    vertex 9251.939757457829 9885.245571533707 147.674932215472
    vertex 9249.939757457832 9886.824881906772 148.20259380375117
    vertex 9249.939757457832 9885.245571533707 147.67493221547193
  endloop
endfacet
facet normal -3.681754666974829e-15 -0.43884434250559556 0.8985630990925633
  outer loop
    vertex 9249.939757457832 9888.321103605886 148.93332537780836
    vertex 9251.939757457829 9886.824881906774 148.20259380375126
    vertex 9251.939757457829 9888.321103605886 148.93332537780844
  endloop
endfacet
facet normal -3.681754666974829e-15 -0.43884434250559556 0.8985630990925633
  outer loop
    vertex 9251.939757457829 9886.824881906774 148.20259380375126
    vertex 9249.939757457832 9888.321103605886 148.93332537780836
    vertex 9249.939757457832 9886.824881906772 148.20259380375117
  endloop
endfacet
facet normal 4.337373774151927e-13 -0.5252860556924418 -0.850925707506288
  outer loop
    vertex 9251.939757457842 9896.005125562193 152.25438602290598
    vertex 9250.239757457828 9894.298660560564 153.3078061534481
    vertex 9250.23975745784 9896.005125562202 152.2543860229003
  endloop
endfacet
facet normal 4.337373774151927e-13 -0.5252860556924418 -0.850925707506288
  outer loop
    vertex 9250.239757457828 9894.298660560564 153.3078061534481
    vertex 9251.939757457842 9896.005125562193 152.25438602290598
    vertex 9251.93975745783 9894.298660560557 153.30780615345378
  endloop
endfacet
facet normal 3.8375749560328195e-12 0.5531793934886342 -0.8330621577166656
  outer loop
    vertex 9266.439757457834 9891.712961608137 147.22888605120698
    vertex 9243.439757457834 9889.963190652654 146.0669832723806
    vertex 9243.439757457834 9891.712961608206 147.22888605114753
  endloop
endfacet
facet normal 3.8375749560328195e-12 0.5531793934886342 -0.8330621577166656
  outer loop
    vertex 9243.439757457834 9889.963190652654 146.0669832723806
    vertex 9266.439757457834 9891.712961608137 147.22888605120698
    vertex 9266.439757457834 9889.963190652585 146.06698327244007
  endloop
endfacet
facet normal -1.0 2.6803424866665798e-14 8.992998603766189e-15
  outer loop
    vertex 9257.939757457829 9881.93894205908 147.26122863507936
    vertex 9257.939757457829 9883.772574958286 146.06678043253672
    vertex 9257.939757457829 9881.938942039675 145.95898412370775
  endloop
endfacet
facet normal -1.0 2.6803424866665798e-14 8.992998603766189e-15
  outer loop
    vertex 9257.939757457829 9883.772574958286 146.06678043253672
    vertex 9257.939757457829 9881.93894205908 147.26122863507936
    vertex 9257.939757457829 9885.576116033682 146.41473059243933
  endloop
endfacet
facet normal -1.0 2.6803424866665798e-14 8.992998603766189e-15
  outer loop
    vertex 9257.939757457829 9885.576116033682 146.41473059243933
    vertex 9257.939757457829 9881.93894205908 147.26122863507936
    vertex 9257.93975745783 9887.318250603637 146.99679318751592
  endloop
endfacet
facet normal -1.0 2.6803424866665798e-14 8.992998603766189e-15
  outer loop
    vertex 9257.93975745783 9887.318250603637 146.99679318751592
    vertex 9257.939757457829 9881.93894205908 147.26122863507936
    vertex 9257.939757457829 9883.610593858764 147.35950233633335
  endloop
endfacet
facet normal -1.0 2.6803424866665798e-14 8.992998603766189e-15
  outer loop
    vertex 9257.93975745783 9887.318250603637 146.99679318751592
    vertex 9257.939757457829 9883.610593858764 147.35950233633335
    vertex 9257.93975745783 9888.968730199536 147.802861936403
  endloop
endfacet
facet normal -1.0 2.6803424866665798e-14 8.992998603766189e-15
  outer loop
    vertex 9257.93975745783 9888.968730199536 147.802861936403
    vertex 9257.939757457829 9883.610593858764 147.35950233633335
    vertex 9257.939757457829 9885.245571533707 147.674932215472
  endloop
endfacet
facet normal -1.0 2.6803424866665798e-14 8.992998603766189e-15
  outer loop
    vertex 9257.93975745783 9888.968730199536 147.802861936403
    vertex 9257.939757457829 9885.245571533707 147.674932215472
    vertex 9257.93975745783 9886.824881906774 148.20259380375126
  endloop
endfacet
facet normal -1.0 2.6803424866665798e-14 8.992998603766189e-15
  outer loop
    vertex 9257.93975745783 9888.968730199536 147.802861936403
    vertex 9257.93975745783 9886.824881906774 148.20259380375126
    vertex 9257.93975745783 9890.498897746831 148.81894116639523
  endloop
endfacet
facet normal -1.0 2.6803424866665798e-14 8.992998603766189e-15
  outer loop
    vertex 9257.93975745783 9890.498897746831 148.81894116639523
    vertex 9257.93975745783 9886.824881906774 148.20259380375126
    vertex 9257.93975745783 9888.321103605886 148.93332537780844
  endloop
endfacet
facet normal -1.0 2.6803424866665798e-14 8.992998603766189e-15
  outer loop
    vertex 9257.93975745783 9890.498897746831 148.81894116639523
    vertex 9257.93975745783 9888.321103605886 148.93332537780844
    vertex 9257.93975745783 9889.708257917411 149.8544393350531
  endloop
endfacet
facet normal -0.9807852804028298 0.19509032201814358 -2.905817884533971e-09
  outer loop
    vertex 9241.79964342825 9903.492625351038 143.65898380251113
    vertex 9241.978276673852 9904.390675295921 141.9589837891889
    vertex 9241.799643428256 9903.492625325745 141.95898380256935
  endloop
endfacet
facet normal -0.9807852804028298 0.19509032201814358 -2.905817884533971e-09
  outer loop
    vertex 9241.978276673852 9904.390675295921 141.9589837891889
    vertex 9241.79964342825 9903.492625351038 143.65898380251113
    vertex 9241.978276673846 9904.390675321216 143.65898378913633
  endloop
endfacet
facet normal 0.9807852804036147 0.19509032201419668 -2.9048540615908075e-09
  outer loop
    vertex 9267.901238241891 9904.390675295797 141.9589837891897
    vertex 9268.079871487476 9903.49262535096 143.65898380254217
    vertex 9268.079871487484 9903.49262532562 141.95898380257017
  endloop
endfacet
facet normal 0.9807852804036147 0.19509032201419668 -2.9048540615908075e-09
  outer loop
    vertex 9268.079871487476 9903.49262535096 143.65898380254217
    vertex 9267.901238241891 9904.390675295797 141.9589837891897
    vertex 9267.901238241884 9904.390675321138 143.65898378916737
  endloop
endfacet
facet normal 0.32143946530669576 0.9469301294939059 -1.411373903464416e-08
  outer loop
    vertex 9263.818541484428 9909.046098733013 143.65898371983351
    vertex 9262.951490773592 9909.340422764124 141.95898371544106
    vertex 9262.951490773592 9909.34042278946 143.65898371545006
  endloop
endfacet
facet normal 0.32143946530669576 0.9469301294939059 -1.411373903464416e-08
  outer loop
    vertex 9262.951490773592 9909.340422764124 141.95898371544106
    vertex 9263.818541484428 9909.046098733013 143.65898371983351
    vertex 9263.818541484428 9909.046098707675 141.95898371982642
  endloop
endfacet
facet normal 0.442288690222203 0.8968727415311093 -1.336776809559308e-08
  outer loop
    vertex 9264.639757457871 9908.641119831924 143.6589837258649
    vertex 9263.818541484428 9909.046098707675 141.95898371982642
    vertex 9263.818541484428 9909.046098733013 143.65898371983351
  endloop
endfacet
facet normal 0.442288690222203 0.8968727415311093 -1.336776809559308e-08
  outer loop
    vertex 9263.818541484428 9909.046098707675 141.95898371982642
    vertex 9264.639757457871 9908.641119831924 143.6589837258649
    vertex 9264.639757457873 9908.641119806585 141.9589837258604
  endloop
endfacet
facet normal 0.5555702330223343 0.8314696123007197 -1.239295079073813e-08
  outer loop
    vertex 9265.40108746093 9908.132415387467 143.6589837334411
    vertex 9264.639757457873 9908.641119806585 141.9589837258604
    vertex 9264.639757457871 9908.641119831924 143.6589837258649
  endloop
endfacet
facet normal 0.5555702330223343 0.8314696123007197 -1.239295079073813e-08
  outer loop
    vertex 9264.639757457873 9908.641119806585 141.9589837258604
    vertex 9265.40108746093 9908.132415387467 143.6589837334411
    vertex 9265.401087460932 9908.132415362128 141.95898373343985
  endloop
endfacet
facet normal 0.9978589232387236 0.06540312922831018 -9.711099204537837e-10
  outer loop
    vertex 9268.079871487484 9903.49262532562 141.95898380257017
    vertex 9268.139757457859 9902.578942005419 143.65898381614974
    vertex 9268.139757457864 9902.578941980079 141.95898381618352
  endloop
endfacet
facet normal 0.9978589232387236 0.06540312922831018 -9.711099204537837e-10
  outer loop
    vertex 9268.139757457859 9902.578942005419 143.65898381614974
    vertex 9268.079871487484 9903.49262532562 141.95898380257017
    vertex 9268.079871487476 9903.49262535096 143.65898380254217
  endloop
endfacet
facet normal 0.6593458151023615 0.7518398074769667 -1.1205930580155453e-08
  outer loop
    vertex 9266.089504926174 9907.528689473733 143.65898374243244
    vertex 9265.401087460932 9908.132415362128 141.95898373343985
    vertex 9265.40108746093 9908.132415387467 143.6589837334411
  endloop
endfacet
facet normal 0.6593458151023615 0.7518398074769667 -1.1205930580155453e-08
  outer loop
    vertex 9265.401087460932 9908.132415362128 141.95898373343985
    vertex 9266.089504926174 9907.528689473733 143.65898374243244
    vertex 9266.089504926176 9907.528689448392 141.95898374243498
  endloop
endfacet
facet normal 0.751839807480824 0.6593458150979633 -9.827018305204195e-09
  outer loop
    vertex 9266.089504926176 9907.528689448392 141.95898374243498
    vertex 9266.693230839906 9906.840272008485 143.65898375268515
    vertex 9266.693230839908 9906.840271983145 141.95898375269212
  endloop
endfacet
facet normal 0.751839807480824 0.6593458150979633 -9.827018305204195e-09
  outer loop
    vertex 9266.693230839906 9906.840272008485 143.65898375268515
    vertex 9266.089504926176 9907.528689448392 141.95898374243498
    vertex 9266.089504926174 9907.528689473733 143.65898374243244
  endloop
endfacet
facet normal 0.9469301294957756 0.32143946530118844 -4.788845320357749e-09
  outer loop
    vertex 9267.606914185448 9905.257726006635 141.95898377627117
    vertex 9267.901238241884 9904.390675321138 143.65898378916737
    vertex 9267.901238241891 9904.390675295797 141.9589837891897
  endloop
endfacet
facet normal 0.9469301294957756 0.32143946530118844 -4.788845320357749e-09
  outer loop
    vertex 9267.901238241884 9904.390675321138 143.65898378916737
    vertex 9267.606914185448 9905.257726006635 141.95898377627117
    vertex 9267.606914185444 9905.257726031976 143.65898377625427
  endloop
endfacet
facet normal -1.4649667814848334e-12 1.4895064702016363e-08 1.0
  outer loop
    vertex 9243.439757457843 9897.978942005395 143.65898388468017
    vertex 9266.439757457842 9901.978942005413 143.65898382508186
    vertex 9243.439757457847 9901.978942005484 143.6589838250224
  endloop
endfacet
facet normal -1.4649667814848334e-12 1.4895064702016363e-08 1.0
  outer loop
    vertex 9266.439757457842 9901.978942005413 143.65898382508186
    vertex 9243.439757457843 9897.978942005395 143.65898388468017
    vertex 9266.439757457827 9897.978942005395 143.6589838847139
  endloop
endfacet
facet normal -1.4649667814848334e-12 1.4895064702016363e-08 1.0
  outer loop
    vertex 9247.826074112341 9909.519056035095 143.6589837127586
    vertex 9261.139757457873 9909.578942005444 143.65898371189778
    vertex 9248.739757457883 9909.578942005473 143.65898371186674
  endloop
endfacet
facet normal -1.4649667814848334e-12 1.4895064702016363e-08 1.0
  outer loop
    vertex 9261.139757457873 9909.578942005444 143.65898371189778
    vertex 9247.826074112341 9909.519056035095 143.6589837127586
    vertex 9262.053440803413 9909.519056035058 143.65898371278968
  endloop
endfacet
facet normal -1.4649667814848334e-12 1.4895064702016363e-08 1.0
  outer loop
    vertex 9262.053440803413 9909.519056035058 143.65898371278968
    vertex 9247.826074112341 9909.519056035095 143.6589837127586
    vertex 9246.928024142164 9909.340422789503 143.65898371541903
  endloop
endfacet
facet normal -1.4649667814848334e-12 1.4895064702016363e-08 1.0
  outer loop
    vertex 9262.053440803413 9909.519056035058 143.65898371278968
    vertex 9246.928024142164 9909.340422789503 143.65898371541903
    vertex 9262.951490773592 9909.34042278946 143.65898371545006
  endloop
endfacet
facet normal -1.4649667814848334e-12 1.4895064702016363e-08 1.0
  outer loop
    vertex 9262.951490773592 9909.34042278946 143.65898371545006
    vertex 9246.928024142164 9909.340422789503 143.65898371541903
    vertex 9246.060973431326 9909.046098733063 143.65898371980248
  endloop
endfacet
facet normal -1.4649667814848334e-12 1.4895064702016363e-08 1.0
  outer loop
    vertex 9262.951490773592 9909.34042278946 143.65898371545006
    vertex 9246.060973431326 9909.046098733063 143.65898371980248
    vertex 9263.818541484428 9909.046098733013 143.65898371983351
  endloop
endfacet
facet normal -1.4649667814848334e-12 1.4895064702016363e-08 1.0
  outer loop
    vertex 9263.818541484428 9909.046098733013 143.65898371983351
    vertex 9246.060973431326 9909.046098733063 143.65898371980248
    vertex 9245.23975745788 9908.641119831977 143.65898372583385
  endloop
endfacet
facet normal -1.4649667814848334e-12 1.4895064702016363e-08 1.0
  outer loop
    vertex 9263.818541484428 9909.046098733013 143.65898371983351
    vertex 9245.23975745788 9908.641119831977 143.65898372583385
    vertex 9264.639757457871 9908.641119831924 143.6589837258649
  endloop
endfacet
facet normal -1.4649667814848334e-12 1.4895064702016363e-08 1.0
  outer loop
    vertex 9264.639757457871 9908.641119831924 143.6589837258649
    vertex 9245.23975745788 9908.641119831977 143.65898372583385
    vertex 9244.478427454818 9908.132415387528 143.65898373341005
  endloop
endfacet
facet normal -1.4649667814848334e-12 1.4895064702016363e-08 1.0
  outer loop
    vertex 9264.639757457871 9908.641119831924 143.6589837258649
    vertex 9244.478427454818 9908.132415387528 143.65898373341005
    vertex 9265.40108746093 9908.132415387467 143.6589837334411
  endloop
endfacet
facet normal -1.4649667814848334e-12 1.4895064702016363e-08 1.0
  outer loop
    vertex 9265.40108746093 9908.132415387467 143.6589837334411
    vertex 9244.478427454818 9908.132415387528 143.65898373341005
    vertex 9243.790009989572 9907.528689473798 143.6589837424014
  endloop
endfacet
facet normal -1.4649667814848334e-12 1.4895064702016363e-08 1.0
  outer loop
    vertex 9265.40108746093 9908.132415387467 143.6589837334411
    vertex 9243.790009989572 9907.528689473798 143.6589837424014
    vertex 9266.089504926174 9907.528689473733 143.65898374243244
  endloop
endfacet
facet normal -1.4649667814848334e-12 1.4895064702016363e-08 1.0
  outer loop
    vertex 9266.089504926174 9907.528689473733 143.65898374243244
    vertex 9243.790009989572 9907.528689473798 143.6589837424014
    vertex 9243.186284075837 9906.840272008556 143.65898375265408
  endloop
endfacet
facet normal -1.4649667814848334e-12 1.4895064702016363e-08 1.0
  outer loop
    vertex 9266.089504926174 9907.528689473733 143.65898374243244
    vertex 9243.186284075837 9906.840272008556 143.65898375265408
    vertex 9266.693230839906 9906.840272008485 143.65898375268515
  endloop
endfacet
facet normal -1.4649667814848334e-12 1.4895064702016363e-08 1.0
  outer loop
    vertex 9266.693230839906 9906.840272008485 143.65898375268515
    vertex 9243.186284075837 9906.840272008556 143.65898375265408
    vertex 9242.677579631381 9906.078942005495 143.65898376399272
  endloop
endfacet
facet normal -1.4649667814848334e-12 1.4895064702016363e-08 1.0
  outer loop
    vertex 9266.693230839906 9906.840272008485 143.65898375268515
    vertex 9242.677579631381 9906.078942005495 143.65898376399272
    vertex 9267.201935284356 9906.078942005423 143.65898376402376
  endloop
endfacet
facet normal -1.4649667814848334e-12 1.4895064702016363e-08 1.0
  outer loop
    vertex 9267.201935284356 9906.078942005423 143.65898376402376
    vertex 9242.677579631381 9906.078942005495 143.65898376399272
    vertex 9242.272600730294 9905.257726032052 143.65898377622324
  endloop
endfacet
facet normal -1.4649667814848334e-12 1.4895064702016363e-08 1.0
  outer loop
    vertex 9267.201935284356 9906.078942005423 143.65898376402376
    vertex 9242.272600730294 9905.257726032052 143.65898377622324
    vertex 9267.606914185444 9905.257726031976 143.65898377625427
  endloop
endfacet
facet normal -1.4649667814848334e-12 1.4895064702016363e-08 1.0
  outer loop
    vertex 9267.606914185444 9905.257726031976 143.65898377625427
    vertex 9242.272600730294 9905.257726032052 143.65898377622324
    vertex 9241.978276673846 9904.390675321216 143.65898378913633
  endloop
endfacet
facet normal -1.4649667814848334e-12 1.4895064702016363e-08 1.0
  outer loop
    vertex 9267.606914185444 9905.257726031976 143.65898377625427
    vertex 9241.978276673846 9904.390675321216 143.65898378913633
    vertex 9267.901238241884 9904.390675321138 143.65898378916737
  endloop
endfacet
facet normal -1.4649667814848334e-12 1.4895064702016363e-08 1.0
  outer loop
    vertex 9267.901238241884 9904.390675321138 143.65898378916737
    vertex 9241.978276673846 9904.390675321216 143.65898378913633
    vertex 9241.79964342825 9903.492625351038 143.65898380251113
  endloop
endfacet
facet normal -1.4649667814848334e-12 1.4895064702016363e-08 1.0
  outer loop
    vertex 9267.901238241884 9904.390675321138 143.65898378916737
    vertex 9241.79964342825 9903.492625351038 143.65898380251113
    vertex 9268.079871487476 9903.49262535096 143.65898380254217
  endloop
endfacet
facet normal -1.4649667814848334e-12 1.4895064702016363e-08 1.0
  outer loop
    vertex 9268.079871487476 9903.49262535096 143.65898380254217
    vertex 9241.79964342825 9903.492625351038 143.65898380251113
    vertex 9241.739757457866 9902.578942005499 143.6589838161187
  endloop
endfacet
facet normal -1.4649667814848334e-12 1.4895064702016363e-08 1.0
  outer loop
    vertex 9268.079871487476 9903.49262535096 143.65898380254217
    vertex 9241.739757457866 9902.578942005499 143.6589838161187
    vertex 9268.139757457859 9902.578942005419 143.65898381614974
  endloop
endfacet
facet normal -1.4649667814848334e-12 1.4895064702016363e-08 1.0
  outer loop
    vertex 9268.139757457859 9902.578942005419 143.65898381614974
    vertex 9241.739757457866 9902.578942005499 143.6589838161187
    vertex 9241.739757457852 9901.978942005486 143.65898382505083
  endloop
endfacet
facet normal -1.4649667814848334e-12 1.4895064702016363e-08 1.0
  outer loop
    vertex 9268.139757457859 9902.578942005419 143.65898381614974
    vertex 9241.739757457852 9901.978942005486 143.65898382505083
    vertex 9243.439757457847 9901.978942005484 143.6589838250224
  endloop
endfacet
facet normal -1.4649667814848334e-12 1.4895064702016363e-08 1.0
  outer loop
    vertex 9268.139757457859 9902.578942005419 143.65898381614974
    vertex 9243.439757457847 9901.978942005484 143.6589838250224
    vertex 9266.439757457842 9901.978942005413 143.65898382508186
  endloop
endfacet
facet normal -1.4649667814848334e-12 1.4895064702016363e-08 1.0
  outer loop
    vertex 9268.139757457859 9902.578942005419 143.65898381614974
    vertex 9266.439757457842 9901.978942005413 143.65898382508186
    vertex 9268.139757457846 9901.978942005406 143.65898382508186
  endloop
endfacet
facet normal -1.2927707213858928e-12 1.4905887083858136e-08 1.0
  outer loop
    vertex 9243.439757457834 9886.083682320372 143.6589840619571
    vertex 9266.439757457827 9896.978942005395 143.65898389958332
    vertex 9243.439757457842 9896.978942005395 143.65898389958332
  endloop
endfacet
facet normal -1.2927707213858928e-12 1.4905887083858136e-08 1.0
  outer loop
    vertex 9266.439757457827 9896.978942005395 143.65898389958332
    vertex 9243.439757457834 9886.083682320372 143.6589840619571
    vertex 9266.439757457834 9886.0836823203 143.65898406201657
  endloop
endfacet
facet normal 0.896872741533697 0.4422886902169556 -6.5907953977220515e-09
  outer loop
    vertex 9267.20193528436 9906.078941980082 141.95898376403554
    vertex 9267.606914185444 9905.257726031976 143.65898377625427
    vertex 9267.606914185448 9905.257726006635 141.95898377627117
  endloop
endfacet
facet normal 0.896872741533697 0.4422886902169556 -6.5907953977220515e-09
  outer loop
    vertex 9267.606914185444 9905.257726031976 143.65898377625427
    vertex 9267.20193528436 9906.078941980082 141.95898376403554
    vertex 9267.201935284356 9906.078942005423 143.65898376402376
  endloop
endfacet
facet normal -7.336817144164321e-13 1.4886306939855293e-08 1.0
  outer loop
    vertex 9243.43975745784 9896.978942079828 148.65898389958335
    vertex 9266.439757457823 9897.978942079828 148.65898388471393
    vertex 9243.43975745784 9897.978942079828 148.6589838846802
  endloop
endfacet
facet normal -7.336817144164321e-13 1.4886306939855293e-08 1.0
  outer loop
    vertex 9266.439757457823 9897.978942079828 148.65898388471393
    vertex 9243.43975745784 9896.978942079828 148.65898389958335
    vertex 9266.439757457823 9896.978942079828 148.65898389958335
  endloop
endfacet
facet normal 0.8314696123039296 0.5555702330175303 -8.27982426613536e-09
  outer loop
    vertex 9266.693230839908 9906.840271983145 141.95898375269212
    vertex 9267.201935284356 9906.078942005423 143.65898376402376
    vertex 9267.20193528436 9906.078941980082 141.95898376403554
  endloop
endfacet
facet normal 0.8314696123039296 0.5555702330175303 -8.27982426613536e-09
  outer loop
    vertex 9267.201935284356 9906.078942005423 143.65898376402376
    vertex 9266.693230839908 9906.840271983145 141.95898375269212
    vertex 9266.693230839906 9906.840272008485 143.65898375268515
  endloop
endfacet
facet normal 0.0 -1.0 1.4886306939855293e-08
  outer loop
    vertex 9243.439757457842 9896.978942005395 143.65898389958332
    vertex 9266.439757457823 9896.978942079828 148.65898389958335
    vertex 9243.43975745784 9896.978942079828 148.65898389958335
  endloop
endfacet
facet normal 0.0 -1.0 1.4886306939855293e-08
  outer loop
    vertex 9266.439757457823 9896.978942079828 148.65898389958335
    vertex 9243.439757457842 9896.978942005395 143.65898389958332
    vertex 9266.439757457827 9896.978942005395 143.65898389958332
  endloop
endfacet
facet normal -2.330474114932655e-23 1.0 -1.4886306939855293e-08
  outer loop
    vertex 9266.439757457823 9897.978942079828 148.65898388471393
    vertex 9243.439757457843 9897.978942005395 143.65898388468017
    vertex 9243.43975745784 9897.978942079828 148.6589838846802
  endloop
endfacet
facet normal -2.330474114932655e-23 1.0 -1.4886306939855293e-08
  outer loop
    vertex 9243.439757457843 9897.978942005395 143.65898388468017
    vertex 9266.439757457823 9897.978942079828 148.65898388471393
    vertex 9266.439757457827 9897.978942005395 143.6589838847139
  endloop
endfacet
facet normal 3.043602085337843e-12 1.0 -1.4902188991085002e-08
  outer loop
    vertex 9266.439757457834 9886.083682332532 144.47963297707372
    vertex 9243.439757457834 9886.083682320372 143.6589840619571
    vertex 9243.439757457834 9886.0836823326 144.47963297701426
  endloop
endfacet
facet normal 3.043602085337843e-12 1.0 -1.4902188991085002e-08
  outer loop
    vertex 9243.439757457834 9886.083682320372 143.6589840619571
    vertex 9266.439757457834 9886.083682332532 144.47963297707372
    vertex 9266.439757457834 9886.0836823203 143.65898406201657
  endloop
endfacet
facet normal 5.1223861753880836e-12 1.4901782915911546e-08 1.0
  outer loop
    vertex 9241.739757457839 9897.978942248305 159.95898388468646
    vertex 9243.439757457832 9898.978942248414 159.95898386977598
    vertex 9241.739757457843 9898.978942248432 159.95898386978445
  endloop
endfacet
facet normal 5.1223861753880836e-12 1.4901782915911546e-08 1.0
  outer loop
    vertex 9243.439757457832 9898.978942248414 159.95898386977598
    vertex 9241.739757457839 9897.978942248305 159.95898388468646
    vertex 9243.439757457827 9897.978942248286 159.95898388467754
  endloop
endfacet
facet normal 6.89398864792406e-12 1.0 -1.4904450901042577e-08
  outer loop
    vertex 9243.439757457847 9901.978942203703 156.95898382507045
    vertex 9241.739757457852 9901.978942005486 143.65898382505083
    vertex 9241.739757457852 9901.978942203725 156.95898382507875
  endloop
endfacet
facet normal 6.89398864792406e-12 1.0 -1.4904450901042577e-08
  outer loop
    vertex 9241.739757457852 9901.978942005486 143.65898382505083
    vertex 9243.439757457847 9901.978942203703 156.95898382507045
    vertex 9243.439757457847 9901.978942005484 143.6589838250224
  endloop
endfacet
facet normal 1.1706061690262364e-11 0.7071067917240463 0.7071067706490487
  outer loop
    vertex 9243.439757457832 9898.978942248414 159.95898386977598
    vertex 9241.739757457852 9901.978942203725 156.95898382507875
    vertex 9241.739757457843 9898.978942248432 159.95898386978445
  endloop
endfacet
facet normal 1.1706061690262364e-11 0.7071067917240463 0.7071067706490487
  outer loop
    vertex 9241.739757457852 9901.978942203725 156.95898382507875
    vertex 9243.439757457832 9898.978942248414 159.95898386977598
    vertex 9243.439757457847 9901.978942203703 156.95898382507045
  endloop
endfacet
facet normal 1.0 -8.561250064054487e-13 6.040176194211612e-13
  outer loop
    vertex 9243.439757457847 9901.978942203703 156.95898382507045
    vertex 9243.439757457843 9897.978942005395 143.65898388468017
    vertex 9243.439757457847 9901.978942005484 143.6589838250224
  endloop
endfacet
facet normal 1.0 -8.561250064054487e-13 6.040176194211612e-13
  outer loop
    vertex 9243.439757457843 9897.978942005395 143.65898388468017
    vertex 9243.439757457847 9901.978942203703 156.95898382507045
    vertex 9243.43975745784 9897.978942079828 148.6589838846802
  endloop
endfacet
facet normal 1.0 -8.561250064054487e-13 6.040176194211612e-13
  outer loop
    vertex 9243.43975745784 9897.978942079828 148.6589838846802
    vertex 9243.439757457847 9901.978942203703 156.95898382507045
    vertex 9243.43975745784 9896.978942079828 148.65898389958335
  endloop
endfacet
facet normal 1.0 -8.561250064054487e-13 6.040176194211612e-13
  outer loop
    vertex 9243.43975745784 9896.978942079828 148.65898389958335
    vertex 9243.439757457847 9901.978942203703 156.95898382507045
    vertex 9243.439757457834 9894.681159321757 150.1886272727452
  endloop
endfacet
facet normal 1.0 -8.561250064054487e-13 6.040176194211612e-13
  outer loop
    vertex 9243.439757457834 9894.681159321757 150.1886272727452
    vertex 9243.439757457847 9901.978942203703 156.95898382507045
    vertex 9243.439757457834 9895.84804962734 151.93507609218977
  endloop
endfacet
facet normal 1.0 -8.561250064054487e-13 6.040176194211612e-13
  outer loop
    vertex 9243.439757457834 9895.84804962734 151.93507609218977
    vertex 9243.439757457847 9901.978942203703 156.95898382507045
    vertex 9243.439757457834 9896.77518310584 153.8197882657697
  endloop
endfacet
facet normal 1.0 -8.561250064054487e-13 6.040176194211612e-13
  outer loop
    vertex 9243.439757457834 9896.77518310584 153.8197882657697
    vertex 9243.439757457847 9901.978942203703 156.95898382507045
    vertex 9243.439757457834 9897.44646205252 155.81003976745
  endloop
endfacet
facet normal 1.0 -8.561250064054487e-13 6.040176194211612e-13
  outer loop
    vertex 9243.439757457834 9897.44646205252 155.81003976745
    vertex 9243.439757457847 9901.978942203703 156.95898382507045
    vertex 9243.439757457834 9897.85023113346 157.87127410480096
  endloop
endfacet
facet normal 1.0 -8.561250064054487e-13 6.040176194211612e-13
  outer loop
    vertex 9243.439757457834 9897.85023113346 157.87127410480096
    vertex 9243.439757457847 9901.978942203703 156.95898382507045
    vertex 9243.439757457832 9898.978942248414 159.95898386977598
  endloop
endfacet
facet normal 1.0 -8.561250064054487e-13 6.040176194211612e-13
  outer loop
    vertex 9243.439757457834 9897.85023113346 157.87127410480096
    vertex 9243.439757457832 9898.978942248414 159.95898386977598
    vertex 9243.439757457834 9897.971369140447 159.8361471634221
  endloop
endfacet
facet normal 1.0 -8.561250064054487e-13 6.040176194211612e-13
  outer loop
    vertex 9243.439757457834 9897.971369140447 159.8361471634221
    vertex 9243.439757457832 9898.978942248414 159.95898386977598
    vertex 9243.439757457827 9897.978942248286 159.95898388467754
  endloop
endfacet
facet normal 1.0 -8.561250064054487e-13 6.040176194211612e-13
  outer loop
    vertex 9243.43975745784 9896.978942079828 148.65898389958335
    vertex 9243.439757457834 9886.083682320372 143.6589840619571
    vertex 9243.439757457842 9896.978942005395 143.65898389958332
  endloop
endfacet
facet normal 1.0 -8.561250064054487e-13 6.040176194211612e-13
  outer loop
    vertex 9243.439757457834 9886.083682320372 143.6589840619571
    vertex 9243.43975745784 9896.978942079828 148.65898389958335
    vertex 9243.439757457834 9888.075840953765 145.14523082280508
  endloop
endfacet
facet normal 1.0 -8.561250064054487e-13 6.040176194211612e-13
  outer loop
    vertex 9243.439757457834 9886.083682320372 143.6589840619571
    vertex 9243.439757457834 9888.075840953765 145.14523082280508
    vertex 9243.439757457834 9886.0836823326 144.47963297701426
  endloop
endfacet
facet normal 1.0 -8.561250064054487e-13 6.040176194211612e-13
  outer loop
    vertex 9243.439757457834 9888.075840953765 145.14523082280508
    vertex 9243.43975745784 9896.978942079828 148.65898389958335
    vertex 9243.439757457834 9889.963190652654 146.0669832723806
  endloop
endfacet
facet normal 1.0 -8.561250064054487e-13 6.040176194211612e-13
  outer loop
    vertex 9243.439757457834 9889.963190652654 146.0669832723806
    vertex 9243.43975745784 9896.978942079828 148.65898389958335
    vertex 9243.439757457834 9891.712961608206 147.22888605114753
  endloop
endfacet
facet normal 1.0 -8.561250064054487e-13 6.040176194211612e-13
  outer loop
    vertex 9243.439757457834 9891.712961608206 147.22888605114753
    vertex 9243.43975745784 9896.978942079828 148.65898389958335
    vertex 9243.439757457834 9893.294772762183 148.6107651838328
  endloop
endfacet
facet normal 1.0 -8.561250064054487e-13 6.040176194211612e-13
  outer loop
    vertex 9243.439757457834 9893.294772762183 148.6107651838328
    vertex 9243.43975745784 9896.978942079828 148.65898389958335
    vertex 9243.439757457834 9894.681159321757 150.1886272727452
  endloop
endfacet
facet normal -2.654086101230934e-13 1.4901647557520348e-08 1.0
  outer loop
    vertex 9266.439757457827 9897.9789422483 159.95898388468575
    vertex 9268.139757457826 9898.978942248297 159.95898386978456
    vertex 9266.43975745783 9898.9789422483 159.95898386978445
  endloop
endfacet
facet normal -2.654086101230934e-13 1.4901647557520348e-08 1.0
  outer loop
    vertex 9268.139757457826 9898.978942248297 159.95898386978456
    vertex 9266.439757457827 9897.9789422483 159.95898388468575
    vertex 9268.139757457833 9897.978942248305 159.95898388468655
  endloop
endfacet
facet normal 3.470217577350869e-12 1.0 -1.4901043194177356e-08
  outer loop
    vertex 9266.439757457843 9901.978942203597 156.95898382507974
    vertex 9268.139757457846 9901.978942005406 143.65898382508186
    vertex 9266.439757457842 9901.978942005413 143.65898382508186
  endloop
endfacet
facet normal 3.470217577350869e-12 1.0 -1.4901043194177356e-08
  outer loop
    vertex 9268.139757457846 9901.978942005406 143.65898382508186
    vertex 9266.439757457843 9901.978942203597 156.95898382507974
    vertex 9268.139757457839 9901.978942203592 156.95898382507983
  endloop
endfacet
facet normal -0.5555702330167992 0.8314696123044182 -1.2372489980984223e-08
  outer loop
    vertex 9245.23975745788 9908.641119831977 143.65898372583385
    vertex 9244.478427454818 9908.132415362232 141.95898373343906
    vertex 9244.478427454818 9908.132415387528 143.65898373341005
  endloop
endfacet
facet normal -0.5555702330167992 0.8314696123044182 -1.2372489980984223e-08
  outer loop
    vertex 9244.478427454818 9908.132415362232 141.95898373343906
    vertex 9245.23975745788 9908.641119831977 143.65898372583385
    vertex 9245.23975745788 9908.641119806682 141.9589837258596
  endloop
endfacet
facet normal 0.06540312923408964 0.9978589232383447 -1.4872299932386959e-08
  outer loop
    vertex 9262.053440803413 9909.519056035058 143.65898371278968
    vertex 9261.139757457873 9909.578941980108 141.95898371188724
    vertex 9261.139757457873 9909.578942005444 143.65898371189778
  endloop
endfacet
facet normal 0.06540312923408964 0.9978589232383447 -1.4872299932386959e-08
  outer loop
    vertex 9261.139757457873 9909.578941980108 141.95898371188724
    vertex 9262.053440803413 9909.519056035058 143.65898371278968
    vertex 9262.053440803413 9909.51905600972 141.9589837127796
  endloop
endfacet
facet normal -0.32143946529960876 0.9469301294963116 -1.4090747489186889e-08
  outer loop
    vertex 9246.928024142164 9909.340422789503 143.65898371541903
    vertex 9246.060973431326 9909.046098707766 141.95898371982568
    vertex 9246.060973431326 9909.046098733063 143.65898371980248
  endloop
endfacet
facet normal -0.32143946529960876 0.9469301294963116 -1.4090747489186889e-08
  outer loop
    vertex 9246.060973431326 9909.046098707766 141.95898371982568
    vertex 9246.928024142164 9909.340422789503 143.65898371541903
    vertex 9246.928024142164 9909.340422764206 141.95898371544044
  endloop
endfacet
facet normal -0.44228869021580114 0.8968727415342663 -1.3345726713822922e-08
  outer loop
    vertex 9246.060973431326 9909.046098733063 143.65898371980248
    vertex 9245.23975745788 9908.641119806682 141.9589837258596
    vertex 9245.23975745788 9908.641119831977 143.65898372583385
  endloop
endfacet
facet normal -0.44228869021580114 0.8968727415342663 -1.3345726713822922e-08
  outer loop
    vertex 9245.23975745788 9908.641119806682 141.9589837258596
    vertex 9246.060973431326 9909.046098733063 143.65898371980248
    vertex 9246.060973431326 9909.046098707766 141.95898371982568
  endloop
endfacet
facet normal -0.06540312922619534 0.9978589232388623 -1.4849116631049242e-08
  outer loop
    vertex 9248.739757457883 9909.578942005473 143.65898371186674
    vertex 9247.826074112341 9909.519056009794 141.95898371277895
    vertex 9247.826074112341 9909.519056035095 143.6589837127586
  endloop
endfacet
facet normal -0.06540312922619534 0.9978589232388623 -1.4849116631049242e-08
  outer loop
    vertex 9247.826074112341 9909.519056009794 141.95898371277895
    vertex 9248.739757457883 9909.578942005473 143.65898371186674
    vertex 9248.739757457883 9909.578941980175 141.9589837118867
  endloop
endfacet
facet normal 1.7441692220304099e-12 0.7071067917236195 0.7071067706494755
  outer loop
    vertex 9266.43975745783 9898.9789422483 159.95898386978445
    vertex 9268.139757457839 9901.978942203592 156.95898382507983
    vertex 9266.439757457843 9901.978942203597 156.95898382507974
  endloop
endfacet
facet normal 1.7441692220304099e-12 0.7071067917236195 0.7071067706494755
  outer loop
    vertex 9268.139757457839 9901.978942203592 156.95898382507983
    vertex 9266.43975745783 9898.9789422483 159.95898386978445
    vertex 9268.139757457826 9898.978942248297 159.95898386978456
  endloop
endfacet
facet normal -0.19509032201231438 0.9807852804039889 -1.4594763775623294e-08
  outer loop
    vertex 9247.826074112341 9909.519056035095 143.6589837127586
    vertex 9246.928024142164 9909.340422764206 141.95898371544044
    vertex 9246.928024142164 9909.340422789503 143.65898371541903
  endloop
endfacet
facet normal -0.19509032201231438 0.9807852804039889 -1.4594763775623294e-08
  outer loop
    vertex 9246.928024142164 9909.340422764206 141.95898371544044
    vertex 9247.826074112341 9909.519056035095 143.6589837127586
    vertex 9247.826074112341 9909.519056009794 141.95898371277895
  endloop
endfacet
facet normal 3.8751797469755586e-12 1.0 -1.4892594469829162e-08
  outer loop
    vertex 9261.139757457873 9909.578942005444 143.65898371189778
    vertex 9248.739757457883 9909.578941980175 141.9589837118867
    vertex 9248.739757457883 9909.578942005473 143.65898371186674
  endloop
endfacet
facet normal 3.8751797469755586e-12 1.0 -1.4892594469829162e-08
  outer loop
    vertex 9248.739757457883 9909.578941980175 141.9589837118867
    vertex 9261.139757457873 9909.578942005444 143.65898371189778
    vertex 9261.139757457873 9909.578941980108 141.95898371188724
  endloop
endfacet
facet normal -0.8314696123011153 0.5555702330217424 -8.267899640377228e-09
  outer loop
    vertex 9242.677579631381 9906.078942005495 143.65898376399272
    vertex 9243.18628407584 9906.84027198326 141.9589837526912
    vertex 9242.677579631387 9906.078941980202 141.95898376403463
  endloop
endfacet
facet normal -0.8314696123011153 0.5555702330217424 -8.267899640377228e-09
  outer loop
    vertex 9243.18628407584 9906.84027198326 141.9589837526912
    vertex 9242.677579631381 9906.078942005495 143.65898376399272
    vertex 9243.186284075837 9906.840272008556 143.65898375265408
  endloop
endfacet
facet normal -0.9469301294944034 0.3214394653052305 -4.785189352977722e-09
  outer loop
    vertex 9241.978276673846 9904.390675321216 143.65898378913633
    vertex 9242.272600730297 9905.25772600676 141.9589837762703
    vertex 9241.978276673852 9904.390675295921 141.9589837891889
  endloop
endfacet
facet normal -0.9469301294944034 0.3214394653052305 -4.785189352977722e-09
  outer loop
    vertex 9242.272600730297 9905.25772600676 141.9589837762703
    vertex 9241.978276673846 9904.390675321216 143.65898378913633
    vertex 9242.272600730294 9905.257726032052 143.65898377622324
  endloop
endfacet
facet normal -0.9978589232384738 0.06540312923212198 -9.768022176591892e-10
  outer loop
    vertex 9241.739757457866 9902.578942005499 143.6589838161187
    vertex 9241.799643428256 9903.492625325745 141.95898380256935
    vertex 9241.739757457872 9902.578941980206 141.9589838161827
  endloop
endfacet
facet normal -0.9978589232384738 0.06540312923212198 -9.768022176591892e-10
  outer loop
    vertex 9241.799643428256 9903.492625325745 141.95898380256935
    vertex 9241.739757457866 9902.578942005499 143.6589838161187
    vertex 9241.79964342825 9903.492625351038 143.65898380251113
  endloop
endfacet
facet normal -0.7518398074771067 0.6593458151022021 -9.811657146341282e-09
  outer loop
    vertex 9243.186284075837 9906.840272008556 143.65898375265408
    vertex 9243.790009989572 9907.528689448502 141.95898374243419
    vertex 9243.18628407584 9906.84027198326 141.9589837526912
  endloop
endfacet
facet normal -0.7518398074771067 0.6593458151022021 -9.811657146341282e-09
  outer loop
    vertex 9243.790009989572 9907.528689448502 141.95898374243419
    vertex 9243.186284075837 9906.840272008556 143.65898375265408
    vertex 9243.790009989572 9907.528689473798 143.6589837424014
  endloop
endfacet
facet normal -0.6593458150977525 0.7518398074810089 -1.1187702657929675e-08
  outer loop
    vertex 9244.478427454818 9908.132415387528 143.65898373341005
    vertex 9243.790009989572 9907.528689448502 141.95898374243419
    vertex 9243.790009989572 9907.528689473798 143.6589837424014
  endloop
endfacet
facet normal -0.6593458150977525 0.7518398074810089 -1.1187702657929675e-08
  outer loop
    vertex 9243.790009989572 9907.528689448502 141.95898374243419
    vertex 9244.478427454818 9908.132415387528 143.65898373341005
    vertex 9244.478427454818 9908.132415362232 141.95898373343906
  endloop
endfacet
facet normal -0.8968727415316421 0.44228869022112294 -6.582812132915981e-09
  outer loop
    vertex 9242.272600730294 9905.257726032052 143.65898377622324
    vertex 9242.677579631387 9906.078941980202 141.95898376403463
    vertex 9242.272600730297 9905.25772600676 141.9589837762703
  endloop
endfacet
facet normal -0.8968727415316421 0.44228869022112294 -6.582812132915981e-09
  outer loop
    vertex 9242.677579631387 9906.078941980202 141.95898376403463
    vertex 9242.272600730294 9905.257726032052 143.65898377622324
    vertex 9242.677579631381 9906.078942005495 143.65898376399272
  endloop
endfacet
facet normal 0.1950903220199333 0.9807852804024735 -1.4618109776682989e-08
  outer loop
    vertex 9262.951490773592 9909.34042278946 143.65898371545006
    vertex 9262.053440803413 9909.51905600972 141.9589837127796
    vertex 9262.053440803413 9909.519056035058 143.65898371278968
  endloop
endfacet
facet normal 0.1950903220199333 0.9807852804024735 -1.4618109776682989e-08
  outer loop
    vertex 9262.053440803413 9909.51905600972 141.9589837127796
    vertex 9262.951490773592 9909.34042278946 143.65898371545006
    vertex 9262.951490773592 9909.340422764124 141.95898371544106
  endloop
endfacet
facet normal 0.0 -0.18943292288404914 0.9818936641651204
  outer loop
    vertex 9251.939757457829 9883.772574958286 146.06678043253672
    vertex 9257.939757457829 9885.576116033682 146.41473059243933
    vertex 9251.939757457829 9885.576116033682 146.41473059243933
  endloop
endfacet
facet normal 0.0 -0.18943292288404914 0.9818936641651204
  outer loop
    vertex 9257.939757457829 9885.576116033682 146.41473059243933
    vertex 9251.939757457829 9883.772574958286 146.06678043253672
    vertex 9257.939757457829 9883.772574958286 146.06678043253672
  endloop
endfacet
facet normal 1.6080974355273026e-12 -0.8314804959196435 0.5555539441901425
  outer loop
    vertex 9257.93975745783 9893.094574512887 151.4072227647954
    vertex 9251.93975745783 9894.115015314681 152.93448511765098
    vertex 9251.93975745783 9893.09457451288 151.40722276480108
  endloop
endfacet
facet normal 1.6080974355273026e-12 -0.8314804959196435 0.5555539441901425
  outer loop
    vertex 9251.93975745783 9894.115015314681 152.93448511765098
    vertex 9257.93975745783 9893.094574512887 151.4072227647954
    vertex 9257.93975745783 9894.115015314688 152.9344851176453
  endloop
endfacet
facet normal -1.7014239704789877e-18 -0.3168896910916787 0.9484623997185236
  outer loop
    vertex 9251.939757457829 9885.576116033682 146.41473059243933
    vertex 9257.93975745783 9887.318250603637 146.99679318751592
    vertex 9251.939757457829 9887.318250603637 146.99679318751592
  endloop
endfacet
facet normal -1.7014239704789877e-18 -0.3168896910916787 0.9484623997185236
  outer loop
    vertex 9257.93975745783 9887.318250603637 146.99679318751592
    vertex 9251.939757457829 9885.576116033682 146.41473059243933
    vertex 9257.939757457829 9885.576116033682 146.41473059243933
  endloop
endfacet
facet normal 1.6027042937261702e-12 -0.7512167190787497 0.6600556347585853
  outer loop
    vertex 9257.93975745783 9891.882185134302 150.02738881858656
    vertex 9251.93975745783 9893.09457451288 151.40722276480108
    vertex 9251.93975745783 9891.882185134295 150.02738881859224
  endloop
endfacet
facet normal 1.6027042937261702e-12 -0.7512167190787497 0.6600556347585853
  outer loop
    vertex 9251.93975745783 9893.09457451288 151.40722276480108
    vertex 9257.93975745783 9891.882185134302 150.02738881858656
    vertex 9257.93975745783 9893.094574512887 151.4072227647954
  endloop
endfacet
facet normal 4.0911209429493935e-19 -0.05868705409790842 0.9982764294930083
  outer loop
    vertex 9251.939757457829 9881.938942039675 145.95898412370775
    vertex 9257.939757457829 9883.772574958286 146.06678043253672
    vertex 9251.939757457829 9883.772574958286 146.06678043253672
  endloop
endfacet
facet normal 4.0911209429493935e-19 -0.05868705409790842 0.9982764294930083
  outer loop
    vertex 9257.939757457829 9883.772574958286 146.06678043253672
    vertex 9251.939757457829 9881.938942039675 145.95898412370775
    vertex 9257.939757457829 9881.938942039675 145.95898412370775
  endloop
endfacet
facet normal 0.0 -0.43884434250556 0.8985630990925807
  outer loop
    vertex 9251.939757457829 9887.318250603637 146.99679318751592
    vertex 9257.93975745783 9888.968730199536 147.802861936403
    vertex 9251.939757457829 9888.968730199536 147.802861936403
  endloop
endfacet
facet normal 0.0 -0.43884434250556 0.8985630990925807
  outer loop
    vertex 9257.93975745783 9888.968730199536 147.802861936403
    vertex 9251.939757457829 9887.318250603637 146.99679318751592
    vertex 9257.93975745783 9887.318250603637 146.99679318751592
  endloop
endfacet
facet normal 0.005222936000145868 0.9980913131610543 -0.06153414931548819
  outer loop
    vertex 9266.80934591766 9897.978738323418 161.93925549955674
    vertex 9243.439757457834 9897.971369140447 159.8361471634221
    vertex 9243.439757457827 9897.978942248286 159.95898388467754
  endloop
endfacet
facet normal 3.135035122551198e-14 -1.48994496226601e-08 -1.0
  outer loop
    vertex 9261.139757457873 9909.578941980108 141.95898371188724
    vertex 9247.826074112341 9909.519056009794 141.95898371277895
    vertex 9248.739757457883 9909.578941980175 141.9589837118867
  endloop
endfacet
facet normal 3.135035122551198e-14 -1.48994496226601e-08 -1.0
  outer loop
    vertex 9247.826074112341 9909.519056009794 141.95898371277895
    vertex 9261.139757457873 9909.578941980108 141.95898371188724
    vertex 9262.053440803413 9909.51905600972 141.9589837127796
  endloop
endfacet
facet normal 3.135035122551198e-14 -1.48994496226601e-08 -1.0
  outer loop
    vertex 9247.826074112341 9909.519056009794 141.95898371277895
    vertex 9262.053440803413 9909.51905600972 141.9589837127796
    vertex 9246.928024142164 9909.340422764206 141.95898371544044
  endloop
endfacet
facet normal 3.135035122551198e-14 -1.48994496226601e-08 -1.0
  outer loop
    vertex 9246.928024142164 9909.340422764206 141.95898371544044
    vertex 9262.053440803413 9909.51905600972 141.9589837127796
    vertex 9262.951490773592 9909.340422764124 141.95898371544106
  endloop
endfacet
facet normal 3.135035122551198e-14 -1.48994496226601e-08 -1.0
  outer loop
    vertex 9246.928024142164 9909.340422764206 141.95898371544044
    vertex 9262.951490773592 9909.340422764124 141.95898371544106
    vertex 9246.060973431326 9909.046098707766 141.95898371982568
  endloop
endfacet
facet normal 3.135035122551198e-14 -1.48994496226601e-08 -1.0
  outer loop
    vertex 9246.060973431326 9909.046098707766 141.95898371982568
    vertex 9262.951490773592 9909.340422764124 141.95898371544106
    vertex 9263.818541484428 9909.046098707675 141.95898371982642
  endloop
endfacet
facet normal 3.135035122551198e-14 -1.48994496226601e-08 -1.0
  outer loop
    vertex 9246.060973431326 9909.046098707766 141.95898371982568
    vertex 9263.818541484428 9909.046098707675 141.95898371982642
    vertex 9245.23975745788 9908.641119806682 141.9589837258596
  endloop
endfacet
facet normal 3.135035122551198e-14 -1.48994496226601e-08 -1.0
  outer loop
    vertex 9245.23975745788 9908.641119806682 141.9589837258596
    vertex 9263.818541484428 9909.046098707675 141.95898371982642
    vertex 9264.639757457873 9908.641119806585 141.9589837258604
  endloop
endfacet
facet normal 3.135035122551198e-14 -1.48994496226601e-08 -1.0
  outer loop
    vertex 9245.23975745788 9908.641119806682 141.9589837258596
    vertex 9264.639757457873 9908.641119806585 141.9589837258604
    vertex 9244.478427454818 9908.132415362232 141.95898373343906
  endloop
endfacet
facet normal 3.135035122551198e-14 -1.48994496226601e-08 -1.0
  outer loop
    vertex 9244.478427454818 9908.132415362232 141.95898373343906
    vertex 9264.639757457873 9908.641119806585 141.9589837258604
    vertex 9265.401087460932 9908.132415362128 141.95898373343985
  endloop
endfacet
facet normal 3.135035122551198e-14 -1.48994496226601e-08 -1.0
  outer loop
    vertex 9244.478427454818 9908.132415362232 141.95898373343906
    vertex 9265.401087460932 9908.132415362128 141.95898373343985
    vertex 9243.790009989572 9907.528689448502 141.95898374243419
  endloop
endfacet
facet normal 3.135035122551198e-14 -1.48994496226601e-08 -1.0
  outer loop
    vertex 9243.790009989572 9907.528689448502 141.95898374243419
    vertex 9265.401087460932 9908.132415362128 141.95898373343985
    vertex 9266.089504926176 9907.528689448392 141.95898374243498
  endloop
endfacet
facet normal 3.135035122551198e-14 -1.48994496226601e-08 -1.0
  outer loop
    vertex 9243.790009989572 9907.528689448502 141.95898374243419
    vertex 9266.089504926176 9907.528689448392 141.95898374243498
    vertex 9243.18628407584 9906.84027198326 141.9589837526912
  endloop
endfacet
facet normal 3.135035122551198e-14 -1.48994496226601e-08 -1.0
  outer loop
    vertex 9243.18628407584 9906.84027198326 141.9589837526912
    vertex 9266.089504926176 9907.528689448392 141.95898374243498
    vertex 9266.693230839908 9906.840271983145 141.95898375269212
  endloop
endfacet
facet normal 3.135035122551198e-14 -1.48994496226601e-08 -1.0
  outer loop
    vertex 9243.18628407584 9906.84027198326 141.9589837526912
    vertex 9266.693230839908 9906.840271983145 141.95898375269212
    vertex 9242.677579631387 9906.078941980202 141.95898376403463
  endloop
endfacet
facet normal 3.135035122551198e-14 -1.48994496226601e-08 -1.0
  outer loop
    vertex 9242.677579631387 9906.078941980202 141.95898376403463
    vertex 9266.693230839908 9906.840271983145 141.95898375269212
    vertex 9267.20193528436 9906.078941980082 141.95898376403554
  endloop
endfacet
facet normal 3.135035122551198e-14 -1.48994496226601e-08 -1.0
  outer loop
    vertex 9242.677579631387 9906.078941980202 141.95898376403463
    vertex 9267.20193528436 9906.078941980082 141.95898376403554
    vertex 9242.272600730297 9905.25772600676 141.9589837762703
  endloop
endfacet
facet normal 3.135035122551198e-14 -1.48994496226601e-08 -1.0
  outer loop
    vertex 9242.272600730297 9905.25772600676 141.9589837762703
    vertex 9267.20193528436 9906.078941980082 141.95898376403554
    vertex 9267.606914185448 9905.257726006635 141.95898377627117
  endloop
endfacet
facet normal 3.135035122551198e-14 -1.48994496226601e-08 -1.0
  outer loop
    vertex 9242.272600730297 9905.25772600676 141.9589837762703
    vertex 9267.606914185448 9905.257726006635 141.95898377627117
    vertex 9241.978276673852 9904.390675295921 141.9589837891889
  endloop
endfacet
facet normal 3.135035122551198e-14 -1.48994496226601e-08 -1.0
  outer loop
    vertex 9241.978276673852 9904.390675295921 141.9589837891889
    vertex 9267.606914185448 9905.257726006635 141.95898377627117
    vertex 9267.901238241891 9904.390675295797 141.9589837891897
  endloop
endfacet
facet normal 3.135035122551198e-14 -1.48994496226601e-08 -1.0
  outer loop
    vertex 9241.978276673852 9904.390675295921 141.9589837891889
    vertex 9267.901238241891 9904.390675295797 141.9589837891897
    vertex 9241.799643428256 9903.492625325745 141.95898380256935
  endloop
endfacet
facet normal 3.135035122551198e-14 -1.48994496226601e-08 -1.0
  outer loop
    vertex 9241.799643428256 9903.492625325745 141.95898380256935
    vertex 9267.901238241891 9904.390675295797 141.9589837891897
    vertex 9268.079871487484 9903.49262532562 141.95898380257017
  endloop
endfacet
facet normal 3.135035122551198e-14 -1.48994496226601e-08 -1.0
  outer loop
    vertex 9241.799643428256 9903.492625325745 141.95898380256935
    vertex 9268.079871487484 9903.49262532562 141.95898380257017
    vertex 9241.739757457872 9902.578941980206 141.9589838161827
  endloop
endfacet
facet normal 3.135035122551198e-14 -1.48994496226601e-08 -1.0
  outer loop
    vertex 9241.739757457872 9902.578941980206 141.9589838161827
    vertex 9268.079871487484 9903.49262532562 141.95898380257017
    vertex 9268.139757457864 9902.578941980079 141.95898381618352
  endloop
endfacet
facet normal 3.135035122551198e-14 -1.48994496226601e-08 -1.0
  outer loop
    vertex 9241.739757457872 9902.578941980206 141.9589838161827
    vertex 9268.139757457864 9902.578941980079 141.95898381618352
    vertex 9241.739757457835 9884.938941980023 141.9589840790093
  endloop
endfacet
facet normal 3.135035122551198e-14 -1.48994496226601e-08 -1.0
  outer loop
    vertex 9241.739757457835 9884.938941980023 141.9589840790093
    vertex 9268.139757457864 9902.578941980079 141.95898381618352
    vertex 9268.139757457831 9884.938941979832 141.9589840790094
  endloop
endfacet
facet normal 3.135035122551198e-14 -1.48994496226601e-08 -1.0
  outer loop
    vertex 9241.739757457835 9884.938941980023 141.9589840790093
    vertex 9268.139757457831 9884.938941979832 141.9589840790094
    vertex 9241.76542287371 9884.547363403406 141.95898408484325
  endloop
endfacet
facet normal 3.135035122551198e-14 -1.48994496226601e-08 -1.0
  outer loop
    vertex 9241.76542287371 9884.547363403406 141.95898408484325
    vertex 9268.139757457831 9884.938941979832 141.9589840790094
    vertex 9268.114092041966 9884.547363403406 141.95898408484416
  endloop
endfacet
facet normal 3.135035122551198e-14 -1.48994496226601e-08 -1.0
  outer loop
    vertex 9241.76542287371 9884.547363403406 141.95898408484325
    vertex 9268.114092041966 9884.547363403406 141.95898408484416
    vertex 9241.841979978966 9884.16248484476 141.9589840905779
  endloop
endfacet
facet normal 3.135035122551198e-14 -1.48994496226601e-08 -1.0
  outer loop
    vertex 9241.841979978966 9884.16248484476 141.9589840905779
    vertex 9268.114092041966 9884.547363403406 141.95898408484416
    vertex 9268.037534936713 9884.16248484476 141.9589840905787
  endloop
endfacet
facet normal 3.135035122551198e-14 -1.48994496226601e-08 -1.0
  outer loop
    vertex 9241.841979978966 9884.16248484476 141.9589840905779
    vertex 9268.037534936713 9884.16248484476 141.9589840905787
    vertex 9241.968118860299 9883.79089168297 141.95898409611434
  endloop
endfacet
facet normal 3.135035122551198e-14 -1.48994496226601e-08 -1.0
  outer loop
    vertex 9241.968118860299 9883.79089168297 141.95898409611434
    vertex 9268.037534936713 9884.16248484476 141.9589840905787
    vertex 9267.911396055379 9883.79089168297 141.95898409611516
  endloop
endfacet
facet normal 3.135035122551198e-14 -1.48994496226601e-08 -1.0
  outer loop
    vertex 9241.968118860299 9883.79089168297 141.95898409611434
    vertex 9267.911396055379 9883.79089168297 141.95898409611516
    vertex 9242.14168124648 9883.438941980066 141.95898410135808
  endloop
endfacet
facet normal 3.135035122551198e-14 -1.48994496226601e-08 -1.0
  outer loop
    vertex 9242.14168124648 9883.438941980066 141.95898410135808
    vertex 9267.911396055379 9883.79089168297 141.95898409611516
    vertex 9267.737833669198 9883.438941980066 141.958984101359
  endloop
endfacet
facet normal 3.135035122551198e-14 -1.48994496226601e-08 -1.0
  outer loop
    vertex 9242.14168124648 9883.438941980066 141.95898410135808
    vertex 9267.737833669198 9883.438941980066 141.958984101359
    vertex 9242.359697436958 9883.11265769304 141.95898410621973
  endloop
endfacet
facet normal 3.135035122551198e-14 -1.48994496226601e-08 -1.0
  outer loop
    vertex 9242.359697436958 9883.11265769304 141.95898410621973
    vertex 9267.737833669198 9883.438941980066 141.958984101359
    vertex 9267.51981747872 9883.11265769304 141.95898410622044
  endloop
endfacet
facet normal 3.135035122551198e-14 -1.48994496226601e-08 -1.0
  outer loop
    vertex 9242.359697436958 9883.11265769304 141.95898410621973
    vertex 9267.51981747872 9883.11265769304 141.95898410622044
    vertex 9242.618437114272 9882.817621636506 141.9589841106155
  endloop
endfacet
facet normal 3.135035122551198e-14 -1.48994496226601e-08 -1.0
  outer loop
    vertex 9242.618437114272 9882.817621636506 141.9589841106155
    vertex 9267.51981747872 9883.11265769304 141.95898410622044
    vertex 9267.261077801406 9882.817621636506 141.9589841106163
  endloop
endfacet
facet normal 3.135035122551198e-14 -1.48994496226601e-08 -1.0
  outer loop
    vertex 9242.618437114272 9882.817621636506 141.9589841106155
    vertex 9267.261077801406 9882.817621636506 141.9589841106163
    vertex 9266.96604174487 9882.558881959192 141.95898411447146
  endloop
endfacet
facet normal 3.135035122551198e-14 -1.48994496226601e-08 -1.0
  outer loop
    vertex 9242.618437114272 9882.817621636506 141.9589841106155
    vertex 9266.96604174487 9882.558881959192 141.95898411447146
    vertex 9242.913473170805 9882.558881959192 141.95898411447067
  endloop
endfacet
facet normal 3.135035122551198e-14 -1.48994496226601e-08 -1.0
  outer loop
    vertex 9242.913473170805 9882.558881959192 141.95898411447067
    vertex 9266.96604174487 9882.558881959192 141.95898411447146
    vertex 9266.639757457846 9882.340865768712 141.95898411771975
  endloop
endfacet
facet normal 3.135035122551198e-14 -1.48994496226601e-08 -1.0
  outer loop
    vertex 9242.913473170805 9882.558881959192 141.95898411447067
    vertex 9266.639757457846 9882.340865768712 141.95898411771975
    vertex 9243.239757457832 9882.340865768712 141.95898411771884
  endloop
endfacet
facet normal 3.135035122551198e-14 -1.48994496226601e-08 -1.0
  outer loop
    vertex 9243.239757457832 9882.340865768712 141.95898411771884
    vertex 9266.639757457846 9882.340865768712 141.95898411771975
    vertex 9266.287807754941 9882.167303382532 141.95898412030567
  endloop
endfacet
facet normal 3.135035122551198e-14 -1.48994496226601e-08 -1.0
  outer loop
    vertex 9243.239757457832 9882.340865768712 141.95898411771884
    vertex 9266.287807754941 9882.167303382532 141.95898412030567
    vertex 9243.591707160738 9882.167303382532 141.95898412030493
  endloop
endfacet
facet normal 3.135035122551198e-14 -1.48994496226601e-08 -1.0
  outer loop
    vertex 9243.591707160738 9882.167303382532 141.95898412030493
    vertex 9266.287807754941 9882.167303382532 141.95898412030567
    vertex 9265.916214593153 9882.0411645012 141.95898412218506
  endloop
endfacet
facet normal 3.135035122551198e-14 -1.48994496226601e-08 -1.0
  outer loop
    vertex 9243.591707160738 9882.167303382532 141.95898412030493
    vertex 9265.916214593153 9882.0411645012 141.95898412218506
    vertex 9243.963300322524 9882.0411645012 141.95898412218432
  endloop
endfacet
facet normal 3.135035122551198e-14 -1.48994496226601e-08 -1.0
  outer loop
    vertex 9243.963300322524 9882.0411645012 141.95898412218432
    vertex 9265.916214593153 9882.0411645012 141.95898412218506
    vertex 9265.531336034504 9881.964607395945 141.95898412332565
  endloop
endfacet
facet normal 3.135035122551198e-14 -1.48994496226601e-08 -1.0
  outer loop
    vertex 9243.963300322524 9882.0411645012 141.95898412218432
    vertex 9265.531336034504 9881.964607395945 141.95898412332565
    vertex 9244.348178881171 9881.964607395945 141.95898412332502
  endloop
endfacet
facet normal 3.135035122551198e-14 -1.48994496226601e-08 -1.0
  outer loop
    vertex 9244.348178881171 9881.964607395945 141.95898412332502
    vertex 9265.531336034504 9881.964607395945 141.95898412332565
    vertex 9265.139757457839 9881.938941980066 141.95898412370775
  endloop
endfacet
facet normal 3.135035122551198e-14 -1.48994496226601e-08 -1.0
  outer loop
    vertex 9244.348178881171 9881.964607395945 141.95898412332502
    vertex 9265.139757457839 9881.938941980066 141.95898412370775
    vertex 9244.739757457832 9881.938941980066 141.95898412370775
  endloop
endfacet
facet normal 0.6593458150999905 -0.7518398074790462 1.1203404418530622e-08
  outer loop
    vertex 9266.96604174487 9882.558881959192 141.95898411447146
    vertex 9267.261077801402 9882.817621696879 146.01064027730797
    vertex 9266.96604174487 9882.558882019339 145.99542939081962
  endloop
endfacet
facet normal 0.6593458150999905 -0.7518398074790462 1.1203404418530622e-08
  outer loop
    vertex 9267.261077801402 9882.817621696879 146.01064027730797
    vertex 9266.96604174487 9882.558881959192 141.95898411447146
    vertex 9267.261077801406 9882.817621636506 141.9589841106163
  endloop
endfacet
facet normal -0.32143946530312645 -0.9469301294951176 1.4109840289347182e-08
  outer loop
    vertex 9243.591707160738 9882.167303382532 141.95898412030493
    vertex 9243.963300322523 9882.041164560891 145.96499362013148
    vertex 9243.591707160735 9882.167303442335 145.97240912062864
  endloop
endfacet
facet normal -0.32143946530312645 -0.9469301294951176 1.4109840289347182e-08
  outer loop
    vertex 9243.963300322523 9882.041164560891 145.96499362013148
    vertex 9243.591707160738 9882.167303382532 141.95898412030493
    vertex 9243.963300322524 9882.0411645012 141.95898412218432
  endloop
endfacet
facet normal 0.9807852804032036 -0.19509032201626317 2.9075705103073693e-09
  outer loop
    vertex 9268.114092041966 9884.547363403406 141.95898408484416
    vertex 9268.03753493671 9884.162484907089 146.142004241345
    vertex 9268.037534936713 9884.16248484476 141.9589840905787
  endloop
endfacet
facet normal 0.9807852804032036 -0.19509032201626317 2.9075705103073693e-09
  outer loop
    vertex 9268.03753493671 9884.162484907089 146.142004241345
    vertex 9268.114092041966 9884.547363403406 141.95898408484416
    vertex 9268.114092041966 9884.547363466843 146.2162573638474
  endloop
endfacet
facet normal -0.5555702330195156 -0.8314696123026031 1.238926828112472e-08
  outer loop
    vertex 9242.913473170805 9882.558881959192 141.95898411447067
    vertex 9243.23975745783 9882.340865828666 145.9826125721527
    vertex 9242.913473170804 9882.558882019339 145.99542939081945
  endloop
endfacet
facet normal -0.5555702330195156 -0.8314696123026031 1.238926828112472e-08
  outer loop
    vertex 9243.23975745783 9882.340865828666 145.9826125721527
    vertex 9242.913473170805 9882.558881959192 141.95898411447067
    vertex 9243.239757457832 9882.340865768712 141.95898411771884
  endloop
endfacet
facet normal -0.9978589232386045 -0.06540312923012799 9.740124698208973e-10
  outer loop
    vertex 9241.765422873708 9884.547363466843 146.2162573638472
    vertex 9241.739757457835 9884.938941980023 141.9589840790093
    vertex 9241.76542287371 9884.547363403406 141.95898408484325
  endloop
endfacet
facet normal -0.9978589232386045 -0.06540312923012799 9.740124698208973e-10
  outer loop
    vertex 9241.739757457835 9884.938941980023 141.9589840790093
    vertex 9241.765422873708 9884.547363466843 146.2162573638472
    vertex 9241.739757457832 9884.93894204459 146.29180309474316
  endloop
endfacet
facet normal 1.0 -1.3866198546319316e-12 1.1719855574213958e-12
  outer loop
    vertex 9268.139757457859 9902.578942005419 143.65898381614974
    vertex 9268.139757457846 9901.978942005406 143.65898382508186
    vertex 9268.139757457864 9902.578941980079 141.95898381618352
  endloop
endfacet
facet normal 1.0 -1.3866198546319316e-12 1.1719855574213958e-12
  outer loop
    vertex 9268.139757457833 9897.978942248305 159.95898388468655
    vertex 9268.139757457828 9895.978942249792 160.05898391449117
    vertex 9268.139757457828 9895.9789422483 159.95898391449
  endloop
endfacet
facet normal 1.0 -1.3866198546319316e-12 1.1719855574213958e-12
  outer loop
    vertex 9268.139757457828 9895.978942249792 160.05898391449117
    vertex 9268.139757457833 9897.978942248305 159.95898388468655
    vertex 9268.139757457833 9897.978942249794 160.0589838846877
  endloop
endfacet
facet normal 1.0 -1.3866198546319316e-12 1.1719855574213958e-12
  outer loop
    vertex 9268.139757457864 9902.578941980079 141.95898381618352
    vertex 9268.139757457844 9884.938942044628 146.29180309475083
    vertex 9268.139757457831 9884.938941979832 141.9589840790094
  endloop
endfacet
facet normal 1.0 -1.3866198546319316e-12 1.1719855574213958e-12
  outer loop
    vertex 9268.139757457844 9884.938942044628 146.29180309475083
    vertex 9268.139757457864 9902.578941980079 141.95898381618352
    vertex 9268.139757457846 9901.978942005406 143.65898382508186
  endloop
endfacet
facet normal 1.0 -1.3866198546319316e-12 1.1719855574213958e-12
  outer loop
    vertex 9268.139757457844 9884.938942044628 146.29180309475083
    vertex 9268.139757457846 9901.978942005406 143.65898382508186
    vertex 9268.139757457826 9885.57611603368 146.41473059243933
  endloop
endfacet
facet normal 1.0 -1.3866198546319316e-12 1.1719855574213958e-12
  outer loop
    vertex 9268.139757457826 9885.57611603368 146.41473059243933
    vertex 9268.139757457846 9901.978942005406 143.65898382508186
    vertex 9268.139757457826 9887.318250603636 146.99679318751592
  endloop
endfacet
facet normal 1.0 -1.3866198546319316e-12 1.1719855574213958e-12
  outer loop
    vertex 9268.139757457826 9887.318250603636 146.99679318751592
    vertex 9268.139757457846 9901.978942005406 143.65898382508186
    vertex 9268.139757457826 9888.968730199535 147.802861936403
  endloop
endfacet
facet normal 1.0 -1.3866198546319316e-12 1.1719855574213958e-12
  outer loop
    vertex 9268.139757457826 9888.968730199535 147.802861936403
    vertex 9268.139757457846 9901.978942005406 143.65898382508186
    vertex 9268.139757457826 9890.49889774683 148.81894116639523
  endloop
endfacet
facet normal 1.0 -1.3866198546319316e-12 1.1719855574213958e-12
  outer loop
    vertex 9268.139757457826 9890.49889774683 148.81894116639523
    vertex 9268.139757457846 9901.978942005406 143.65898382508186
    vertex 9268.139757457839 9901.978942203592 156.95898382507983
  endloop
endfacet
facet normal 1.0 -1.3866198546319316e-12 1.1719855574213958e-12
  outer loop
    vertex 9268.139757457826 9890.49889774683 148.81894116639523
    vertex 9268.139757457839 9901.978942203592 156.95898382507983
    vertex 9268.139757457826 9891.882185134293 150.02738881859224
  endloop
endfacet
facet normal 1.0 -1.3866198546319316e-12 1.1719855574213958e-12
  outer loop
    vertex 9268.139757457826 9891.882185134293 150.02738881859224
    vertex 9268.139757457839 9901.978942203592 156.95898382507983
    vertex 9268.139757457826 9893.094574512877 151.40722276480108
  endloop
endfacet
facet normal 1.0 -1.3866198546319316e-12 1.1719855574213958e-12
  outer loop
    vertex 9268.139757457826 9893.094574512877 151.40722276480108
    vertex 9268.139757457839 9901.978942203592 156.95898382507983
    vertex 9268.139757457826 9894.11501531468 152.93448511765098
  endloop
endfacet
facet normal 1.0 -1.3866198546319316e-12 1.1719855574213958e-12
  outer loop
    vertex 9268.139757457826 9894.11501531468 152.93448511765098
    vertex 9268.139757457839 9901.978942203592 156.95898382507983
    vertex 9268.139757457828 9894.925789751363 154.58265820845074
  endloop
endfacet
facet normal 1.0 -1.3866198546319316e-12 1.1719855574213958e-12
  outer loop
    vertex 9268.139757457828 9894.925789751363 154.58265820845074
    vertex 9268.139757457839 9901.978942203592 156.95898382507983
    vertex 9268.139757457828 9895.512820445942 156.32312501021295
  endloop
endfacet
facet normal 1.0 -1.3866198546319316e-12 1.1719855574213958e-12
  outer loop
    vertex 9268.139757457828 9895.512820445942 156.32312501021295
    vertex 9268.139757457839 9901.978942203592 156.95898382507983
    vertex 9268.139757457828 9895.865914856553 158.12566601158022
  endloop
endfacet
facet normal 1.0 -1.3866198546319316e-12 1.1719855574213958e-12
  outer loop
    vertex 9268.139757457828 9895.865914856553 158.12566601158022
    vertex 9268.139757457839 9901.978942203592 156.95898382507983
    vertex 9268.139757457826 9898.978942248297 159.95898386978456
  endloop
endfacet
facet normal 1.0 -1.3866198546319316e-12 1.1719855574213958e-12
  outer loop
    vertex 9268.139757457828 9895.865914856553 158.12566601158022
    vertex 9268.139757457826 9898.978942248297 159.95898386978456
    vertex 9268.139757457828 9895.9789422483 159.95898391449
  endloop
endfacet
facet normal 1.0 -1.3866198546319316e-12 1.1719855574213958e-12
  outer loop
    vertex 9268.139757457828 9895.9789422483 159.95898391449
    vertex 9268.139757457826 9898.978942248297 159.95898386978456
    vertex 9268.139757457833 9897.978942248305 159.95898388468655
  endloop
endfacet
facet normal 0.9469301294951226 -0.32143946530311235 4.790254459820615e-09
  outer loop
    vertex 9268.037534936713 9884.16248484476 141.9589840905787
    vertex 9267.911396055377 9883.790891744233 146.0703142187565
    vertex 9267.911396055379 9883.79089168297 141.95898409611516
  endloop
endfacet
facet normal 0.9469301294951226 -0.32143946530311235 4.790254459820615e-09
  outer loop
    vertex 9267.911396055377 9883.790891744233 146.0703142187565
    vertex 9268.037534936713 9884.16248484476 141.9589840905787
    vertex 9268.03753493671 9884.162484907089 146.142004241345
  endloop
endfacet
facet normal 8.8325174470452e-14 -1.0 1.490223397418341e-08
  outer loop
    vertex 9244.739757457832 9881.938941980066 141.95898412370775
    vertex 9249.939757457832 9881.938942039675 145.95898412370767
    vertex 9244.73975745783 9881.938942039667 145.95898412370767
  endloop
endfacet
facet normal 8.8325174470452e-14 -1.0 1.490223397418341e-08
  outer loop
    vertex 9249.939757457832 9881.938942039675 145.95898412370767
    vertex 9244.739757457832 9881.938941980066 141.95898412370775
    vertex 9265.139757457839 9881.938941980066 141.95898412370775
  endloop
endfacet
facet normal 8.8325174470452e-14 -1.0 1.490223397418341e-08
  outer loop
    vertex 9249.939757457832 9881.938942039675 145.95898412370767
    vertex 9265.139757457839 9881.938941980066 141.95898412370775
    vertex 9251.939757457829 9881.938942039675 145.95898412370775
  endloop
endfacet
facet normal 8.8325174470452e-14 -1.0 1.490223397418341e-08
  outer loop
    vertex 9249.939757457832 9881.938942039675 145.95898412370767
    vertex 9251.939757457829 9881.938942039675 145.95898412370775
    vertex 9249.939757457832 9881.93894205908 147.26122863507928
  endloop
endfacet
facet normal 8.8325174470452e-14 -1.0 1.490223397418341e-08
  outer loop
    vertex 9251.939757457829 9881.938942039675 145.95898412370775
    vertex 9265.139757457839 9881.938941980066 141.95898412370775
    vertex 9257.939757457829 9881.938942039675 145.95898412370775
  endloop
endfacet
facet normal 8.8325174470452e-14 -1.0 1.490223397418341e-08
  outer loop
    vertex 9257.939757457829 9881.938942039675 145.95898412370775
    vertex 9265.139757457839 9881.938941980066 141.95898412370775
    vertex 9257.939757457829 9881.93894205908 147.26122863507936
  endloop
endfacet
facet normal 8.8325174470452e-14 -1.0 1.490223397418341e-08
  outer loop
    vertex 9257.939757457829 9881.93894205908 147.26122863507936
    vertex 9265.139757457839 9881.938941980066 141.95898412370775
    vertex 9259.939757457829 9881.938942039675 145.95898412370775
  endloop
endfacet
facet normal 8.8325174470452e-14 -1.0 1.490223397418341e-08
  outer loop
    vertex 9259.939757457829 9881.938942039675 145.95898412370775
    vertex 9265.139757457839 9881.938941980066 141.95898412370775
    vertex 9265.13975745792 9881.938942039675 145.95898412370803
  endloop
endfacet
facet normal 8.8325174470452e-14 -1.0 1.490223397418341e-08
  outer loop
    vertex 9259.939757457829 9881.93894205908 147.26122863507936
    vertex 9257.939757457829 9881.93894205908 147.26122863507936
    vertex 9259.939757457829 9881.938942039675 145.95898412370775
  endloop
endfacet
facet normal 8.8325174470452e-14 -1.0 1.490223397418341e-08
  outer loop
    vertex 9251.939757457829 9881.93894205908 147.26122863507936
    vertex 9249.939757457832 9881.93894205908 147.26122863507928
    vertex 9251.939757457829 9881.938942039675 145.95898412370775
  endloop
endfacet
facet normal 0.896872741532556 -0.44228869021926953 6.590968257822473e-09
  outer loop
    vertex 9267.911396055379 9883.79089168297 141.95898409611516
    vertex 9267.737833669196 9883.438942040983 146.0471666938087
    vertex 9267.737833669198 9883.438941980066 141.958984101359
  endloop
endfacet
facet normal 0.896872741532556 -0.44228869021926953 6.590968257822473e-09
  outer loop
    vertex 9267.737833669196 9883.438942040983 146.0471666938087
    vertex 9267.911396055379 9883.79089168297 141.95898409611516
    vertex 9267.911396055377 9883.790891744233 146.0703142187565
  endloop
endfacet
facet normal -0.9807852804031802 -0.19509032201638116 2.9064580455054865e-09
  outer loop
    vertex 9241.841979978963 9884.162484907089 146.14200424134472
    vertex 9241.76542287371 9884.547363403406 141.95898408484325
    vertex 9241.841979978966 9884.16248484476 141.9589840905779
  endloop
endfacet
facet normal -0.9807852804031802 -0.19509032201638116 2.9064580455054865e-09
  outer loop
    vertex 9241.76542287371 9884.547363403406 141.95898408484325
    vertex 9241.841979978963 9884.162484907089 146.14200424134472
    vertex 9241.765422873708 9884.547363466843 146.2162573638472
  endloop
endfacet
facet normal -0.4422886902190477 -0.8968727415326655 1.3363882721873326e-08
  outer loop
    vertex 9243.239757457832 9882.340865768712 141.95898411771884
    vertex 9243.591707160735 9882.167303442335 145.97240912062864
    vertex 9243.23975745783 9882.340865828666 145.9826125721527
  endloop
endfacet
facet normal -0.4422886902190477 -0.8968727415326655 1.3363882721873326e-08
  outer loop
    vertex 9243.591707160735 9882.167303442335 145.97240912062864
    vertex 9243.239757457832 9882.340865768712 141.95898411771884
    vertex 9243.591707160738 9882.167303382532 141.95898412030493
  endloop
endfacet
facet normal -0.06540312923013827 -0.9978589232386038 1.4868875992800294e-08
  outer loop
    vertex 9244.348178881171 9881.964607395945 141.95898412332502
    vertex 9244.73975745783 9881.938942039667 145.95898412370767
    vertex 9244.34817888117 9881.96460745557 145.96049295193092
  endloop
endfacet
facet normal -0.06540312923013827 -0.9978589232386038 1.4868875992800294e-08
  outer loop
    vertex 9244.73975745783 9881.938942039667 145.95898412370767
    vertex 9244.348178881171 9881.964607395945 141.95898412332502
    vertex 9244.739757457832 9881.938941980066 141.95898412370775
  endloop
endfacet
facet normal -0.831469612302655 -0.5555702330194379 8.277970714442355e-09
  outer loop
    vertex 9242.359697436956 9883.112657753672 146.02798496913297
    vertex 9242.14168124648 9883.438941980066 141.95898410135808
    vertex 9242.359697436958 9883.11265769304 141.95898410621973
  endloop
endfacet
facet normal -0.831469612302655 -0.5555702330194379 8.277970714442355e-09
  outer loop
    vertex 9242.14168124648 9883.438941980066 141.95898410135808
    vertex 9242.359697436956 9883.112657753672 146.02798496913297
    vertex 9242.141681246478 9883.438942040983 146.04716669380878
  endloop
endfacet
facet normal 0.5555702330196998 -0.83146961230248 1.2389880192626969e-08
  outer loop
    vertex 9266.639757457846 9882.340865768712 141.95898411771975
    vertex 9266.96604174487 9882.558882019339 145.99542939081962
    vertex 9266.639757457844 9882.340865828666 145.9826125721529
  endloop
endfacet
facet normal 0.5555702330196998 -0.83146961230248 1.2389880192626969e-08
  outer loop
    vertex 9266.96604174487 9882.558882019339 145.99542939081962
    vertex 9266.639757457846 9882.340865768712 141.95898411771975
    vertex 9266.96604174487 9882.558881959192 141.95898411447146
  endloop
endfacet
facet normal -0.8968727415326816 -0.44228869021901485 6.5899709626116436e-09
  outer loop
    vertex 9242.141681246478 9883.438942040983 146.04716669380878
    vertex 9241.968118860299 9883.79089168297 141.95898409611434
    vertex 9242.14168124648 9883.438941980066 141.95898410135808
  endloop
endfacet
facet normal -0.8968727415326816 -0.44228869021901485 6.5899709626116436e-09
  outer loop
    vertex 9241.968118860299 9883.79089168297 141.95898409611434
    vertex 9242.141681246478 9883.438942040983 146.04716669380878
    vertex 9241.977151699479 9883.772574958286 146.0667804325371
  endloop
endfacet
facet normal -0.7518398074790509 -0.659345815099985 9.824352122733493e-09
  outer loop
    vertex 9242.61843711427 9882.817621696879 146.01064027730789
    vertex 9242.359697436958 9883.11265769304 141.95898410621973
    vertex 9242.618437114272 9882.817621636506 141.9589841106155
  endloop
endfacet
facet normal -0.7518398074790509 -0.659345815099985 9.824352122733493e-09
  outer loop
    vertex 9242.359697436958 9883.11265769304 141.95898410621973
    vertex 9242.61843711427 9882.817621696879 146.01064027730789
    vertex 9242.359697436956 9883.112657753672 146.02798496913297
  endloop
endfacet
facet normal -0.6593458150999688 -0.7518398074790652 1.120266039310166e-08
  outer loop
    vertex 9242.618437114272 9882.817621636506 141.9589841106155
    vertex 9242.913473170804 9882.558882019339 145.99542939081945
    vertex 9242.61843711427 9882.817621696879 146.01064027730789
  endloop
endfacet
facet normal -0.6593458150999688 -0.7518398074790652 1.120266039310166e-08
  outer loop
    vertex 9242.913473170804 9882.558882019339 145.99542939081945
    vertex 9242.618437114272 9882.817621636506 141.9589841106155
    vertex 9242.913473170805 9882.558881959192 141.95898411447067
  endloop
endfacet
facet normal 0.32143946530319123 -0.9469301294950955 1.4110210939987485e-08
  outer loop
    vertex 9265.916214593153 9882.0411645012 141.95898412218506
    vertex 9266.287807754938 9882.167303442335 145.97240912062864
    vertex 9265.916214593151 9882.041164560891 145.96499362013157
  endloop
endfacet
facet normal 0.32143946530319123 -0.9469301294950955 1.4110210939987485e-08
  outer loop
    vertex 9266.287807754938 9882.167303442335 145.97240912062864
    vertex 9265.916214593153 9882.0411645012 141.95898412218506
    vertex 9266.287807754941 9882.167303382532 141.95898412030567
  endloop
endfacet
facet normal 0.4422886902189037 -0.8968727415327362 1.3364379357889401e-08
  outer loop
    vertex 9266.287807754941 9882.167303382532 141.95898412030567
    vertex 9266.639757457844 9882.340865828666 145.9826125721529
    vertex 9266.287807754938 9882.167303442335 145.97240912062864
  endloop
endfacet
facet normal 0.4422886902189037 -0.8968727415327362 1.3364379357889401e-08
  outer loop
    vertex 9266.639757457844 9882.340865828666 145.9826125721529
    vertex 9266.287807754941 9882.167303382532 141.95898412030567
    vertex 9266.639757457846 9882.340865768712 141.95898411771975
  endloop
endfacet
facet normal -0.9458255285861668 -0.3246751809684722 0.00031038329208009656
  outer loop
    vertex 9241.977151699479 9883.772574958286 146.0667804325371
    vertex 9241.841979978966 9884.16248484476 141.9589840905779
    vertex 9241.968118860299 9883.79089168297 141.95898409611434
  endloop
endfacet
facet normal -0.9458255285861668 -0.3246751809684722 0.00031038329208009656
  outer loop
    vertex 9241.841979978966 9884.16248484476 141.9589840905779
    vertex 9241.977151699479 9883.772574958286 146.0667804325371
    vertex 9241.841979978963 9884.162484907089 146.14200424134472
  endloop
endfacet
facet normal -0.19509032201612225 -0.9807852804032315 1.4614386484253656e-08
  outer loop
    vertex 9243.963300322524 9882.0411645012 141.95898412218432
    vertex 9244.34817888117 9881.96460745557 145.96049295193092
    vertex 9243.963300322523 9882.041164560891 145.96499362013148
  endloop
endfacet
facet normal -0.19509032201612225 -0.9807852804032315 1.4614386484253656e-08
  outer loop
    vertex 9244.34817888117 9881.96460745557 145.96049295193092
    vertex 9243.963300322524 9882.0411645012 141.95898412218432
    vertex 9244.348178881171 9881.964607395945 141.95898412332502
  endloop
endfacet
facet normal 0.19509032201603807 -0.9807852804032482 1.4614603574650681e-08
  outer loop
    vertex 9265.531336034504 9881.964607395945 141.95898412332565
    vertex 9265.916214593151 9882.041164560891 145.96499362013157
    vertex 9265.531336034504 9881.96460745557 145.960492951931
  endloop
endfacet
facet normal 0.19509032201603807 -0.9807852804032482 1.4614603574650681e-08
  outer loop
    vertex 9265.916214593151 9882.041164560891 145.96499362013157
    vertex 9265.531336034504 9881.964607395945 141.95898412332565
    vertex 9265.916214593153 9882.0411645012 141.95898412218506
  endloop
endfacet
facet normal 0.06540312923015235 -0.9978589232386029 1.4868941677257159e-08
  outer loop
    vertex 9265.531336034504 9881.964607395945 141.95898412332565
    vertex 9265.13975745792 9881.938942039675 145.95898412370803
    vertex 9265.139757457839 9881.938941980066 141.95898412370775
  endloop
endfacet
facet normal 0.06540312923015235 -0.9978589232386029 1.4868941677257159e-08
  outer loop
    vertex 9265.13975745792 9881.938942039675 145.95898412370803
    vertex 9265.531336034504 9881.964607395945 141.95898412332565
    vertex 9265.531336034504 9881.96460745557 145.960492951931
  endloop
endfacet
facet normal 0.8314696123026157 -0.5555702330194968 8.278913495504121e-09
  outer loop
    vertex 9267.737833669198 9883.438941980066 141.958984101359
    vertex 9267.519817478717 9883.112657753672 146.02798496913306
    vertex 9267.51981747872 9883.11265769304 141.95898410622044
  endloop
endfacet
facet normal 0.8314696123026157 -0.5555702330194968 8.278913495504121e-09
  outer loop
    vertex 9267.519817478717 9883.112657753672 146.02798496913306
    vertex 9267.737833669198 9883.438941980066 141.958984101359
    vertex 9267.737833669196 9883.438942040983 146.0471666938087
  endloop
endfacet
facet normal 0.7518398074789886 -0.6593458151000563 9.825215318375572e-09
  outer loop
    vertex 9267.51981747872 9883.11265769304 141.95898410622044
    vertex 9267.261077801402 9882.817621696879 146.01064027730797
    vertex 9267.261077801406 9882.817621636506 141.9589841106163
  endloop
endfacet
facet normal 0.7518398074789886 -0.6593458151000563 9.825215318375572e-09
  outer loop
    vertex 9267.261077801402 9882.817621696879 146.01064027730797
    vertex 9267.51981747872 9883.11265769304 141.95898410622044
    vertex 9267.519817478717 9883.112657753672 146.02798496913306
  endloop
endfacet
facet normal 0.9978589232386109 -0.06540312923003218 9.750885617607739e-10
  outer loop
    vertex 9268.139757457831 9884.938941979832 141.9589840790094
    vertex 9268.114092041966 9884.547363466843 146.2162573638474
    vertex 9268.114092041966 9884.547363403406 141.95898408484416
  endloop
endfacet
facet normal 0.9978589232386109 -0.06540312923003218 9.750885617607739e-10
  outer loop
    vertex 9268.114092041966 9884.547363466843 146.2162573638474
    vertex 9268.139757457831 9884.938941979832 141.9589840790094
    vertex 9268.139757457844 9884.938942044628 146.29180309475083
  endloop
endfacet
facet normal -1.0 1.851352328890964e-12 -1.0801986339808962e-12
  outer loop
    vertex 9241.739757457834 9895.978942249792 160.05898391449117
    vertex 9241.739757457839 9897.978942248305 159.95898388468646
    vertex 9241.739757457834 9895.978942248303 159.95898391449
  endloop
endfacet
facet normal -1.0 1.851352328890964e-12 -1.0801986339808962e-12
  outer loop
    vertex 9241.739757457839 9897.978942248305 159.95898388468646
    vertex 9241.739757457834 9895.978942249792 160.05898391449117
    vertex 9241.73975745784 9897.978942249794 160.0589838846877
  endloop
endfacet
facet normal -1.0 1.851352328890964e-12 -1.0801986339808962e-12
  outer loop
    vertex 9241.739757457832 9884.93894204459 146.29180309474316
    vertex 9241.739757457872 9902.578941980206 141.9589838161827
    vertex 9241.739757457835 9884.938941980023 141.9589840790093
  endloop
endfacet
facet normal -1.0 1.851352328890964e-12 -1.0801986339808962e-12
  outer loop
    vertex 9241.739757457872 9902.578941980206 141.9589838161827
    vertex 9241.739757457832 9884.93894204459 146.29180309474316
    vertex 9241.739757457852 9901.978942005486 143.65898382505083
  endloop
endfacet
facet normal -1.0 1.851352328890964e-12 -1.0801986339808962e-12
  outer loop
    vertex 9241.739757457852 9901.978942005486 143.65898382505083
    vertex 9241.739757457832 9884.93894204459 146.29180309474316
    vertex 9241.739757457832 9885.576116033682 146.41473059243933
  endloop
endfacet
facet normal -1.0 1.851352328890964e-12 -1.0801986339808962e-12
  outer loop
    vertex 9241.739757457852 9901.978942005486 143.65898382505083
    vertex 9241.739757457832 9885.576116033682 146.41473059243933
    vertex 9241.739757457832 9887.318250603637 146.99679318751592
  endloop
endfacet
facet normal -1.0 1.851352328890964e-12 -1.0801986339808962e-12
  outer loop
    vertex 9241.739757457852 9901.978942005486 143.65898382505083
    vertex 9241.739757457832 9887.318250603637 146.99679318751592
    vertex 9241.739757457832 9888.968730199536 147.802861936403
  endloop
endfacet
facet normal -1.0 1.851352328890964e-12 -1.0801986339808962e-12
  outer loop
    vertex 9241.739757457852 9901.978942005486 143.65898382505083
    vertex 9241.739757457832 9888.968730199536 147.802861936403
    vertex 9241.739757457832 9890.498897746831 148.81894116639523
  endloop
endfacet
facet normal -1.0 1.851352328890964e-12 -1.0801986339808962e-12
  outer loop
    vertex 9241.739757457852 9901.978942005486 143.65898382505083
    vertex 9241.739757457832 9890.498897746831 148.81894116639523
    vertex 9241.739757457852 9901.978942203725 156.95898382507875
  endloop
endfacet
facet normal -1.0 1.851352328890964e-12 -1.0801986339808962e-12
  outer loop
    vertex 9241.739757457852 9901.978942203725 156.95898382507875
    vertex 9241.739757457832 9890.498897746831 148.81894116639523
    vertex 9241.739757457832 9891.882185134295 150.02738881859224
  endloop
endfacet
facet normal -1.0 1.851352328890964e-12 -1.0801986339808962e-12
  outer loop
    vertex 9241.739757457852 9901.978942203725 156.95898382507875
    vertex 9241.739757457832 9891.882185134295 150.02738881859224
    vertex 9241.739757457832 9893.09457451288 151.40722276480108
  endloop
endfacet
facet normal -1.0 1.851352328890964e-12 -1.0801986339808962e-12
  outer loop
    vertex 9241.739757457852 9901.978942203725 156.95898382507875
    vertex 9241.739757457832 9893.09457451288 151.40722276480108
    vertex 9241.739757457832 9894.115015314681 152.93448511765098
  endloop
endfacet
facet normal -1.0 1.851352328890964e-12 -1.0801986339808962e-12
  outer loop
    vertex 9241.739757457852 9901.978942203725 156.95898382507875
    vertex 9241.739757457832 9894.115015314681 152.93448511765098
    vertex 9241.739757457832 9894.298660560557 153.30780615345378
  endloop
endfacet
facet normal -1.0 1.851352328890964e-12 -1.0801986339808962e-12
  outer loop
    vertex 9241.739757457852 9901.978942203725 156.95898382507875
    vertex 9241.739757457832 9894.298660560557 153.30780615345378
    vertex 9241.739757457832 9894.925789751363 154.58265820845074
  endloop
endfacet
facet normal -1.0 1.851352328890964e-12 -1.0801986339808962e-12
  outer loop
    vertex 9241.739757457852 9901.978942203725 156.95898382507875
    vertex 9241.739757457832 9894.925789751363 154.58265820845074
    vertex 9241.739757457832 9895.512820445943 156.32312501021295
  endloop
endfacet
facet normal -1.0 1.851352328890964e-12 -1.0801986339808962e-12
  outer loop
    vertex 9241.739757457852 9901.978942203725 156.95898382507875
    vertex 9241.739757457832 9895.512820445943 156.32312501021295
    vertex 9241.739757457832 9895.865914856555 158.12566601158022
  endloop
endfacet
facet normal -1.0 1.851352328890964e-12 -1.0801986339808962e-12
  outer loop
    vertex 9241.739757457852 9901.978942203725 156.95898382507875
    vertex 9241.739757457832 9895.865914856555 158.12566601158022
    vertex 9241.739757457843 9898.978942248432 159.95898386978445
  endloop
endfacet
facet normal -1.0 1.851352328890964e-12 -1.0801986339808962e-12
  outer loop
    vertex 9241.739757457843 9898.978942248432 159.95898386978445
    vertex 9241.739757457832 9895.865914856555 158.12566601158022
    vertex 9241.739757457834 9895.978942248303 159.95898391449
  endloop
endfacet
facet normal -1.0 1.851352328890964e-12 -1.0801986339808962e-12
  outer loop
    vertex 9241.739757457843 9898.978942248432 159.95898386978445
    vertex 9241.739757457834 9895.978942248303 159.95898391449
    vertex 9241.739757457839 9897.978942248305 159.95898388468646
  endloop
endfacet
facet normal -1.0 1.851352328890964e-12 -1.0801986339808962e-12
  outer loop
    vertex 9241.739757457866 9902.578942005499 143.6589838161187
    vertex 9241.739757457872 9902.578941980206 141.9589838161827
    vertex 9241.739757457852 9901.978942005486 143.65898382505083
  endloop
endfacet
facet normal 6.0427853197383685e-15 1.4901760356179654e-08 1.0
  outer loop
    vertex 9243.739757457834 9895.978942279598 162.05898391449125
    vertex 9266.139757457833 9897.9789422796 162.05898388468762
    vertex 9243.739757457839 9897.9789422796 162.0589838846877
  endloop
endfacet
facet normal 6.0427853197383685e-15 1.4901760356179654e-08 1.0
  outer loop
    vertex 9266.139757457833 9897.9789422796 162.05898388468762
    vertex 9243.739757457834 9895.978942279598 162.05898391449125
    vertex 9266.139757457826 9895.978942279598 162.05898391449108
  endloop
endfacet
facet normal -0.19509032201644017 1.4616100711490578e-08 0.9807852804031683
  outer loop
    vertex 9243.222119367634 9897.978942278583 161.99083553726578
    vertex 9243.478705073394 9895.978942279344 162.0418736372389
    vertex 9243.478705073401 9897.978942279346 162.04187360743535
  endloop
endfacet
facet normal -0.19509032201644017 1.4616100711490578e-08 0.9807852804031683
  outer loop
    vertex 9243.478705073394 9895.978942279344 162.0418736372389
    vertex 9243.222119367634 9897.978942278583 161.99083553726578
    vertex 9243.222119367629 9895.978942278583 161.99083556706933
  endloop
endfacet
facet normal 0.4422886902187312 1.3363665301999556e-08 0.8968727415328216
  outer loop
    vertex 9266.905124322559 9895.97894227733 161.9067429795137
    vertex 9267.139757457833 9897.978942275608 161.79103469225657
    vertex 9266.905124322564 9897.97894227733 161.90674294971024
  endloop
endfacet
facet normal 0.4422886902187312 1.3363665301999556e-08 0.8968727415328216
  outer loop
    vertex 9267.139757457833 9897.978942275608 161.79103469225657
    vertex 9266.905124322559 9895.97894227733 161.9067429795137
    vertex 9267.139757457828 9895.978942275606 161.79103472206003
  endloop
endfacet
facet normal -0.9807852804033663 2.9104683151558894e-09 0.1950903220154448
  outer loop
    vertex 9241.807905805255 9895.978942257507 160.57662200469625
    vertex 9241.756867735094 9897.978942253685 160.32003626912777
    vertex 9241.756867735086 9895.978942253683 160.3200362989313
  endloop
endfacet
facet normal -0.9807852804033663 2.9104683151558894e-09 0.1950903220154448
  outer loop
    vertex 9241.756867735094 9897.978942253685 160.32003626912777
    vertex 9241.807905805255 9895.978942257507 160.57662200469625
    vertex 9241.807905805263 9897.978942257509 160.57662197489267
  endloop
endfacet
facet normal 0.8314696123023194 8.276542192708749e-09 0.55557023301994
  outer loop
    vertex 9267.871808265401 9897.978942264697 161.05898388468768
    vertex 9267.72646413841 9895.978942267937 161.27650677250858
    vertex 9267.871808265396 9895.978942264695 161.05898391449114
  endloop
endfacet
facet normal 0.8314696123023194 8.276542192708749e-09 0.55557023301994
  outer loop
    vertex 9267.72646413841 9895.978942267937 161.27650677250858
    vertex 9267.871808265401 9897.978942264697 161.05898388468768
    vertex 9267.726464138417 9897.978942267939 161.27650674270512
  endloop
endfacet
facet normal 0.6593458150998791 1.1201771095431521e-08 0.7518398074791439
  outer loop
    vertex 9267.357280315844 9895.97894227344 161.64569059507363
    vertex 9267.553971020207 9897.978942270869 161.4731974470608
    vertex 9267.357280315851 9897.978942273441 161.64569056527017
  endloop
endfacet
facet normal 0.6593458150998791 1.1201771095431521e-08 0.7518398074791439
  outer loop
    vertex 9267.553971020207 9897.978942270869 161.4731974470608
    vertex 9267.357280315844 9895.97894227344 161.64569059507363
    vertex 9267.553971020201 9895.978942270869 161.47319747686427
  endloop
endfacet
facet normal 0.8968727415325487 6.588260009537775e-09 0.4422886902192842
  outer loop
    vertex 9267.987516522857 9897.9789422612 160.82435074941785
    vertex 9267.871808265396 9895.978942264695 161.05898391449114
    vertex 9267.987516522851 9895.9789422612 160.8243507792213
  endloop
endfacet
facet normal 0.8968727415325487 6.588260009537775e-09 0.4422886902192842
  outer loop
    vertex 9267.871808265396 9895.978942264695 161.05898391449114
    vertex 9267.987516522857 9897.9789422612 160.82435074941785
    vertex 9267.871808265401 9897.978942264697 161.05898388468768
  endloop
endfacet
facet normal -0.32143946530323275 1.4112020461417624e-08 0.9469301294950816
  outer loop
    vertex 9242.97439059311 9897.97894227733 161.90674294971024
    vertex 9243.222119367629 9895.978942278583 161.99083556706933
    vertex 9243.222119367634 9897.978942278583 161.99083553726578
  endloop
endfacet
facet normal -0.32143946530323275 1.4112020461417624e-08 0.9469301294950816
  outer loop
    vertex 9243.222119367629 9895.978942278583 161.99083556706933
    vertex 9242.97439059311 9897.97894227733 161.90674294971024
    vertex 9242.974390593103 9895.97894227733 161.90674297951378
  endloop
endfacet
facet normal 0.7518398074788124 9.823210443092428e-09 0.6593458151002571
  outer loop
    vertex 9267.726464138417 9897.978942267939 161.27650674270512
    vertex 9267.553971020201 9895.978942270869 161.47319747686427
    vertex 9267.72646413841 9895.978942267937 161.27650677250858
  endloop
endfacet
facet normal 0.7518398074788124 9.823210443092428e-09 0.6593458151002571
  outer loop
    vertex 9267.553971020201 9895.978942270869 161.47319747686427
    vertex 9267.726464138417 9897.978942267939 161.27650674270512
    vertex 9267.553971020207 9897.978942270869 161.4731974470608
  endloop
endfacet
facet normal 0.946930129494924 4.7872508670419355e-09 0.32143946530369677
  outer loop
    vertex 9268.071609110411 9897.978942257509 160.5766219748928
    vertex 9267.987516522851 9895.9789422612 160.8243507792213
    vertex 9268.071609110406 9895.978942257507 160.57662200469625
  endloop
endfacet
facet normal 0.946930129494924 4.7872508670419355e-09 0.32143946530369677
  outer loop
    vertex 9267.987516522851 9895.9789422612 160.8243507792213
    vertex 9268.071609110411 9897.978942257509 160.5766219748928
    vertex 9267.987516522857 9897.9789422612 160.82435074941785
  endloop
endfacet
facet normal 0.5555702330195026 1.2388700259109109e-08 0.8314696123026117
  outer loop
    vertex 9267.139757457828 9895.978942275606 161.79103472206003
    vertex 9267.357280315851 9897.978942273441 161.64569056527017
    vertex 9267.139757457833 9897.978942275608 161.79103469225657
  endloop
endfacet
facet normal 0.5555702330195026 1.2388700259109109e-08 0.8314696123026117
  outer loop
    vertex 9267.357280315851 9897.978942273441 161.64569056527017
    vertex 9267.139757457828 9895.978942275606 161.79103472206003
    vertex 9267.357280315844 9895.97894227344 161.64569059507363
  endloop
endfacet
facet normal 0.9807852804031354 2.9043305392422165e-09 0.19509032201660606
  outer loop
    vertex 9268.122647180582 9897.978942253685 160.32003626912785
    vertex 9268.071609110406 9895.978942257507 160.57662200469625
    vertex 9268.122647180577 9895.978942253683 160.3200362989313
  endloop
endfacet
facet normal 0.9807852804031354 2.9043305392422165e-09 0.19509032201660606
  outer loop
    vertex 9268.071609110406 9895.978942257507 160.57662200469625
    vertex 9268.122647180582 9897.978942253685 160.32003626912785
    vertex 9268.071609110411 9897.978942257509 160.5766219748928
  endloop
endfacet
facet normal 0.9978589232385655 9.71738819616141e-10 0.06540312923072163
  outer loop
    vertex 9268.139757457833 9897.978942249794 160.0589838846877
    vertex 9268.122647180577 9895.978942253683 160.3200362989313
    vertex 9268.139757457828 9895.978942249792 160.05898391449117
  endloop
endfacet
facet normal 0.9978589232385655 9.71738819616141e-10 0.06540312923072163
  outer loop
    vertex 9268.122647180577 9895.978942253683 160.3200362989313
    vertex 9268.139757457833 9897.978942249794 160.0589838846877
    vertex 9268.122647180582 9897.978942253685 160.32003626912785
  endloop
endfacet
facet normal -0.44228869021886796 1.3366479629059483e-08 0.8968727415327541
  outer loop
    vertex 9242.739757457839 9897.978942275608 161.79103469225657
    vertex 9242.974390593103 9895.97894227733 161.90674297951378
    vertex 9242.97439059311 9897.97894227733 161.90674294971024
  endloop
endfacet
facet normal -0.44228869021886796 1.3366479629059483e-08 0.8968727415327541
  outer loop
    vertex 9242.974390593103 9895.97894227733 161.90674297951378
    vertex 9242.739757457839 9897.978942275608 161.79103469225657
    vertex 9242.739757457834 9895.978942275606 161.79103472206012
  endloop
endfacet
facet normal -0.6593458151003065 1.1205921126434488e-08 0.7518398074787688
  outer loop
    vertex 9242.325543895467 9897.978942270869 161.4731974470608
    vertex 9242.522234599815 9895.97894227344 161.64569059507363
    vertex 9242.522234599823 9897.978942273441 161.64569056527017
  endloop
endfacet
facet normal -0.6593458151003065 1.1205921126434488e-08 0.7518398074787688
  outer loop
    vertex 9242.522234599815 9895.97894227344 161.64569059507363
    vertex 9242.325543895467 9897.978942270869 161.4731974470608
    vertex 9242.32554389546 9895.978942270869 161.47319747686427
  endloop
endfacet
facet normal -0.8314696123027178 8.281763148328748e-09 0.5555702330193439
  outer loop
    vertex 9242.153050777251 9895.978942267937 161.27650677250867
    vertex 9242.00770665027 9897.978942264697 161.05898388468768
    vertex 9242.007706650265 9895.978942264695 161.05898391449122
  endloop
endfacet
facet normal -0.8314696123027178 8.281763148328748e-09 0.5555702330193439
  outer loop
    vertex 9242.00770665027 9897.978942264697 161.05898388468768
    vertex 9242.153050777251 9895.978942267937 161.27650677250867
    vertex 9242.153050777259 9897.978942267939 161.27650674270512
  endloop
endfacet
facet normal -0.5555702330198609 1.2392215861797635e-08 0.8314696123023724
  outer loop
    vertex 9242.522234599823 9897.978942273441 161.64569056527017
    vertex 9242.739757457834 9895.978942275606 161.79103472206012
    vertex 9242.739757457839 9897.978942275608 161.79103469225657
  endloop
endfacet
facet normal -0.5555702330198609 1.2392215861797635e-08 0.8314696123023724
  outer loop
    vertex 9242.739757457834 9895.978942275606 161.79103472206012
    vertex 9242.522234599823 9897.978942273441 161.64569056527017
    vertex 9242.522234599815 9895.97894227344 161.64569059507363
  endloop
endfacet
facet normal -0.9978589232386323 9.779534504779528e-10 0.06540312922970248
  outer loop
    vertex 9241.756867735086 9895.978942253683 160.3200362989313
    vertex 9241.73975745784 9897.978942249794 160.0589838846877
    vertex 9241.739757457834 9895.978942249792 160.05898391449117
  endloop
endfacet
facet normal -0.9978589232386323 9.779534504779528e-10 0.06540312922970248
  outer loop
    vertex 9241.73975745784 9897.978942249794 160.0589838846877
    vertex 9241.756867735086 9895.978942253683 160.3200362989313
    vertex 9241.756867735094 9897.978942253685 160.32003626912777
  endloop
endfacet
facet normal -0.06540312923005724 1.4870095425491777e-08 0.9978589232386091
  outer loop
    vertex 9243.478705073401 9897.978942279346 162.04187360743535
    vertex 9243.739757457834 9895.978942279598 162.05898391449125
    vertex 9243.739757457839 9897.9789422796 162.0589838846877
  endloop
endfacet
facet normal -0.06540312923005724 1.4870095425491777e-08 0.9978589232386091
  outer loop
    vertex 9243.739757457834 9895.978942279598 162.05898391449125
    vertex 9243.478705073401 9897.978942279346 162.04187360743535
    vertex 9243.478705073394 9895.978942279344 162.0418736372389
  endloop
endfacet
facet normal -0.7518398074791648 9.827923600662966e-09 0.659345815099855
  outer loop
    vertex 9242.32554389546 9895.978942270869 161.47319747686427
    vertex 9242.153050777259 9897.978942267939 161.27650674270512
    vertex 9242.153050777251 9895.978942267937 161.27650677250867
  endloop
endfacet
facet normal -0.7518398074791648 9.827923600662966e-09 0.659345815099855
  outer loop
    vertex 9242.153050777259 9897.978942267939 161.27650674270512
    vertex 9242.32554389546 9895.978942270869 161.47319747686427
    vertex 9242.325543895467 9897.978942270869 161.4731974470608
  endloop
endfacet
facet normal -0.9469301294952044 4.79317552684258e-09 0.3214394653028711
  outer loop
    vertex 9241.89199839281 9895.9789422612 160.8243507792213
    vertex 9241.807905805263 9897.978942257509 160.57662197489267
    vertex 9241.807905805255 9895.978942257507 160.57662200469625
  endloop
endfacet
facet normal -0.9469301294952044 4.79317552684258e-09 0.3214394653028711
  outer loop
    vertex 9241.807905805263 9897.978942257509 160.57662197489267
    vertex 9241.89199839281 9895.9789422612 160.8243507792213
    vertex 9241.891998392817 9897.9789422612 160.82435074941785
  endloop
endfacet
facet normal 0.19509032201610838 1.4614824127035547e-08 0.9807852804032343
  outer loop
    vertex 9266.400809842267 9895.978942279344 162.04187363723872
    vertex 9266.657395548038 9897.978942278583 161.99083553726578
    vertex 9266.400809842273 9897.978942279346 162.04187360743526
  endloop
endfacet
facet normal 0.19509032201610838 1.4614824127035547e-08 0.9807852804032343
  outer loop
    vertex 9266.657395548038 9897.978942278583 161.99083553726578
    vertex 9266.400809842267 9895.978942279344 162.04187363723872
    vertex 9266.657395548033 9895.978942278583 161.99083556706924
  endloop
endfacet
facet normal -0.8968727415329246 6.5938745864424195e-09 0.4422886902185221
  outer loop
    vertex 9242.007706650265 9895.978942264695 161.05898391449122
    vertex 9241.891998392817 9897.9789422612 160.82435074941785
    vertex 9241.89199839281 9895.9789422612 160.8243507792213
  endloop
endfacet
facet normal -0.8968727415329246 6.5938745864424195e-09 0.4422886902185221
  outer loop
    vertex 9241.891998392817 9897.9789422612 160.82435074941785
    vertex 9242.007706650265 9895.978942264695 161.05898391449122
    vertex 9242.00770665027 9897.978942264697 161.05898388468768
  endloop
endfacet
facet normal 0.32143942358857075 -1.1297778884624531e-08 0.9469301436553
  outer loop
    vertex 9266.657395548033 9895.978942278583 161.99083556706924
    vertex 9266.80934591766 9897.978738323418 161.93925549955674
    vertex 9266.657395548038 9897.978942278583 161.99083553726578
  endloop
endfacet
facet normal 0.32143942358857075 -1.1297778884624531e-08 0.9469301436553
  outer loop
    vertex 9266.80934591766 9897.978738323418 161.93925549955674
    vertex 9266.905124322559 9895.97894227733 161.9067429795137
    vertex 9266.905124322564 9897.97894227733 161.90674294971024
  endloop
endfacet
facet normal 0.32143942358857075 -1.1297778884624531e-08 0.9469301436553
  outer loop
    vertex 9266.905124322559 9895.97894227733 161.9067429795137
    vertex 9266.80934591766 9897.978738323418 161.93925549955674
    vertex 9266.657395548033 9895.978942278583 161.99083556706924
  endloop
endfacet
facet normal 0.06540312923003469 1.4869637269180804e-08 0.9978589232386105
  outer loop
    vertex 9266.139757457826 9895.978942279598 162.05898391449108
    vertex 9266.400809842273 9897.978942279346 162.04187360743526
    vertex 9266.139757457833 9897.9789422796 162.05898388468762
  endloop
endfacet
facet normal 0.06540312923003469 1.4869637269180804e-08 0.9978589232386105
  outer loop
    vertex 9266.400809842273 9897.978942279346 162.04187360743526
    vertex 9266.139757457826 9895.978942279598 162.05898391449108
    vertex 9266.400809842267 9895.978942279344 162.04187363723872
  endloop
endfacet
facet normal 2.270784832963866e-06 0.9999999999926331 -3.0947211731433707e-06
  outer loop
    vertex 9241.73975745784 9897.978942249794 160.0589838846877
    vertex 9243.439757457827 9897.978942248286 159.95898388467754
    vertex 9241.739757457839 9897.978942248305 159.95898388468646
  endloop
endfacet
facet normal 2.270784832963866e-06 0.9999999999926331 -3.0947211731433707e-06
  outer loop
    vertex 9243.439757457827 9897.978942248286 159.95898388467754
    vertex 9241.73975745784 9897.978942249794 160.0589838846877
    vertex 9241.756867735094 9897.978942253685 160.32003626912777
  endloop
endfacet
facet normal 2.270784832963866e-06 0.9999999999926331 -3.0947211731433707e-06
  outer loop
    vertex 9243.439757457827 9897.978942248286 159.95898388467754
    vertex 9241.756867735094 9897.978942253685 160.32003626912777
    vertex 9241.807905805263 9897.978942257509 160.57662197489267
  endloop
endfacet
facet normal 2.270784832963866e-06 0.9999999999926331 -3.0947211731433707e-06
  outer loop
    vertex 9243.439757457827 9897.978942248286 159.95898388467754
    vertex 9241.807905805263 9897.978942257509 160.57662197489267
    vertex 9241.891998392817 9897.9789422612 160.82435074941785
  endloop
endfacet
facet normal 2.270784832963866e-06 0.9999999999926331 -3.0947211731433707e-06
  outer loop
    vertex 9243.439757457827 9897.978942248286 159.95898388467754
    vertex 9241.891998392817 9897.9789422612 160.82435074941785
    vertex 9242.00770665027 9897.978942264697 161.05898388468768
  endloop
endfacet
facet normal 2.270784832963866e-06 0.9999999999926331 -3.0947211731433707e-06
  outer loop
    vertex 9243.439757457827 9897.978942248286 159.95898388467754
    vertex 9242.00770665027 9897.978942264697 161.05898388468768
    vertex 9242.153050777259 9897.978942267939 161.27650674270512
  endloop
endfacet
facet normal 2.270784832963866e-06 0.9999999999926331 -3.0947211731433707e-06
  outer loop
    vertex 9243.439757457827 9897.978942248286 159.95898388467754
    vertex 9242.153050777259 9897.978942267939 161.27650674270512
    vertex 9242.325543895467 9897.978942270869 161.4731974470608
  endloop
endfacet
facet normal 2.270784832963866e-06 0.9999999999926331 -3.0947211731433707e-06
  outer loop
    vertex 9243.439757457827 9897.978942248286 159.95898388467754
    vertex 9242.325543895467 9897.978942270869 161.4731974470608
    vertex 9242.522234599823 9897.978942273441 161.64569056527017
  endloop
endfacet
facet normal 2.270784832963866e-06 0.9999999999926331 -3.0947211731433707e-06
  outer loop
    vertex 9243.439757457827 9897.978942248286 159.95898388467754
    vertex 9242.522234599823 9897.978942273441 161.64569056527017
    vertex 9242.739757457839 9897.978942275608 161.79103469225657
  endloop
endfacet
facet normal 2.270784832963866e-06 0.9999999999926331 -3.0947211731433707e-06
  outer loop
    vertex 9243.439757457827 9897.978942248286 159.95898388467754
    vertex 9242.739757457839 9897.978942275608 161.79103469225657
    vertex 9242.97439059311 9897.97894227733 161.90674294971024
  endloop
endfacet
facet normal 2.270784832963866e-06 0.9999999999926331 -3.0947211731433707e-06
  outer loop
    vertex 9243.439757457827 9897.978942248286 159.95898388467754
    vertex 9242.97439059311 9897.97894227733 161.90674294971024
    vertex 9243.222119367634 9897.978942278583 161.99083553726578
  endloop
endfacet
facet normal 2.270784832963866e-06 0.9999999999926331 -3.0947211731433707e-06
  outer loop
    vertex 9243.439757457827 9897.978942248286 159.95898388467754
    vertex 9243.222119367634 9897.978942278583 161.99083553726578
    vertex 9243.478705073401 9897.978942279346 162.04187360743535
  endloop
endfacet
facet normal 2.270784832963866e-06 0.9999999999926331 -3.0947211731433707e-06
  outer loop
    vertex 9243.439757457827 9897.978942248286 159.95898388467754
    vertex 9243.478705073401 9897.978942279346 162.04187360743535
    vertex 9266.80934591766 9897.978738323418 161.93925549955674
  endloop
endfacet
facet normal 2.270784832963866e-06 0.9999999999926331 -3.0947211731433707e-06
  outer loop
    vertex 9266.80934591766 9897.978738323418 161.93925549955674
    vertex 9243.478705073401 9897.978942279346 162.04187360743535
    vertex 9243.739757457839 9897.9789422796 162.0589838846877
  endloop
endfacet
facet normal 2.270784832963866e-06 0.9999999999926331 -3.0947211731433707e-06
  outer loop
    vertex 9266.80934591766 9897.978738323418 161.93925549955674
    vertex 9243.739757457839 9897.9789422796 162.0589838846877
    vertex 9266.139757457833 9897.9789422796 162.05898388468762
  endloop
endfacet
facet normal 2.270784832963866e-06 0.9999999999926331 -3.0947211731433707e-06
  outer loop
    vertex 9266.80934591766 9897.978738323418 161.93925549955674
    vertex 9266.139757457833 9897.9789422796 162.05898388468762
    vertex 9266.400809842273 9897.978942279346 162.04187360743526
  endloop
endfacet
facet normal 2.270784832963866e-06 0.9999999999926331 -3.0947211731433707e-06
  outer loop
    vertex 9266.80934591766 9897.978738323418 161.93925549955674
    vertex 9266.400809842273 9897.978942279346 162.04187360743526
    vertex 9266.657395548038 9897.978942278583 161.99083553726578
  endloop
endfacet
facet normal -4.1565934468005685e-14 -1.0 1.4902911245724406e-08
  outer loop
    vertex 9268.139757457828 9895.9789422483 159.95898391449
    vertex 9241.739757457834 9895.978942249792 160.05898391449117
    vertex 9241.739757457834 9895.978942248303 159.95898391449
  endloop
endfacet
facet normal -4.1565934468005685e-14 -1.0 1.4902911245724406e-08
  outer loop
    vertex 9241.739757457834 9895.978942249792 160.05898391449117
    vertex 9268.139757457828 9895.9789422483 159.95898391449
    vertex 9241.756867735086 9895.978942253683 160.3200362989313
  endloop
endfacet
facet normal -4.1565934468005685e-14 -1.0 1.4902911245724406e-08
  outer loop
    vertex 9241.756867735086 9895.978942253683 160.3200362989313
    vertex 9268.139757457828 9895.9789422483 159.95898391449
    vertex 9241.807905805255 9895.978942257507 160.57662200469625
  endloop
endfacet
facet normal -4.1565934468005685e-14 -1.0 1.4902911245724406e-08
  outer loop
    vertex 9241.807905805255 9895.978942257507 160.57662200469625
    vertex 9268.139757457828 9895.9789422483 159.95898391449
    vertex 9241.89199839281 9895.9789422612 160.8243507792213
  endloop
endfacet
facet normal -4.1565934468005685e-14 -1.0 1.4902911245724406e-08
  outer loop
    vertex 9241.89199839281 9895.9789422612 160.8243507792213
    vertex 9268.139757457828 9895.9789422483 159.95898391449
    vertex 9242.007706650265 9895.978942264695 161.05898391449122
  endloop
endfacet
facet normal -4.1565934468005685e-14 -1.0 1.4902911245724406e-08
  outer loop
    vertex 9242.007706650265 9895.978942264695 161.05898391449122
    vertex 9268.139757457828 9895.9789422483 159.95898391449
    vertex 9242.153050777251 9895.978942267937 161.27650677250867
  endloop
endfacet
facet normal -4.1565934468005685e-14 -1.0 1.4902911245724406e-08
  outer loop
    vertex 9242.153050777251 9895.978942267937 161.27650677250867
    vertex 9268.139757457828 9895.9789422483 159.95898391449
    vertex 9242.32554389546 9895.978942270869 161.47319747686427
  endloop
endfacet
facet normal -4.1565934468005685e-14 -1.0 1.4902911245724406e-08
  outer loop
    vertex 9242.32554389546 9895.978942270869 161.47319747686427
    vertex 9268.139757457828 9895.9789422483 159.95898391449
    vertex 9242.522234599815 9895.97894227344 161.64569059507363
  endloop
endfacet
facet normal -4.1565934468005685e-14 -1.0 1.4902911245724406e-08
  outer loop
    vertex 9242.522234599815 9895.97894227344 161.64569059507363
    vertex 9268.139757457828 9895.9789422483 159.95898391449
    vertex 9242.739757457834 9895.978942275606 161.79103472206012
  endloop
endfacet
facet normal -4.1565934468005685e-14 -1.0 1.4902911245724406e-08
  outer loop
    vertex 9242.739757457834 9895.978942275606 161.79103472206012
    vertex 9268.139757457828 9895.9789422483 159.95898391449
    vertex 9242.974390593103 9895.97894227733 161.90674297951378
  endloop
endfacet
facet normal -4.1565934468005685e-14 -1.0 1.4902911245724406e-08
  outer loop
    vertex 9242.974390593103 9895.97894227733 161.90674297951378
    vertex 9268.139757457828 9895.9789422483 159.95898391449
    vertex 9243.222119367629 9895.978942278583 161.99083556706933
  endloop
endfacet
facet normal -4.1565934468005685e-14 -1.0 1.4902911245724406e-08
  outer loop
    vertex 9243.222119367629 9895.978942278583 161.99083556706933
    vertex 9268.139757457828 9895.9789422483 159.95898391449
    vertex 9243.478705073394 9895.978942279344 162.0418736372389
  endloop
endfacet
facet normal -4.1565934468005685e-14 -1.0 1.4902911245724406e-08
  outer loop
    vertex 9243.478705073394 9895.978942279344 162.0418736372389
    vertex 9268.139757457828 9895.9789422483 159.95898391449
    vertex 9243.739757457834 9895.978942279598 162.05898391449125
  endloop
endfacet
facet normal -4.1565934468005685e-14 -1.0 1.4902911245724406e-08
  outer loop
    vertex 9243.739757457834 9895.978942279598 162.05898391449125
    vertex 9268.139757457828 9895.9789422483 159.95898391449
    vertex 9266.139757457826 9895.978942279598 162.05898391449108
  endloop
endfacet
facet normal -4.1565934468005685e-14 -1.0 1.4902911245724406e-08
  outer loop
    vertex 9266.139757457826 9895.978942279598 162.05898391449108
    vertex 9268.139757457828 9895.9789422483 159.95898391449
    vertex 9266.400809842267 9895.978942279344 162.04187363723872
  endloop
endfacet
facet normal -4.1565934468005685e-14 -1.0 1.4902911245724406e-08
  outer loop
    vertex 9266.400809842267 9895.978942279344 162.04187363723872
    vertex 9268.139757457828 9895.9789422483 159.95898391449
    vertex 9266.657395548033 9895.978942278583 161.99083556706924
  endloop
endfacet
facet normal -4.1565934468005685e-14 -1.0 1.4902911245724406e-08
  outer loop
    vertex 9266.657395548033 9895.978942278583 161.99083556706924
    vertex 9268.139757457828 9895.9789422483 159.95898391449
    vertex 9266.905124322559 9895.97894227733 161.9067429795137
  endloop
endfacet
facet normal -4.1565934468005685e-14 -1.0 1.4902911245724406e-08
  outer loop
    vertex 9266.905124322559 9895.97894227733 161.9067429795137
    vertex 9268.139757457828 9895.9789422483 159.95898391449
    vertex 9267.139757457828 9895.978942275606 161.79103472206003
  endloop
endfacet
facet normal -4.1565934468005685e-14 -1.0 1.4902911245724406e-08
  outer loop
    vertex 9267.139757457828 9895.978942275606 161.79103472206003
    vertex 9268.139757457828 9895.9789422483 159.95898391449
    vertex 9267.357280315844 9895.97894227344 161.64569059507363
  endloop
endfacet
facet normal -4.1565934468005685e-14 -1.0 1.4902911245724406e-08
  outer loop
    vertex 9267.357280315844 9895.97894227344 161.64569059507363
    vertex 9268.139757457828 9895.9789422483 159.95898391449
    vertex 9267.553971020201 9895.978942270869 161.47319747686427
  endloop
endfacet
facet normal -4.1565934468005685e-14 -1.0 1.4902911245724406e-08
  outer loop
    vertex 9267.553971020201 9895.978942270869 161.47319747686427
    vertex 9268.139757457828 9895.9789422483 159.95898391449
    vertex 9267.72646413841 9895.978942267937 161.27650677250858
  endloop
endfacet
facet normal -4.1565934468005685e-14 -1.0 1.4902911245724406e-08
  outer loop
    vertex 9267.72646413841 9895.978942267937 161.27650677250858
    vertex 9268.139757457828 9895.9789422483 159.95898391449
    vertex 9267.871808265396 9895.978942264695 161.05898391449114
  endloop
endfacet
facet normal -4.1565934468005685e-14 -1.0 1.4902911245724406e-08
  outer loop
    vertex 9267.871808265396 9895.978942264695 161.05898391449114
    vertex 9268.139757457828 9895.9789422483 159.95898391449
    vertex 9267.987516522851 9895.9789422612 160.8243507792213
  endloop
endfacet
facet normal -4.1565934468005685e-14 -1.0 1.4902911245724406e-08
  outer loop
    vertex 9267.987516522851 9895.9789422612 160.8243507792213
    vertex 9268.139757457828 9895.9789422483 159.95898391449
    vertex 9268.071609110406 9895.978942257507 160.57662200469625
  endloop
endfacet
facet normal -4.1565934468005685e-14 -1.0 1.4902911245724406e-08
  outer loop
    vertex 9268.071609110406 9895.978942257507 160.57662200469625
    vertex 9268.139757457828 9895.9789422483 159.95898391449
    vertex 9268.122647180577 9895.978942253683 160.3200362989313
  endloop
endfacet
facet normal -4.1565934468005685e-14 -1.0 1.4902911245724406e-08
  outer loop
    vertex 9268.122647180577 9895.978942253683 160.3200362989313
    vertex 9268.139757457828 9895.9789422483 159.95898391449
    vertex 9268.139757457828 9895.978942249792 160.05898391449117
  endloop
endfacet
facet normal -0.00030767432153041196 0.999999949090996 -8.458437943448095e-05
  outer loop
    vertex 9266.80934591766 9897.978738323418 161.93925549955674
    vertex 9266.439757457827 9897.9789422483 159.95898388468575
    vertex 9243.439757457834 9897.971369140447 159.8361471634221
  endloop
endfacet
facet normal -0.00030767432153041196 0.999999949090996 -8.458437943448095e-05
  outer loop
    vertex 9266.439757457827 9897.9789422483 159.95898388468575
    vertex 9266.80934591766 9897.978738323418 161.93925549955674
    vertex 9268.139757457833 9897.978942248305 159.95898388468655
  endloop
endfacet
facet normal -0.00030767432153041196 0.999999949090996 -8.458437943448095e-05
  outer loop
    vertex 9268.139757457833 9897.978942248305 159.95898388468655
    vertex 9266.80934591766 9897.978738323418 161.93925549955674
    vertex 9266.905124322564 9897.97894227733 161.90674294971024
  endloop
endfacet
facet normal -0.00030767432153041196 0.999999949090996 -8.458437943448095e-05
  outer loop
    vertex 9268.139757457833 9897.978942248305 159.95898388468655
    vertex 9266.905124322564 9897.97894227733 161.90674294971024
    vertex 9267.139757457833 9897.978942275608 161.79103469225657
  endloop
endfacet
facet normal -0.00030767432153041196 0.999999949090996 -8.458437943448095e-05
  outer loop
    vertex 9268.139757457833 9897.978942248305 159.95898388468655
    vertex 9267.139757457833 9897.978942275608 161.79103469225657
    vertex 9267.357280315851 9897.978942273441 161.64569056527017
  endloop
endfacet
facet normal -0.00030767432153041196 0.999999949090996 -8.458437943448095e-05
  outer loop
    vertex 9268.139757457833 9897.978942248305 159.95898388468655
    vertex 9267.357280315851 9897.978942273441 161.64569056527017
    vertex 9267.553971020207 9897.978942270869 161.4731974470608
  endloop
endfacet
facet normal -0.00030767432153041196 0.999999949090996 -8.458437943448095e-05
  outer loop
    vertex 9268.139757457833 9897.978942248305 159.95898388468655
    vertex 9267.553971020207 9897.978942270869 161.4731974470608
    vertex 9267.726464138417 9897.978942267939 161.27650674270512
  endloop
endfacet
facet normal -0.00030767432153041196 0.999999949090996 -8.458437943448095e-05
  outer loop
    vertex 9268.139757457833 9897.978942248305 159.95898388468655
    vertex 9267.726464138417 9897.978942267939 161.27650674270512
    vertex 9267.871808265401 9897.978942264697 161.05898388468768
  endloop
endfacet
facet normal -0.00030767432153041196 0.999999949090996 -8.458437943448095e-05
  outer loop
    vertex 9268.139757457833 9897.978942248305 159.95898388468655
    vertex 9267.871808265401 9897.978942264697 161.05898388468768
    vertex 9267.987516522857 9897.9789422612 160.82435074941785
  endloop
endfacet
facet normal -0.00030767432153041196 0.999999949090996 -8.458437943448095e-05
  outer loop
    vertex 9268.139757457833 9897.978942248305 159.95898388468655
    vertex 9267.987516522857 9897.9789422612 160.82435074941785
    vertex 9268.071609110411 9897.978942257509 160.5766219748928
  endloop
endfacet
facet normal -0.00030767432153041196 0.999999949090996 -8.458437943448095e-05
  outer loop
    vertex 9268.139757457833 9897.978942248305 159.95898388468655
    vertex 9268.071609110411 9897.978942257509 160.5766219748928
    vertex 9268.122647180582 9897.978942253685 160.32003626912785
  endloop
endfacet
facet normal -0.00030767432153041196 0.999999949090996 -8.458437943448095e-05
  outer loop
    vertex 9268.139757457833 9897.978942248305 159.95898388468655
    vertex 9268.122647180582 9897.978942253685 160.32003626912785
    vertex 9268.139757457833 9897.978942249794 160.0589838846877
  endloop
endfacet
endsolid xyplotter2
