solid Untitled-5c921a02
facet normal -0.38268343236511 1.3766509092215708e-08 -0.9238795325112784
  outer loop
    vertex 856.2939715762258 1263.5012865893477 61.65021809911139
    vertex 855.8598458574104 1268.0012865866684 61.830038926673105
    vertex 856.2939715762258 1268.0012865893477 61.65021816616483
  endloop
endfacet
facet normal -0.38268343236511 1.3766509092215708e-08 -0.9238795325112784
  outer loop
    vertex 855.8598458574104 1268.0012865866684 61.830038926673105
    vertex 856.2939715762258 1263.5012865893477 61.65021809911139
    vertex 855.8598458574104 1263.5012865866681 61.83003885961967
  endloop
endfacet
facet normal -0.13052619222003806 1.477328467746428e-08 -0.991444861373812
  outer loop
    vertex 855.8598458574104 1268.0012865866684 61.830038926673105
    vertex 855.3939715762258 1263.5012865857545 61.89137237229939
    vertex 855.3939715762258 1268.0012865857548 61.89137243935282
  endloop
endfacet
facet normal -0.13052619222003806 1.477328467746428e-08 -0.991444861373812
  outer loop
    vertex 855.3939715762258 1263.5012865857545 61.89137237229939
    vertex 855.8598458574104 1268.0012865866684 61.830038926673105
    vertex 855.8598458574104 1263.5012865866681 61.83003885961967
  endloop
endfacet
facet normal 0.13052619222003806 1.477328532595078e-08 -0.991444861373812
  outer loop
    vertex 855.3939715762258 1263.5012865857545 61.89137237229939
    vertex 854.9280972950412 1268.0012865866684 61.830038926673105
    vertex 855.3939715762258 1268.0012865857548 61.89137243935282
  endloop
endfacet
facet normal 0.13052619222003806 1.477328532595078e-08 -0.991444861373812
  outer loop
    vertex 854.9280972950412 1268.0012865866684 61.830038926673105
    vertex 855.3939715762258 1263.5012865857545 61.89137237229939
    vertex 854.9280972950412 1263.5012865866684 61.83003885961967
  endloop
endfacet
facet normal 0.38268343236511 1.3766510993481919e-08 -0.9238795325112784
  outer loop
    vertex 854.9280972950412 1263.5012865866684 61.83003885961967
    vertex 854.4939715762258 1268.0012865893477 61.65021816616483
    vertex 854.9280972950412 1268.0012865866684 61.830038926673105
  endloop
endfacet
facet normal 0.38268343236511 1.3766510993481919e-08 -0.9238795325112784
  outer loop
    vertex 854.4939715762258 1268.0012865893477 61.65021816616483
    vertex 854.9280972950412 1263.5012865866684 61.83003885961967
    vertex 854.4939715762258 1263.5012865893475 61.65021809911139
  endloop
endfacet
facet normal 0.38268343236511 1.3766510993481919e-08 -0.9238795325112784
  outer loop
    vertex 854.4939715762258 1263.5012865893475 61.65021809911139
    vertex 854.9280972950412 1263.5012865866684 61.83003885961967
    vertex 854.7110344356336 1263.501286588008 61.74012847936553
  endloop
endfacet
facet normal 0.6087614290087642 1.1821571687042119e-08 -0.7933533402912017
  outer loop
    vertex 854.4939715762258 1268.0012865893477 61.65021816616483
    vertex 854.1211793700901 1263.50128659361 61.36416457843511
    vertex 854.1211793700901 1268.00128659361 61.36416464548854
  endloop
endfacet
facet normal 0.6087614290087642 1.1821571687042119e-08 -0.7933533402912017
  outer loop
    vertex 854.1211793700901 1263.50128659361 61.36416457843511
    vertex 854.4939715762258 1268.0012865893477 61.65021816616483
    vertex 854.4939715762258 1263.5012865893475 61.65021809911139
  endloop
endfacet
facet normal 0.7933533402912482 9.071011806201894e-09 -0.6087614290087038
  outer loop
    vertex 853.835125849414 1263.5012865991653 60.991372372299324
    vertex 854.1211793700901 1268.00128659361 61.36416464548854
    vertex 854.1211793700901 1263.50128659361 61.36416457843511
  endloop
endfacet
facet normal 0.7933533402912482 9.071011806201894e-09 -0.6087614290087038
  outer loop
    vertex 854.1211793700901 1268.00128659361 61.36416464548854
    vertex 853.835125849414 1263.5012865991653 60.991372372299324
    vertex 853.835125849414 1268.001286599165 60.99137243935276
  endloop
endfacet
facet normal 0.9238795325112585 5.702277461325801e-09 -0.382683432365158
  outer loop
    vertex 853.6553050889055 1263.5012866056338 60.55724665348391
    vertex 853.835125849414 1268.001286599165 60.99137243935276
    vertex 853.835125849414 1263.5012865991653 60.991372372299324
  endloop
endfacet
facet normal 0.9238795325112585 5.702277461325801e-09 -0.382683432365158
  outer loop
    vertex 853.835125849414 1268.001286599165 60.99137243935276
    vertex 853.6553050889055 1263.5012866056338 60.55724665348391
    vertex 853.6553050889055 1268.0012866056338 60.55724672053734
  endloop
endfacet
facet normal 0.9914448613738231 1.944942330915779e-09 -0.13052619221995615
  outer loop
    vertex 853.5939715762258 1263.5012866125758 60.09137237229935
    vertex 853.6553050889055 1268.0012866056338 60.55724672053734
    vertex 853.6553050889055 1263.5012866056338 60.55724665348391
  endloop
endfacet
facet normal 0.9914448613738231 1.944942330915779e-09 -0.13052619221995615
  outer loop
    vertex 853.6553050889055 1268.0012866056338 60.55724672053734
    vertex 853.5939715762258 1263.5012866125758 60.09137237229935
    vertex 853.5939715762258 1268.0012866125758 60.09137243935278
  endloop
endfacet
facet normal 0.9914448613738231 -1.9449374051717943e-09 0.13052619221995615
  outer loop
    vertex 853.6553050889055 1263.5012866195177 59.62549809111488
    vertex 853.5939715762258 1268.0012866125758 60.09137243935278
    vertex 853.5939715762258 1263.5012866125758 60.09137237229935
  endloop
endfacet
facet normal 0.9914448613738231 -1.9449374051717943e-09 0.13052619221995615
  outer loop
    vertex 853.5939715762258 1268.0012866125758 60.09137243935278
    vertex 853.6553050889055 1263.5012866195177 59.62549809111488
    vertex 853.6553050889055 1268.0012866195175 59.625498158168305
  endloop
endfacet
facet normal 0.9238795325112726 -5.702272871262623e-09 0.38268343236512403
  outer loop
    vertex 853.835125849414 1263.5012866259865 59.19137237229937
    vertex 853.6553050889055 1268.0012866195175 59.625498158168305
    vertex 853.6553050889055 1263.5012866195177 59.62549809111488
  endloop
endfacet
facet normal 0.9238795325112726 -5.702272871262623e-09 0.38268343236512403
  outer loop
    vertex 853.6553050889055 1268.0012866195175 59.625498158168305
    vertex 853.835125849414 1263.5012866259865 59.19137237229937
    vertex 853.835125849414 1268.0012866259865 59.191372439352804
  endloop
endfacet
facet normal 0.7933533402912125 -9.071007864626408e-09 0.6087614290087501
  outer loop
    vertex 854.1211793700901 1263.5012866315415 58.818580166163585
    vertex 853.835125849414 1268.0012866259865 59.191372439352804
    vertex 853.835125849414 1263.5012866259865 59.19137237229937
  endloop
endfacet
facet normal 0.7933533402912125 -9.071007864626408e-09 0.6087614290087501
  outer loop
    vertex 853.835125849414 1268.0012866259865 59.191372439352804
    vertex 854.1211793700901 1263.5012866315415 58.818580166163585
    vertex 854.1211793700901 1268.0012866315415 58.81858023321702
  endloop
endfacet
facet normal 0.6087614290087642 -1.1821568662564345e-08 0.7933533402912017
  outer loop
    vertex 854.1211793700901 1263.5012866315415 58.818580166163585
    vertex 854.4939715762258 1268.0012866358036 58.53252671254083
    vertex 854.1211793700901 1268.0012866315415 58.81858023321702
  endloop
endfacet
facet normal 0.6087614290087642 -1.1821568662564345e-08 0.7933533402912017
  outer loop
    vertex 854.4939715762258 1268.0012866358036 58.53252671254083
    vertex 854.1211793700901 1263.5012866315415 58.818580166163585
    vertex 854.4939715762258 1263.5012866358036 58.532526645487394
  endloop
endfacet
facet normal 0.38268343236511 -1.3766509092215708e-08 0.9238795325112784
  outer loop
    vertex 854.4939715762258 1268.0012866358036 58.53252671254083
    vertex 854.9280972950412 1263.5012866384834 58.352705884979024
    vertex 854.9280972950412 1268.0012866384832 58.35270595203246
  endloop
endfacet
facet normal 0.38268343236511 -1.3766509092215708e-08 0.9238795325112784
  outer loop
    vertex 854.9280972950412 1263.5012866384834 58.352705884979024
    vertex 854.4939715762258 1268.0012866358036 58.53252671254083
    vertex 854.4939715762258 1263.5012866358036 58.532526645487394
  endloop
endfacet
facet normal 0.13052619222003806 -1.477328467746428e-08 0.991444861373812
  outer loop
    vertex 854.9280972950412 1268.0012866384832 58.35270595203246
    vertex 855.3939715762258 1263.5012866393972 58.29137237229939
    vertex 855.3939715762258 1268.0012866393974 58.29137243935283
  endloop
endfacet
facet normal 0.13052619222003806 -1.477328467746428e-08 0.991444861373812
  outer loop
    vertex 855.3939715762258 1263.5012866393972 58.29137237229939
    vertex 854.9280972950412 1268.0012866384832 58.35270595203246
    vertex 854.9280972950412 1263.5012866384834 58.352705884979024
  endloop
endfacet
facet normal -0.13052619222003806 -1.477328532595078e-08 0.991444861373812
  outer loop
    vertex 855.3939715762258 1263.5012866393972 58.29137237229939
    vertex 855.8598458574104 1268.0012866384832 58.35270595203246
    vertex 855.3939715762258 1268.0012866393974 58.29137243935283
  endloop
endfacet
facet normal -0.13052619222003806 -1.477328532595078e-08 0.991444861373812
  outer loop
    vertex 855.8598458574104 1268.0012866384832 58.35270595203246
    vertex 855.3939715762258 1263.5012866393972 58.29137237229939
    vertex 855.8598458574104 1263.5012866384832 58.352705884979024
  endloop
endfacet
facet normal -0.38268343236511 -1.3766510993481919e-08 0.9238795325112784
  outer loop
    vertex 855.8598458574104 1263.5012866384832 58.352705884979024
    vertex 856.2939715762258 1268.0012866358038 58.53252671254083
    vertex 855.8598458574104 1268.0012866384832 58.35270595203246
  endloop
endfacet
facet normal -0.38268343236511 -1.3766510993481919e-08 0.9238795325112784
  outer loop
    vertex 856.2939715762258 1268.0012866358038 58.53252671254083
    vertex 855.8598458574104 1263.5012866384832 58.352705884979024
    vertex 856.2939715762258 1263.5012866358038 58.532526645487394
  endloop
endfacet
facet normal -0.6087614290087642 -1.1821571687042119e-08 0.7933533402912017
  outer loop
    vertex 856.2939715762258 1263.5012866358038 58.532526645487394
    vertex 856.6667637823616 1268.0012866315415 58.81858023321702
    vertex 856.2939715762258 1268.0012866358038 58.53252671254083
  endloop
endfacet
facet normal -0.6087614290087642 -1.1821571687042119e-08 0.7933533402912017
  outer loop
    vertex 856.6667637823616 1268.0012866315415 58.81858023321702
    vertex 856.2939715762258 1263.5012866358038 58.532526645487394
    vertex 856.6667637823616 1263.5012866315415 58.818580166163585
  endloop
endfacet
facet normal -0.7933533402912482 -9.071011806201894e-09 0.6087614290087038
  outer loop
    vertex 856.6667637823616 1268.0012866315415 58.81858023321702
    vertex 856.9528173030378 1263.5012866259863 59.19137237229937
    vertex 856.9528173030378 1268.0012866259865 59.191372439352804
  endloop
endfacet
facet normal -0.7933533402912482 -9.071011806201894e-09 0.6087614290087038
  outer loop
    vertex 856.9528173030378 1263.5012866259863 59.19137237229937
    vertex 856.6667637823616 1268.0012866315415 58.81858023321702
    vertex 856.6667637823616 1263.5012866315415 58.818580166163585
  endloop
endfacet
facet normal -0.9238795325112585 -5.702277461325801e-09 0.382683432365158
  outer loop
    vertex 856.9528173030378 1268.0012866259865 59.191372439352804
    vertex 857.1326380635461 1263.5012866195177 59.62549809111488
    vertex 857.1326380635461 1268.0012866195177 59.625498158168305
  endloop
endfacet
facet normal -0.9238795325112585 -5.702277461325801e-09 0.382683432365158
  outer loop
    vertex 857.1326380635461 1263.5012866195177 59.62549809111488
    vertex 856.9528173030378 1268.0012866259865 59.191372439352804
    vertex 856.9528173030378 1263.5012866259863 59.19137237229937
  endloop
endfacet
facet normal -0.9914448613738231 -1.944942330915779e-09 0.13052619221995615
  outer loop
    vertex 857.1326380635461 1268.0012866195177 59.625498158168305
    vertex 857.1939715762257 1263.5012866125758 60.09137237229935
    vertex 857.1939715762257 1268.0012866125758 60.09137243935278
  endloop
endfacet
facet normal -0.9914448613738231 -1.944942330915779e-09 0.13052619221995615
  outer loop
    vertex 857.1939715762257 1263.5012866125758 60.09137237229935
    vertex 857.1326380635461 1268.0012866195177 59.625498158168305
    vertex 857.1326380635461 1263.5012866195177 59.62549809111488
  endloop
endfacet
facet normal -0.9914448613738231 1.9449374051717943e-09 -0.13052619221995615
  outer loop
    vertex 857.1939715762257 1268.0012866125758 60.09137243935278
    vertex 857.1326380635461 1263.5012866056338 60.55724665348391
    vertex 857.1326380635461 1268.001286605634 60.55724672053734
  endloop
endfacet
facet normal -0.9914448613738231 1.9449374051717943e-09 -0.13052619221995615
  outer loop
    vertex 857.1326380635461 1263.5012866056338 60.55724665348391
    vertex 857.1939715762257 1268.0012866125758 60.09137243935278
    vertex 857.1939715762257 1263.5012866125758 60.09137237229935
  endloop
endfacet
facet normal -0.9238795325112726 5.702272871262623e-09 -0.38268343236512403
  outer loop
    vertex 857.1326380635461 1268.001286605634 60.55724672053734
    vertex 856.9528173030378 1263.501286599165 60.99137237229941
    vertex 856.9528173030378 1268.0012865991648 60.991372439352844
  endloop
endfacet
facet normal -0.9238795325112726 5.702272871262623e-09 -0.38268343236512403
  outer loop
    vertex 856.9528173030378 1263.501286599165 60.99137237229941
    vertex 857.1326380635461 1268.001286605634 60.55724672053734
    vertex 857.1326380635461 1263.5012866056338 60.55724665348391
  endloop
endfacet
facet normal -0.7933533402912125 9.071007864626408e-09 -0.6087614290087501
  outer loop
    vertex 856.9528173030378 1268.0012865991648 60.991372439352844
    vertex 856.6667637823616 1263.50128659361 61.36416457843511
    vertex 856.6667637823616 1268.00128659361 61.36416464548854
  endloop
endfacet
facet normal -0.7933533402912125 9.071007864626408e-09 -0.6087614290087501
  outer loop
    vertex 856.6667637823616 1263.50128659361 61.36416457843511
    vertex 856.9528173030378 1268.0012865991648 60.991372439352844
    vertex 856.9528173030378 1263.501286599165 60.99137237229941
  endloop
endfacet
facet normal -0.6087614290087642 1.1821568662564345e-08 -0.7933533402912017
  outer loop
    vertex 856.6667637823616 1263.50128659361 61.36416457843511
    vertex 856.2939715762258 1268.0012865893477 61.65021816616483
    vertex 856.6667637823616 1268.00128659361 61.36416464548854
  endloop
endfacet
facet normal -0.6087614290087642 1.1821568662564345e-08 -0.7933533402912017
  outer loop
    vertex 856.2939715762258 1268.0012865893477 61.65021816616483
    vertex 856.6667637823616 1263.50128659361 61.36416457843511
    vertex 856.2939715762258 1263.5012865893477 61.65021809911139
  endloop
endfacet
facet normal -0.7933533402911584 9.071007305242548e-09 -0.6087614290088206
  outer loop
    vertex 825.9528173030377 1268.001286599165 60.99137193274672
    vertex 825.6667637823614 1263.5012865936103 61.36416407182907
    vertex 825.6667637823614 1268.0012865936103 61.36416413888251
  endloop
endfacet
facet normal -0.7933533402911584 9.071007305242548e-09 -0.6087614290088206
  outer loop
    vertex 825.6667637823614 1263.5012865936103 61.36416407182907
    vertex 825.9528173030377 1268.001286599165 60.99137193274672
    vertex 825.7439715762223 1263.5012865951096 61.263544915888545
  endloop
endfacet
facet normal -0.7933533402911584 9.071007305242548e-09 -0.6087614290088206
  outer loop
    vertex 825.7439715762223 1263.5012865951096 61.263544915888545
    vertex 825.9528173030377 1268.001286599165 60.99137193274672
    vertex 825.9528173030377 1263.501286599165 60.99137186569329
  endloop
endfacet
facet normal -0.6087614290087642 1.1821568662564345e-08 -0.7933533402912017
  outer loop
    vertex 825.6667637823614 1263.5012865936103 61.36416407182907
    vertex 825.2939715762257 1268.0012865893477 61.65021765955879
    vertex 825.6667637823614 1268.0012865936103 61.36416413888251
  endloop
endfacet
facet normal -0.6087614290087642 1.1821568662564345e-08 -0.7933533402912017
  outer loop
    vertex 825.2939715762257 1268.0012865893477 61.65021765955879
    vertex 825.6667637823614 1263.5012865936103 61.36416407182907
    vertex 825.2939715762257 1263.5012865893477 61.650217592505356
  endloop
endfacet
facet normal -0.38268343236511 1.3766509092215708e-08 -0.9238795325112784
  outer loop
    vertex 825.2939715762257 1268.0012865893477 61.65021765955879
    vertex 824.8598458574102 1263.5012865866684 61.830038353013634
    vertex 824.8598458574102 1268.0012865866684 61.83003842006707
  endloop
endfacet
facet normal -0.38268343236511 1.3766509092215708e-08 -0.9238795325112784
  outer loop
    vertex 824.8598458574102 1263.5012865866684 61.830038353013634
    vertex 825.2939715762257 1268.0012865893477 61.65021765955879
    vertex 825.2939715762257 1263.5012865893477 61.650217592505356
  endloop
endfacet
facet normal -0.13052619222003806 1.477328467746428e-08 -0.991444861373812
  outer loop
    vertex 824.8598458574102 1263.5012865866684 61.830038353013634
    vertex 824.3939715762257 1268.0012865857543 61.8913719327467
    vertex 824.8598458574102 1268.0012865866684 61.83003842006707
  endloop
endfacet
facet normal -0.13052619222003806 1.477328467746428e-08 -0.991444861373812
  outer loop
    vertex 824.3939715762257 1268.0012865857543 61.8913719327467
    vertex 824.8598458574102 1263.5012865866684 61.830038353013634
    vertex 824.3939715762257 1263.5012865857543 61.891371865693266
  endloop
endfacet
facet normal 0.13052619222003806 1.477328532595078e-08 -0.991444861373812
  outer loop
    vertex 824.3939715762257 1263.5012865857543 61.891371865693266
    vertex 823.9280972950411 1268.0012865866684 61.83003842006707
    vertex 824.3939715762257 1268.0012865857543 61.8913719327467
  endloop
endfacet
facet normal 0.13052619222003806 1.477328532595078e-08 -0.991444861373812
  outer loop
    vertex 823.9280972950411 1268.0012865866684 61.83003842006707
    vertex 824.3939715762257 1263.5012865857543 61.891371865693266
    vertex 823.9280972950411 1263.5012865866681 61.830038353013634
  endloop
endfacet
facet normal 0.38268343236511 1.3766510993481919e-08 -0.9238795325112784
  outer loop
    vertex 823.9280972950411 1263.5012865866681 61.830038353013634
    vertex 823.4939715762257 1268.0012865893477 61.650217659559154
    vertex 823.9280972950411 1268.0012865866684 61.83003842006707
  endloop
endfacet
facet normal 0.38268343236511 1.3766510993481919e-08 -0.9238795325112784
  outer loop
    vertex 823.4939715762257 1268.0012865893477 61.650217659559154
    vertex 823.9280972950411 1263.5012865866681 61.830038353013634
    vertex 823.4939715762257 1263.5012865893477 61.65021759250572
  endloop
endfacet
facet normal 0.6087614290087642 1.1821571687042119e-08 -0.7933533402912017
  outer loop
    vertex 823.4939715762257 1263.5012865893477 61.65021759250572
    vertex 823.1211793700899 1268.00128659361 61.36416413888287
    vertex 823.4939715762257 1268.0012865893477 61.650217659559154
  endloop
endfacet
facet normal 0.6087614290087642 1.1821571687042119e-08 -0.7933533402912017
  outer loop
    vertex 823.1211793700899 1268.00128659361 61.36416413888287
    vertex 823.4939715762257 1263.5012865893477 61.65021759250572
    vertex 823.1211793700899 1263.50128659361 61.364164071829435
  endloop
endfacet
facet normal 0.7933533402912482 9.071011806201894e-09 -0.6087614290087038
  outer loop
    vertex 822.8351258494138 1263.501286599165 60.99137186569365
    vertex 823.1211793700899 1268.00128659361 61.36416413888287
    vertex 823.1211793700899 1263.50128659361 61.364164071829435
  endloop
endfacet
facet normal 0.7933533402912482 9.071011806201894e-09 -0.6087614290087038
  outer loop
    vertex 823.1211793700899 1268.00128659361 61.36416413888287
    vertex 822.8351258494138 1263.501286599165 60.99137186569365
    vertex 822.8351258494138 1268.001286599165 60.991371932747086
  endloop
endfacet
facet normal 0.9238795325112585 5.702277461325801e-09 -0.382683432365158
  outer loop
    vertex 822.6553050889053 1263.5012866056336 60.557246146878235
    vertex 822.8351258494138 1268.001286599165 60.991371932747086
    vertex 822.8351258494138 1263.501286599165 60.99137186569365
  endloop
endfacet
facet normal 0.9238795325112585 5.702277461325801e-09 -0.382683432365158
  outer loop
    vertex 822.8351258494138 1268.001286599165 60.991371932747086
    vertex 822.6553050889053 1263.5012866056336 60.557246146878235
    vertex 822.6553050889053 1268.0012866056338 60.55724621393167
  endloop
endfacet
facet normal 0.9914448613738231 1.944942330915779e-09 -0.13052619221995615
  outer loop
    vertex 822.5939715762257 1263.5012866125755 60.091371865693674
    vertex 822.6553050889053 1268.0012866056338 60.55724621393167
    vertex 822.6553050889053 1263.5012866056336 60.557246146878235
  endloop
endfacet
facet normal 0.9914448613738231 1.944942330915779e-09 -0.13052619221995615
  outer loop
    vertex 822.6553050889053 1268.0012866056338 60.55724621393167
    vertex 822.5939715762257 1263.5012866125755 60.091371865693674
    vertex 822.5939715762257 1268.0012866125758 60.09137193274711
  endloop
endfacet
facet normal 0.9914448613738231 -1.9449374051717943e-09 0.13052619221995615
  outer loop
    vertex 822.6553050889053 1263.5012866195175 59.62549758450911
    vertex 822.5939715762257 1268.0012866125758 60.09137193274711
    vertex 822.5939715762257 1263.5012866125755 60.091371865693674
  endloop
endfacet
facet normal 0.9914448613738231 -1.9449374051717943e-09 0.13052619221995615
  outer loop
    vertex 822.5939715762257 1268.0012866125758 60.09137193274711
    vertex 822.6553050889053 1263.5012866195175 59.62549758450911
    vertex 822.6553050889053 1268.0012866195175 59.62549765156255
  endloop
endfacet
facet normal 0.9238795325112726 -5.702272871262623e-09 0.38268343236512403
  outer loop
    vertex 822.8351258494138 1263.5012866259865 59.1913718656937
    vertex 822.6553050889053 1268.0012866195175 59.62549765156255
    vertex 822.6553050889053 1263.5012866195175 59.62549758450911
  endloop
endfacet
facet normal 0.9238795325112726 -5.702272871262623e-09 0.38268343236512403
  outer loop
    vertex 822.6553050889053 1268.0012866195175 59.62549765156255
    vertex 822.8351258494138 1263.5012866259865 59.1913718656937
    vertex 822.8351258494138 1268.0012866259865 59.19137193274713
  endloop
endfacet
facet normal 0.7933533402912125 -9.071007864626408e-09 0.6087614290087501
  outer loop
    vertex 823.1211793700899 1263.5012866315412 58.81857965955791
    vertex 822.8351258494138 1268.0012866259865 59.19137193274713
    vertex 822.8351258494138 1263.5012866259865 59.1913718656937
  endloop
endfacet
facet normal 0.7933533402912125 -9.071007864626408e-09 0.6087614290087501
  outer loop
    vertex 822.8351258494138 1268.0012866259865 59.19137193274713
    vertex 823.1211793700899 1263.5012866315412 58.81857965955791
    vertex 823.1211793700899 1268.0012866315415 58.81857972661135
  endloop
endfacet
facet normal 0.6087614290087642 -1.1821568662564345e-08 0.7933533402912017
  outer loop
    vertex 823.1211793700899 1263.5012866315412 58.81857965955791
    vertex 823.4939715762257 1268.0012866358038 58.53252620593506
    vertex 823.1211793700899 1268.0012866315415 58.81857972661135
  endloop
endfacet
facet normal 0.6087614290087642 -1.1821568662564345e-08 0.7933533402912017
  outer loop
    vertex 823.4939715762257 1268.0012866358038 58.53252620593506
    vertex 823.1211793700899 1263.5012866315412 58.81857965955791
    vertex 823.4939715762257 1263.5012866358036 58.53252613888163
  endloop
endfacet
facet normal 0.38268343236511 -1.3766509092215708e-08 0.9238795325112784
  outer loop
    vertex 823.4939715762257 1263.5012866358036 58.53252613888163
    vertex 823.9280972950411 1268.0012866384832 58.35270544542642
    vertex 823.4939715762257 1268.0012866358038 58.53252620593506
  endloop
endfacet
facet normal 0.38268343236511 -1.3766509092215708e-08 0.9238795325112784
  outer loop
    vertex 823.9280972950411 1268.0012866384832 58.35270544542642
    vertex 823.4939715762257 1263.5012866358036 58.53252613888163
    vertex 823.9280972950411 1263.5012866384832 58.35270537837299
  endloop
endfacet
facet normal 0.13052619222003806 -1.477328467746428e-08 0.991444861373812
  outer loop
    vertex 823.9280972950411 1263.5012866384832 58.35270537837299
    vertex 824.3939715762257 1268.001286639397 58.2913719327468
    vertex 823.9280972950411 1268.0012866384832 58.35270544542642
  endloop
endfacet
facet normal 0.13052619222003806 -1.477328467746428e-08 0.991444861373812
  outer loop
    vertex 824.3939715762257 1268.001286639397 58.2913719327468
    vertex 823.9280972950411 1263.5012866384832 58.35270537837299
    vertex 824.3939715762257 1263.5012866393972 58.291371865693364
  endloop
endfacet
facet normal -0.13052619222003806 -1.477328532595078e-08 0.991444861373812
  outer loop
    vertex 824.3939715762257 1268.001286639397 58.2913719327468
    vertex 824.8598458574102 1263.5012866384834 58.35270537837299
    vertex 824.8598458574102 1268.0012866384834 58.35270544542642
  endloop
endfacet
facet normal -0.13052619222003806 -1.477328532595078e-08 0.991444861373812
  outer loop
    vertex 824.8598458574102 1263.5012866384834 58.35270537837299
    vertex 824.3939715762257 1268.001286639397 58.2913719327468
    vertex 824.3939715762257 1263.5012866393972 58.291371865693364
  endloop
endfacet
facet normal -0.38268343236511 -1.3766510993481919e-08 0.9238795325112784
  outer loop
    vertex 824.8598458574102 1263.5012866384834 58.35270537837299
    vertex 825.2939715762257 1268.0012866358038 58.53252620593471
    vertex 824.8598458574102 1268.0012866384834 58.35270544542642
  endloop
endfacet
facet normal -0.38268343236511 -1.3766510993481919e-08 0.9238795325112784
  outer loop
    vertex 825.2939715762257 1268.0012866358038 58.53252620593471
    vertex 824.8598458574102 1263.5012866384834 58.35270537837299
    vertex 825.2939715762257 1263.5012866358036 58.53252613888127
  endloop
endfacet
facet normal -0.6087614290087642 -1.1821571687042119e-08 0.7933533402912017
  outer loop
    vertex 825.2939715762257 1268.0012866358038 58.53252620593471
    vertex 825.6667637823614 1263.5012866315415 58.81857965955755
    vertex 825.6667637823614 1268.0012866315415 58.818579726610984
  endloop
endfacet
facet normal -0.6087614290087642 -1.1821571687042119e-08 0.7933533402912017
  outer loop
    vertex 825.6667637823614 1263.5012866315415 58.81857965955755
    vertex 825.2939715762257 1268.0012866358038 58.53252620593471
    vertex 825.2939715762257 1263.5012866358036 58.53252613888127
  endloop
endfacet
facet normal -0.7933533402911489 -9.071009986796587e-09 0.6087614290088331
  outer loop
    vertex 825.6667637823614 1268.0012866315415 58.818579726610984
    vertex 825.9528173030377 1263.5012866259865 59.19137186569334
    vertex 825.9528173030377 1268.0012866259865 59.191371932746776
  endloop
endfacet
facet normal -0.7933533402911489 -9.071009986796587e-09 0.6087614290088331
  outer loop
    vertex 825.9528173030377 1263.5012866259865 59.19137186569334
    vertex 825.6667637823614 1268.0012866315415 58.818579726610984
    vertex 825.7439715762221 1263.5012866300415 58.9191988154979
  endloop
endfacet
facet normal -0.7933533402911489 -9.071009986796587e-09 0.6087614290088331
  outer loop
    vertex 825.7439715762221 1263.5012866300415 58.9191988154979
    vertex 825.6667637823614 1268.0012866315415 58.818579726610984
    vertex 825.6667637823614 1263.5012866315415 58.81857965955755
  endloop
endfacet
facet normal -0.9238795325112585 -5.702277461325801e-09 0.382683432365158
  outer loop
    vertex 825.9528173030377 1268.0012866259865 59.191371932746776
    vertex 826.132638063546 1263.5012866195175 59.62549758450875
    vertex 826.132638063546 1268.0012866195175 59.625497651562185
  endloop
endfacet
facet normal -0.9238795325112585 -5.702277461325801e-09 0.382683432365158
  outer loop
    vertex 826.132638063546 1263.5012866195175 59.62549758450875
    vertex 825.9528173030377 1268.0012866259865 59.191371932746776
    vertex 825.9528173030377 1263.5012866259865 59.19137186569334
  endloop
endfacet
facet normal -0.9914448613738231 -1.944942330915779e-09 0.13052619221995615
  outer loop
    vertex 826.132638063546 1268.0012866195175 59.625497651562185
    vertex 826.1939715762256 1263.5012866125755 60.09137186569331
    vertex 826.1939715762256 1268.0012866125755 60.091371932746746
  endloop
endfacet
facet normal -0.9914448613738231 -1.944942330915779e-09 0.13052619221995615
  outer loop
    vertex 826.1939715762256 1263.5012866125755 60.09137186569331
    vertex 826.132638063546 1268.0012866195175 59.625497651562185
    vertex 826.132638063546 1263.5012866195175 59.62549758450875
  endloop
endfacet
facet normal -0.9914448613738231 1.9449374051717943e-09 -0.13052619221995615
  outer loop
    vertex 826.1939715762256 1268.0012866125755 60.091371932746746
    vertex 826.132638063546 1263.5012866056336 60.55724614687787
    vertex 826.132638063546 1268.0012866056338 60.55724621393131
  endloop
endfacet
facet normal -0.9914448613738231 1.9449374051717943e-09 -0.13052619221995615
  outer loop
    vertex 826.132638063546 1263.5012866056336 60.55724614687787
    vertex 826.1939715762256 1268.0012866125755 60.091371932746746
    vertex 826.1939715762256 1263.5012866125755 60.09137186569331
  endloop
endfacet
facet normal -0.9238795325112726 5.702272871262623e-09 -0.38268343236512403
  outer loop
    vertex 826.132638063546 1268.0012866056338 60.55724621393131
    vertex 825.9528173030377 1263.501286599165 60.99137186569329
    vertex 825.9528173030377 1268.001286599165 60.99137193274672
  endloop
endfacet
facet normal -0.9238795325112726 5.702272871262623e-09 -0.38268343236512403
  outer loop
    vertex 825.9528173030377 1263.501286599165 60.99137186569329
    vertex 826.132638063546 1268.0012866056338 60.55724621393131
    vertex 826.132638063546 1263.5012866056336 60.55724614687787
  endloop
endfacet
facet normal 0.13052619222003806 -1.477328467746428e-08 0.991444861373812
  outer loop
    vertex 823.928097295043 1263.5012871004067 27.35270537837282
    vertex 824.3939715762276 1268.0012871013207 27.291371932746628
    vertex 823.928097295043 1268.0012871004067 27.352705445426256
  endloop
endfacet
facet normal 0.13052619222003806 -1.477328467746428e-08 0.991444861373812
  outer loop
    vertex 824.3939715762276 1268.0012871013207 27.291371932746628
    vertex 823.928097295043 1263.5012871004067 27.35270537837282
    vertex 824.3939715762276 1263.5012871013207 27.291371865693193
  endloop
endfacet
facet normal -0.13052619222003806 -1.477328532595078e-08 0.991444861373812
  outer loop
    vertex 824.3939715762276 1268.0012871013207 27.291371932746628
    vertex 824.8598458574122 1263.501287100407 27.35270537837282
    vertex 824.8598458574122 1268.001287100407 27.352705445426256
  endloop
endfacet
facet normal -0.13052619222003806 -1.477328532595078e-08 0.991444861373812
  outer loop
    vertex 824.8598458574122 1263.501287100407 27.35270537837282
    vertex 824.3939715762276 1268.0012871013207 27.291371932746628
    vertex 824.3939715762276 1263.5012871013207 27.291371865693193
  endloop
endfacet
facet normal -0.38268343236511 -1.3766510993481919e-08 0.9238795325112784
  outer loop
    vertex 824.8598458574122 1263.501287100407 27.35270537837282
    vertex 825.2939715762276 1268.0012870977273 27.532526205934538
    vertex 824.8598458574122 1268.001287100407 27.352705445426256
  endloop
endfacet
facet normal -0.38268343236511 -1.3766510993481919e-08 0.9238795325112784
  outer loop
    vertex 825.2939715762276 1268.0012870977273 27.532526205934538
    vertex 824.8598458574122 1263.501287100407 27.35270537837282
    vertex 825.2939715762276 1263.5012870977273 27.532526138881103
  endloop
endfacet
facet normal -0.6087614290087642 -1.1821571687042119e-08 0.7933533402912017
  outer loop
    vertex 825.2939715762276 1268.0012870977273 27.532526205934538
    vertex 825.6667637823634 1263.5012870934652 27.818579659557383
    vertex 825.6667637823634 1268.0012870934652 27.818579726610817
  endloop
endfacet
facet normal -0.6087614290087642 -1.1821571687042119e-08 0.7933533402912017
  outer loop
    vertex 825.6667637823634 1263.5012870934652 27.818579659557383
    vertex 825.2939715762276 1268.0012870977273 27.532526205934538
    vertex 825.2939715762276 1263.5012870977273 27.532526138881103
  endloop
endfacet
facet normal -0.793353340291335 -9.071010240547464e-09 0.6087614290085903
  outer loop
    vertex 825.6667637823634 1268.0012870934652 27.818579726610817
    vertex 825.9528173030395 1263.50128708791 28.19137186569317
    vertex 825.9528173030395 1268.0012870879102 28.191371932746605
  endloop
endfacet
facet normal -0.793353340291335 -9.071010240547464e-09 0.6087614290085903
  outer loop
    vertex 825.9528173030395 1263.50128708791 28.19137186569317
    vertex 825.6667637823634 1268.0012870934652 27.818579726610817
    vertex 825.743971576223 1263.5012870919657 27.91919881549638
  endloop
endfacet
facet normal -0.793353340291335 -9.071010240547464e-09 0.6087614290085903
  outer loop
    vertex 825.743971576223 1263.5012870919657 27.91919881549638
    vertex 825.6667637823634 1268.0012870934652 27.818579726610817
    vertex 825.6667637823634 1263.5012870934652 27.818579659557383
  endloop
endfacet
facet normal -0.9238795325112585 -5.702277461325801e-09 0.382683432365158
  outer loop
    vertex 825.9528173030395 1268.0012870879102 28.191371932746605
    vertex 826.1326380635479 1263.5012870814412 28.625497584508583
    vertex 826.1326380635479 1268.0012870814412 28.625497651562018
  endloop
endfacet
facet normal -0.9238795325112585 -5.702277461325801e-09 0.382683432365158
  outer loop
    vertex 826.1326380635479 1263.5012870814412 28.625497584508583
    vertex 825.9528173030395 1268.0012870879102 28.191371932746605
    vertex 825.9528173030395 1263.50128708791 28.19137186569317
  endloop
endfacet
facet normal -0.9914448613738231 -1.944942330915779e-09 0.13052619221995615
  outer loop
    vertex 826.1326380635479 1268.0012870814412 28.625497651562018
    vertex 826.1939715762276 1263.5012870744993 29.091371865693144
    vertex 826.1939715762276 1268.0012870744993 29.09137193274658
  endloop
endfacet
facet normal -0.9914448613738231 -1.944942330915779e-09 0.13052619221995615
  outer loop
    vertex 826.1939715762276 1263.5012870744993 29.091371865693144
    vertex 826.1326380635479 1268.0012870814412 28.625497651562018
    vertex 826.1326380635479 1263.5012870814412 28.625497584508583
  endloop
endfacet
facet normal -0.9914448613738231 1.9449374051717943e-09 -0.13052619221995615
  outer loop
    vertex 826.1939715762276 1268.0012870744993 29.09137193274658
    vertex 826.1326380635479 1263.5012870675573 29.557246146877706
    vertex 826.1326380635479 1268.0012870675575 29.55724621393114
  endloop
endfacet
facet normal -0.9914448613738231 1.9449374051717943e-09 -0.13052619221995615
  outer loop
    vertex 826.1326380635479 1263.5012870675573 29.557246146877706
    vertex 826.1939715762276 1268.0012870744993 29.09137193274658
    vertex 826.1939715762276 1263.5012870744993 29.091371865693144
  endloop
endfacet
facet normal -0.9238795325112726 5.702272871262623e-09 -0.38268343236512403
  outer loop
    vertex 826.1326380635479 1268.0012870675575 29.55724621393114
    vertex 825.9528173030395 1263.5012870610888 29.99137186569312
    vertex 825.9528173030395 1268.0012870610888 29.991371932746556
  endloop
endfacet
facet normal -0.9238795325112726 5.702272871262623e-09 -0.38268343236512403
  outer loop
    vertex 825.9528173030395 1263.5012870610888 29.99137186569312
    vertex 826.1326380635479 1268.0012870675575 29.55724621393114
    vertex 826.1326380635479 1263.5012870675573 29.557246146877706
  endloop
endfacet
facet normal -0.7933533402913276 9.071013362221573e-09 -0.6087614290086001
  outer loop
    vertex 825.9528173030395 1268.0012870610888 29.991371932746556
    vertex 825.6667637823634 1263.501287055534 30.364164071828906
    vertex 825.6667637823634 1268.001287055534 30.36416413888234
  endloop
endfacet
facet normal -0.7933533402913276 9.071013362221573e-09 -0.6087614290086001
  outer loop
    vertex 825.6667637823634 1263.501287055534 30.364164071828906
    vertex 825.9528173030395 1268.0012870610888 29.991371932746556
    vertex 825.743971576223 1263.501287057033 30.26354491588982
  endloop
endfacet
facet normal -0.7933533402913276 9.071013362221573e-09 -0.6087614290086001
  outer loop
    vertex 825.743971576223 1263.501287057033 30.26354491588982
    vertex 825.9528173030395 1268.0012870610888 29.991371932746556
    vertex 825.9528173030395 1263.5012870610888 29.99137186569312
  endloop
endfacet
facet normal -0.6087614290087642 1.1821568662564345e-08 -0.7933533402912017
  outer loop
    vertex 825.6667637823634 1263.501287055534 30.364164071828906
    vertex 825.2939715762276 1268.0012870512712 30.650217659558624
    vertex 825.6667637823634 1268.001287055534 30.36416413888234
  endloop
endfacet
facet normal -0.6087614290087642 1.1821568662564345e-08 -0.7933533402912017
  outer loop
    vertex 825.2939715762276 1268.0012870512712 30.650217659558624
    vertex 825.6667637823634 1263.501287055534 30.364164071828906
    vertex 825.2939715762276 1263.5012870512712 30.65021759250519
  endloop
endfacet
facet normal -0.38268343236511 1.3766509092215708e-08 -0.9238795325112784
  outer loop
    vertex 825.2939715762276 1268.0012870512712 30.650217659558624
    vertex 824.8598458574122 1263.501287048592 30.830038353013467
    vertex 824.8598458574122 1268.001287048592 30.830038420066902
  endloop
endfacet
facet normal -0.38268343236511 1.3766509092215708e-08 -0.9238795325112784
  outer loop
    vertex 824.8598458574122 1263.501287048592 30.830038353013467
    vertex 825.2939715762276 1268.0012870512712 30.650217659558624
    vertex 825.2939715762276 1263.5012870512712 30.65021759250519
  endloop
endfacet
facet normal -0.13052619222003806 1.477328467746428e-08 -0.991444861373812
  outer loop
    vertex 824.8598458574122 1263.501287048592 30.830038353013467
    vertex 824.3939715762276 1268.001287047678 30.89137193274653
    vertex 824.8598458574122 1268.001287048592 30.830038420066902
  endloop
endfacet
facet normal -0.13052619222003806 1.477328467746428e-08 -0.991444861373812
  outer loop
    vertex 824.3939715762276 1268.001287047678 30.89137193274653
    vertex 824.8598458574122 1263.501287048592 30.830038353013467
    vertex 824.3939715762276 1263.501287047678 30.8913718656931
  endloop
endfacet
facet normal 0.13052619222003806 1.477328532595078e-08 -0.991444861373812
  outer loop
    vertex 824.3939715762276 1263.501287047678 30.8913718656931
    vertex 823.928097295043 1268.0012870485918 30.830038420066902
    vertex 824.3939715762276 1268.001287047678 30.89137193274653
  endloop
endfacet
facet normal 0.13052619222003806 1.477328532595078e-08 -0.991444861373812
  outer loop
    vertex 823.928097295043 1268.0012870485918 30.830038420066902
    vertex 824.3939715762276 1263.501287047678 30.8913718656931
    vertex 823.928097295043 1263.5012870485918 30.830038353013467
  endloop
endfacet
facet normal 0.38268343236511 1.3766510993481919e-08 -0.9238795325112784
  outer loop
    vertex 823.928097295043 1263.5012870485918 30.830038353013467
    vertex 823.4939715762276 1268.0012870512712 30.650217659559075
    vertex 823.928097295043 1268.0012870485918 30.830038420066902
  endloop
endfacet
facet normal 0.38268343236511 1.3766510993481919e-08 -0.9238795325112784
  outer loop
    vertex 823.4939715762276 1268.0012870512712 30.650217659559075
    vertex 823.928097295043 1263.5012870485918 30.830038353013467
    vertex 823.4939715762276 1263.5012870512712 30.65021759250564
  endloop
endfacet
facet normal 0.6087614290087642 1.1821571687042119e-08 -0.7933533402912017
  outer loop
    vertex 823.4939715762276 1263.5012870512712 30.65021759250564
    vertex 823.1211793700919 1268.0012870555338 30.364164138882792
    vertex 823.4939715762276 1268.0012870512712 30.650217659559075
  endloop
endfacet
facet normal 0.6087614290087642 1.1821571687042119e-08 -0.7933533402912017
  outer loop
    vertex 823.1211793700919 1268.0012870555338 30.364164138882792
    vertex 823.4939715762276 1263.5012870512712 30.65021759250564
    vertex 823.1211793700919 1263.5012870555338 30.364164071829357
  endloop
endfacet
facet normal 0.7933533402912482 9.071011806201894e-09 -0.6087614290087038
  outer loop
    vertex 822.8351258494158 1263.5012870610888 29.991371865693573
    vertex 823.1211793700919 1268.0012870555338 30.364164138882792
    vertex 823.1211793700919 1263.5012870555338 30.364164071829357
  endloop
endfacet
facet normal 0.7933533402912482 9.071011806201894e-09 -0.6087614290087038
  outer loop
    vertex 823.1211793700919 1268.0012870555338 30.364164138882792
    vertex 822.8351258494158 1263.5012870610888 29.991371865693573
    vertex 822.8351258494158 1268.0012870610888 29.991371932747008
  endloop
endfacet
facet normal 0.9238795325112585 5.702277461325801e-09 -0.382683432365158
  outer loop
    vertex 822.6553050889073 1263.5012870675573 29.557246146878157
    vertex 822.8351258494158 1268.0012870610888 29.991371932747008
    vertex 822.8351258494158 1263.5012870610888 29.991371865693573
  endloop
endfacet
facet normal 0.9238795325112585 5.702277461325801e-09 -0.382683432365158
  outer loop
    vertex 822.8351258494158 1268.0012870610888 29.991371932747008
    vertex 822.6553050889073 1263.5012870675573 29.557246146878157
    vertex 822.6553050889073 1268.0012870675575 29.55724621393159
  endloop
endfacet
facet normal 0.9914448613738231 1.944942330915779e-09 -0.13052619221995615
  outer loop
    vertex 822.5939715762277 1263.5012870744993 29.091371865693596
    vertex 822.6553050889073 1268.0012870675575 29.55724621393159
    vertex 822.6553050889073 1263.5012870675573 29.557246146878157
  endloop
endfacet
facet normal 0.9914448613738231 1.944942330915779e-09 -0.13052619221995615
  outer loop
    vertex 822.6553050889073 1268.0012870675575 29.55724621393159
    vertex 822.5939715762277 1263.5012870744993 29.091371865693596
    vertex 822.5939715762277 1268.0012870744993 29.09137193274703
  endloop
endfacet
facet normal 0.9914448613738231 -1.9449374051717943e-09 0.13052619221995615
  outer loop
    vertex 822.6553050889073 1263.5012870814412 28.625497584509034
    vertex 822.5939715762277 1268.0012870744993 29.09137193274703
    vertex 822.5939715762277 1263.5012870744993 29.091371865693596
  endloop
endfacet
facet normal 0.9914448613738231 -1.9449374051717943e-09 0.13052619221995615
  outer loop
    vertex 822.5939715762277 1268.0012870744993 29.09137193274703
    vertex 822.6553050889073 1263.5012870814412 28.625497584509034
    vertex 822.6553050889073 1268.0012870814412 28.62549765156247
  endloop
endfacet
facet normal 0.9238795325112726 -5.702272871262623e-09 0.38268343236512403
  outer loop
    vertex 822.8351258494158 1263.50128708791 28.191371865693622
    vertex 822.6553050889073 1268.0012870814412 28.62549765156247
    vertex 822.6553050889073 1263.5012870814412 28.625497584509034
  endloop
endfacet
facet normal 0.9238795325112726 -5.702272871262623e-09 0.38268343236512403
  outer loop
    vertex 822.6553050889073 1268.0012870814412 28.62549765156247
    vertex 822.8351258494158 1263.50128708791 28.191371865693622
    vertex 822.8351258494158 1268.00128708791 28.191371932747057
  endloop
endfacet
facet normal 0.7933533402912125 -9.071007864626408e-09 0.6087614290087501
  outer loop
    vertex 823.1211793700919 1263.5012870934647 27.818579659557834
    vertex 822.8351258494158 1268.00128708791 28.191371932747057
    vertex 822.8351258494158 1263.50128708791 28.191371865693622
  endloop
endfacet
facet normal 0.7933533402912125 -9.071007864626408e-09 0.6087614290087501
  outer loop
    vertex 822.8351258494158 1268.00128708791 28.191371932747057
    vertex 823.1211793700919 1263.5012870934647 27.818579659557834
    vertex 823.1211793700919 1268.001287093465 27.81857972661127
  endloop
endfacet
facet normal 0.6087614290087642 -1.1821568662564345e-08 0.7933533402912017
  outer loop
    vertex 823.1211793700919 1263.5012870934647 27.818579659557834
    vertex 823.4939715762276 1268.0012870977273 27.53252620593499
    vertex 823.1211793700919 1268.001287093465 27.81857972661127
  endloop
endfacet
facet normal 0.6087614290087642 -1.1821568662564345e-08 0.7933533402912017
  outer loop
    vertex 823.4939715762276 1268.0012870977273 27.53252620593499
    vertex 823.1211793700919 1263.5012870934647 27.818579659557834
    vertex 823.4939715762276 1263.5012870977273 27.532526138881554
  endloop
endfacet
facet normal 0.38268343236511 -1.3766509092215708e-08 0.9238795325112784
  outer loop
    vertex 823.4939715762276 1263.5012870977273 27.532526138881554
    vertex 823.928097295043 1268.0012871004067 27.352705445426256
    vertex 823.4939715762276 1268.0012870977273 27.53252620593499
  endloop
endfacet
facet normal 0.38268343236511 -1.3766509092215708e-08 0.9238795325112784
  outer loop
    vertex 823.928097295043 1268.0012871004067 27.352705445426256
    vertex 823.4939715762276 1263.5012870977273 27.532526138881554
    vertex 823.928097295043 1263.5012871004067 27.35270537837282
  endloop
endfacet
facet normal 0.13052619222003806 -1.477328467746428e-08 0.991444861373812
  outer loop
    vertex 854.9280972950432 1268.001287100407 27.35270544542662
    vertex 855.3939715762278 1263.501287101321 27.291371865693556
    vertex 855.3939715762278 1268.0012871013212 27.29137193274699
  endloop
endfacet
facet normal 0.13052619222003806 -1.477328467746428e-08 0.991444861373812
  outer loop
    vertex 855.3939715762278 1263.501287101321 27.291371865693556
    vertex 854.9280972950432 1268.001287100407 27.35270544542662
    vertex 854.9280972950432 1263.5012871004071 27.352705378373184
  endloop
endfacet
facet normal -0.13052619222003806 -1.477328532595078e-08 0.991444861373812
  outer loop
    vertex 855.3939715762278 1263.501287101321 27.291371865693556
    vertex 855.8598458574123 1268.001287100407 27.35270544542662
    vertex 855.3939715762278 1268.0012871013212 27.29137193274699
  endloop
endfacet
facet normal -0.13052619222003806 -1.477328532595078e-08 0.991444861373812
  outer loop
    vertex 855.8598458574123 1268.001287100407 27.35270544542662
    vertex 855.3939715762278 1263.501287101321 27.291371865693556
    vertex 855.8598458574123 1263.501287100407 27.352705378373184
  endloop
endfacet
facet normal -0.38268343236511 -1.3766510993481919e-08 0.9238795325112784
  outer loop
    vertex 855.8598458574123 1263.501287100407 27.352705378373184
    vertex 856.2939715762278 1268.0012870977273 27.53252620593499
    vertex 855.8598458574123 1268.001287100407 27.35270544542662
  endloop
endfacet
facet normal -0.38268343236511 -1.3766510993481919e-08 0.9238795325112784
  outer loop
    vertex 856.2939715762278 1268.0012870977273 27.53252620593499
    vertex 855.8598458574123 1263.501287100407 27.352705378373184
    vertex 856.2939715762278 1263.5012870977275 27.532526138881554
  endloop
endfacet
facet normal -0.6087614290087642 -1.1821571687042119e-08 0.7933533402912017
  outer loop
    vertex 856.2939715762278 1263.5012870977275 27.532526138881554
    vertex 856.6667637823635 1268.001287093465 27.81857972661118
    vertex 856.2939715762278 1268.0012870977273 27.53252620593499
  endloop
endfacet
facet normal -0.6087614290087642 -1.1821571687042119e-08 0.7933533402912017
  outer loop
    vertex 856.6667637823635 1268.001287093465 27.81857972661118
    vertex 856.2939715762278 1263.5012870977275 27.532526138881554
    vertex 856.6667637823635 1263.5012870934652 27.818579659557745
  endloop
endfacet
facet normal -0.7933533402912482 -9.071011806201894e-09 0.6087614290087038
  outer loop
    vertex 856.6667637823635 1268.001287093465 27.81857972661118
    vertex 856.9528173030396 1263.5012870879098 28.19137186569353
    vertex 856.9528173030396 1268.00128708791 28.191371932746964
  endloop
endfacet
facet normal -0.7933533402912482 -9.071011806201894e-09 0.6087614290087038
  outer loop
    vertex 856.9528173030396 1263.5012870879098 28.19137186569353
    vertex 856.6667637823635 1268.001287093465 27.81857972661118
    vertex 856.6667637823635 1263.5012870934652 27.818579659557745
  endloop
endfacet
facet normal -0.9238795325112585 -5.702277461325801e-09 0.382683432365158
  outer loop
    vertex 856.9528173030396 1268.00128708791 28.191371932746964
    vertex 857.1326380635481 1263.5012870814414 28.625497584509034
    vertex 857.1326380635481 1268.0012870814414 28.62549765156247
  endloop
endfacet
facet normal -0.9238795325112585 -5.702277461325801e-09 0.382683432365158
  outer loop
    vertex 857.1326380635481 1263.5012870814414 28.625497584509034
    vertex 856.9528173030396 1268.00128708791 28.191371932746964
    vertex 856.9528173030396 1263.5012870879098 28.19137186569353
  endloop
endfacet
facet normal -0.9914448613738231 -1.944942330915779e-09 0.13052619221995615
  outer loop
    vertex 857.1326380635481 1268.0012870814414 28.62549765156247
    vertex 857.1939715762278 1263.5012870744995 29.091371865693507
    vertex 857.1939715762278 1268.0012870744995 29.09137193274694
  endloop
endfacet
facet normal -0.9914448613738231 -1.944942330915779e-09 0.13052619221995615
  outer loop
    vertex 857.1939715762278 1263.5012870744995 29.091371865693507
    vertex 857.1326380635481 1268.0012870814414 28.62549765156247
    vertex 857.1326380635481 1263.5012870814414 28.625497584509034
  endloop
endfacet
facet normal -0.9914448613738231 1.9449374051717943e-09 -0.13052619221995615
  outer loop
    vertex 857.1939715762278 1268.0012870744995 29.09137193274694
    vertex 857.1326380635481 1263.5012870675578 29.557246146878068
    vertex 857.1326380635481 1268.0012870675575 29.557246213931503
  endloop
endfacet
facet normal -0.9914448613738231 1.9449374051717943e-09 -0.13052619221995615
  outer loop
    vertex 857.1326380635481 1263.5012870675578 29.557246146878068
    vertex 857.1939715762278 1268.0012870744995 29.09137193274694
    vertex 857.1939715762278 1263.5012870744995 29.091371865693507
  endloop
endfacet
facet normal -0.9238795325112726 5.702272871262623e-09 -0.38268343236512403
  outer loop
    vertex 857.1326380635481 1268.0012870675575 29.557246213931503
    vertex 856.9528173030396 1263.5012870610888 29.991371865693573
    vertex 856.9528173030396 1268.0012870610888 29.991371932747008
  endloop
endfacet
facet normal -0.9238795325112726 5.702272871262623e-09 -0.38268343236512403
  outer loop
    vertex 856.9528173030396 1263.5012870610888 29.991371865693573
    vertex 857.1326380635481 1268.0012870675575 29.557246213931503
    vertex 857.1326380635481 1263.5012870675578 29.557246146878068
  endloop
endfacet
facet normal -0.7933533402912125 9.071007864626408e-09 -0.6087614290087501
  outer loop
    vertex 856.9528173030396 1268.0012870610888 29.991371932747008
    vertex 856.6667637823635 1263.5012870555338 30.36416407182927
    vertex 856.6667637823635 1268.0012870555338 30.364164138882703
  endloop
endfacet
facet normal -0.7933533402912125 9.071007864626408e-09 -0.6087614290087501
  outer loop
    vertex 856.6667637823635 1263.5012870555338 30.36416407182927
    vertex 856.9528173030396 1268.0012870610888 29.991371932747008
    vertex 856.9528173030396 1263.5012870610888 29.991371865693573
  endloop
endfacet
facet normal -0.6087614290087642 1.1821568662564345e-08 -0.7933533402912017
  outer loop
    vertex 856.6667637823635 1263.5012870555338 30.36416407182927
    vertex 856.2939715762278 1268.0012870512714 30.650217659558983
    vertex 856.6667637823635 1268.0012870555338 30.364164138882703
  endloop
endfacet
facet normal -0.6087614290087642 1.1821568662564345e-08 -0.7933533402912017
  outer loop
    vertex 856.2939715762278 1268.0012870512714 30.650217659558983
    vertex 856.6667637823635 1263.5012870555338 30.36416407182927
    vertex 856.2939715762278 1263.5012870512714 30.650217592505552
  endloop
endfacet
facet normal -0.38268343236511 1.3766509092215708e-08 -0.9238795325112784
  outer loop
    vertex 856.2939715762278 1263.5012870512714 30.650217592505552
    vertex 855.8598458574123 1268.0012870485918 30.830038420067265
    vertex 856.2939715762278 1268.0012870512714 30.650217659558983
  endloop
endfacet
facet normal -0.38268343236511 1.3766509092215708e-08 -0.9238795325112784
  outer loop
    vertex 855.8598458574123 1268.0012870485918 30.830038420067265
    vertex 856.2939715762278 1263.5012870512714 30.650217592505552
    vertex 855.8598458574123 1263.501287048592 30.83003835301383
  endloop
endfacet
facet normal -0.13052619222003806 1.477328467746428e-08 -0.991444861373812
  outer loop
    vertex 855.8598458574123 1268.0012870485918 30.830038420067265
    vertex 855.3939715762278 1263.501287047678 30.89137186569355
    vertex 855.3939715762278 1268.0012870476783 30.89137193274698
  endloop
endfacet
facet normal -0.13052619222003806 1.477328467746428e-08 -0.991444861373812
  outer loop
    vertex 855.3939715762278 1263.501287047678 30.89137186569355
    vertex 855.8598458574123 1268.0012870485918 30.830038420067265
    vertex 855.8598458574123 1263.501287048592 30.83003835301383
  endloop
endfacet
facet normal 0.13052619222003806 1.477328532595078e-08 -0.991444861373812
  outer loop
    vertex 855.3939715762278 1263.501287047678 30.89137186569355
    vertex 854.9280972950432 1268.0012870485918 30.830038420067265
    vertex 855.3939715762278 1268.0012870476783 30.89137193274698
  endloop
endfacet
facet normal 0.13052619222003806 1.477328532595078e-08 -0.991444861373812
  outer loop
    vertex 854.9280972950432 1268.0012870485918 30.830038420067265
    vertex 855.3939715762278 1263.501287047678 30.89137186569355
    vertex 854.9280972950432 1263.501287048592 30.83003835301383
  endloop
endfacet
facet normal 0.38268343236511 1.3766510993481919e-08 -0.9238795325112784
  outer loop
    vertex 854.9280972950432 1263.501287048592 30.83003835301383
    vertex 854.4939715762279 1268.0012870512712 30.650217659558983
    vertex 854.9280972950432 1268.0012870485918 30.830038420067265
  endloop
endfacet
facet normal 0.38268343236511 1.3766510993481919e-08 -0.9238795325112784
  outer loop
    vertex 854.4939715762279 1268.0012870512712 30.650217659558983
    vertex 854.9280972950432 1263.501287048592 30.83003835301383
    vertex 854.4939715762279 1263.5012870512714 30.650217592505552
  endloop
endfacet
facet normal 0.6087614290087642 1.1821571687042119e-08 -0.7933533402912017
  outer loop
    vertex 854.4939715762279 1268.0012870512712 30.650217659558983
    vertex 854.121179370092 1263.501287055534 30.36416407182927
    vertex 854.121179370092 1268.0012870555338 30.364164138882703
  endloop
endfacet
facet normal 0.6087614290087642 1.1821571687042119e-08 -0.7933533402912017
  outer loop
    vertex 854.121179370092 1263.501287055534 30.36416407182927
    vertex 854.4939715762279 1268.0012870512712 30.650217659558983
    vertex 854.4939715762279 1263.5012870512714 30.650217592505552
  endloop
endfacet
facet normal 0.7933533402912482 9.071011806201894e-09 -0.6087614290087038
  outer loop
    vertex 853.8351258494157 1263.501287061089 29.991371865693484
    vertex 854.121179370092 1268.0012870555338 30.364164138882703
    vertex 854.121179370092 1263.501287055534 30.36416407182927
  endloop
endfacet
facet normal 0.7933533402912482 9.071011806201894e-09 -0.6087614290087038
  outer loop
    vertex 854.121179370092 1268.0012870555338 30.364164138882703
    vertex 853.8351258494157 1263.501287061089 29.991371865693484
    vertex 853.8351258494157 1268.0012870610888 29.991371932746915
  endloop
endfacet
facet normal 0.9238795325112585 5.702277461325801e-09 -0.382683432365158
  outer loop
    vertex 853.6553050889074 1263.5012870675575 29.557246146878068
    vertex 853.8351258494157 1268.0012870610888 29.991371932746915
    vertex 853.8351258494157 1263.501287061089 29.991371865693484
  endloop
endfacet
facet normal 0.9238795325112585 5.702277461325801e-09 -0.382683432365158
  outer loop
    vertex 853.8351258494157 1268.0012870610888 29.991371932746915
    vertex 853.6553050889074 1263.5012870675575 29.557246146878068
    vertex 853.6553050889074 1268.0012870675575 29.557246213931503
  endloop
endfacet
facet normal 0.9914448613738231 1.944942330915779e-09 -0.13052619221995615
  outer loop
    vertex 853.5939715762279 1263.5012870744995 29.091371865693507
    vertex 853.6553050889074 1268.0012870675575 29.557246213931503
    vertex 853.6553050889074 1263.5012870675575 29.557246146878068
  endloop
endfacet
facet normal 0.9914448613738231 1.944942330915779e-09 -0.13052619221995615
  outer loop
    vertex 853.6553050889074 1268.0012870675575 29.557246213931503
    vertex 853.5939715762279 1263.5012870744995 29.091371865693507
    vertex 853.5939715762279 1268.0012870744993 29.09137193274694
  endloop
endfacet
facet normal 0.9914448613738231 -1.9449374051717943e-09 0.13052619221995615
  outer loop
    vertex 853.6553050889074 1263.5012870814412 28.625497584509034
    vertex 853.5939715762279 1268.0012870744993 29.09137193274694
    vertex 853.5939715762279 1263.5012870744995 29.091371865693507
  endloop
endfacet
facet normal 0.9914448613738231 -1.9449374051717943e-09 0.13052619221995615
  outer loop
    vertex 853.5939715762279 1268.0012870744993 29.09137193274694
    vertex 853.6553050889074 1263.5012870814412 28.625497584509034
    vertex 853.6553050889074 1268.001287081441 28.62549765156247
  endloop
endfacet
facet normal 0.9238795325112726 -5.702272871262623e-09 0.38268343236512403
  outer loop
    vertex 853.8351258494157 1263.50128708791 28.19137186569353
    vertex 853.6553050889074 1268.001287081441 28.62549765156247
    vertex 853.6553050889074 1263.5012870814412 28.625497584509034
  endloop
endfacet
facet normal 0.9238795325112726 -5.702272871262623e-09 0.38268343236512403
  outer loop
    vertex 853.6553050889074 1268.001287081441 28.62549765156247
    vertex 853.8351258494157 1263.50128708791 28.19137186569353
    vertex 853.8351258494157 1268.0012870879102 28.191371932746964
  endloop
endfacet
facet normal 0.7933533402912125 -9.071007864626408e-09 0.6087614290087501
  outer loop
    vertex 854.121179370092 1263.5012870934652 27.818579659557745
    vertex 853.8351258494157 1268.0012870879102 28.191371932746964
    vertex 853.8351258494157 1263.50128708791 28.19137186569353
  endloop
endfacet
facet normal 0.7933533402912125 -9.071007864626408e-09 0.6087614290087501
  outer loop
    vertex 853.8351258494157 1268.0012870879102 28.191371932746964
    vertex 854.121179370092 1263.5012870934652 27.818579659557745
    vertex 854.121179370092 1268.001287093465 27.81857972661118
  endloop
endfacet
facet normal 0.6087614290087642 -1.1821568662564345e-08 0.7933533402912017
  outer loop
    vertex 854.121179370092 1263.5012870934652 27.818579659557745
    vertex 854.4939715762279 1268.0012870977273 27.53252620593499
    vertex 854.121179370092 1268.001287093465 27.81857972661118
  endloop
endfacet
facet normal 0.6087614290087642 -1.1821568662564345e-08 0.7933533402912017
  outer loop
    vertex 854.4939715762279 1268.0012870977273 27.53252620593499
    vertex 854.121179370092 1263.5012870934652 27.818579659557745
    vertex 854.4939715762279 1263.5012870977273 27.532526138881554
  endloop
endfacet
facet normal 0.38268343236511 -1.3766509092215708e-08 0.9238795325112784
  outer loop
    vertex 854.4939715762279 1268.0012870977273 27.53252620593499
    vertex 854.9280972950432 1263.5012871004071 27.352705378373184
    vertex 854.9280972950432 1268.001287100407 27.35270544542662
  endloop
endfacet
facet normal 0.38268343236511 -1.3766509092215708e-08 0.9238795325112784
  outer loop
    vertex 854.9280972950432 1263.5012871004071 27.352705378373184
    vertex 854.4939715762279 1268.0012870977273 27.53252620593499
    vertex 854.4939715762279 1263.5012870977273 27.532526138881554
  endloop
endfacet
facet normal -0.38268343236509306 1.3766509092215811e-08 -0.9238795325112853
  outer loop
    vertex 845.8939715762258 1268.0012866886843 54.98367728476824
    vertex 842.999800117456 1263.5012866708212 56.182482287770064
    vertex 842.999800117456 1268.0012866708214 56.1824823548235
  endloop
endfacet
facet normal -0.38268343236509306 1.3766509092215811e-08 -0.9238795325112853
  outer loop
    vertex 842.999800117456 1263.5012866708212 56.182482287770064
    vertex 845.8939715762258 1268.0012866886843 54.98367728476824
    vertex 845.8939715762258 1263.501286688684 54.98367721771481
  endloop
endfacet
facet normal -0.13052619222004552 1.4773284677464266e-08 -0.991444861373811
  outer loop
    vertex 842.999800117456 1263.5012866708212 56.182482287770064
    vertex 839.8939715762257 1268.0012866647282 56.59137243935466
    vertex 842.999800117456 1268.0012866708214 56.1824823548235
  endloop
endfacet
facet normal -0.13052619222004552 1.4773284677464266e-08 -0.991444861373811
  outer loop
    vertex 839.8939715762257 1268.0012866647282 56.59137243935466
    vertex 842.999800117456 1263.5012866708212 56.182482287770064
    vertex 839.8939715762257 1263.5012866647282 56.59137237230122
  endloop
endfacet
facet normal 0.13052619222005968 1.477328532595074e-08 -0.9914448613738094
  outer loop
    vertex 839.8939715762257 1263.5012866647282 56.59137237230122
    vertex 836.7881430349955 1268.0012866708212 56.1824823548235
    vertex 839.8939715762257 1268.0012866647282 56.59137243935466
  endloop
endfacet
facet normal 0.13052619222005968 1.477328532595074e-08 -0.9914448613738094
  outer loop
    vertex 836.7881430349955 1268.0012866708212 56.1824823548235
    vertex 839.8939715762257 1263.5012866647282 56.59137237230122
    vertex 836.7881430349955 1263.501286670821 56.182482287770064
  endloop
endfacet
facet normal 0.38268343236508073 1.3766510993482098e-08 -0.9238795325112904
  outer loop
    vertex 836.7881430349955 1263.501286670821 56.182482287770064
    vertex 833.8939715762258 1268.0012866886843 54.983677284767836
    vertex 836.7881430349955 1268.0012866708212 56.1824823548235
  endloop
endfacet
facet normal 0.38268343236508073 1.3766510993482098e-08 -0.9238795325112904
  outer loop
    vertex 833.8939715762258 1268.0012866886843 54.983677284767836
    vertex 836.7881430349955 1263.501286670821 56.182482287770064
    vertex 833.8939715762258 1263.501286688684 54.9836772177144
  endloop
endfacet
facet normal 0.6087614290087172 1.1821571687042656e-08 -0.7933533402912378
  outer loop
    vertex 833.8939715762258 1263.501286688684 54.9836772177144
    vertex 831.4086902019891 1268.0012867171004 53.076653813593275
    vertex 833.8939715762258 1268.0012866886843 54.983677284767836
  endloop
endfacet
facet normal 0.6087614290087172 1.1821571687042656e-08 -0.7933533402912378
  outer loop
    vertex 831.4086902019891 1268.0012867171004 53.076653813593275
    vertex 833.8939715762258 1263.501286688684 54.9836772177144
    vertex 831.4086902019891 1263.5012867171004 53.07665374653984
  endloop
endfacet
facet normal 0.7933533402912324 9.071011806202198e-09 -0.6087614290087242
  outer loop
    vertex 829.5016667308143 1263.501286754133 50.59137237230124
    vertex 831.4086902019891 1268.0012867171004 53.076653813593275
    vertex 831.4086902019891 1263.5012867171004 53.07665374653984
  endloop
endfacet
facet normal 0.7933533402912324 9.071011806202198e-09 -0.6087614290087242
  outer loop
    vertex 831.4086902019891 1268.0012867171004 53.076653813593275
    vertex 829.5016667308143 1263.501286754133 50.59137237230124
    vertex 829.5016667308143 1268.001286754133 50.59137243935467
  endloop
endfacet
facet normal 0.9238795325112906 5.702277461324651e-09 -0.38268343236508084
  outer loop
    vertex 828.3028616607589 1263.5012867972582 47.697200913531475
    vertex 829.5016667308143 1268.001286754133 50.59137243935467
    vertex 829.5016667308143 1263.501286754133 50.59137237230124
  endloop
endfacet
facet normal 0.9238795325112906 5.702277461324651e-09 -0.38268343236508084
  outer loop
    vertex 829.5016667308143 1268.001286754133 50.59137243935467
    vertex 828.3028616607589 1263.5012867972582 47.697200913531475
    vertex 828.3028616607589 1268.0012867972582 47.69720098058491
  endloop
endfacet
facet normal 0.9914448613738113 1.9449423309171112e-09 -0.13052619222004555
  outer loop
    vertex 827.8939715762277 1263.5012868435374 44.591372372301244
    vertex 828.3028616607589 1268.0012867972582 47.69720098058491
    vertex 828.3028616607589 1263.5012867972582 47.697200913531475
  endloop
endfacet
facet normal 0.9914448613738113 1.9449423309171112e-09 -0.13052619222004555
  outer loop
    vertex 828.3028616607589 1268.0012867972582 47.69720098058491
    vertex 827.8939715762277 1263.5012868435374 44.591372372301244
    vertex 827.8939715762277 1268.0012868435374 44.59137243935468
  endloop
endfacet
facet normal 0.9914448613738114 -1.9449374051730983e-09 0.13052619222004366
  outer loop
    vertex 828.3028616607589 1263.5012868898168 41.48554383107102
    vertex 827.8939715762277 1268.0012868435374 44.59137243935468
    vertex 827.8939715762277 1263.5012868435374 44.591372372301244
  endloop
endfacet
facet normal 0.9914448613738114 -1.9449374051730983e-09 0.13052619222004366
  outer loop
    vertex 827.8939715762277 1268.0012868435374 44.59137243935468
    vertex 828.3028616607589 1263.5012868898168 41.48554383107102
    vertex 828.3028616607589 1268.0012868898168 41.485543898124455
  endloop
endfacet
facet normal 0.9238795325112782 -5.702272871262421e-09 0.3826834323651105
  outer loop
    vertex 829.5016667308145 1263.501286932942 38.59137237230126
    vertex 828.3028616607589 1268.0012868898168 41.485543898124455
    vertex 828.3028616607589 1263.5012868898168 41.48554383107102
  endloop
endfacet
facet normal 0.9238795325112782 -5.702272871262421e-09 0.3826834323651105
  outer loop
    vertex 828.3028616607589 1268.0012868898168 41.485543898124455
    vertex 829.5016667308145 1263.501286932942 38.59137237230126
    vertex 829.5016667308145 1268.001286932942 38.59137243935469
  endloop
endfacet
facet normal 0.7933533402912463 -9.071007864625752e-09 0.608761429008706
  outer loop
    vertex 831.4086902019891 1263.5012869699747 36.106090998062655
    vertex 829.5016667308145 1268.001286932942 38.59137243935469
    vertex 829.5016667308145 1263.501286932942 38.59137237230126
  endloop
endfacet
facet normal 0.7933533402912463 -9.071007864625752e-09 0.608761429008706
  outer loop
    vertex 829.5016667308145 1268.001286932942 38.59137243935469
    vertex 831.4086902019891 1263.5012869699747 36.106090998062655
    vertex 831.4086902019891 1268.0012869699747 36.10609106511609
  endloop
endfacet
facet normal 0.6087614290087172 -1.1821568662564882e-08 0.7933533402912378
  outer loop
    vertex 831.4086902019891 1263.5012869699747 36.106090998062655
    vertex 833.8939715762276 1268.0012869983907 34.199067593941436
    vertex 831.4086902019891 1268.0012869699747 36.10609106511609
  endloop
endfacet
facet normal 0.6087614290087172 -1.1821568662564882e-08 0.7933533402912378
  outer loop
    vertex 833.8939715762276 1268.0012869983907 34.199067593941436
    vertex 831.4086902019891 1263.5012869699747 36.106090998062655
    vertex 833.8939715762276 1263.5012869983905 34.199067526888
  endloop
endfacet
facet normal 0.38268343236509306 -1.3766509092215811e-08 0.9238795325112853
  outer loop
    vertex 833.8939715762276 1263.5012869983905 34.199067526888
    vertex 836.7881430349975 1268.0012870162539 33.00026252388586
    vertex 833.8939715762276 1268.0012869983907 34.199067593941436
  endloop
endfacet
facet normal 0.38268343236509306 -1.3766509092215811e-08 0.9238795325112853
  outer loop
    vertex 836.7881430349975 1268.0012870162539 33.00026252388586
    vertex 833.8939715762276 1263.5012869983905 34.199067526888
    vertex 836.7881430349975 1263.5012870162539 33.000262456832424
  endloop
endfacet
facet normal 0.13052619222004552 -1.4773284677464266e-08 0.991444861373811
  outer loop
    vertex 836.7881430349975 1268.0012870162539 33.00026252388586
    vertex 839.8939715762277 1263.5012870223466 32.591372372301265
    vertex 839.8939715762277 1268.0012870223468 32.5913724393547
  endloop
endfacet
facet normal 0.13052619222004552 -1.4773284677464266e-08 0.991444861373811
  outer loop
    vertex 839.8939715762277 1263.5012870223466 32.591372372301265
    vertex 836.7881430349975 1268.0012870162539 33.00026252388586
    vertex 836.7881430349975 1263.5012870162539 33.000262456832424
  endloop
endfacet
facet normal -0.13052619222005968 -1.477328532595074e-08 0.9914448613738094
  outer loop
    vertex 839.8939715762277 1263.5012870223466 32.591372372301265
    vertex 842.9998001174579 1268.001287016254 33.00026252388586
    vertex 839.8939715762277 1268.0012870223468 32.5913724393547
  endloop
endfacet
facet normal -0.13052619222005968 -1.477328532595074e-08 0.9914448613738094
  outer loop
    vertex 842.9998001174579 1268.001287016254 33.00026252388586
    vertex 839.8939715762277 1263.5012870223466 32.591372372301265
    vertex 842.9998001174579 1263.501287016254 33.000262456832424
  endloop
endfacet
facet normal -0.38268343236508073 -1.3766510993482098e-08 0.9238795325112904
  outer loop
    vertex 842.9998001174579 1263.501287016254 33.000262456832424
    vertex 845.8939715762276 1268.001286998391 34.19906759394184
    vertex 842.9998001174579 1268.001287016254 33.00026252388586
  endloop
endfacet
facet normal -0.38268343236508073 -1.3766510993482098e-08 0.9238795325112904
  outer loop
    vertex 845.8939715762276 1268.001286998391 34.19906759394184
    vertex 842.9998001174579 1263.501287016254 33.000262456832424
    vertex 845.8939715762276 1263.501286998391 34.199067526888406
  endloop
endfacet
facet normal -0.6087614290087172 -1.1821571687042656e-08 0.7933533402912378
  outer loop
    vertex 845.8939715762276 1263.501286998391 34.199067526888406
    vertex 848.3792529504663 1268.0012869699747 36.10609106511645
    vertex 845.8939715762276 1268.001286998391 34.19906759394184
  endloop
endfacet
facet normal -0.6087614290087172 -1.1821571687042656e-08 0.7933533402912378
  outer loop
    vertex 848.3792529504663 1268.0012869699747 36.10609106511645
    vertex 845.8939715762276 1263.501286998391 34.199067526888406
    vertex 848.3792529504663 1263.5012869699747 36.10609099806302
  endloop
endfacet
facet normal -0.7933533402912463 -9.071011806201927e-09 0.608761429008706
  outer loop
    vertex 848.3792529504663 1268.0012869699747 36.10609106511645
    vertex 850.2862764216409 1263.501286932942 38.59137237230162
    vertex 850.2862764216409 1268.0012869329423 38.591372439355055
  endloop
endfacet
facet normal -0.7933533402912463 -9.071011806201927e-09 0.608761429008706
  outer loop
    vertex 850.2862764216409 1263.501286932942 38.59137237230162
    vertex 848.3792529504663 1268.0012869699747 36.10609106511645
    vertex 848.3792529504663 1263.5012869699747 36.10609099806302
  endloop
endfacet
facet normal -0.9238795325112803 -5.702277461325017e-09 0.3826834323651054
  outer loop
    vertex 850.2862764216409 1268.0012869329423 38.591372439355055
    vertex 851.4850814916965 1263.5012868898168 41.48554383107138
    vertex 851.4850814916965 1268.001286889817 41.48554389812481
  endloop
endfacet
facet normal -0.9238795325112803 -5.702277461325017e-09 0.3826834323651054
  outer loop
    vertex 851.4850814916965 1263.5012868898168 41.48554383107138
    vertex 850.2862764216409 1268.0012869329423 38.591372439355055
    vertex 850.2862764216409 1263.501286932942 38.59137237230162
  endloop
endfacet
facet normal -0.9914448613738113 -1.9449423309171112e-09 0.13052619222004555
  outer loop
    vertex 851.4850814916965 1268.001286889817 41.48554389812481
    vertex 851.8939715762277 1263.5012868435376 44.591372372301606
    vertex 851.8939715762277 1268.0012868435376 44.59137243935504
  endloop
endfacet
facet normal -0.9914448613738113 -1.9449423309171112e-09 0.13052619222004555
  outer loop
    vertex 851.8939715762277 1263.5012868435376 44.591372372301606
    vertex 851.4850814916965 1268.001286889817 41.48554389812481
    vertex 851.4850814916965 1263.5012868898168 41.48554383107138
  endloop
endfacet
facet normal -0.9914448613738113 1.9449374051731264e-09 -0.13052619222004555
  outer loop
    vertex 851.8939715762277 1268.0012868435376 44.59137243935504
    vertex 851.4850814916965 1263.5012867972584 47.69720091353184
    vertex 851.4850814916965 1268.0012867972584 47.69720098058527
  endloop
endfacet
facet normal -0.9914448613738113 1.9449374051731264e-09 -0.13052619222004555
  outer loop
    vertex 851.4850814916965 1263.5012867972584 47.69720091353184
    vertex 851.8939715762277 1268.0012868435376 44.59137243935504
    vertex 851.8939715762277 1263.5012868435376 44.591372372301606
  endloop
endfacet
facet normal -0.9238795325112803 5.702272871262345e-09 -0.3826834323651054
  outer loop
    vertex 851.4850814916965 1268.0012867972584 47.69720098058527
    vertex 850.2862764216409 1263.501286754133 50.5913723723016
    vertex 850.2862764216409 1268.0012867541332 50.591372439355034
  endloop
endfacet
facet normal -0.9238795325112803 5.702272871262345e-09 -0.3826834323651054
  outer loop
    vertex 850.2862764216409 1263.501286754133 50.5913723723016
    vertex 851.4850814916965 1268.0012867972584 47.69720098058527
    vertex 851.4850814916965 1263.5012867972584 47.69720091353184
  endloop
endfacet
facet normal -0.7933533402912463 9.071007864625752e-09 -0.608761429008706
  outer loop
    vertex 850.2862764216409 1268.0012867541332 50.591372439355034
    vertex 848.3792529504663 1263.5012867171004 53.0766537465402
    vertex 848.3792529504663 1268.0012867171006 53.07665381359363
  endloop
endfacet
facet normal -0.7933533402912463 9.071007864625752e-09 -0.608761429008706
  outer loop
    vertex 848.3792529504663 1263.5012867171004 53.0766537465402
    vertex 850.2862764216409 1268.0012867541332 50.591372439355034
    vertex 850.2862764216409 1263.501286754133 50.5913723723016
  endloop
endfacet
facet normal -0.6087614290087172 1.1821568662564882e-08 -0.7933533402912378
  outer loop
    vertex 848.3792529504663 1263.5012867171004 53.0766537465402
    vertex 845.8939715762258 1268.0012866886843 54.98367728476824
    vertex 848.3792529504663 1268.0012867171006 53.07665381359363
  endloop
endfacet
facet normal -0.6087614290087172 1.1821568662564882e-08 -0.7933533402912378
  outer loop
    vertex 845.8939715762258 1268.0012866886843 54.98367728476824
    vertex 848.3792529504663 1263.5012867171004 53.0766537465402
    vertex 845.8939715762258 1263.501286688684 54.98367721771481
  endloop
endfacet
facet normal -7.677298159865646e-13 -0.7933533312201976 -0.608761440830327
  outer loop
    vertex 823.743971576228 1263.2711341527752 17.56121971595336
    vertex 813.7439715762288 1263.9385923806572 16.69137124491592
    vertex 823.7439715762287 1263.9385923806476 16.691371244915604
  endloop
endfacet
facet normal -7.677298159865646e-13 -0.7933533312201976 -0.608761440830327
  outer loop
    vertex 813.7439715762288 1263.9385923806572 16.69137124491592
    vertex 823.743971576228 1263.2711341527752 17.56121971595336
    vertex 813.7439715762281 1263.2711341527847 17.561219715953676
  endloop
endfacet
facet normal 6.598665498188992e-13 -0.1305262069933231 0.9914448594288724
  outer loop
    vertex 813.7439715762251 1260.3012857786375 10.39137119071727
    vertex 823.7439715762262 1261.3883257659313 10.534482736493676
    vertex 813.743971576226 1261.3883257659356 10.53448273650085
  endloop
endfacet
facet normal 6.598665498188992e-13 -0.1305262069933231 0.9914448594288724
  outer loop
    vertex 823.7439715762262 1261.3883257659313 10.534482736493676
    vertex 813.7439715762251 1260.3012857786375 10.39137119071727
    vertex 823.7439715762252 1260.3012857786332 10.391371190710007
  endloop
endfacet
facet normal -7.108527235657019e-13 -0.7933533493621928 0.6087614171872185
  outer loop
    vertex 813.7439715762288 1263.9385924432404 12.491371244915793
    vertex 823.743971576228 1263.2711342412813 11.6215227539862
    vertex 823.7439715762287 1263.938592443231 12.491371244915298
  endloop
endfacet
facet normal -7.108527235657019e-13 -0.7933533493621928 0.6087614171872185
  outer loop
    vertex 823.743971576228 1263.2711342412813 11.6215227539862
    vertex 813.7439715762288 1263.9385924432404 12.491371244915793
    vertex 813.7439715762279 1263.2711342412906 11.621522753986786
  endloop
endfacet
facet normal -9.229580261800428e-13 -0.9914448633187587 0.13052617744670195
  outer loop
    vertex 813.7439715762291 1264.501285716054 14.59137125330042
    vertex 823.743971576229 1264.3581742026565 13.50433126173681
    vertex 823.7439715762292 1264.5012857160448 14.591371253300103
  endloop
endfacet
facet normal -9.229580261800428e-13 -0.9914448633187587 0.13052617744670195
  outer loop
    vertex 823.743971576229 1264.3581742026565 13.50433126173681
    vertex 813.7439715762291 1264.501285716054 14.59137125330042
    vertex 813.7439715762291 1264.358174202666 13.504331261737306
  endloop
endfacet
facet normal -8.927323665309475e-13 -0.9238795268090143 -0.3826834461315929
  outer loop
    vertex 823.7439715762287 1263.9385923806476 16.691371244915604
    vertex 813.7439715762291 1264.3581741702706 15.678411240598592
    vertex 823.743971576229 1264.358174170261 15.678411240598276
  endloop
endfacet
facet normal -8.927323665309475e-13 -0.9238795268090143 -0.3826834461315929
  outer loop
    vertex 813.7439715762291 1264.3581741702706 15.678411240598592
    vertex 823.7439715762287 1263.9385923806476 16.691371244915604
    vertex 813.7439715762288 1263.9385923806572 16.69137124491592
  endloop
endfacet
facet normal -9.407968076985366e-13 -0.991444859428867 -0.13052620699336354
  outer loop
    vertex 823.743971576229 1264.358174170261 15.678411240598276
    vertex 813.7439715762291 1264.501285716054 14.59137125330042
    vertex 823.7439715762292 1264.5012857160448 14.591371253300103
  endloop
endfacet
facet normal -9.407968076985366e-13 -0.991444859428867 -0.13052620699336354
  outer loop
    vertex 813.7439715762291 1264.501285716054 14.59137125330042
    vertex 823.743971576229 1264.358174170261 15.678411240598276
    vertex 813.7439715762291 1264.3581741702706 15.678411240598592
  endloop
endfacet
facet normal -8.465334705606333e-13 -0.9238795382135647 0.38268341859857286
  outer loop
    vertex 813.7439715762291 1264.358174202666 13.504331261737306
    vertex 823.7439715762287 1263.938592443231 12.491371244915298
    vertex 823.743971576229 1264.3581742026565 13.50433126173681
  endloop
endfacet
facet normal -8.465334705606333e-13 -0.9238795382135647 0.38268341859857286
  outer loop
    vertex 823.7439715762287 1263.938592443231 12.491371244915298
    vertex 813.7439715762291 1264.358174202666 13.504331261737306
    vertex 813.7439715762288 1263.9385924432404 12.491371244915793
  endloop
endfacet
facet normal -2.5051751584318424e-13 -0.6087614408322537 0.7933533312187192
  outer loop
    vertex 813.7439715762272 1262.5012873436176 11.030798434564684
    vertex 823.743971576228 1263.2711342412813 11.6215227539862
    vertex 813.7439715762279 1263.2711342412906 11.621522753986786
  endloop
endfacet
facet normal -2.5051751584318424e-13 -0.6087614408322537 0.7933533312187192
  outer loop
    vertex 823.743971576228 1263.2711342412813 11.6215227539862
    vertex 813.7439715762272 1262.5012873436176 11.030798434564684
    vertex 823.7439715762272 1262.501287343608 11.030798434564188
  endloop
endfacet
facet normal -2.5051751584318424e-13 -0.6087614408322537 0.7933533312187192
  outer loop
    vertex 823.7439715762272 1262.501287343608 11.030798434564188
    vertex 813.7439715762272 1262.5012873436176 11.030798434564684
    vertex 813.7439715762272 1262.4012857702528 10.954064526114172
  endloop
endfacet
facet normal -2.5051751584318424e-13 -0.6087614408322537 0.7933533312187192
  outer loop
    vertex 823.7439715762272 1262.501287343608 11.030798434564188
    vertex 813.7439715762272 1262.4012857702528 10.954064526114172
    vertex 823.7439715762272 1262.4012857702487 10.954064526106997
  endloop
endfacet
facet normal -4.563975155533684e-13 -0.6087614171881327 -0.793353349361491
  outer loop
    vertex 823.743971576228 1263.2711341527752 17.56121971595336
    vertex 813.7439715762273 1262.501287237507 18.151944012433162
    vertex 813.7439715762281 1263.2711341527847 17.561219715953676
  endloop
endfacet
facet normal -4.563975155533684e-13 -0.6087614171881327 -0.793353349361491
  outer loop
    vertex 813.7439715762273 1262.501287237507 18.151944012433162
    vertex 823.743971576228 1263.2711341527752 17.56121971595336
    vertex 823.7439715762272 1262.5012872374975 18.151944012432846
  endloop
endfacet
facet normal -4.563975155533684e-13 -0.6087614171881327 -0.793353349361491
  outer loop
    vertex 813.7439715762273 1262.501287237507 18.151944012433162
    vertex 823.7439715762272 1262.5012872374975 18.151944012432846
    vertex 813.7439715762272 1262.4012856618556 18.228677917903468
  endloop
endfacet
facet normal -4.563975155533684e-13 -0.6087614171881327 -0.793353349361491
  outer loop
    vertex 813.7439715762272 1262.4012856618556 18.228677917903468
    vertex 823.7439715762272 1262.5012872374975 18.151944012432846
    vertex 823.7439715762243 1262.401285661848 18.228677917906943
  endloop
endfacet
facet normal 5.030165903428582e-13 -0.3826834461315929 0.9238795268090143
  outer loop
    vertex 813.743971576226 1261.3883257659356 10.53448273650085
    vertex 823.7439715762272 1262.4012857702487 10.954064526106997
    vertex 813.7439715762272 1262.4012857702528 10.954064526114172
  endloop
endfacet
facet normal 5.030165903428582e-13 -0.3826834461315929 0.9238795268090143
  outer loop
    vertex 823.7439715762272 1262.4012857702487 10.954064526106997
    vertex 813.743971576226 1261.3883257659356 10.53448273650085
    vertex 823.7439715762262 1261.3883257659313 10.534482736493676
  endloop
endfacet
facet normal 3.717400306688206e-14 -0.3826834185986019 -0.9238795382135526
  outer loop
    vertex 823.7439715762243 1262.401285661848 18.228677917906943
    vertex 813.7439715762263 1261.3883256450342 18.648259677329023
    vertex 813.7439715762272 1262.4012856618556 18.228677917903468
  endloop
endfacet
facet normal 3.717400306688206e-14 -0.3826834185986019 -0.9238795382135526
  outer loop
    vertex 813.7439715762263 1261.3883256450342 18.648259677329023
    vertex 823.7439715762243 1262.401285661848 18.228677917906943
    vertex 823.7439715762234 1261.3883256450265 18.648259677332497
  endloop
endfacet
facet normal 2.478429398418376e-13 -0.1305261774467339 -0.9914448633187546
  outer loop
    vertex 823.7439715762234 1261.3883256450265 18.648259677332497
    vertex 813.7439715762251 1260.3012856534713 18.791371190717165
    vertex 813.7439715762263 1261.3883256450342 18.648259677329023
  endloop
endfacet
facet normal 2.478429398418376e-13 -0.1305261774467339 -0.9914448633187546
  outer loop
    vertex 813.7439715762251 1260.3012856534713 18.791371190717165
    vertex 823.7439715762234 1261.3883256450265 18.648259677332497
    vertex 823.7439715762224 1260.3012856534635 18.79137119072064
  endloop
endfacet
facet normal 0.35232974653124954 0.9358759264503095 1.3949958774628173e-08
  outer loop
    vertex 858.0439715762092 1269.1306991830145 3.000000083921915
    vertex 861.0439715762267 1268.0012874632807 3.0000000670531577
    vertex 858.0439715762267 1269.130699227763 8.388217027643917e-08
  endloop
endfacet
facet normal 0.7071067811865897 -1.0536429029551375e-08 0.7071067811865055
  outer loop
    vertex 861.0439715762267 1263.5012865066517 67.20000004305228
    vertex 839.0439715762276 1268.0012861788352 89.20000011010829
    vertex 839.0439715762276 1263.5012861788362 89.20000004305486
  endloop
endfacet
facet normal 0.7071067811865897 -1.0536429029551375e-08 0.7071067811865055
  outer loop
    vertex 839.0439715762276 1268.0012861788352 89.20000011010829
    vertex 861.0439715762267 1263.5012865066517 67.20000004305228
    vertex 861.0439715762267 1268.0012865066517 67.20000011010572
  endloop
endfacet
facet normal 1.1563871266429343e-14 1.0 1.4900763784056401e-08
  outer loop
    vertex 861.0439715762267 1268.0012865066517 67.20000011010572
    vertex 856.9528173030378 1268.0012865991648 60.991372439352844
    vertex 839.0439715762276 1268.0012861788352 89.20000011010829
  endloop
endfacet
facet normal 1.1563871266429343e-14 1.0 1.4900763784056401e-08
  outer loop
    vertex 856.9528173030378 1268.0012865991648 60.991372439352844
    vertex 861.0439715762267 1268.0012865066517 67.20000011010572
    vertex 857.1326380635461 1268.001286605634 60.55724672053734
  endloop
endfacet
facet normal 1.1563871266429343e-14 1.0 1.4900763784056401e-08
  outer loop
    vertex 857.1326380635461 1268.001286605634 60.55724672053734
    vertex 861.0439715762267 1268.0012865066517 67.20000011010572
    vertex 857.1939715762257 1268.0012866125758 60.09137243935278
  endloop
endfacet
facet normal 1.1563871266429343e-14 1.0 1.4900763784056401e-08
  outer loop
    vertex 857.1939715762257 1268.0012866125758 60.09137243935278
    vertex 861.0439715762267 1268.0012865066517 67.20000011010572
    vertex 857.1939715762278 1268.0012870744995 29.09137193274694
  endloop
endfacet
facet normal 1.1563871266429343e-14 1.0 1.4900763784056401e-08
  outer loop
    vertex 839.0439715762276 1268.0012861788352 89.20000011010829
    vertex 856.9528173030378 1268.0012865991648 60.991372439352844
    vertex 856.6667637823616 1268.00128659361 61.36416464548854
  endloop
endfacet
facet normal 1.1563871266429343e-14 1.0 1.4900763784056401e-08
  outer loop
    vertex 839.0439715762276 1268.0012861788352 89.20000011010829
    vertex 856.6667637823616 1268.00128659361 61.36416464548854
    vertex 856.2939715762258 1268.0012865893477 61.65021816616483
  endloop
endfacet
facet normal 1.1563871266429343e-14 1.0 1.4900763784056401e-08
  outer loop
    vertex 839.0439715762276 1268.0012861788352 89.20000011010829
    vertex 856.2939715762258 1268.0012865893477 61.65021816616483
    vertex 855.8598458574104 1268.0012865866684 61.830038926673105
  endloop
endfacet
facet normal 1.1563871266429343e-14 1.0 1.4900763784056401e-08
  outer loop
    vertex 839.0439715762276 1268.0012861788352 89.20000011010829
    vertex 855.8598458574104 1268.0012865866684 61.830038926673105
    vertex 855.3939715762258 1268.0012865857548 61.89137243935282
  endloop
endfacet
facet normal 1.1563871266429343e-14 1.0 1.4900763784056401e-08
  outer loop
    vertex 839.0439715762276 1268.0012861788352 89.20000011010829
    vertex 855.3939715762258 1268.0012865857548 61.89137243935282
    vertex 854.9280972950412 1268.0012865866684 61.830038926673105
  endloop
endfacet
facet normal 1.1563871266429343e-14 1.0 1.4900763784056401e-08
  outer loop
    vertex 839.0439715762276 1268.0012861788352 89.20000011010829
    vertex 854.9280972950412 1268.0012865866684 61.830038926673105
    vertex 854.4939715762258 1268.0012865893477 61.65021816616483
  endloop
endfacet
facet normal 1.1563871266429343e-14 1.0 1.4900763784056401e-08
  outer loop
    vertex 839.0439715762276 1268.0012861788352 89.20000011010829
    vertex 854.4939715762258 1268.0012865893477 61.65021816616483
    vertex 854.1211793700901 1268.00128659361 61.36416464548854
  endloop
endfacet
facet normal 1.1563871266429343e-14 1.0 1.4900763784056401e-08
  outer loop
    vertex 839.0439715762276 1268.0012861788352 89.20000011010829
    vertex 854.1211793700901 1268.00128659361 61.36416464548854
    vertex 853.835125849414 1268.001286599165 60.99137243935276
  endloop
endfacet
facet normal 1.1563871266429343e-14 1.0 1.4900763784056401e-08
  outer loop
    vertex 839.0439715762276 1268.0012861788352 89.20000011010829
    vertex 853.835125849414 1268.001286599165 60.99137243935276
    vertex 853.6553050889055 1268.0012866056338 60.55724672053734
  endloop
endfacet
facet normal 1.1563871266429343e-14 1.0 1.4900763784056401e-08
  outer loop
    vertex 839.0439715762276 1268.0012861788352 89.20000011010829
    vertex 853.6553050889055 1268.0012866056338 60.55724672053734
    vertex 853.5939715762258 1268.0012866125758 60.09137243935278
  endloop
endfacet
facet normal 1.1563871266429343e-14 1.0 1.4900763784056401e-08
  outer loop
    vertex 839.0439715762276 1268.0012861788352 89.20000011010829
    vertex 853.5939715762258 1268.0012866125758 60.09137243935278
    vertex 851.4850814916965 1268.0012867972584 47.69720098058527
  endloop
endfacet
facet normal 1.1563871266429343e-14 1.0 1.4900763784056401e-08
  outer loop
    vertex 851.4850814916965 1268.0012867972584 47.69720098058527
    vertex 853.5939715762258 1268.0012866125758 60.09137243935278
    vertex 851.8939715762277 1268.0012868435376 44.59137243935504
  endloop
endfacet
facet normal 1.1563871266429343e-14 1.0 1.4900763784056401e-08
  outer loop
    vertex 839.0439715762276 1268.0012861788352 89.20000011010829
    vertex 851.4850814916965 1268.0012867972584 47.69720098058527
    vertex 850.2862764216409 1268.0012867541332 50.591372439355034
  endloop
endfacet
facet normal 1.1563871266429343e-14 1.0 1.4900763784056401e-08
  outer loop
    vertex 839.0439715762276 1268.0012861788352 89.20000011010829
    vertex 850.2862764216409 1268.0012867541332 50.591372439355034
    vertex 848.3792529504663 1268.0012867171006 53.07665381359363
  endloop
endfacet
facet normal 1.1563871266429343e-14 1.0 1.4900763784056401e-08
  outer loop
    vertex 839.0439715762276 1268.0012861788352 89.20000011010829
    vertex 848.3792529504663 1268.0012867171006 53.07665381359363
    vertex 845.8939715762258 1268.0012866886843 54.98367728476824
  endloop
endfacet
facet normal 1.1563871266429343e-14 1.0 1.4900763784056401e-08
  outer loop
    vertex 839.0439715762276 1268.0012861788352 89.20000011010829
    vertex 845.8939715762258 1268.0012866886843 54.98367728476824
    vertex 842.999800117456 1268.0012866708214 56.1824823548235
  endloop
endfacet
facet normal 1.1563871266429343e-14 1.0 1.4900763784056401e-08
  outer loop
    vertex 839.0439715762276 1268.0012861788352 89.20000011010829
    vertex 842.999800117456 1268.0012866708214 56.1824823548235
    vertex 839.8939715762257 1268.0012866647282 56.59137243935466
  endloop
endfacet
facet normal 1.1563871266429343e-14 1.0 1.4900763784056401e-08
  outer loop
    vertex 839.0439715762276 1268.0012861788352 89.20000011010829
    vertex 839.8939715762257 1268.0012866647282 56.59137243935466
    vertex 836.7881430349955 1268.0012866708212 56.1824823548235
  endloop
endfacet
facet normal 1.1563871266429343e-14 1.0 1.4900763784056401e-08
  outer loop
    vertex 839.0439715762276 1268.0012861788352 89.20000011010829
    vertex 836.7881430349955 1268.0012866708212 56.1824823548235
    vertex 823.5439715762285 1268.0012862907201 81.69137130545369
  endloop
endfacet
facet normal 1.1563871266429343e-14 1.0 1.4900763784056401e-08
  outer loop
    vertex 839.0439715762276 1268.0012861788352 89.20000011010829
    vertex 823.5439715762285 1268.0012862907201 81.69137130545369
    vertex 818.5439715762274 1268.0012861788348 89.20000011010613
  endloop
endfacet
facet normal 1.1563871266429343e-14 1.0 1.4900763784056401e-08
  outer loop
    vertex 823.5439715762285 1268.0012862907201 81.69137130545369
    vertex 836.7881430349955 1268.0012866708212 56.1824823548235
    vertex 833.8939715762258 1268.0012866886843 54.983677284767836
  endloop
endfacet
facet normal 1.1563871266429343e-14 1.0 1.4900763784056401e-08
  outer loop
    vertex 823.5439715762285 1268.0012862907201 81.69137130545369
    vertex 833.8939715762258 1268.0012866886843 54.983677284767836
    vertex 831.4086902019891 1268.0012867171004 53.076653813593275
  endloop
endfacet
facet normal 1.1563871266429343e-14 1.0 1.4900763784056401e-08
  outer loop
    vertex 823.5439715762285 1268.0012862907201 81.69137130545369
    vertex 831.4086902019891 1268.0012867171004 53.076653813593275
    vertex 829.5016667308143 1268.001286754133 50.59137243935467
  endloop
endfacet
facet normal 1.1563871266429343e-14 1.0 1.4900763784056401e-08
  outer loop
    vertex 823.5439715762285 1268.0012862907201 81.69137130545369
    vertex 829.5016667308143 1268.001286754133 50.59137243935467
    vertex 828.3028616607589 1268.0012867972582 47.69720098058491
  endloop
endfacet
facet normal 1.1563871266429343e-14 1.0 1.4900763784056401e-08
  outer loop
    vertex 823.5439715762285 1268.0012862907201 81.69137130545369
    vertex 828.3028616607589 1268.0012867972582 47.69720098058491
    vertex 826.1939715762256 1268.0012866125755 60.091371932746746
  endloop
endfacet
facet normal 1.1563871266429343e-14 1.0 1.4900763784056401e-08
  outer loop
    vertex 826.1939715762256 1268.0012866125755 60.091371932746746
    vertex 828.3028616607589 1268.0012867972582 47.69720098058491
    vertex 827.8939715762277 1268.0012868435374 44.59137243935468
  endloop
endfacet
facet normal 1.1563871266429343e-14 1.0 1.4900763784056401e-08
  outer loop
    vertex 826.1939715762256 1268.0012866125755 60.091371932746746
    vertex 827.8939715762277 1268.0012868435374 44.59137243935468
    vertex 826.1939715762276 1268.0012870744993 29.09137193274658
  endloop
endfacet
facet normal 1.1563871266429343e-14 1.0 1.4900763784056401e-08
  outer loop
    vertex 823.5439715762285 1268.0012862907201 81.69137130545369
    vertex 826.1939715762256 1268.0012866125755 60.091371932746746
    vertex 826.132638063546 1268.0012866056338 60.55724621393131
  endloop
endfacet
facet normal 1.1563871266429343e-14 1.0 1.4900763784056401e-08
  outer loop
    vertex 823.5439715762285 1268.0012862907201 81.69137130545369
    vertex 826.132638063546 1268.0012866056338 60.55724621393131
    vertex 825.9528173030377 1268.001286599165 60.99137193274672
  endloop
endfacet
facet normal 1.1563871266429343e-14 1.0 1.4900763784056401e-08
  outer loop
    vertex 823.5439715762285 1268.0012862907201 81.69137130545369
    vertex 825.9528173030377 1268.001286599165 60.99137193274672
    vertex 825.6667637823614 1268.0012865936103 61.36416413888251
  endloop
endfacet
facet normal 1.1563871266429343e-14 1.0 1.4900763784056401e-08
  outer loop
    vertex 823.5439715762285 1268.0012862907201 81.69137130545369
    vertex 825.6667637823614 1268.0012865936103 61.36416413888251
    vertex 825.2939715762257 1268.0012865893477 61.65021765955879
  endloop
endfacet
facet normal 1.1563871266429343e-14 1.0 1.4900763784056401e-08
  outer loop
    vertex 823.5439715762285 1268.0012862907201 81.69137130545369
    vertex 825.2939715762257 1268.0012865893477 61.65021765955879
    vertex 824.8598458574102 1268.0012865866684 61.83003842006707
  endloop
endfacet
facet normal 1.1563871266429343e-14 1.0 1.4900763784056401e-08
  outer loop
    vertex 823.5439715762285 1268.0012862907201 81.69137130545369
    vertex 824.8598458574102 1268.0012865866684 61.83003842006707
    vertex 824.3939715762257 1268.0012865857543 61.8913719327467
  endloop
endfacet
facet normal 1.1563871266429343e-14 1.0 1.4900763784056401e-08
  outer loop
    vertex 823.5439715762285 1268.0012862907201 81.69137130545369
    vertex 824.3939715762257 1268.0012865857543 61.8913719327467
    vertex 823.9280972950411 1268.0012865866684 61.83003842006707
  endloop
endfacet
facet normal 1.1563871266429343e-14 1.0 1.4900763784056401e-08
  outer loop
    vertex 818.5439715762274 1268.0012861788348 89.20000011010613
    vertex 823.5439715762285 1268.0012862907201 81.69137130545369
    vertex 818.5439715762284 1268.0012862653884 83.39137130545411
  endloop
endfacet
facet normal 1.1563871266429343e-14 1.0 1.4900763784056401e-08
  outer loop
    vertex 818.5439715762284 1268.0012862653884 83.39137130545411
    vertex 823.5439715762285 1268.0012862907201 81.69137130545369
    vertex 818.5439715762284 1268.0012862907204 81.69137130545406
  endloop
endfacet
facet normal 1.1563871266429343e-14 1.0 1.4900763784056401e-08
  outer loop
    vertex 857.1326380635481 1268.0012870675575 29.557246213931503
    vertex 857.1939715762257 1268.0012866125758 60.09137243935278
    vertex 857.1939715762278 1268.0012870744995 29.09137193274694
  endloop
endfacet
facet normal 1.1563871266429343e-14 1.0 1.4900763784056401e-08
  outer loop
    vertex 857.1939715762257 1268.0012866125758 60.09137243935278
    vertex 857.1326380635481 1268.0012870675575 29.557246213931503
    vertex 857.1326380635461 1268.0012866195177 59.625498158168305
  endloop
endfacet
facet normal 1.1563871266429343e-14 1.0 1.4900763784056401e-08
  outer loop
    vertex 857.1326380635461 1268.0012866195177 59.625498158168305
    vertex 857.1326380635481 1268.0012870675575 29.557246213931503
    vertex 856.9528173030396 1268.0012870610888 29.991371932747008
  endloop
endfacet
facet normal 1.1563871266429343e-14 1.0 1.4900763784056401e-08
  outer loop
    vertex 857.1326380635461 1268.0012866195177 59.625498158168305
    vertex 856.9528173030396 1268.0012870610888 29.991371932747008
    vertex 856.9528173030378 1268.0012866259865 59.191372439352804
  endloop
endfacet
facet normal 1.1563871266429343e-14 1.0 1.4900763784056401e-08
  outer loop
    vertex 856.9528173030378 1268.0012866259865 59.191372439352804
    vertex 856.9528173030396 1268.0012870610888 29.991371932747008
    vertex 856.6667637823635 1268.0012870555338 30.364164138882703
  endloop
endfacet
facet normal 1.1563871266429343e-14 1.0 1.4900763784056401e-08
  outer loop
    vertex 856.9528173030378 1268.0012866259865 59.191372439352804
    vertex 856.6667637823635 1268.0012870555338 30.364164138882703
    vertex 856.6667637823616 1268.0012866315415 58.81858023321702
  endloop
endfacet
facet normal 1.1563871266429343e-14 1.0 1.4900763784056401e-08
  outer loop
    vertex 856.6667637823616 1268.0012866315415 58.81858023321702
    vertex 856.6667637823635 1268.0012870555338 30.364164138882703
    vertex 856.2939715762278 1268.0012870512714 30.650217659558983
  endloop
endfacet
facet normal 1.1563871266429343e-14 1.0 1.4900763784056401e-08
  outer loop
    vertex 856.6667637823616 1268.0012866315415 58.81858023321702
    vertex 856.2939715762278 1268.0012870512714 30.650217659558983
    vertex 856.2939715762258 1268.0012866358038 58.53252671254083
  endloop
endfacet
facet normal 1.1563871266429343e-14 1.0 1.4900763784056401e-08
  outer loop
    vertex 856.2939715762258 1268.0012866358038 58.53252671254083
    vertex 856.2939715762278 1268.0012870512714 30.650217659558983
    vertex 855.8598458574123 1268.0012870485918 30.830038420067265
  endloop
endfacet
facet normal 1.1563871266429343e-14 1.0 1.4900763784056401e-08
  outer loop
    vertex 856.2939715762258 1268.0012866358038 58.53252671254083
    vertex 855.8598458574123 1268.0012870485918 30.830038420067265
    vertex 855.8598458574104 1268.0012866384832 58.35270595203246
  endloop
endfacet
facet normal 1.1563871266429343e-14 1.0 1.4900763784056401e-08
  outer loop
    vertex 855.8598458574104 1268.0012866384832 58.35270595203246
    vertex 855.8598458574123 1268.0012870485918 30.830038420067265
    vertex 855.3939715762278 1268.0012870476783 30.89137193274698
  endloop
endfacet
facet normal 1.1563871266429343e-14 1.0 1.4900763784056401e-08
  outer loop
    vertex 855.8598458574104 1268.0012866384832 58.35270595203246
    vertex 855.3939715762278 1268.0012870476783 30.89137193274698
    vertex 855.3939715762258 1268.0012866393974 58.29137243935283
  endloop
endfacet
facet normal 1.1563871266429343e-14 1.0 1.4900763784056401e-08
  outer loop
    vertex 855.3939715762258 1268.0012866393974 58.29137243935283
    vertex 855.3939715762278 1268.0012870476783 30.89137193274698
    vertex 854.9280972950432 1268.0012870485918 30.830038420067265
  endloop
endfacet
facet normal 1.1563871266429343e-14 1.0 1.4900763784056401e-08
  outer loop
    vertex 855.3939715762258 1268.0012866393974 58.29137243935283
    vertex 854.9280972950432 1268.0012870485918 30.830038420067265
    vertex 854.9280972950412 1268.0012866384832 58.35270595203246
  endloop
endfacet
facet normal 1.1563871266429343e-14 1.0 1.4900763784056401e-08
  outer loop
    vertex 854.9280972950412 1268.0012866384832 58.35270595203246
    vertex 854.9280972950432 1268.0012870485918 30.830038420067265
    vertex 854.4939715762279 1268.0012870512712 30.650217659558983
  endloop
endfacet
facet normal 1.1563871266429343e-14 1.0 1.4900763784056401e-08
  outer loop
    vertex 854.9280972950412 1268.0012866384832 58.35270595203246
    vertex 854.4939715762279 1268.0012870512712 30.650217659558983
    vertex 854.4939715762258 1268.0012866358036 58.53252671254083
  endloop
endfacet
facet normal 1.1563871266429343e-14 1.0 1.4900763784056401e-08
  outer loop
    vertex 854.4939715762258 1268.0012866358036 58.53252671254083
    vertex 854.4939715762279 1268.0012870512712 30.650217659558983
    vertex 854.121179370092 1268.0012870555338 30.364164138882703
  endloop
endfacet
facet normal 1.1563871266429343e-14 1.0 1.4900763784056401e-08
  outer loop
    vertex 854.4939715762258 1268.0012866358036 58.53252671254083
    vertex 854.121179370092 1268.0012870555338 30.364164138882703
    vertex 854.1211793700901 1268.0012866315415 58.81858023321702
  endloop
endfacet
facet normal 1.1563871266429343e-14 1.0 1.4900763784056401e-08
  outer loop
    vertex 854.1211793700901 1268.0012866315415 58.81858023321702
    vertex 854.121179370092 1268.0012870555338 30.364164138882703
    vertex 853.8351258494157 1268.0012870610888 29.991371932746915
  endloop
endfacet
facet normal 1.1563871266429343e-14 1.0 1.4900763784056401e-08
  outer loop
    vertex 854.1211793700901 1268.0012866315415 58.81858023321702
    vertex 853.8351258494157 1268.0012870610888 29.991371932746915
    vertex 853.835125849414 1268.0012866259865 59.191372439352804
  endloop
endfacet
facet normal 1.1563871266429343e-14 1.0 1.4900763784056401e-08
  outer loop
    vertex 853.835125849414 1268.0012866259865 59.191372439352804
    vertex 853.8351258494157 1268.0012870610888 29.991371932746915
    vertex 853.6553050889074 1268.0012870675575 29.557246213931503
  endloop
endfacet
facet normal 1.1563871266429343e-14 1.0 1.4900763784056401e-08
  outer loop
    vertex 853.835125849414 1268.0012866259865 59.191372439352804
    vertex 853.6553050889074 1268.0012870675575 29.557246213931503
    vertex 853.6553050889055 1268.0012866195175 59.625498158168305
  endloop
endfacet
facet normal 1.1563871266429343e-14 1.0 1.4900763784056401e-08
  outer loop
    vertex 853.6553050889055 1268.0012866195175 59.625498158168305
    vertex 853.6553050889074 1268.0012870675575 29.557246213931503
    vertex 853.5939715762279 1268.0012870744993 29.09137193274694
  endloop
endfacet
facet normal 1.1563871266429343e-14 1.0 1.4900763784056401e-08
  outer loop
    vertex 853.6553050889055 1268.0012866195175 59.625498158168305
    vertex 853.5939715762279 1268.0012870744993 29.09137193274694
    vertex 853.5939715762258 1268.0012866125758 60.09137243935278
  endloop
endfacet
facet normal 1.1563871266429343e-14 1.0 1.4900763784056401e-08
  outer loop
    vertex 861.0439715762267 1268.0012874632807 3.0000000670531577
    vertex 857.1939715762278 1268.0012870744995 29.09137193274694
    vertex 861.0439715762267 1268.0012865066517 67.20000011010572
  endloop
endfacet
facet normal 1.1563871266429343e-14 1.0 1.4900763784056401e-08
  outer loop
    vertex 857.1939715762278 1268.0012870744995 29.09137193274694
    vertex 861.0439715762267 1268.0012874632807 3.0000000670531577
    vertex 857.1326380635481 1268.0012870814414 28.62549765156247
  endloop
endfacet
facet normal 1.1563871266429343e-14 1.0 1.4900763784056401e-08
  outer loop
    vertex 857.1326380635481 1268.0012870814414 28.62549765156247
    vertex 861.0439715762267 1268.0012874632807 3.0000000670531577
    vertex 856.9528173030396 1268.00128708791 28.191371932746964
  endloop
endfacet
facet normal 1.1563871266429343e-14 1.0 1.4900763784056401e-08
  outer loop
    vertex 856.9528173030396 1268.00128708791 28.191371932746964
    vertex 861.0439715762267 1268.0012874632807 3.0000000670531577
    vertex 856.6667637823635 1268.001287093465 27.81857972661118
  endloop
endfacet
facet normal 1.1563871266429343e-14 1.0 1.4900763784056401e-08
  outer loop
    vertex 856.6667637823635 1268.001287093465 27.81857972661118
    vertex 861.0439715762267 1268.0012874632807 3.0000000670531577
    vertex 856.2939715762278 1268.0012870977273 27.53252620593499
  endloop
endfacet
facet normal 1.1563871266429343e-14 1.0 1.4900763784056401e-08
  outer loop
    vertex 856.2939715762278 1268.0012870977273 27.53252620593499
    vertex 861.0439715762267 1268.0012874632807 3.0000000670531577
    vertex 818.5439715762265 1268.0012874632807 3.0000000670531577
  endloop
endfacet
facet normal 1.1563871266429343e-14 1.0 1.4900763784056401e-08
  outer loop
    vertex 856.2939715762278 1268.0012870977273 27.53252620593499
    vertex 818.5439715762265 1268.0012874632807 3.0000000670531577
    vertex 855.8598458574123 1268.001287100407 27.35270544542662
  endloop
endfacet
facet normal 1.1563871266429343e-14 1.0 1.4900763784056401e-08
  outer loop
    vertex 855.8598458574123 1268.001287100407 27.35270544542662
    vertex 818.5439715762265 1268.0012874632807 3.0000000670531577
    vertex 855.3939715762278 1268.0012871013212 27.29137193274699
  endloop
endfacet
facet normal 1.1563871266429343e-14 1.0 1.4900763784056401e-08
  outer loop
    vertex 855.3939715762278 1268.0012871013212 27.29137193274699
    vertex 818.5439715762265 1268.0012874632807 3.0000000670531577
    vertex 854.9280972950432 1268.001287100407 27.35270544542662
  endloop
endfacet
facet normal 1.1563871266429343e-14 1.0 1.4900763784056401e-08
  outer loop
    vertex 854.9280972950432 1268.001287100407 27.35270544542662
    vertex 818.5439715762265 1268.0012874632807 3.0000000670531577
    vertex 854.4939715762279 1268.0012870977273 27.53252620593499
  endloop
endfacet
facet normal 1.1563871266429343e-14 1.0 1.4900763784056401e-08
  outer loop
    vertex 854.4939715762279 1268.0012870977273 27.53252620593499
    vertex 818.5439715762265 1268.0012874632807 3.0000000670531577
    vertex 854.121179370092 1268.001287093465 27.81857972661118
  endloop
endfacet
facet normal 1.1563871266429343e-14 1.0 1.4900763784056401e-08
  outer loop
    vertex 854.121179370092 1268.001287093465 27.81857972661118
    vertex 818.5439715762265 1268.0012874632807 3.0000000670531577
    vertex 853.8351258494157 1268.0012870879102 28.191371932746964
  endloop
endfacet
facet normal 1.1563871266429343e-14 1.0 1.4900763784056401e-08
  outer loop
    vertex 853.8351258494157 1268.0012870879102 28.191371932746964
    vertex 818.5439715762265 1268.0012874632807 3.0000000670531577
    vertex 853.6553050889074 1268.001287081441 28.62549765156247
  endloop
endfacet
facet normal 1.1563871266429343e-14 1.0 1.4900763784056401e-08
  outer loop
    vertex 853.6553050889074 1268.001287081441 28.62549765156247
    vertex 818.5439715762265 1268.0012874632807 3.0000000670531577
    vertex 853.5939715762279 1268.0012870744993 29.09137193274694
  endloop
endfacet
facet normal 1.1563871266429343e-14 1.0 1.4900763784056401e-08
  outer loop
    vertex 853.5939715762279 1268.0012870744993 29.09137193274694
    vertex 818.5439715762265 1268.0012874632807 3.0000000670531577
    vertex 823.5439715762272 1268.0012873963558 7.491371305452475
  endloop
endfacet
facet normal 1.1563871266429343e-14 1.0 1.4900763784056401e-08
  outer loop
    vertex 853.5939715762279 1268.0012870744993 29.09137193274694
    vertex 823.5439715762272 1268.0012873963558 7.491371305452475
    vertex 848.3792529504663 1268.0012869699747 36.10609106511645
  endloop
endfacet
facet normal 1.1563871266429343e-14 1.0 1.4900763784056401e-08
  outer loop
    vertex 853.5939715762279 1268.0012870744993 29.09137193274694
    vertex 848.3792529504663 1268.0012869699747 36.10609106511645
    vertex 850.2862764216409 1268.0012869329423 38.591372439355055
  endloop
endfacet
facet normal 1.1563871266429343e-14 1.0 1.4900763784056401e-08
  outer loop
    vertex 853.5939715762279 1268.0012870744993 29.09137193274694
    vertex 850.2862764216409 1268.0012869329423 38.591372439355055
    vertex 851.4850814916965 1268.001286889817 41.48554389812481
  endloop
endfacet
facet normal 1.1563871266429343e-14 1.0 1.4900763784056401e-08
  outer loop
    vertex 853.5939715762279 1268.0012870744993 29.09137193274694
    vertex 851.4850814916965 1268.001286889817 41.48554389812481
    vertex 851.8939715762277 1268.0012868435376 44.59137243935504
  endloop
endfacet
facet normal 1.1563871266429343e-14 1.0 1.4900763784056401e-08
  outer loop
    vertex 853.5939715762279 1268.0012870744993 29.09137193274694
    vertex 851.8939715762277 1268.0012868435376 44.59137243935504
    vertex 853.5939715762258 1268.0012866125758 60.09137243935278
  endloop
endfacet
facet normal 1.1563871266429343e-14 1.0 1.4900763784056401e-08
  outer loop
    vertex 848.3792529504663 1268.0012869699747 36.10609106511645
    vertex 823.5439715762272 1268.0012873963558 7.491371305452475
    vertex 845.8939715762276 1268.001286998391 34.19906759394184
  endloop
endfacet
facet normal 1.1563871266429343e-14 1.0 1.4900763784056401e-08
  outer loop
    vertex 845.8939715762276 1268.001286998391 34.19906759394184
    vertex 823.5439715762272 1268.0012873963558 7.491371305452475
    vertex 842.9998001174579 1268.001287016254 33.00026252388586
  endloop
endfacet
facet normal 1.1563871266429343e-14 1.0 1.4900763784056401e-08
  outer loop
    vertex 842.9998001174579 1268.001287016254 33.00026252388586
    vertex 823.5439715762272 1268.0012873963558 7.491371305452475
    vertex 839.8939715762277 1268.0012870223468 32.5913724393547
  endloop
endfacet
facet normal 1.1563871266429343e-14 1.0 1.4900763784056401e-08
  outer loop
    vertex 839.8939715762277 1268.0012870223468 32.5913724393547
    vertex 823.5439715762272 1268.0012873963558 7.491371305452475
    vertex 836.7881430349975 1268.0012870162539 33.00026252388586
  endloop
endfacet
facet normal 1.1563871266429343e-14 1.0 1.4900763784056401e-08
  outer loop
    vertex 836.7881430349975 1268.0012870162539 33.00026252388586
    vertex 823.5439715762272 1268.0012873963558 7.491371305452475
    vertex 833.8939715762276 1268.0012869983907 34.199067593941436
  endloop
endfacet
facet normal 1.1563871266429343e-14 1.0 1.4900763784056401e-08
  outer loop
    vertex 833.8939715762276 1268.0012869983907 34.199067593941436
    vertex 823.5439715762272 1268.0012873963558 7.491371305452475
    vertex 831.4086902019891 1268.0012869699747 36.10609106511609
  endloop
endfacet
facet normal 1.1563871266429343e-14 1.0 1.4900763784056401e-08
  outer loop
    vertex 831.4086902019891 1268.0012869699747 36.10609106511609
    vertex 823.5439715762272 1268.0012873963558 7.491371305452475
    vertex 829.5016667308145 1268.001286932942 38.59137243935469
  endloop
endfacet
facet normal 1.1563871266429343e-14 1.0 1.4900763784056401e-08
  outer loop
    vertex 829.5016667308145 1268.001286932942 38.59137243935469
    vertex 823.5439715762272 1268.0012873963558 7.491371305452475
    vertex 828.3028616607589 1268.0012868898168 41.485543898124455
  endloop
endfacet
facet normal 1.1563871266429343e-14 1.0 1.4900763784056401e-08
  outer loop
    vertex 828.3028616607589 1268.0012868898168 41.485543898124455
    vertex 823.5439715762272 1268.0012873963558 7.491371305452475
    vertex 826.1939715762276 1268.0012870744993 29.09137193274658
  endloop
endfacet
facet normal 1.1563871266429343e-14 1.0 1.4900763784056401e-08
  outer loop
    vertex 828.3028616607589 1268.0012868898168 41.485543898124455
    vertex 826.1939715762276 1268.0012870744993 29.09137193274658
    vertex 827.8939715762277 1268.0012868435374 44.59137243935468
  endloop
endfacet
facet normal 1.1563871266429343e-14 1.0 1.4900763784056401e-08
  outer loop
    vertex 826.1939715762276 1268.0012870744993 29.09137193274658
    vertex 823.5439715762272 1268.0012873963558 7.491371305452475
    vertex 826.1326380635479 1268.0012870814412 28.625497651562018
  endloop
endfacet
facet normal 1.1563871266429343e-14 1.0 1.4900763784056401e-08
  outer loop
    vertex 826.1326380635479 1268.0012870814412 28.625497651562018
    vertex 823.5439715762272 1268.0012873963558 7.491371305452475
    vertex 825.9528173030395 1268.0012870879102 28.191371932746605
  endloop
endfacet
facet normal 1.1563871266429343e-14 1.0 1.4900763784056401e-08
  outer loop
    vertex 825.9528173030395 1268.0012870879102 28.191371932746605
    vertex 823.5439715762272 1268.0012873963558 7.491371305452475
    vertex 825.6667637823634 1268.0012870934652 27.818579726610817
  endloop
endfacet
facet normal 1.1563871266429343e-14 1.0 1.4900763784056401e-08
  outer loop
    vertex 825.6667637823634 1268.0012870934652 27.818579726610817
    vertex 823.5439715762272 1268.0012873963558 7.491371305452475
    vertex 825.2939715762276 1268.0012870977273 27.532526205934538
  endloop
endfacet
facet normal 1.1563871266429343e-14 1.0 1.4900763784056401e-08
  outer loop
    vertex 825.2939715762276 1268.0012870977273 27.532526205934538
    vertex 823.5439715762272 1268.0012873963558 7.491371305452475
    vertex 824.8598458574122 1268.001287100407 27.352705445426256
  endloop
endfacet
facet normal 1.1563871266429343e-14 1.0 1.4900763784056401e-08
  outer loop
    vertex 824.8598458574122 1268.001287100407 27.352705445426256
    vertex 823.5439715762272 1268.0012873963558 7.491371305452475
    vertex 824.3939715762276 1268.0012871013207 27.291371932746628
  endloop
endfacet
facet normal 1.1563871266429343e-14 1.0 1.4900763784056401e-08
  outer loop
    vertex 824.3939715762276 1268.0012871013207 27.291371932746628
    vertex 823.5439715762272 1268.0012873963558 7.491371305452475
    vertex 823.928097295043 1268.0012871004067 27.352705445426256
  endloop
endfacet
facet normal 1.1563871266429343e-14 1.0 1.4900763784056401e-08
  outer loop
    vertex 823.928097295043 1268.0012871004067 27.352705445426256
    vertex 823.5439715762272 1268.0012873963558 7.491371305452475
    vertex 823.5439715762284 1268.0012871847657 21.691371305455338
  endloop
endfacet
facet normal 1.1563871266429343e-14 1.0 1.4900763784056401e-08
  outer loop
    vertex 823.5439715762272 1268.0012873963558 7.491371305452475
    vertex 818.5439715762265 1268.0012874632807 3.0000000670531577
    vertex 818.543971576227 1268.0012874216884 5.791371305452906
  endloop
endfacet
facet normal 1.1563871266429343e-14 1.0 1.4900763784056401e-08
  outer loop
    vertex 823.5439715762272 1268.0012873963558 7.491371305452475
    vertex 818.543971576227 1268.0012874216884 5.791371305452906
    vertex 818.5439715762271 1268.001287396356 7.491371305452881
  endloop
endfacet
facet normal 1.1563871266429343e-14 1.0 1.4900763784056401e-08
  outer loop
    vertex 823.5439715762284 1268.0012871847657 21.691371305455338
    vertex 823.4939715762276 1268.0012870977273 27.53252620593499
    vertex 823.928097295043 1268.0012871004067 27.352705445426256
  endloop
endfacet
facet normal 1.1563871266429343e-14 1.0 1.4900763784056401e-08
  outer loop
    vertex 823.4939715762276 1268.0012870977273 27.53252620593499
    vertex 823.5439715762284 1268.0012871847657 21.691371305455338
    vertex 818.5439715762287 1268.0012871847664 21.691371305455696
  endloop
endfacet
facet normal 1.1563871266429343e-14 1.0 1.4900763784056401e-08
  outer loop
    vertex 823.4939715762276 1268.0012870977273 27.53252620593499
    vertex 818.5439715762287 1268.0012871847664 21.691371305455696
    vertex 823.1211793700919 1268.001287093465 27.81857972661127
  endloop
endfacet
facet normal 1.1563871266429343e-14 1.0 1.4900763784056401e-08
  outer loop
    vertex 823.1211793700919 1268.001287093465 27.81857972661127
    vertex 818.5439715762287 1268.0012871847664 21.691371305455696
    vertex 822.8351258494158 1268.00128708791 28.191371932747057
  endloop
endfacet
facet normal 1.1563871266429343e-14 1.0 1.4900763784056401e-08
  outer loop
    vertex 822.8351258494158 1268.00128708791 28.191371932747057
    vertex 818.5439715762287 1268.0012871847664 21.691371305455696
    vertex 822.6553050889073 1268.0012870814412 28.62549765156247
  endloop
endfacet
facet normal 1.1563871266429343e-14 1.0 1.4900763784056401e-08
  outer loop
    vertex 822.6553050889073 1268.0012870814412 28.62549765156247
    vertex 818.5439715762287 1268.0012871847664 21.691371305455696
    vertex 822.5939715762277 1268.0012870744993 29.09137193274703
  endloop
endfacet
facet normal 1.1563871266429343e-14 1.0 1.4900763784056401e-08
  outer loop
    vertex 822.5939715762277 1268.0012870744993 29.09137193274703
    vertex 818.5439715762287 1268.0012871847664 21.691371305455696
    vertex 822.5939715762257 1268.0012866125758 60.09137193274711
  endloop
endfacet
facet normal 1.1563871266429343e-14 1.0 1.4900763784056401e-08
  outer loop
    vertex 823.9280972950411 1268.0012865866684 61.83003842006707
    vertex 823.5439715762263 1268.00128650231 67.49137130545115
    vertex 823.5439715762285 1268.0012862907201 81.69137130545369
  endloop
endfacet
facet normal 1.1563871266429343e-14 1.0 1.4900763784056401e-08
  outer loop
    vertex 823.5439715762263 1268.00128650231 67.49137130545115
    vertex 823.9280972950411 1268.0012865866684 61.83003842006707
    vertex 823.4939715762257 1268.0012865893477 61.650217659559154
  endloop
endfacet
facet normal 1.1563871266429343e-14 1.0 1.4900763784056401e-08
  outer loop
    vertex 823.5439715762263 1268.00128650231 67.49137130545115
    vertex 823.4939715762257 1268.0012865893477 61.650217659559154
    vertex 818.5439715762262 1268.0012865023102 67.49137130545151
  endloop
endfacet
facet normal 1.1563871266429343e-14 1.0 1.4900763784056401e-08
  outer loop
    vertex 818.5439715762262 1268.0012865023102 67.49137130545151
    vertex 823.4939715762257 1268.0012865893477 61.650217659559154
    vertex 823.1211793700899 1268.00128659361 61.36416413888287
  endloop
endfacet
facet normal 1.1563871266429343e-14 1.0 1.4900763784056401e-08
  outer loop
    vertex 818.5439715762262 1268.0012865023102 67.49137130545151
    vertex 823.1211793700899 1268.00128659361 61.36416413888287
    vertex 822.8351258494138 1268.001286599165 60.991371932747086
  endloop
endfacet
facet normal 1.1563871266429343e-14 1.0 1.4900763784056401e-08
  outer loop
    vertex 818.5439715762262 1268.0012865023102 67.49137130545151
    vertex 822.8351258494138 1268.001286599165 60.991371932747086
    vertex 822.6553050889053 1268.0012866056338 60.55724621393167
  endloop
endfacet
facet normal 1.1563871266429343e-14 1.0 1.4900763784056401e-08
  outer loop
    vertex 818.5439715762262 1268.0012865023102 67.49137130545151
    vertex 822.6553050889053 1268.0012866056338 60.55724621393167
    vertex 822.5939715762257 1268.0012866125758 60.09137193274711
  endloop
endfacet
facet normal 1.1563871266429343e-14 1.0 1.4900763784056401e-08
  outer loop
    vertex 818.5439715762262 1268.0012865023102 67.49137130545151
    vertex 822.5939715762257 1268.0012866125758 60.09137193274711
    vertex 818.5439715762287 1268.0012871847664 21.691371305455696
  endloop
endfacet
facet normal 1.1563871266429343e-14 1.0 1.4900763784056401e-08
  outer loop
    vertex 818.5439715762262 1268.0012865023102 67.49137130545151
    vertex 818.5439715762287 1268.0012871847664 21.691371305455696
    vertex 818.5439715762284 1268.0012871594345 23.391371305455763
  endloop
endfacet
facet normal 1.1563871266429343e-14 1.0 1.4900763784056401e-08
  outer loop
    vertex 818.5439715762262 1268.0012865023102 67.49137130545151
    vertex 818.5439715762284 1268.0012871594345 23.391371305455763
    vertex 818.5439715762262 1268.001286527642 65.79137130545145
  endloop
endfacet
facet normal 1.1563871266429343e-14 1.0 1.4900763784056401e-08
  outer loop
    vertex 826.1326380635479 1268.0012870675575 29.55724621393114
    vertex 826.1939715762256 1268.0012866125755 60.091371932746746
    vertex 826.1939715762276 1268.0012870744993 29.09137193274658
  endloop
endfacet
facet normal 1.1563871266429343e-14 1.0 1.4900763784056401e-08
  outer loop
    vertex 826.1939715762256 1268.0012866125755 60.091371932746746
    vertex 826.1326380635479 1268.0012870675575 29.55724621393114
    vertex 826.132638063546 1268.0012866195175 59.625497651562185
  endloop
endfacet
facet normal 1.1563871266429343e-14 1.0 1.4900763784056401e-08
  outer loop
    vertex 826.132638063546 1268.0012866195175 59.625497651562185
    vertex 826.1326380635479 1268.0012870675575 29.55724621393114
    vertex 825.9528173030395 1268.0012870610888 29.991371932746556
  endloop
endfacet
facet normal 1.1563871266429343e-14 1.0 1.4900763784056401e-08
  outer loop
    vertex 826.132638063546 1268.0012866195175 59.625497651562185
    vertex 825.9528173030395 1268.0012870610888 29.991371932746556
    vertex 825.9528173030377 1268.0012866259865 59.191371932746776
  endloop
endfacet
facet normal 1.1563871266429343e-14 1.0 1.4900763784056401e-08
  outer loop
    vertex 825.9528173030377 1268.0012866259865 59.191371932746776
    vertex 825.9528173030395 1268.0012870610888 29.991371932746556
    vertex 825.6667637823634 1268.001287055534 30.36416413888234
  endloop
endfacet
facet normal 1.1563871266429343e-14 1.0 1.4900763784056401e-08
  outer loop
    vertex 825.9528173030377 1268.0012866259865 59.191371932746776
    vertex 825.6667637823634 1268.001287055534 30.36416413888234
    vertex 825.6667637823614 1268.0012866315415 58.818579726610984
  endloop
endfacet
facet normal 1.1563871266429343e-14 1.0 1.4900763784056401e-08
  outer loop
    vertex 825.6667637823614 1268.0012866315415 58.818579726610984
    vertex 825.6667637823634 1268.001287055534 30.36416413888234
    vertex 825.2939715762276 1268.0012870512712 30.650217659558624
  endloop
endfacet
facet normal 1.1563871266429343e-14 1.0 1.4900763784056401e-08
  outer loop
    vertex 825.6667637823614 1268.0012866315415 58.818579726610984
    vertex 825.2939715762276 1268.0012870512712 30.650217659558624
    vertex 825.2939715762257 1268.0012866358038 58.53252620593471
  endloop
endfacet
facet normal 1.1563871266429343e-14 1.0 1.4900763784056401e-08
  outer loop
    vertex 825.2939715762257 1268.0012866358038 58.53252620593471
    vertex 825.2939715762276 1268.0012870512712 30.650217659558624
    vertex 824.8598458574122 1268.001287048592 30.830038420066902
  endloop
endfacet
facet normal 1.1563871266429343e-14 1.0 1.4900763784056401e-08
  outer loop
    vertex 825.2939715762257 1268.0012866358038 58.53252620593471
    vertex 824.8598458574122 1268.001287048592 30.830038420066902
    vertex 824.8598458574102 1268.0012866384834 58.35270544542642
  endloop
endfacet
facet normal 1.1563871266429343e-14 1.0 1.4900763784056401e-08
  outer loop
    vertex 824.8598458574102 1268.0012866384834 58.35270544542642
    vertex 824.8598458574122 1268.001287048592 30.830038420066902
    vertex 824.3939715762276 1268.001287047678 30.89137193274653
  endloop
endfacet
facet normal 1.1563871266429343e-14 1.0 1.4900763784056401e-08
  outer loop
    vertex 824.8598458574102 1268.0012866384834 58.35270544542642
    vertex 824.3939715762276 1268.001287047678 30.89137193274653
    vertex 824.3939715762257 1268.001286639397 58.2913719327468
  endloop
endfacet
facet normal 1.1563871266429343e-14 1.0 1.4900763784056401e-08
  outer loop
    vertex 824.3939715762257 1268.001286639397 58.2913719327468
    vertex 824.3939715762276 1268.001287047678 30.89137193274653
    vertex 823.928097295043 1268.0012870485918 30.830038420066902
  endloop
endfacet
facet normal 1.1563871266429343e-14 1.0 1.4900763784056401e-08
  outer loop
    vertex 824.3939715762257 1268.001286639397 58.2913719327468
    vertex 823.928097295043 1268.0012870485918 30.830038420066902
    vertex 823.9280972950411 1268.0012866384832 58.35270544542642
  endloop
endfacet
facet normal 1.1563871266429343e-14 1.0 1.4900763784056401e-08
  outer loop
    vertex 823.9280972950411 1268.0012866384832 58.35270544542642
    vertex 823.928097295043 1268.0012870485918 30.830038420066902
    vertex 823.4939715762276 1268.0012870512712 30.650217659559075
  endloop
endfacet
facet normal 1.1563871266429343e-14 1.0 1.4900763784056401e-08
  outer loop
    vertex 823.9280972950411 1268.0012866384832 58.35270544542642
    vertex 823.4939715762276 1268.0012870512712 30.650217659559075
    vertex 823.4939715762257 1268.0012866358038 58.53252620593506
  endloop
endfacet
facet normal 1.1563871266429343e-14 1.0 1.4900763784056401e-08
  outer loop
    vertex 823.4939715762257 1268.0012866358038 58.53252620593506
    vertex 823.4939715762276 1268.0012870512712 30.650217659559075
    vertex 823.1211793700919 1268.0012870555338 30.364164138882792
  endloop
endfacet
facet normal 1.1563871266429343e-14 1.0 1.4900763784056401e-08
  outer loop
    vertex 823.4939715762257 1268.0012866358038 58.53252620593506
    vertex 823.1211793700919 1268.0012870555338 30.364164138882792
    vertex 823.1211793700899 1268.0012866315415 58.81857972661135
  endloop
endfacet
facet normal 1.1563871266429343e-14 1.0 1.4900763784056401e-08
  outer loop
    vertex 823.1211793700899 1268.0012866315415 58.81857972661135
    vertex 823.1211793700919 1268.0012870555338 30.364164138882792
    vertex 822.8351258494158 1268.0012870610888 29.991371932747008
  endloop
endfacet
facet normal 1.1563871266429343e-14 1.0 1.4900763784056401e-08
  outer loop
    vertex 823.1211793700899 1268.0012866315415 58.81857972661135
    vertex 822.8351258494158 1268.0012870610888 29.991371932747008
    vertex 822.8351258494138 1268.0012866259865 59.19137193274713
  endloop
endfacet
facet normal 1.1563871266429343e-14 1.0 1.4900763784056401e-08
  outer loop
    vertex 822.8351258494138 1268.0012866259865 59.19137193274713
    vertex 822.8351258494158 1268.0012870610888 29.991371932747008
    vertex 822.6553050889073 1268.0012870675575 29.55724621393159
  endloop
endfacet
facet normal 1.1563871266429343e-14 1.0 1.4900763784056401e-08
  outer loop
    vertex 822.8351258494138 1268.0012866259865 59.19137193274713
    vertex 822.6553050889073 1268.0012870675575 29.55724621393159
    vertex 822.6553050889053 1268.0012866195175 59.62549765156255
  endloop
endfacet
facet normal 1.1563871266429343e-14 1.0 1.4900763784056401e-08
  outer loop
    vertex 822.6553050889053 1268.0012866195175 59.62549765156255
    vertex 822.6553050889073 1268.0012870675575 29.55724621393159
    vertex 822.5939715762277 1268.0012870744993 29.09137193274703
  endloop
endfacet
facet normal 1.1563871266429343e-14 1.0 1.4900763784056401e-08
  outer loop
    vertex 822.6553050889053 1268.0012866195175 59.62549765156255
    vertex 822.5939715762277 1268.0012870744993 29.09137193274703
    vertex 822.5939715762257 1268.0012866125758 60.09137193274711
  endloop
endfacet
facet normal -0.7071067811868222 -0.7071067811862728 -1.0536395679553754e-08
  outer loop
    vertex 812.2439715757656 1289.0012866949976 54.60000040151354
    vertex 813.7439715762441 1287.5012861789535 89.20000040069338
    vertex 812.2439715762455 1289.0012861789533 89.20000042304679
  endloop
endfacet
facet normal -0.7071067811868222 -0.7071067811862728 -1.0536395679553754e-08
  outer loop
    vertex 813.7439715762441 1287.5012861789535 89.20000040069338
    vertex 812.2439715757656 1289.0012866949976 54.60000040151354
    vertex 813.7439715757644 1287.5012866949978 54.60000037916235
  endloop
endfacet
facet normal 1.0 2.4841240175987854e-15 4.033264445697463e-30
  outer loop
    vertex 861.0439715762267 1263.5012874632807 2.9999999999997238
    vertex 861.0439715762267 1268.0012865066517 67.20000011010572
    vertex 861.0439715762267 1263.5012865066517 67.20000004305228
  endloop
endfacet
facet normal 1.0 2.4841240175987854e-15 4.033264445697463e-30
  outer loop
    vertex 861.0439715762267 1268.0012865066517 67.20000011010572
    vertex 861.0439715762267 1263.5012874632807 2.9999999999997238
    vertex 861.0439715762267 1268.0012874632807 3.0000000670531577
  endloop
endfacet
facet normal 0.7071067811865422 1.0536432377780004e-08 -0.7071067811865529
  outer loop
    vertex 861.0439715762267 1268.0012874632807 3.0000000670531577
    vertex 858.0439715762267 1263.5012875079833 -3.158362460453645e-13
    vertex 858.0439715762267 1269.130699227763 8.388217027643917e-08
  endloop
endfacet
facet normal 0.7071067811865422 1.0536432377780004e-08 -0.7071067811865529
  outer loop
    vertex 858.0439715762267 1263.5012875079833 -3.158362460453645e-13
    vertex 861.0439715762267 1268.0012874632807 3.0000000670531577
    vertex 861.0439715762267 1263.5012874632807 2.9999999999997238
  endloop
endfacet
facet normal 1.0 -3.28593178728709e-14 -8.450381394910565e-14
  outer loop
    vertex 823.5439715762263 1268.00128650231 67.49137130545115
    vertex 823.5439715762285 1268.9376839213562 80.73778842006291
    vertex 823.5439715762285 1268.0012862907201 81.69137130545369
  endloop
endfacet
facet normal 1.0 -3.28593178728709e-14 -8.450381394910565e-14
  outer loop
    vertex 823.5439715762285 1268.9376839213562 80.73778842006291
    vertex 823.5439715762263 1268.00128650231 67.49137130545115
    vertex 823.5439715762275 1269.7306210233212 79.66195776689398
  endloop
endfacet
facet normal 1.0 -3.28593178728709e-14 -8.450381394910565e-14
  outer loop
    vertex 823.5439715762275 1269.7306210233212 79.66195776689398
    vertex 823.5439715762263 1268.00128650231 67.49137130545115
    vertex 823.5439715762275 1270.3643266543872 78.48527683515152
  endloop
endfacet
facet normal 1.0 -3.28593178728709e-14 -8.450381394910565e-14
  outer loop
    vertex 823.5439715762275 1270.3643266543872 78.48527683515152
    vertex 823.5439715762263 1268.00128650231 67.49137130545115
    vertex 823.5439715762272 1270.826196870467 77.23114895272899
  endloop
endfacet
facet normal 1.0 -3.28593178728709e-14 -8.450381394910565e-14
  outer loop
    vertex 823.5439715762272 1270.826196870467 77.23114895272899
    vertex 823.5439715762263 1268.00128650231 67.49137130545115
    vertex 823.5439715762272 1271.1070454088958 75.92451781103928
  endloop
endfacet
facet normal 1.0 -3.28593178728709e-14 -8.450381394910565e-14
  outer loop
    vertex 823.5439715762272 1271.1070454088958 75.92451781103928
    vertex 823.5439715762263 1268.00128650231 67.49137130545115
    vertex 823.5439715762271 1271.201286396515 74.59137135313468
  endloop
endfacet
facet normal 1.0 -3.28593178728709e-14 -8.450381394910565e-14
  outer loop
    vertex 823.5439715762271 1271.201286396515 74.59137135313468
    vertex 823.5439715762263 1268.00128650231 67.49137130545115
    vertex 823.5439715762271 1271.1070454486257 73.25822489242155
  endloop
endfacet
facet normal 1.0 -3.28593178728709e-14 -8.450381394910565e-14
  outer loop
    vertex 823.5439715762271 1271.1070454486257 73.25822489242155
    vertex 823.5439715762263 1268.00128650231 67.49137130545115
    vertex 823.5439715762269 1270.8261969491361 71.95159374236222
  endloop
endfacet
facet normal 1.0 -3.28593178728709e-14 -8.450381394910565e-14
  outer loop
    vertex 823.5439715762269 1270.8261969491361 71.95159374236222
    vertex 823.5439715762263 1268.00128650231 67.49137130545115
    vertex 823.5439715762267 1270.3643267704313 70.69746584617535
  endloop
endfacet
facet normal 1.0 -3.28593178728709e-14 -8.450381394910565e-14
  outer loop
    vertex 823.5439715762267 1270.3643267704313 70.69746584617535
    vertex 823.5439715762263 1268.00128650231 67.49137130545115
    vertex 823.5439715762267 1269.730621174432 69.5207848955475
  endloop
endfacet
facet normal 1.0 -3.28593178728709e-14 -8.450381394910565e-14
  outer loop
    vertex 823.5439715762267 1269.730621174432 69.5207848955475
    vertex 823.5439715762263 1268.00128650231 67.49137130545115
    vertex 823.5439715762266 1268.937684104528 68.44495421874801
  endloop
endfacet
facet normal -3.465847132364225e-14 0.7135069019925103 -0.7006482004608663
  outer loop
    vertex 823.5439715762263 1268.00128650231 67.49137130545115
    vertex 818.5439715762265 1268.9376841045282 68.44495421874836
    vertex 823.5439715762266 1268.937684104528 68.44495421874801
  endloop
endfacet
facet normal -3.465847132364225e-14 0.7135069019925103 -0.7006482004608663
  outer loop
    vertex 818.5439715762265 1268.9376841045282 68.44495421874836
    vertex 823.5439715762263 1268.00128650231 67.49137130545115
    vertex 818.5439715762262 1268.0012865023102 67.49137130545151
  endloop
endfacet
facet normal -2.3685579647163443e-14 0.8049773151008502 -0.5933055891975286
  outer loop
    vertex 823.5439715762266 1268.937684104528 68.44495421874801
    vertex 818.5439715762266 1269.7306211744321 69.52078489554785
    vertex 823.5439715762267 1269.730621174432 69.5207848955475
  endloop
endfacet
facet normal -2.3685579647163443e-14 0.8049773151008502 -0.5933055891975286
  outer loop
    vertex 818.5439715762266 1269.7306211744321 69.52078489554785
    vertex 823.5439715762266 1268.937684104528 68.44495421874801
    vertex 818.5439715762265 1268.9376841045282 68.44495421874836
  endloop
endfacet
facet normal -1.1137975263985004e-14 0.880437314898371 -0.474162561295751
  outer loop
    vertex 818.5439715762266 1269.7306211744321 69.52078489554785
    vertex 823.5439715762267 1270.3643267704313 70.69746584617535
    vertex 823.5439715762267 1269.730621174432 69.5207848955475
  endloop
endfacet
facet normal -1.1137975263985004e-14 0.880437314898371 -0.474162561295751
  outer loop
    vertex 823.5439715762267 1270.3643267704313 70.69746584617535
    vertex 818.5439715762266 1269.7306211744321 69.52078489554785
    vertex 818.5439715762266 1270.3643267704315 70.6974658461757
  endloop
endfacet
facet normal 1.6311553461768356e-15 0.9383860568736335 -0.3455887849238658
  outer loop
    vertex 823.5439715762267 1270.3643267704313 70.69746584617535
    vertex 818.5439715762268 1270.8261969491361 71.95159374236259
    vertex 823.5439715762269 1270.8261969491361 71.95159374236222
  endloop
endfacet
facet normal 1.6311553461768356e-15 0.9383860568736335 -0.3455887849238658
  outer loop
    vertex 818.5439715762268 1270.8261969491361 71.95159374236259
    vertex 823.5439715762267 1270.3643267704313 70.69746584617535
    vertex 818.5439715762266 1270.3643267704315 70.6974658461757
  endloop
endfacet
facet normal 1.4367843462896164e-14 0.9776709826967849 -0.21014149897795845
  outer loop
    vertex 823.5439715762269 1270.8261969491361 71.95159374236222
    vertex 818.5439715762271 1271.1070454486257 73.25822489242192
    vertex 823.5439715762271 1271.1070454486257 73.25822489242155
  endloop
endfacet
facet normal 1.4367843462896164e-14 0.9776709826967849 -0.21014149897795845
  outer loop
    vertex 818.5439715762271 1271.1070454486257 73.25822489242192
    vertex 823.5439715762269 1270.8261969491361 71.95159374236222
    vertex 818.5439715762268 1270.8261969491361 71.95159374236259
  endloop
endfacet
facet normal 2.681876562334493e-14 0.9975107437664241 -0.07051465146021331
  outer loop
    vertex 818.5439715762271 1271.1070454486257 73.25822489242192
    vertex 823.5439715762271 1271.201286396515 74.59137135313468
    vertex 823.5439715762271 1271.1070454486257 73.25822489242155
  endloop
endfacet
facet normal 2.681876562334493e-14 0.9975107437664241 -0.07051465146021331
  outer loop
    vertex 823.5439715762271 1271.201286396515 74.59137135313468
    vertex 818.5439715762271 1271.1070454486257 73.25822489242192
    vertex 818.543971576227 1271.2012863965151 74.59137135313513
  endloop
endfacet
facet normal 3.873628204171684e-14 0.9975107416649878 0.07051468118743827
  outer loop
    vertex 823.5439715762271 1271.201286396515 74.59137135313468
    vertex 818.5439715762274 1271.107045408896 75.92451781103964
    vertex 823.5439715762272 1271.1070454088958 75.92451781103928
  endloop
endfacet
facet normal 3.873628204171684e-14 0.9975107416649878 0.07051468118743827
  outer loop
    vertex 818.5439715762274 1271.107045408896 75.92451781103964
    vertex 823.5439715762271 1271.201286396515 74.59137135313468
    vertex 818.543971576227 1271.2012863965151 74.59137135313513
  endloop
endfacet
facet normal 4.9883361984454415e-14 0.9776709764342709 0.2101415281139339
  outer loop
    vertex 818.5439715762274 1271.107045408896 75.92451781103964
    vertex 823.5439715762272 1270.826196870467 77.23114895272899
    vertex 823.5439715762272 1271.1070454088958 75.92451781103928
  endloop
endfacet
facet normal 4.9883361984454415e-14 0.9776709764342709 0.2101415281139339
  outer loop
    vertex 823.5439715762272 1270.826196870467 77.23114895272899
    vertex 818.5439715762274 1271.107045408896 75.92451781103964
    vertex 818.5439715762271 1270.8261968704671 77.23114895272944
  endloop
endfacet
facet normal 6.003829813913432e-14 0.9383860465745967 0.3455888128891021
  outer loop
    vertex 823.5439715762272 1270.826196870467 77.23114895272899
    vertex 818.5439715762274 1270.3643266543872 78.4852768351519
    vertex 823.5439715762275 1270.3643266543872 78.48527683515152
  endloop
endfacet
facet normal 6.003829813913432e-14 0.9383860465745967 0.3455888128891021
  outer loop
    vertex 818.5439715762274 1270.3643266543872 78.4852768351519
    vertex 823.5439715762272 1270.826196870467 77.23114895272899
    vertex 818.5439715762271 1270.8261968704671 77.23114895272944
  endloop
endfacet
facet normal 6.899911621165833e-14 0.8804373007676601 0.4741625875340198
  outer loop
    vertex 818.5439715762274 1270.3643266543872 78.4852768351519
    vertex 823.5439715762275 1269.7306210233212 79.66195776689398
    vertex 823.5439715762275 1270.3643266543872 78.48527683515152
  endloop
endfacet
facet normal 6.899911621165833e-14 0.8804373007676601 0.4741625875340198
  outer loop
    vertex 823.5439715762275 1269.7306210233212 79.66195776689398
    vertex 818.5439715762274 1270.3643266543872 78.4852768351519
    vertex 818.5439715762274 1269.7306210233214 79.66195776689433
  endloop
endfacet
facet normal 7.658759204806509e-14 0.80497729741951 0.593305613186983
  outer loop
    vertex 823.5439715762275 1269.7306210233212 79.66195776689398
    vertex 818.5439715762284 1268.9376839213562 80.73778842006327
    vertex 823.5439715762285 1268.9376839213562 80.73778842006291
  endloop
endfacet
facet normal 7.658759204806509e-14 0.80497729741951 0.593305613186983
  outer loop
    vertex 818.5439715762284 1268.9376839213562 80.73778842006327
    vertex 823.5439715762275 1269.7306210233212 79.66195776689398
    vertex 818.5439715762274 1269.7306210233214 79.66195776689433
  endloop
endfacet
facet normal 8.262258023835386e-14 0.713506881112192 0.7006482217243919
  outer loop
    vertex 818.5439715762284 1268.9376839213562 80.73778842006327
    vertex 823.5439715762285 1268.0012862907201 81.69137130545369
    vertex 823.5439715762285 1268.9376839213562 80.73778842006291
  endloop
endfacet
facet normal 8.262258023835386e-14 0.713506881112192 0.7006482217243919
  outer loop
    vertex 823.5439715762285 1268.0012862907201 81.69137130545369
    vertex 818.5439715762284 1268.9376839213562 80.73778842006327
    vertex 818.5439715762284 1268.0012862907204 81.69137130545406
  endloop
endfacet
facet normal 1.0 -3.2859317872870295e-14 -8.450381394910639e-14
  outer loop
    vertex 823.5439715762272 1268.0012873963558 7.491371305452475
    vertex 823.5439715762284 1268.9376848154018 20.73778842006446
    vertex 823.5439715762284 1268.0012871847657 21.691371305455338
  endloop
endfacet
facet normal 1.0 -3.2859317872870295e-14 -8.450381394910639e-14
  outer loop
    vertex 823.5439715762284 1268.9376848154018 20.73778842006446
    vertex 823.5439715762272 1268.0012873963558 7.491371305452475
    vertex 823.5439715762282 1269.730621917367 19.66195776689562
  endloop
endfacet
facet normal 1.0 -3.2859317872870295e-14 -8.450381394910639e-14
  outer loop
    vertex 823.5439715762282 1269.730621917367 19.66195776689562
    vertex 823.5439715762272 1268.0012873963558 7.491371305452475
    vertex 823.5439715762282 1270.3643275484328 18.48527683515308
  endloop
endfacet
facet normal 1.0 -3.2859317872870295e-14 -8.450381394910639e-14
  outer loop
    vertex 823.5439715762282 1270.3643275484328 18.48527683515308
    vertex 823.5439715762272 1268.0012873963558 7.491371305452475
    vertex 823.543971576228 1270.8261977645127 17.231148952730546
  endloop
endfacet
facet normal 1.0 -3.2859317872870295e-14 -8.450381394910639e-14
  outer loop
    vertex 823.543971576228 1270.8261977645127 17.231148952730546
    vertex 823.5439715762272 1268.0012873963558 7.491371305452475
    vertex 823.543971576228 1271.1070463029416 15.92451781104101
  endloop
endfacet
facet normal 1.0 -3.2859317872870295e-14 -8.450381394910639e-14
  outer loop
    vertex 823.543971576228 1271.1070463029416 15.92451781104101
    vertex 823.5439715762272 1268.0012873963558 7.491371305452475
    vertex 823.543971576228 1271.2012872905607 14.591371353136415
  endloop
endfacet
facet normal 1.0 -3.2859317872870295e-14 -8.450381394910639e-14
  outer loop
    vertex 823.543971576228 1271.2012872905607 14.591371353136415
    vertex 823.5439715762272 1268.0012873963558 7.491371305452475
    vertex 823.543971576228 1271.1070463426715 13.258224892423065
  endloop
endfacet
facet normal 1.0 -3.2859317872870295e-14 -8.450381394910639e-14
  outer loop
    vertex 823.543971576228 1271.1070463426715 13.258224892423065
    vertex 823.5439715762272 1268.0012873963558 7.491371305452475
    vertex 823.5439715762278 1270.8261978431817 11.951593742363553
  endloop
endfacet
facet normal 1.0 -3.2859317872870295e-14 -8.450381394910639e-14
  outer loop
    vertex 823.5439715762278 1270.8261978431817 11.951593742363553
    vertex 823.5439715762272 1268.0012873963558 7.491371305452475
    vertex 823.5439715762276 1270.3643276644768 10.69746584617685
  endloop
endfacet
facet normal 1.0 -3.2859317872870295e-14 -8.450381394910639e-14
  outer loop
    vertex 823.5439715762276 1270.3643276644768 10.69746584617685
    vertex 823.5439715762272 1268.0012873963558 7.491371305452475
    vertex 823.5439715762276 1269.7306220684777 9.520784895549088
  endloop
endfacet
facet normal 1.0 -3.2859317872870295e-14 -8.450381394910639e-14
  outer loop
    vertex 823.5439715762276 1269.7306220684777 9.520784895549088
    vertex 823.5439715762272 1268.0012873963558 7.491371305452475
    vertex 823.5439715762275 1268.9376849985738 8.44495421874951
  endloop
endfacet
facet normal -3.466239206063355e-14 0.7135069019925765 -0.7006482004607989
  outer loop
    vertex 823.5439715762272 1268.0012873963558 7.491371305452475
    vertex 818.5439715762274 1268.937684998574 8.444954218749917
    vertex 823.5439715762275 1268.9376849985738 8.44495421874951
  endloop
endfacet
facet normal -3.466239206063355e-14 0.7135069019925765 -0.7006482004607989
  outer loop
    vertex 818.5439715762274 1268.937684998574 8.444954218749917
    vertex 823.5439715762272 1268.0012873963558 7.491371305452475
    vertex 818.5439715762271 1268.001287396356 7.491371305452881
  endloop
endfacet
facet normal -2.3685579647162635e-14 0.804977315100862 -0.5933055891975124
  outer loop
    vertex 823.5439715762275 1268.9376849985738 8.44495421874951
    vertex 818.5439715762275 1269.730622068478 9.520784895549449
    vertex 823.5439715762276 1269.7306220684777 9.520784895549088
  endloop
endfacet
facet normal -2.3685579647162635e-14 0.804977315100862 -0.5933055891975124
  outer loop
    vertex 818.5439715762275 1269.730622068478 9.520784895549449
    vertex 823.5439715762275 1268.9376849985738 8.44495421874951
    vertex 818.5439715762274 1268.937684998574 8.444954218749917
  endloop
endfacet
facet normal -1.1137975263987358e-14 0.8804373148983634 -0.4741625612957651
  outer loop
    vertex 818.5439715762275 1269.730622068478 9.520784895549449
    vertex 823.5439715762276 1270.3643276644768 10.69746584617685
    vertex 823.5439715762276 1269.7306220684777 9.520784895549088
  endloop
endfacet
facet normal -1.1137975263987358e-14 0.8804373148983634 -0.4741625612957651
  outer loop
    vertex 823.5439715762276 1270.3643276644768 10.69746584617685
    vertex 818.5439715762275 1269.730622068478 9.520784895549449
    vertex 818.5439715762275 1270.364327664477 10.697465846177257
  endloop
endfacet
facet normal 1.6311553461717258e-15 0.9383860568736174 -0.3455887849239096
  outer loop
    vertex 823.5439715762276 1270.3643276644768 10.69746584617685
    vertex 818.5439715762277 1270.826197843182 11.951593742363913
    vertex 823.5439715762278 1270.8261978431817 11.951593742363553
  endloop
endfacet
facet normal 1.6311553461717258e-15 0.9383860568736174 -0.3455887849239096
  outer loop
    vertex 818.5439715762277 1270.826197843182 11.951593742363913
    vertex 823.5439715762276 1270.3643276644768 10.69746584617685
    vertex 818.5439715762275 1270.364327664477 10.697465846177257
  endloop
endfacet
facet normal 1.4367843462897312e-14 0.9776709826967893 -0.21014149897793763
  outer loop
    vertex 823.5439715762278 1270.8261978431817 11.951593742363553
    vertex 818.543971576228 1271.1070463426715 13.258224892423426
    vertex 823.543971576228 1271.1070463426715 13.258224892423065
  endloop
endfacet
facet normal 1.4367843462897312e-14 0.9776709826967893 -0.21014149897793763
  outer loop
    vertex 818.543971576228 1271.1070463426715 13.258224892423426
    vertex 823.5439715762278 1270.8261978431817 11.951593742363553
    vertex 818.5439715762277 1270.826197843182 11.951593742363913
  endloop
endfacet
facet normal 2.6818765623344273e-14 0.9975107437664241 -0.07051465146021331
  outer loop
    vertex 818.543971576228 1271.1070463426715 13.258224892423426
    vertex 823.543971576228 1271.2012872905607 14.591371353136415
    vertex 823.543971576228 1271.1070463426715 13.258224892423065
  endloop
endfacet
facet normal 2.6818765623344273e-14 0.9975107437664241 -0.07051465146021331
  outer loop
    vertex 823.543971576228 1271.2012872905607 14.591371353136415
    vertex 818.543971576228 1271.1070463426715 13.258224892423426
    vertex 818.5439715762278 1271.201287290561 14.591371353136775
  endloop
endfacet
facet normal 3.8736282041716234e-14 0.9975107416649878 0.07051468118743827
  outer loop
    vertex 818.5439715762278 1271.201287290561 14.591371353136775
    vertex 823.543971576228 1271.1070463029416 15.92451781104101
    vertex 823.543971576228 1271.2012872905607 14.591371353136415
  endloop
endfacet
facet normal 3.8736282041716234e-14 0.9975107416649878 0.07051468118743827
  outer loop
    vertex 823.543971576228 1271.1070463029416 15.92451781104101
    vertex 818.5439715762278 1271.201287290561 14.591371353136775
    vertex 818.543971576228 1271.1070463029419 15.92451781104137
  endloop
endfacet
facet normal 4.9883361984456125e-14 0.977670976434265 0.2101415281139617
  outer loop
    vertex 818.543971576228 1271.1070463029419 15.92451781104137
    vertex 823.543971576228 1270.8261977645127 17.231148952730546
    vertex 823.543971576228 1271.1070463029416 15.92451781104101
  endloop
endfacet
facet normal 4.9883361984456125e-14 0.977670976434265 0.2101415281139617
  outer loop
    vertex 823.543971576228 1270.8261977645127 17.231148952730546
    vertex 818.543971576228 1271.1070463029419 15.92451781104137
    vertex 818.543971576228 1270.8261977645127 17.231148952730905
  endloop
endfacet
facet normal 6.003829813913321e-14 0.9383860465746008 0.34558881288909116
  outer loop
    vertex 823.543971576228 1270.8261977645127 17.231148952730546
    vertex 818.5439715762283 1270.364327548433 18.485276835153442
    vertex 823.5439715762282 1270.3643275484328 18.48527683515308
  endloop
endfacet
facet normal 6.003829813913321e-14 0.9383860465746008 0.34558881288909116
  outer loop
    vertex 818.5439715762283 1270.364327548433 18.485276835153442
    vertex 823.543971576228 1270.8261977645127 17.231148952730546
    vertex 818.543971576228 1270.8261977645127 17.231148952730905
  endloop
endfacet
facet normal 6.899911621165717e-14 0.8804373007676677 0.4741625875340057
  outer loop
    vertex 818.5439715762283 1270.364327548433 18.485276835153442
    vertex 823.5439715762282 1269.730621917367 19.66195776689562
    vertex 823.5439715762282 1270.3643275484328 18.48527683515308
  endloop
endfacet
facet normal 6.899911621165717e-14 0.8804373007676677 0.4741625875340057
  outer loop
    vertex 823.5439715762282 1269.730621917367 19.66195776689562
    vertex 818.5439715762283 1270.364327548433 18.485276835153442
    vertex 818.5439715762283 1269.7306219173672 19.66195776689598
  endloop
endfacet
facet normal 7.658759204806596e-14 0.8049772974194981 0.5933056131869991
  outer loop
    vertex 823.5439715762282 1269.730621917367 19.66195776689562
    vertex 818.5439715762284 1268.937684815402 20.737788420064824
    vertex 823.5439715762284 1268.9376848154018 20.73778842006446
  endloop
endfacet
facet normal 7.658759204806596e-14 0.8049772974194981 0.5933056131869991
  outer loop
    vertex 818.5439715762284 1268.937684815402 20.737788420064824
    vertex 823.5439715762282 1269.730621917367 19.66195776689562
    vertex 818.5439715762283 1269.7306219173672 19.66195776689598
  endloop
endfacet
facet normal 1.2447464922850343e-13 0.7135068811122672 0.7006482217243152
  outer loop
    vertex 818.5439715762284 1268.937684815402 20.737788420064824
    vertex 823.5439715762284 1268.0012871847657 21.691371305455338
    vertex 823.5439715762284 1268.9376848154018 20.73778842006446
  endloop
endfacet
facet normal 1.2447464922850343e-13 0.7135068811122672 0.7006482217243152
  outer loop
    vertex 823.5439715762284 1268.0012871847657 21.691371305455338
    vertex 818.5439715762284 1268.937684815402 20.737788420064824
    vertex 818.5439715762287 1268.0012871847664 21.691371305455696
  endloop
endfacet
facet normal 1.3336917810709507e-12 1.0 1.4900528828495756e-08
  outer loop
    vertex 810.3439715762412 1293.0012873590922 10.000000439572263
    vertex 810.2553787245953 1293.0012863379866 78.52707096538317
    vertex 810.3439715762437 1293.0012863279594 79.20000048264977
  endloop
endfacet
facet normal 1.3336917810709507e-12 1.0 1.4900528828495756e-08
  outer loop
    vertex 810.2553787245953 1293.0012863379866 78.52707096538317
    vertex 810.3439715762412 1293.0012873590922 10.000000439572263
    vertex 810.2553787245928 1293.001287349065 10.672929956838761
  endloop
endfacet
facet normal 1.3336917810709507e-12 1.0 1.4900528828495756e-08
  outer loop
    vertex 810.2553787245953 1293.0012863379866 78.52707096538317
    vertex 810.2553787245928 1293.001287349065 10.672929956838761
    vertex 809.9956376260833 1293.0012863473305 77.9000004826497
  endloop
endfacet
facet normal 1.3336917810709507e-12 1.0 1.4900528828495756e-08
  outer loop
    vertex 809.9956376260833 1293.0012863473305 77.9000004826497
    vertex 810.2553787245928 1293.001287349065 10.672929956838761
    vertex 809.9956376260808 1293.0012873397213 11.300000439572237
  endloop
endfacet
facet normal 1.3336917810709507e-12 1.0 1.4900528828495756e-08
  outer loop
    vertex 809.9956376260833 1293.0012863473305 77.9000004826497
    vertex 809.9956376260808 1293.0012873397213 11.300000439572237
    vertex 809.5824492073288 1293.0012863553543 77.36152285156466
  endloop
endfacet
facet normal 1.3336917810709507e-12 1.0 1.4900528828495756e-08
  outer loop
    vertex 809.5824492073288 1293.0012863553543 77.36152285156466
    vertex 809.9956376260808 1293.0012873397213 11.300000439572237
    vertex 809.5824492073261 1293.0012873316978 11.838478070657281
  endloop
endfacet
facet normal 1.3336917810709507e-12 1.0 1.4900528828495756e-08
  outer loop
    vertex 809.5824492073288 1293.0012863553543 77.36152285156466
    vertex 809.5824492073261 1293.0012873316978 11.838478070657281
    vertex 809.0439715762438 1293.0012863615111 76.94833443281016
  endloop
endfacet
facet normal 1.3336917810709507e-12 1.0 1.4900528828495756e-08
  outer loop
    vertex 809.0439715762438 1293.0012863615111 76.94833443281016
    vertex 809.5824492073261 1293.0012873316978 11.838478070657281
    vertex 809.0439715762411 1293.001287325541 12.25166648941178
  endloop
endfacet
facet normal 1.3336917810709507e-12 1.0 1.4900528828495756e-08
  outer loop
    vertex 809.0439715762438 1293.0012863615111 76.94833443281016
    vertex 809.0439715762411 1293.001287325541 12.25166648941178
    vertex 808.4169010935103 1293.0012863653815 76.68859333429816
  endloop
endfacet
facet normal 1.3336917810709507e-12 1.0 1.4900528828495756e-08
  outer loop
    vertex 808.4169010935103 1293.0012863653815 76.68859333429816
    vertex 809.0439715762411 1293.001287325541 12.25166648941178
    vertex 808.4169010935078 1293.0012873216706 12.51140758792378
  endloop
endfacet
facet normal 1.3336917810709507e-12 1.0 1.4900528828495756e-08
  outer loop
    vertex 808.4169010935103 1293.0012863653815 76.68859333429816
    vertex 808.4169010935078 1293.0012873216706 12.51140758792378
    vertex 807.7439715762438 1293.0012863667014 76.60000048264972
  endloop
endfacet
facet normal 1.3336917810709507e-12 1.0 1.4900528828495756e-08
  outer loop
    vertex 807.7439715762438 1293.0012863667014 76.60000048264972
    vertex 808.4169010935078 1293.0012873216706 12.51140758792378
    vertex 807.7439715762413 1293.0012873203505 12.600000439572213
  endloop
endfacet
facet normal 1.3336917810709507e-12 1.0 1.4900528828495756e-08
  outer loop
    vertex 807.7439715762438 1293.0012863667014 76.60000048264972
    vertex 807.7439715762413 1293.0012873203505 12.600000439572213
    vertex 807.0710420589772 1293.0012863653815 76.68859333429816
  endloop
endfacet
facet normal 1.3336917810709507e-12 1.0 1.4900528828495756e-08
  outer loop
    vertex 807.0710420589772 1293.0012863653815 76.68859333429816
    vertex 807.7439715762413 1293.0012873203505 12.600000439572213
    vertex 807.0710420589746 1293.0012873216706 12.51140758792378
  endloop
endfacet
facet normal 1.3336917810709507e-12 1.0 1.4900528828495756e-08
  outer loop
    vertex 807.0710420589772 1293.0012863653815 76.68859333429816
    vertex 807.0710420589746 1293.0012873216706 12.51140758792378
    vertex 806.4439715762437 1293.0012863615111 76.94833443280979
  endloop
endfacet
facet normal 1.3336917810709507e-12 1.0 1.4900528828495756e-08
  outer loop
    vertex 806.4439715762437 1293.0012863615111 76.94833443280979
    vertex 807.0710420589746 1293.0012873216706 12.51140758792378
    vertex 806.4439715762412 1293.0012873255412 12.25166648941178
  endloop
endfacet
facet normal 1.3336917810709507e-12 1.0 1.4900528828495756e-08
  outer loop
    vertex 806.4439715762437 1293.0012863615111 76.94833443280979
    vertex 806.4439715762412 1293.0012873255412 12.25166648941178
    vertex 805.9054939451587 1293.0012863553545 77.36152285156429
  endloop
endfacet
facet normal 1.3336917810709507e-12 1.0 1.4900528828495756e-08
  outer loop
    vertex 805.9054939451587 1293.0012863553545 77.36152285156429
    vertex 806.4439715762412 1293.0012873255412 12.25166648941178
    vertex 805.9054939451561 1293.001287331698 11.838478070657281
  endloop
endfacet
facet normal 1.3336917810709507e-12 1.0 1.4900528828495756e-08
  outer loop
    vertex 805.9054939451587 1293.0012863553545 77.36152285156429
    vertex 805.9054939451561 1293.001287331698 11.838478070657281
    vertex 805.492305526404 1293.0012863473307 77.90000048264933
  endloop
endfacet
facet normal 1.3336917810709507e-12 1.0 1.4900528828495756e-08
  outer loop
    vertex 805.492305526404 1293.0012863473307 77.90000048264933
    vertex 805.9054939451561 1293.001287331698 11.838478070657281
    vertex 805.4923055264015 1293.0012873397216 11.300000439572237
  endloop
endfacet
facet normal 1.3336917810709507e-12 1.0 1.4900528828495756e-08
  outer loop
    vertex 805.492305526404 1293.0012863473307 77.90000048264933
    vertex 805.4923055264015 1293.0012873397216 11.300000439572237
    vertex 805.232564427892 1293.0012863379868 78.52707096538272
  endloop
endfacet
facet normal 1.3336917810709507e-12 1.0 1.4900528828495756e-08
  outer loop
    vertex 805.232564427892 1293.0012863379868 78.52707096538272
    vertex 805.4923055264015 1293.0012873397216 11.300000439572237
    vertex 805.2325644278895 1293.0012873490655 10.672929956838761
  endloop
endfacet
facet normal 1.3336917810709507e-12 1.0 1.4900528828495756e-08
  outer loop
    vertex 805.232564427892 1293.0012863379868 78.52707096538272
    vertex 805.2325644278895 1293.0012873490655 10.672929956838761
    vertex 805.1439715762436 1293.0012863279599 79.20000048264932
  endloop
endfacet
facet normal 1.3336917810709507e-12 1.0 1.4900528828495756e-08
  outer loop
    vertex 805.1439715762436 1293.0012863279599 79.20000048264932
    vertex 805.2325644278895 1293.0012873490655 10.672929956838761
    vertex 805.1439715762411 1293.0012873590927 10.000000439572263
  endloop
endfacet
facet normal 1.3336917810709507e-12 1.0 1.4900528828495756e-08
  outer loop
    vertex 797.3439715762411 1293.0012873590922 10.000000439572037
    vertex 797.2553787245952 1293.0012863379864 78.52707096538276
    vertex 797.3439715762436 1293.0012863279594 79.20000048264927
  endloop
endfacet
facet normal 1.3336917810709507e-12 1.0 1.4900528828495756e-08
  outer loop
    vertex 797.2553787245952 1293.0012863379864 78.52707096538276
    vertex 797.3439715762411 1293.0012873590922 10.000000439572037
    vertex 797.2553787245927 1293.001287349065 10.672929956838535
  endloop
endfacet
facet normal 1.3336917810709507e-12 1.0 1.4900528828495756e-08
  outer loop
    vertex 797.2553787245952 1293.0012863379864 78.52707096538276
    vertex 797.2553787245927 1293.001287349065 10.672929956838535
    vertex 796.9956376260832 1293.0012863473305 77.90000048264906
  endloop
endfacet
facet normal 1.3336917810709507e-12 1.0 1.4900528828495756e-08
  outer loop
    vertex 796.9956376260832 1293.0012863473305 77.90000048264906
    vertex 797.2553787245927 1293.001287349065 10.672929956838535
    vertex 796.9956376260807 1293.0012873397213 11.300000439572012
  endloop
endfacet
facet normal 1.3336917810709507e-12 1.0 1.4900528828495756e-08
  outer loop
    vertex 796.9956376260832 1293.0012863473305 77.90000048264906
    vertex 796.9956376260807 1293.0012873397213 11.300000439572012
    vertex 796.5824492073286 1293.001286355354 77.36152285156402
  endloop
endfacet
facet normal 1.3336917810709507e-12 1.0 1.4900528828495756e-08
  outer loop
    vertex 796.5824492073286 1293.001286355354 77.36152285156402
    vertex 796.9956376260807 1293.0012873397213 11.300000439572012
    vertex 796.582449207326 1293.0012873316975 11.838478070657056
  endloop
endfacet
facet normal 1.3336917810709507e-12 1.0 1.4900528828495756e-08
  outer loop
    vertex 796.5824492073286 1293.001286355354 77.36152285156402
    vertex 796.582449207326 1293.0012873316975 11.838478070657056
    vertex 796.0439715762437 1293.0012863615111 76.94833443280979
  endloop
endfacet
facet normal 1.3336917810709507e-12 1.0 1.4900528828495756e-08
  outer loop
    vertex 796.0439715762437 1293.0012863615111 76.94833443280979
    vertex 796.582449207326 1293.0012873316975 11.838478070657056
    vertex 796.043971576241 1293.001287325541 12.25166648941205
  endloop
endfacet
facet normal 1.3336917810709507e-12 1.0 1.4900528828495756e-08
  outer loop
    vertex 796.0439715762437 1293.0012863615111 76.94833443280979
    vertex 796.043971576241 1293.001287325541 12.25166648941205
    vertex 795.4169010935102 1293.0012863653815 76.6885933342977
  endloop
endfacet
facet normal 1.3336917810709507e-12 1.0 1.4900528828495756e-08
  outer loop
    vertex 795.4169010935102 1293.0012863653815 76.6885933342977
    vertex 796.043971576241 1293.001287325541 12.25166648941205
    vertex 795.4169010935077 1293.0012873216706 12.511407587924051
  endloop
endfacet
facet normal 1.3336917810709507e-12 1.0 1.4900528828495756e-08
  outer loop
    vertex 795.4169010935102 1293.0012863653815 76.6885933342977
    vertex 795.4169010935077 1293.0012873216706 12.511407587924051
    vertex 794.7439715762437 1293.0012863667014 76.60000048264928
  endloop
endfacet
facet normal 1.3336917810709507e-12 1.0 1.4900528828495756e-08
  outer loop
    vertex 794.7439715762437 1293.0012863667014 76.60000048264928
    vertex 795.4169010935077 1293.0012873216706 12.511407587924051
    vertex 794.7439715762412 1293.0012873203505 12.600000439572213
  endloop
endfacet
facet normal 1.3336917810709507e-12 1.0 1.4900528828495756e-08
  outer loop
    vertex 794.7439715762437 1293.0012863667014 76.60000048264928
    vertex 794.7439715762412 1293.0012873203505 12.600000439572213
    vertex 794.0710420589771 1293.0012863653815 76.6885933342977
  endloop
endfacet
facet normal 1.3336917810709507e-12 1.0 1.4900528828495756e-08
  outer loop
    vertex 794.0710420589771 1293.0012863653815 76.6885933342977
    vertex 794.7439715762412 1293.0012873203505 12.600000439572213
    vertex 794.0710420589745 1293.0012873216706 12.51140758792378
  endloop
endfacet
facet normal 1.3336917810709507e-12 1.0 1.4900528828495756e-08
  outer loop
    vertex 794.0710420589771 1293.0012863653815 76.6885933342977
    vertex 794.0710420589745 1293.0012873216706 12.51140758792378
    vertex 793.4439715762436 1293.0012863615111 76.94833443280979
  endloop
endfacet
facet normal 1.3336917810709507e-12 1.0 1.4900528828495756e-08
  outer loop
    vertex 793.4439715762436 1293.0012863615111 76.94833443280979
    vertex 794.0710420589745 1293.0012873216706 12.51140758792378
    vertex 793.4439715762411 1293.0012873255412 12.25166648941178
  endloop
endfacet
facet normal 1.3336917810709507e-12 1.0 1.4900528828495756e-08
  outer loop
    vertex 793.4439715762436 1293.0012863615111 76.94833443280979
    vertex 793.4439715762411 1293.0012873255412 12.25166648941178
    vertex 792.9054939451586 1293.0012863553543 77.36152285156429
  endloop
endfacet
facet normal 1.3336917810709507e-12 1.0 1.4900528828495756e-08
  outer loop
    vertex 792.9054939451586 1293.0012863553543 77.36152285156429
    vertex 793.4439715762411 1293.0012873255412 12.25166648941178
    vertex 792.9054939451561 1293.001287331698 11.838478070657281
  endloop
endfacet
facet normal 1.3336917810709507e-12 1.0 1.4900528828495756e-08
  outer loop
    vertex 792.9054939451586 1293.0012863553543 77.36152285156429
    vertex 792.9054939451561 1293.001287331698 11.838478070657281
    vertex 792.4923055264039 1293.0012863473307 77.90000048264933
  endloop
endfacet
facet normal 1.3336917810709507e-12 1.0 1.4900528828495756e-08
  outer loop
    vertex 792.4923055264039 1293.0012863473307 77.90000048264933
    vertex 792.9054939451561 1293.001287331698 11.838478070657281
    vertex 792.4923055264014 1293.0012873397216 11.300000439572237
  endloop
endfacet
facet normal 1.3336917810709507e-12 1.0 1.4900528828495756e-08
  outer loop
    vertex 792.4923055264039 1293.0012863473307 77.90000048264933
    vertex 792.4923055264014 1293.0012873397216 11.300000439572237
    vertex 792.2325644278919 1293.0012863379868 78.52707096538272
  endloop
endfacet
facet normal 1.3336917810709507e-12 1.0 1.4900528828495756e-08
  outer loop
    vertex 792.2325644278919 1293.0012863379868 78.52707096538272
    vertex 792.4923055264014 1293.0012873397216 11.300000439572237
    vertex 792.2325644278894 1293.0012873490653 10.672929956838761
  endloop
endfacet
facet normal 1.3336917810709507e-12 1.0 1.4900528828495756e-08
  outer loop
    vertex 792.2325644278919 1293.0012863379868 78.52707096538272
    vertex 792.2325644278894 1293.0012873490653 10.672929956838761
    vertex 792.1439715762435 1293.0012863279599 79.20000048264932
  endloop
endfacet
facet normal 1.3336917810709507e-12 1.0 1.4900528828495756e-08
  outer loop
    vertex 792.1439715762435 1293.0012863279599 79.20000048264932
    vertex 792.2325644278894 1293.0012873490653 10.672929956838761
    vertex 792.143971576241 1293.0012873590927 10.000000439572263
  endloop
endfacet
facet normal 1.3336917810709507e-12 1.0 1.4900528828495756e-08
  outer loop
    vertex 792.7439715762373 1293.0012875080993 4.3957760480495263e-07
    vertex 823.5439715762298 1293.0012874632932 3.000000439798549
    vertex 823.5439715762482 1293.0012875080417 4.396011571650149e-07
  endloop
endfacet
facet normal 1.3336917810709507e-12 1.0 1.4900528828495756e-08
  outer loop
    vertex 823.5439715762298 1293.0012874632932 3.000000439798549
    vertex 792.7439715762373 1293.0012875080993 4.3957760480495263e-07
    vertex 818.5439715762257 1293.0012874633974 3.0000004397299675
  endloop
endfacet
facet normal 1.3336917810709507e-12 1.0 1.4900528828495756e-08
  outer loop
    vertex 818.5439715762257 1293.0012874633974 3.0000004397299675
    vertex 792.7439715762373 1293.0012875080993 4.3957760480495263e-07
    vertex 809.0439715762413 1293.001287392644 7.748334389732654
  endloop
endfacet
facet normal 1.3336917810709507e-12 1.0 1.4900528828495756e-08
  outer loop
    vertex 818.5439715762257 1293.0012874633974 3.0000004397299675
    vertex 809.0439715762413 1293.001287392644 7.748334389732654
    vertex 809.5824492073261 1293.001287386487 8.161522808487153
  endloop
endfacet
facet normal 1.3336917810709507e-12 1.0 1.4900528828495756e-08
  outer loop
    vertex 818.5439715762257 1293.0012874633974 3.0000004397299675
    vertex 809.5824492073261 1293.001287386487 8.161522808487153
    vertex 809.9956376260808 1293.0012873784633 8.700000439572197
  endloop
endfacet
facet normal 1.3336917810709507e-12 1.0 1.4900528828495756e-08
  outer loop
    vertex 818.5439715762257 1293.0012874633974 3.0000004397299675
    vertex 809.9956376260808 1293.0012873784633 8.700000439572197
    vertex 810.2553787245928 1293.0012873691196 9.327070922305674
  endloop
endfacet
facet normal 1.3336917810709507e-12 1.0 1.4900528828495756e-08
  outer loop
    vertex 818.5439715762257 1293.0012874633974 3.0000004397299675
    vertex 810.2553787245928 1293.0012873691196 9.327070922305674
    vertex 810.3439715762412 1293.0012873590922 10.000000439572263
  endloop
endfacet
facet normal 1.3336917810709507e-12 1.0 1.4900528828495756e-08
  outer loop
    vertex 818.5439715762257 1293.0012874633974 3.0000004397299675
    vertex 810.3439715762412 1293.0012873590922 10.000000439572263
    vertex 810.3439715762437 1293.0012863279594 79.20000048264977
  endloop
endfacet
facet normal 1.3336917810709507e-12 1.0 1.4900528828495756e-08
  outer loop
    vertex 809.0439715762413 1293.001287392644 7.748334389732654
    vertex 792.7439715762373 1293.0012875080993 4.3957760480495263e-07
    vertex 808.4169010935078 1293.0012873965143 7.488593291220565
  endloop
endfacet
facet normal 1.3336917810709507e-12 1.0 1.4900528828495756e-08
  outer loop
    vertex 808.4169010935078 1293.0012873965143 7.488593291220565
    vertex 792.7439715762373 1293.0012875080993 4.3957760480495263e-07
    vertex 807.7439715762413 1293.0012873978344 7.400000439572132
  endloop
endfacet
facet normal 1.3336917810709507e-12 1.0 1.4900528828495756e-08
  outer loop
    vertex 807.7439715762413 1293.0012873978344 7.400000439572132
    vertex 792.7439715762373 1293.0012875080993 4.3957760480495263e-07
    vertex 807.0710420589746 1293.0012873965143 7.488593291220565
  endloop
endfacet
facet normal 1.3336917810709507e-12 1.0 1.4900528828495756e-08
  outer loop
    vertex 807.0710420589746 1293.0012873965143 7.488593291220565
    vertex 792.7439715762373 1293.0012875080993 4.3957760480495263e-07
    vertex 806.4439715762412 1293.0012873926441 7.748334389732654
  endloop
endfacet
facet normal 1.3336917810709507e-12 1.0 1.4900528828495756e-08
  outer loop
    vertex 806.4439715762412 1293.0012873926441 7.748334389732654
    vertex 792.7439715762373 1293.0012875080993 4.3957760480495263e-07
    vertex 805.9054939451561 1293.0012873864873 8.161522808487153
  endloop
endfacet
facet normal 1.3336917810709507e-12 1.0 1.4900528828495756e-08
  outer loop
    vertex 805.9054939451561 1293.0012873864873 8.161522808487153
    vertex 792.7439715762373 1293.0012875080993 4.3957760480495263e-07
    vertex 805.4923055264015 1293.0012873784635 8.700000439572197
  endloop
endfacet
facet normal 1.3336917810709507e-12 1.0 1.4900528828495756e-08
  outer loop
    vertex 805.4923055264015 1293.0012873784635 8.700000439572197
    vertex 792.7439715762373 1293.0012875080993 4.3957760480495263e-07
    vertex 805.2325644278895 1293.00128736912 9.327070922305674
  endloop
endfacet
facet normal 1.3336917810709507e-12 1.0 1.4900528828495756e-08
  outer loop
    vertex 805.2325644278895 1293.00128736912 9.327070922305674
    vertex 792.7439715762373 1293.0012875080993 4.3957760480495263e-07
    vertex 805.1439715762411 1293.0012873590927 10.000000439572263
  endloop
endfacet
facet normal 1.3336917810709507e-12 1.0 1.4900528828495756e-08
  outer loop
    vertex 805.1439715762411 1293.0012873590927 10.000000439572263
    vertex 792.7439715762373 1293.0012875080993 4.3957760480495263e-07
    vertex 796.9956376260807 1293.0012873784633 8.700000439571971
  endloop
endfacet
facet normal 1.3336917810709507e-12 1.0 1.4900528828495756e-08
  outer loop
    vertex 805.1439715762411 1293.0012873590927 10.000000439572263
    vertex 796.9956376260807 1293.0012873784633 8.700000439571971
    vertex 797.2553787245927 1293.0012873691194 9.327070922305449
  endloop
endfacet
facet normal 1.3336917810709507e-12 1.0 1.4900528828495756e-08
  outer loop
    vertex 805.1439715762411 1293.0012873590927 10.000000439572263
    vertex 797.2553787245927 1293.0012873691194 9.327070922305449
    vertex 797.3439715762411 1293.0012873590922 10.000000439572037
  endloop
endfacet
facet normal 1.3336917810709507e-12 1.0 1.4900528828495756e-08
  outer loop
    vertex 805.1439715762411 1293.0012873590927 10.000000439572263
    vertex 797.3439715762411 1293.0012873590922 10.000000439572037
    vertex 797.3439715762436 1293.0012863279594 79.20000048264927
  endloop
endfacet
facet normal 1.3336917810709507e-12 1.0 1.4900528828495756e-08
  outer loop
    vertex 796.9956376260807 1293.0012873784633 8.700000439571971
    vertex 792.7439715762373 1293.0012875080993 4.3957760480495263e-07
    vertex 796.582449207326 1293.001287386487 8.161522808486927
  endloop
endfacet
facet normal 1.3336917810709507e-12 1.0 1.4900528828495756e-08
  outer loop
    vertex 796.582449207326 1293.001287386487 8.161522808486927
    vertex 792.7439715762373 1293.0012875080993 4.3957760480495263e-07
    vertex 796.0439715762412 1293.001287392644 7.748334389732925
  endloop
endfacet
facet normal 1.3336917810709507e-12 1.0 1.4900528828495756e-08
  outer loop
    vertex 796.0439715762412 1293.001287392644 7.748334389732925
    vertex 792.7439715762373 1293.0012875080993 4.3957760480495263e-07
    vertex 795.4169010935077 1293.0012873965143 7.488593291220835
  endloop
endfacet
facet normal 1.3336917810709507e-12 1.0 1.4900528828495756e-08
  outer loop
    vertex 795.4169010935077 1293.0012873965143 7.488593291220835
    vertex 792.7439715762373 1293.0012875080993 4.3957760480495263e-07
    vertex 794.7439715762412 1293.0012873978344 7.400000439572132
  endloop
endfacet
facet normal 1.3336917810709507e-12 1.0 1.4900528828495756e-08
  outer loop
    vertex 794.7439715762412 1293.0012873978344 7.400000439572132
    vertex 792.7439715762373 1293.0012875080993 4.3957760480495263e-07
    vertex 794.0710420589745 1293.0012873965143 7.488593291220565
  endloop
endfacet
facet normal 1.3336917810709507e-12 1.0 1.4900528828495756e-08
  outer loop
    vertex 794.0710420589745 1293.0012873965143 7.488593291220565
    vertex 792.7439715762373 1293.0012875080993 4.3957760480495263e-07
    vertex 793.4439715762411 1293.0012873926441 7.748334389732654
  endloop
endfacet
facet normal 1.3336917810709507e-12 1.0 1.4900528828495756e-08
  outer loop
    vertex 793.4439715762411 1293.0012873926441 7.748334389732654
    vertex 792.7439715762373 1293.0012875080993 4.3957760480495263e-07
    vertex 792.9054939451561 1293.001287386487 8.161522808487153
  endloop
endfacet
facet normal 1.3336917810709507e-12 1.0 1.4900528828495756e-08
  outer loop
    vertex 792.9054939451561 1293.001287386487 8.161522808487153
    vertex 792.7439715762373 1293.0012875080993 4.3957760480495263e-07
    vertex 792.4923055264014 1293.0012873784635 8.700000439572197
  endloop
endfacet
facet normal 1.3336917810709507e-12 1.0 1.4900528828495756e-08
  outer loop
    vertex 792.4923055264014 1293.0012873784635 8.700000439572197
    vertex 792.7439715762373 1293.0012875080993 4.3957760480495263e-07
    vertex 788.7439715762376 1293.0012874484964 4.000000439577778
  endloop
endfacet
facet normal 1.3336917810709507e-12 1.0 1.4900528828495756e-08
  outer loop
    vertex 792.4923055264014 1293.0012873784635 8.700000439572197
    vertex 788.7439715762376 1293.0012874484964 4.000000439577778
    vertex 792.2325644278894 1293.0012873691198 9.327070922305674
  endloop
endfacet
facet normal 1.3336917810709507e-12 1.0 1.4900528828495756e-08
  outer loop
    vertex 792.2325644278894 1293.0012873691198 9.327070922305674
    vertex 788.7439715762376 1293.0012874484964 4.000000439577778
    vertex 792.143971576241 1293.0012873590927 10.000000439572263
  endloop
endfacet
facet normal 1.3336917810709507e-12 1.0 1.4900528828495756e-08
  outer loop
    vertex 792.143971576241 1293.0012873590927 10.000000439572263
    vertex 788.7439715762376 1293.0012874484964 4.000000439577778
    vertex 788.7439715762487 1293.0012862385545 85.20000048265932
  endloop
endfacet
facet normal 1.3336917810709507e-12 1.0 1.4900528828495756e-08
  outer loop
    vertex 818.5439715762274 1293.0012861789514 89.2000004826252
    vertex 809.0439715762445 1293.001286294408 81.45166653248928
    vertex 792.743971576249 1293.0012861789512 89.20000048265516
  endloop
endfacet
facet normal 1.3336917810709507e-12 1.0 1.4900528828495756e-08
  outer loop
    vertex 809.0439715762445 1293.001286294408 81.45166653248928
    vertex 818.5439715762274 1293.0012861789514 89.2000004826252
    vertex 809.5824492073297 1293.0012863005647 81.03847811373478
  endloop
endfacet
facet normal 1.3336917810709507e-12 1.0 1.4900528828495756e-08
  outer loop
    vertex 809.5824492073297 1293.0012863005647 81.03847811373478
    vertex 818.5439715762274 1293.0012861789514 89.2000004826252
    vertex 809.9956376260842 1293.0012863085883 80.50000048264974
  endloop
endfacet
facet normal 1.3336917810709507e-12 1.0 1.4900528828495756e-08
  outer loop
    vertex 809.9956376260842 1293.0012863085883 80.50000048264974
    vertex 818.5439715762274 1293.0012861789514 89.2000004826252
    vertex 810.2553787245962 1293.0012863179322 79.87292999991627
  endloop
endfacet
facet normal 1.3336917810709507e-12 1.0 1.4900528828495756e-08
  outer loop
    vertex 810.2553787245962 1293.0012863179322 79.87292999991627
    vertex 818.5439715762274 1293.0012861789514 89.2000004826252
    vertex 810.3439715762437 1293.0012863279594 79.20000048264977
  endloop
endfacet
facet normal 1.3336917810709507e-12 1.0 1.4900528828495756e-08
  outer loop
    vertex 810.3439715762437 1293.0012863279594 79.20000048264977
    vertex 818.5439715762274 1293.0012861789514 89.2000004826252
    vertex 818.5439715762257 1293.0012874633974 3.0000004397299675
  endloop
endfacet
facet normal 1.3336917810709507e-12 1.0 1.4900528828495756e-08
  outer loop
    vertex 792.743971576249 1293.0012861789512 89.20000048265516
    vertex 809.0439715762445 1293.001286294408 81.45166653248928
    vertex 808.4169010935112 1293.0012862905378 81.71140763100136
  endloop
endfacet
facet normal 1.3336917810709507e-12 1.0 1.4900528828495756e-08
  outer loop
    vertex 792.743971576249 1293.0012861789512 89.20000048265516
    vertex 808.4169010935112 1293.0012862905378 81.71140763100136
    vertex 807.7439715762447 1293.0012862892177 81.8000004826498
  endloop
endfacet
facet normal 1.3336917810709507e-12 1.0 1.4900528828495756e-08
  outer loop
    vertex 792.743971576249 1293.0012861789512 89.20000048265516
    vertex 807.7439715762447 1293.0012862892177 81.8000004826498
    vertex 807.071042058978 1293.0012862905378 81.71140763100136
  endloop
endfacet
facet normal 1.3336917810709507e-12 1.0 1.4900528828495756e-08
  outer loop
    vertex 792.743971576249 1293.0012861789512 89.20000048265516
    vertex 807.071042058978 1293.0012862905378 81.71140763100136
    vertex 806.4439715762446 1293.0012862944081 81.45166653248901
  endloop
endfacet
facet normal 1.3336917810709507e-12 1.0 1.4900528828495756e-08
  outer loop
    vertex 792.743971576249 1293.0012861789512 89.20000048265516
    vertex 806.4439715762446 1293.0012862944081 81.45166653248901
    vertex 805.9054939451596 1293.001286300565 81.03847811373443
  endloop
endfacet
facet normal 1.3336917810709507e-12 1.0 1.4900528828495756e-08
  outer loop
    vertex 792.743971576249 1293.0012861789512 89.20000048265516
    vertex 805.9054939451596 1293.001286300565 81.03847811373443
    vertex 805.492305526405 1293.0012863085885 80.50000048264938
  endloop
endfacet
facet normal 1.3336917810709507e-12 1.0 1.4900528828495756e-08
  outer loop
    vertex 792.743971576249 1293.0012861789512 89.20000048265516
    vertex 805.492305526405 1293.0012863085885 80.50000048264938
    vertex 805.232564427893 1293.0012863179327 79.8729299999159
  endloop
endfacet
facet normal 1.3336917810709507e-12 1.0 1.4900528828495756e-08
  outer loop
    vertex 792.743971576249 1293.0012861789512 89.20000048265516
    vertex 805.232564427893 1293.0012863179327 79.8729299999159
    vertex 805.1439715762436 1293.0012863279599 79.20000048264932
  endloop
endfacet
facet normal 1.3336917810709507e-12 1.0 1.4900528828495756e-08
  outer loop
    vertex 792.743971576249 1293.0012861789512 89.20000048265516
    vertex 805.1439715762436 1293.0012863279599 79.20000048264932
    vertex 796.9956376260841 1293.0012863085883 80.50000048264911
  endloop
endfacet
facet normal 1.3336917810709507e-12 1.0 1.4900528828495756e-08
  outer loop
    vertex 796.9956376260841 1293.0012863085883 80.50000048264911
    vertex 805.1439715762436 1293.0012863279599 79.20000048264932
    vertex 797.2553787245961 1293.0012863179322 79.87292999991585
  endloop
endfacet
facet normal 1.3336917810709507e-12 1.0 1.4900528828495756e-08
  outer loop
    vertex 797.2553787245961 1293.0012863179322 79.87292999991585
    vertex 805.1439715762436 1293.0012863279599 79.20000048264932
    vertex 797.3439715762436 1293.0012863279594 79.20000048264927
  endloop
endfacet
facet normal 1.3336917810709507e-12 1.0 1.4900528828495756e-08
  outer loop
    vertex 797.3439715762436 1293.0012863279594 79.20000048264927
    vertex 805.1439715762436 1293.0012863279599 79.20000048264932
    vertex 805.1439715762411 1293.0012873590927 10.000000439572263
  endloop
endfacet
facet normal 1.3336917810709507e-12 1.0 1.4900528828495756e-08
  outer loop
    vertex 792.743971576249 1293.0012861789512 89.20000048265516
    vertex 796.9956376260841 1293.0012863085883 80.50000048264911
    vertex 796.5824492073295 1293.0012863005645 81.03847811373414
  endloop
endfacet
facet normal 1.3336917810709507e-12 1.0 1.4900528828495756e-08
  outer loop
    vertex 792.743971576249 1293.0012861789512 89.20000048265516
    vertex 796.5824492073295 1293.0012863005645 81.03847811373414
    vertex 796.0439715762444 1293.001286294408 81.45166653248891
  endloop
endfacet
facet normal 1.3336917810709507e-12 1.0 1.4900528828495756e-08
  outer loop
    vertex 792.743971576249 1293.0012861789512 89.20000048265516
    vertex 796.0439715762444 1293.001286294408 81.45166653248891
    vertex 795.4169010935111 1293.0012862905378 81.71140763100092
  endloop
endfacet
facet normal 1.3336917810709507e-12 1.0 1.4900528828495756e-08
  outer loop
    vertex 792.743971576249 1293.0012861789512 89.20000048265516
    vertex 795.4169010935111 1293.0012862905378 81.71140763100092
    vertex 794.7439715762446 1293.0012862892174 81.80000048264935
  endloop
endfacet
facet normal 1.3336917810709507e-12 1.0 1.4900528828495756e-08
  outer loop
    vertex 792.743971576249 1293.0012861789512 89.20000048265516
    vertex 794.7439715762446 1293.0012862892174 81.80000048264935
    vertex 794.0710420589779 1293.0012862905378 81.71140763100092
  endloop
endfacet
facet normal 1.3336917810709507e-12 1.0 1.4900528828495756e-08
  outer loop
    vertex 792.743971576249 1293.0012861789512 89.20000048265516
    vertex 794.0710420589779 1293.0012862905378 81.71140763100092
    vertex 793.4439715762445 1293.0012862944081 81.45166653248891
  endloop
endfacet
facet normal 1.3336917810709507e-12 1.0 1.4900528828495756e-08
  outer loop
    vertex 792.743971576249 1293.0012861789512 89.20000048265516
    vertex 793.4439715762445 1293.0012862944081 81.45166653248891
    vertex 792.9054939451595 1293.001286300565 81.03847811373443
  endloop
endfacet
facet normal 1.3336917810709507e-12 1.0 1.4900528828495756e-08
  outer loop
    vertex 792.743971576249 1293.0012861789512 89.20000048265516
    vertex 792.9054939451595 1293.001286300565 81.03847811373443
    vertex 792.4923055264048 1293.0012863085885 80.50000048264938
  endloop
endfacet
facet normal 1.3336917810709507e-12 1.0 1.4900528828495756e-08
  outer loop
    vertex 792.743971576249 1293.0012861789512 89.20000048265516
    vertex 792.4923055264048 1293.0012863085885 80.50000048264938
    vertex 788.7439715762487 1293.0012862385545 85.20000048265932
  endloop
endfacet
facet normal 1.3336917810709507e-12 1.0 1.4900528828495756e-08
  outer loop
    vertex 788.7439715762487 1293.0012862385545 85.20000048265932
    vertex 792.4923055264048 1293.0012863085885 80.50000048264938
    vertex 792.2325644278928 1293.0012863179325 79.8729299999159
  endloop
endfacet
facet normal 1.3336917810709507e-12 1.0 1.4900528828495756e-08
  outer loop
    vertex 788.7439715762487 1293.0012862385545 85.20000048265932
    vertex 792.2325644278928 1293.0012863179325 79.8729299999159
    vertex 792.1439715762435 1293.0012863279599 79.20000048264932
  endloop
endfacet
facet normal 1.3336917810709507e-12 1.0 1.4900528828495756e-08
  outer loop
    vertex 788.7439715762487 1293.0012862385545 85.20000048265932
    vertex 792.1439715762435 1293.0012863279599 79.20000048264932
    vertex 792.143971576241 1293.0012873590927 10.000000439572263
  endloop
endfacet
facet normal -0.7071067811862926 -1.053634063620045e-08 0.7071067811868025
  outer loop
    vertex 788.7439715762454 1289.0012862385545 85.20000042305185
    vertex 792.743971576249 1293.0012861789512 89.20000048265516
    vertex 788.7439715762487 1293.0012862385545 85.20000048265932
  endloop
endfacet
facet normal -0.7071067811862926 -1.053634063620045e-08 0.7071067811868025
  outer loop
    vertex 792.743971576249 1293.0012861789512 89.20000048265516
    vertex 788.7439715762454 1289.0012862385545 85.20000042305185
    vertex 792.7439715762456 1289.0012861789517 89.20000042305085
  endloop
endfacet
facet normal 4.068895341291064e-13 -1.490116511362879e-08 1.0
  outer loop
    vertex 792.7439715762456 1289.0012861789517 89.20000042305085
    vertex 812.2439715762455 1289.0012861789533 89.20000042304679
    vertex 792.743971576249 1293.0012861789512 89.20000048265516
  endloop
endfacet
facet normal 4.068895341291064e-13 -1.490116511362879e-08 1.0
  outer loop
    vertex 818.5439715762274 1293.0012861789514 89.2000004826252
    vertex 813.7439715762441 1287.5012861789535 89.20000040069338
    vertex 818.5439715762274 1268.0012861788348 89.20000011010613
  endloop
endfacet
facet normal 4.068895341291064e-13 -1.490116511362879e-08 1.0
  outer loop
    vertex 813.7439715762441 1287.5012861789535 89.20000040069338
    vertex 818.5439715762274 1293.0012861789514 89.2000004826252
    vertex 812.2439715762455 1289.0012861789533 89.20000042304679
  endloop
endfacet
facet normal 4.068895341291064e-13 -1.490116511362879e-08 1.0
  outer loop
    vertex 812.2439715762455 1289.0012861789533 89.20000042304679
    vertex 818.5439715762274 1293.0012861789514 89.2000004826252
    vertex 792.743971576249 1293.0012861789512 89.20000048265516
  endloop
endfacet
facet normal 4.068895341291064e-13 -1.490116511362879e-08 1.0
  outer loop
    vertex 818.5439715762274 1268.0012861788348 89.20000011010613
    vertex 813.7439715762441 1287.5012861789535 89.20000040069338
    vertex 813.7439715762273 1263.5012861788368 89.20000004305278
  endloop
endfacet
facet normal 4.068895341291064e-13 -1.490116511362879e-08 1.0
  outer loop
    vertex 818.5439715762274 1268.0012861788348 89.20000011010613
    vertex 839.0439715762276 1263.5012861788362 89.20000004305486
    vertex 839.0439715762276 1268.0012861788352 89.20000011010829
  endloop
endfacet
facet normal 4.068895341291064e-13 -1.490116511362879e-08 1.0
  outer loop
    vertex 839.0439715762276 1263.5012861788362 89.20000004305486
    vertex 818.5439715762274 1268.0012861788348 89.20000011010613
    vertex 813.7439715762273 1263.5012861788368 89.20000004305278
  endloop
endfacet
facet normal -0.7071067811865972 1.053591841119601e-08 -0.707106781186498
  outer loop
    vertex 792.7439715762373 1293.0012875080993 4.3957760480495263e-07
    vertex 788.7439715762405 1289.0012874484964 4.00000037997473
    vertex 788.7439715762376 1293.0012874484964 4.000000439577778
  endloop
endfacet
facet normal -0.7071067811865972 1.053591841119601e-08 -0.707106781186498
  outer loop
    vertex 788.7439715762405 1289.0012874484964 4.00000037997473
    vertex 792.7439715762373 1293.0012875080993 4.3957760480495263e-07
    vertex 792.7439715762401 1289.0012875080997 3.7997455635263574e-07
  endloop
endfacet
facet normal -1.0 4.2635338407585985e-14 8.69442045164904e-14
  outer loop
    vertex 788.7439715762376 1293.0012874484964 4.000000439577778
    vertex 788.7439715762454 1289.0012862385545 85.20000042305185
    vertex 788.7439715762487 1293.0012862385545 85.20000048265932
  endloop
endfacet
facet normal -1.0 4.2635338407585985e-14 8.69442045164904e-14
  outer loop
    vertex 788.7439715762454 1289.0012862385545 85.20000042305185
    vertex 788.7439715762376 1293.0012874484964 4.000000439577778
    vertex 788.7439715762405 1289.0012874484964 4.00000037997473
  endloop
endfacet
facet normal 1.6416991803432547e-13 1.4901360581995466e-08 -1.0
  outer loop
    vertex 858.0439715762267 1269.130699227763 8.388217027643917e-08
    vertex 812.24397157624 1289.0012875081015 3.799694127337716e-07
    vertex 823.5439715762482 1293.0012875080417 4.396011571650149e-07
  endloop
endfacet
facet normal 1.6416991803432547e-13 1.4901360581995466e-08 -1.0
  outer loop
    vertex 812.24397157624 1289.0012875081015 3.799694127337716e-07
    vertex 858.0439715762267 1269.130699227763 8.388217027643917e-08
    vertex 813.7439715762389 1287.5012875081015 3.576183132736332e-07
  endloop
endfacet
facet normal 1.6416991803432547e-13 1.4901360581995466e-08 -1.0
  outer loop
    vertex 813.7439715762389 1287.5012875081015 3.576183132736332e-07
    vertex 858.0439715762267 1269.130699227763 8.388217027643917e-08
    vertex 813.7439715762264 1263.501287507985 0.0
  endloop
endfacet
facet normal 1.6416991803432547e-13 1.4901360581995466e-08 -1.0
  outer loop
    vertex 813.7439715762264 1263.501287507985 0.0
    vertex 858.0439715762267 1269.130699227763 8.388217027643917e-08
    vertex 858.0439715762267 1263.5012875079833 -3.158362460453645e-13
  endloop
endfacet
facet normal 1.6416991803432547e-13 1.4901360581995466e-08 -1.0
  outer loop
    vertex 823.5439715762482 1293.0012875080417 4.396011571650149e-07
    vertex 792.7439715762401 1289.0012875080997 3.7997455635263574e-07
    vertex 792.7439715762373 1293.0012875080993 4.3957760480495263e-07
  endloop
endfacet
facet normal 1.6416991803432547e-13 1.4901360581995466e-08 -1.0
  outer loop
    vertex 792.7439715762401 1289.0012875080997 3.7997455635263574e-07
    vertex 823.5439715762482 1293.0012875080417 4.396011571650149e-07
    vertex 812.24397157624 1289.0012875081015 3.799694127337716e-07
  endloop
endfacet
facet normal 0.9238795325113123 5.702360831793027e-09 -0.3826834323650286
  outer loop
    vertex 792.2325644278932 1289.0012863179331 79.87292994031286
    vertex 792.4923055264048 1293.0012863085885 80.50000048264938
    vertex 792.4923055264052 1289.001286308589 80.50000042304633
  endloop
endfacet
facet normal 0.9238795325113123 5.702360831793027e-09 -0.3826834323650286
  outer loop
    vertex 792.4923055264048 1293.0012863085885 80.50000048264938
    vertex 792.2325644278932 1289.0012863179331 79.87292994031286
    vertex 792.2325644278928 1293.0012863179325 79.8729299999159
  endloop
endfacet
facet normal 0.1305261922200574 1.4773297105022306e-08 -0.9914448613738095
  outer loop
    vertex 794.7439715762446 1293.0012862892174 81.80000048264935
    vertex 794.0710420589784 1289.001286290538 81.71140757139787
    vertex 794.0710420589779 1293.0012862905378 81.71140763100092
  endloop
endfacet
facet normal 0.1305261922200574 1.4773297105022306e-08 -0.9914448613738095
  outer loop
    vertex 794.0710420589784 1289.001286290538 81.71140757139787
    vertex 794.7439715762446 1293.0012862892174 81.80000048264935
    vertex 794.7439715762449 1289.001286289218 81.8000004230463
  endloop
endfacet
facet normal 0.13052619222006237 -1.4773272899639551e-08 0.991444861373809
  outer loop
    vertex 794.0710420589749 1289.0012873965147 7.488593231617516
    vertex 794.7439715762412 1293.0012873978344 7.400000439572132
    vertex 794.0710420589745 1293.0012873965143 7.488593291220565
  endloop
endfacet
facet normal 0.13052619222006237 -1.4773272899639551e-08 0.991444861373809
  outer loop
    vertex 794.7439715762412 1293.0012873978344 7.400000439572132
    vertex 794.0710420589749 1289.0012873965147 7.488593231617516
    vertex 794.7439715762415 1289.0012873978346 7.400000379969083
  endloop
endfacet
facet normal -0.38268343236513735 -1.3766555948263725e-08 0.9238795325112671
  outer loop
    vertex 795.416901093508 1289.0012873965147 7.488593231617787
    vertex 796.0439715762412 1293.001287392644 7.748334389732925
    vertex 795.4169010935077 1293.0012873965143 7.488593291220835
  endloop
endfacet
facet normal -0.38268343236513735 -1.3766555948263725e-08 0.9238795325112671
  outer loop
    vertex 796.0439715762412 1293.001287392644 7.748334389732925
    vertex 795.416901093508 1289.0012873965147 7.488593231617787
    vertex 796.0439715762416 1289.0012873926444 7.748334330129876
  endloop
endfacet
facet normal 0.3826834323651419 -1.3766474560582868e-08 0.9238795325112651
  outer loop
    vertex 793.4439715762414 1289.0012873926446 7.748334330129605
    vertex 794.0710420589745 1293.0012873965143 7.488593291220565
    vertex 793.4439715762411 1293.0012873926441 7.748334389732654
  endloop
endfacet
facet normal 0.3826834323651419 -1.3766474560582868e-08 0.9238795325112651
  outer loop
    vertex 794.0710420589745 1293.0012873965143 7.488593291220565
    vertex 793.4439715762414 1289.0012873926446 7.748334330129605
    vertex 794.0710420589749 1289.0012873965147 7.488593231617516
  endloop
endfacet
facet normal 0.9914448613738097 -1.9448479384006764e-09 0.13052619222005743
  outer loop
    vertex 792.2325644278923 1289.0012863379873 78.52707090577968
    vertex 792.1439715762435 1293.0012863279599 79.20000048264932
    vertex 792.1439715762439 1289.00128632796 79.20000042304626
  endloop
endfacet
facet normal 0.9914448613738097 -1.9448479384006764e-09 0.13052619222005743
  outer loop
    vertex 792.1439715762435 1293.0012863279599 79.20000048264932
    vertex 792.2325644278923 1289.0012863379873 78.52707090577968
    vertex 792.2325644278919 1293.0012863379868 78.52707096538272
  endloop
endfacet
facet normal -0.7933533402911964 9.070936273159788e-09 -0.6087614290087711
  outer loop
    vertex 796.9956376260841 1293.0012863085883 80.50000048264911
    vertex 796.5824492073299 1289.0012863005652 81.0384780541311
    vertex 796.5824492073295 1293.0012863005645 81.03847811373414
  endloop
endfacet
facet normal -0.7933533402911964 9.070936273159788e-09 -0.6087614290087711
  outer loop
    vertex 796.5824492073299 1289.0012863005652 81.0384780541311
    vertex 796.9956376260841 1293.0012863085883 80.50000048264911
    vertex 796.9956376260844 1289.0012863085888 80.50000042304606
  endloop
endfacet
facet normal 0.13052619222006237 -1.4773272899428313e-08 0.991444861373809
  outer loop
    vertex 794.0710420589775 1289.0012863653822 76.68859327469465
    vertex 794.7439715762437 1293.0012863667014 76.60000048264928
    vertex 794.0710420589771 1293.0012863653815 76.6885933342977
  endloop
endfacet
facet normal 0.13052619222006237 -1.4773272899428313e-08 0.991444861373809
  outer loop
    vertex 794.7439715762437 1293.0012863667014 76.60000048264928
    vertex 794.0710420589775 1289.0012863653822 76.68859327469465
    vertex 794.743971576244 1289.0012863667018 76.60000042304623
  endloop
endfacet
facet normal -0.6087614290086915 1.1821513729912354e-08 -0.7933533402912575
  outer loop
    vertex 796.5824492073295 1293.0012863005645 81.03847811373414
    vertex 796.0439715762448 1289.0012862944084 81.45166647288588
    vertex 796.0439715762444 1293.001286294408 81.45166653248891
  endloop
endfacet
facet normal -0.6087614290086915 1.1821513729912354e-08 -0.7933533402912575
  outer loop
    vertex 796.0439715762448 1289.0012862944084 81.45166647288588
    vertex 796.5824492073295 1293.0012863005645 81.03847811373414
    vertex 796.5824492073299 1289.0012863005652 81.0384780541311
  endloop
endfacet
facet normal 0.6087614290086915 -1.1821513733966961e-08 0.7933533402912575
  outer loop
    vertex 792.9054939451561 1293.001287386487 8.161522808487153
    vertex 793.4439715762414 1289.0012873926446 7.748334330129605
    vertex 793.4439715762411 1293.0012873926441 7.748334389732654
  endloop
endfacet
facet normal 0.6087614290086915 -1.1821513733966961e-08 0.7933533402912575
  outer loop
    vertex 793.4439715762414 1289.0012873926446 7.748334330129605
    vertex 792.9054939451561 1293.001287386487 8.161522808487153
    vertex 792.9054939451564 1289.0012873864875 8.161522748884105
  endloop
endfacet
facet normal 0.6087614290086876 1.1821626617668513e-08 -0.7933533402912606
  outer loop
    vertex 793.4439715762448 1289.0012862944086 81.45166647288588
    vertex 792.9054939451595 1293.001286300565 81.03847811373443
    vertex 793.4439715762445 1293.0012862944081 81.45166653248891
  endloop
endfacet
facet normal 0.6087614290086876 1.1821626617668513e-08 -0.7933533402912606
  outer loop
    vertex 792.9054939451595 1293.001286300565 81.03847811373443
    vertex 793.4439715762448 1289.0012862944086 81.45166647288588
    vertex 792.9054939451598 1289.0012863005654 81.03847805413137
  endloop
endfacet
facet normal 0.7933533402911964 -9.070936270705078e-09 0.6087614290087711
  outer loop
    vertex 792.9054939451564 1289.0012873864875 8.161522748884105
    vertex 792.4923055264014 1293.0012873784635 8.700000439572197
    vertex 792.4923055264018 1289.0012873784638 8.700000379969149
  endloop
endfacet
facet normal 0.7933533402911964 -9.070936270705078e-09 0.6087614290087711
  outer loop
    vertex 792.4923055264014 1293.0012873784635 8.700000439572197
    vertex 792.9054939451564 1289.0012873864875 8.161522748884105
    vertex 792.9054939451561 1293.001287386487 8.161522808487153
  endloop
endfacet
facet normal 0.3826834323650239 1.3766545525115092e-08 -0.923879532511314
  outer loop
    vertex 794.0710420589745 1293.0012873216706 12.51140758792378
    vertex 793.4439715762414 1289.0012873255414 12.251666429808733
    vertex 793.4439715762411 1293.0012873255412 12.25166648941178
  endloop
endfacet
facet normal 0.3826834323650239 1.3766545525115092e-08 -0.923879532511314
  outer loop
    vertex 793.4439715762414 1289.0012873255414 12.251666429808733
    vertex 794.0710420589745 1293.0012873216706 12.51140758792378
    vertex 794.0710420589749 1289.0012873216708 12.511407528320731
  endloop
endfacet
facet normal 0.6087614290086915 -1.1821513731939657e-08 0.7933533402912575
  outer loop
    vertex 792.9054939451589 1289.001286355355 77.36152279196125
    vertex 793.4439715762436 1293.0012863615111 76.94833443280979
    vertex 792.9054939451586 1293.0012863553543 77.36152285156429
  endloop
endfacet
facet normal 0.6087614290086915 -1.1821513731939657e-08 0.7933533402912575
  outer loop
    vertex 793.4439715762436 1293.0012863615111 76.94833443280979
    vertex 792.9054939451589 1289.001286355355 77.36152279196125
    vertex 793.4439715762439 1289.0012863615118 76.94833437320675
  endloop
endfacet
facet normal 0.3826834323650852 -1.3766474561381096e-08 0.9238795325112885
  outer loop
    vertex 793.4439715762439 1289.0012863615118 76.94833437320675
    vertex 794.0710420589771 1293.0012863653815 76.6885933342977
    vertex 793.4439715762436 1293.0012863615111 76.94833443280979
  endloop
endfacet
facet normal 0.3826834323650852 -1.3766474561381096e-08 0.9238795325112885
  outer loop
    vertex 794.0710420589771 1293.0012863653815 76.6885933342977
    vertex 793.4439715762439 1289.0012863615118 76.94833437320675
    vertex 794.0710420589775 1289.0012863653822 76.68859327469465
  endloop
endfacet
facet normal -0.7933533402911964 9.070943141942685e-09 -0.608761429008771
  outer loop
    vertex 796.9956376260807 1293.0012873397213 11.300000439572012
    vertex 796.5824492073265 1289.001287331698 11.838478011053917
    vertex 796.582449207326 1293.0012873316975 11.838478070657056
  endloop
endfacet
facet normal -0.7933533402911964 9.070943141942685e-09 -0.608761429008771
  outer loop
    vertex 796.5824492073265 1289.001287331698 11.838478011053917
    vertex 796.9956376260807 1293.0012873397213 11.300000439572012
    vertex 796.995637626081 1289.0012873397218 11.300000379968873
  endloop
endfacet
facet normal 0.7933533402911933 9.07108339766989e-09 -0.6087614290087751
  outer loop
    vertex 792.4923055264052 1289.001286308589 80.50000042304633
    vertex 792.9054939451595 1293.001286300565 81.03847811373443
    vertex 792.9054939451598 1289.0012863005654 81.03847805413137
  endloop
endfacet
facet normal 0.7933533402911933 9.07108339766989e-09 -0.6087614290087751
  outer loop
    vertex 792.9054939451595 1293.001286300565 81.03847811373443
    vertex 792.4923055264052 1289.001286308589 80.50000042304633
    vertex 792.4923055264048 1293.0012863085885 80.50000048264938
  endloop
endfacet
facet normal -0.7933533402911933 -9.071090269114158e-09 0.6087614290087751
  outer loop
    vertex 796.582449207326 1293.001287386487 8.161522808486927
    vertex 796.995637626081 1289.0012873784638 8.700000379968833
    vertex 796.9956376260807 1293.0012873784633 8.700000439571971
  endloop
endfacet
facet normal -0.7933533402911933 -9.071090269114158e-09 0.6087614290087751
  outer loop
    vertex 796.995637626081 1289.0012873784638 8.700000379968833
    vertex 796.582449207326 1293.001287386487 8.161522808486927
    vertex 796.5824492073265 1289.0012873864873 8.161522748883788
  endloop
endfacet
facet normal 0.7933533402911933 9.071083400124599e-09 -0.6087614290087751
  outer loop
    vertex 792.4923055264018 1289.001287339722 11.30000037996919
    vertex 792.9054939451561 1293.001287331698 11.838478070657281
    vertex 792.9054939451564 1289.0012873316982 11.838478011054233
  endloop
endfacet
facet normal 0.7933533402911933 9.071083400124599e-09 -0.6087614290087751
  outer loop
    vertex 792.9054939451561 1293.001287331698 11.838478070657281
    vertex 792.4923055264018 1289.001287339722 11.30000037996919
    vertex 792.4923055264014 1293.0012873397216 11.300000439572237
  endloop
endfacet
facet normal -0.13052619222006237 1.477327289860391e-08 -0.991444861373809
  outer loop
    vertex 795.4169010935116 1289.001286290538 81.71140757139787
    vertex 794.7439715762446 1293.0012862892174 81.80000048264935
    vertex 795.4169010935111 1293.0012862905378 81.71140763100092
  endloop
endfacet
facet normal -0.13052619222006237 1.477327289860391e-08 -0.991444861373809
  outer loop
    vertex 794.7439715762446 1293.0012862892174 81.80000048264935
    vertex 795.4169010935116 1289.001286290538 81.71140757139787
    vertex 794.7439715762449 1289.001286289218 81.8000004230463
  endloop
endfacet
facet normal -0.38268343236512253 1.3766484978636057e-08 -0.9238795325112732
  outer loop
    vertex 796.0439715762413 1289.0012873255412 12.251666429809003
    vertex 795.4169010935077 1293.0012873216706 12.511407587924051
    vertex 796.043971576241 1293.001287325541 12.25166648941205
  endloop
endfacet
facet normal -0.38268343236512253 1.3766484978636057e-08 -0.9238795325112732
  outer loop
    vertex 795.4169010935077 1293.0012873216706 12.511407587924051
    vertex 796.0439715762413 1289.0012873255412 12.251666429809003
    vertex 795.416901093508 1289.0012873216708 12.511407528321001
  endloop
endfacet
facet normal -0.923879532511314 5.702193817545261e-09 -0.3826834323650239
  outer loop
    vertex 797.2553787245927 1293.001287349065 10.672929956838535
    vertex 796.995637626081 1289.0012873397218 11.300000379968873
    vertex 796.9956376260807 1293.0012873397213 11.300000439572012
  endloop
endfacet
facet normal -0.923879532511314 5.702193817545261e-09 -0.3826834323650239
  outer loop
    vertex 796.995637626081 1289.0012873397218 11.300000379968873
    vertex 797.2553787245927 1293.001287349065 10.672929956838535
    vertex 797.255378724593 1289.0012873490655 10.672929897235397
  endloop
endfacet
facet normal -0.9238795325113169 -5.70236299124409e-09 0.3826834323650168
  outer loop
    vertex 796.9956376260832 1293.0012863473305 77.90000048264906
    vertex 797.2553787245955 1289.001286337987 78.52707090577962
    vertex 797.2553787245952 1293.0012863379864 78.52707096538276
  endloop
endfacet
facet normal -0.9238795325113169 -5.70236299124409e-09 0.3826834323650168
  outer loop
    vertex 797.2553787245955 1289.001286337987 78.52707090577962
    vertex 796.9956376260832 1293.0012863473305 77.90000048264906
    vertex 796.9956376260835 1289.001286347331 77.90000042304602
  endloop
endfacet
facet normal 0.13052619222005737 1.4773297103775426e-08 -0.9914448613738095
  outer loop
    vertex 794.7439715762415 1289.001287320351 12.600000379969163
    vertex 794.0710420589745 1293.0012873216706 12.51140758792378
    vertex 794.7439715762412 1293.0012873203505 12.600000439572213
  endloop
endfacet
facet normal 0.13052619222005737 1.4773297103775426e-08 -0.9914448613738095
  outer loop
    vertex 794.0710420589745 1293.0012873216706 12.51140758792378
    vertex 794.7439715762415 1289.001287320351 12.600000379969163
    vertex 794.0710420589749 1289.0012873216708 12.511407528320731
  endloop
endfacet
facet normal -0.13052619222009004 -1.4773302695116628e-08 0.9914448613738052
  outer loop
    vertex 794.7439715762415 1289.0012873978346 7.400000379969083
    vertex 795.4169010935077 1293.0012873965143 7.488593291220835
    vertex 794.7439715762412 1293.0012873978344 7.400000439572132
  endloop
endfacet
facet normal -0.13052619222009004 -1.4773302695116628e-08 0.9914448613738052
  outer loop
    vertex 795.4169010935077 1293.0012873965143 7.488593291220835
    vertex 794.7439715762415 1289.0012873978346 7.400000379969083
    vertex 795.416901093508 1289.0012873965147 7.488593231617787
  endloop
endfacet
facet normal 0.923879532511314 -5.702189501190915e-09 0.38268343236502383
  outer loop
    vertex 792.4923055264018 1289.0012873784638 8.700000379969149
    vertex 792.2325644278894 1293.0012873691198 9.327070922305674
    vertex 792.2325644278898 1289.00128736912 9.327070862702625
  endloop
endfacet
facet normal 0.923879532511314 -5.702189501190915e-09 0.38268343236502383
  outer loop
    vertex 792.2325644278894 1293.0012873691198 9.327070922305674
    vertex 792.4923055264018 1289.0012873784638 8.700000379969149
    vertex 792.4923055264014 1293.0012873784635 8.700000439572197
  endloop
endfacet
facet normal -0.7933533402911933 -9.071083396829168e-09 0.6087614290087751
  outer loop
    vertex 796.5824492073286 1293.001286355354 77.36152285156402
    vertex 796.9956376260835 1289.001286347331 77.90000042304602
    vertex 796.9956376260832 1293.0012863473305 77.90000048264906
  endloop
endfacet
facet normal -0.7933533402911933 -9.071083396829168e-09 0.6087614290087751
  outer loop
    vertex 796.9956376260835 1289.001286347331 77.90000042304602
    vertex 796.5824492073286 1293.001286355354 77.36152285156402
    vertex 796.582449207329 1289.0012863553545 77.36152279196098
  endloop
endfacet
facet normal -0.991444861373809 -1.945033271107287e-09 0.13052619222006234
  outer loop
    vertex 797.2553787245927 1293.0012873691194 9.327070922305449
    vertex 797.3439715762414 1289.0012873590927 10.000000379968897
    vertex 797.3439715762411 1293.0012873590922 10.000000439572037
  endloop
endfacet
facet normal -0.991444861373809 -1.945033271107287e-09 0.13052619222006234
  outer loop
    vertex 797.3439715762414 1289.0012873590927 10.000000379968897
    vertex 797.2553787245927 1293.0012873691194 9.327070922305449
    vertex 797.255378724593 1289.0012873691198 9.32707086270231
  endloop
endfacet
facet normal -0.6087614290086915 1.1821522678285472e-08 -0.7933533402912576
  outer loop
    vertex 796.582449207326 1293.0012873316975 11.838478070657056
    vertex 796.0439715762413 1289.0012873255412 12.251666429809003
    vertex 796.043971576241 1293.001287325541 12.25166648941205
  endloop
endfacet
facet normal -0.6087614290086915 1.1821522678285472e-08 -0.7933533402912576
  outer loop
    vertex 796.0439715762413 1289.0012873255412 12.251666429809003
    vertex 796.582449207326 1293.0012873316975 11.838478070657056
    vertex 796.5824492073265 1289.001287331698 11.838478011053917
  endloop
endfacet
facet normal 0.9238795325113044 -5.702189500393387e-09 0.38268343236504737
  outer loop
    vertex 792.4923055264044 1289.0012863473312 77.9000004230463
    vertex 792.2325644278919 1293.0012863379868 78.52707096538272
    vertex 792.2325644278923 1289.0012863379873 78.52707090577968
  endloop
endfacet
facet normal 0.9238795325113044 -5.702189500393387e-09 0.38268343236504737
  outer loop
    vertex 792.2325644278919 1293.0012863379868 78.52707096538272
    vertex 792.4923055264044 1289.0012863473312 77.9000004230463
    vertex 792.4923055264039 1293.0012863473307 77.90000048264933
  endloop
endfacet
facet normal -0.1305261922200574 -1.4773297104811067e-08 0.9914448613738095
  outer loop
    vertex 794.7439715762437 1293.0012863667014 76.60000048264928
    vertex 795.4169010935107 1289.001286365382 76.68859327469465
    vertex 795.4169010935102 1293.0012863653815 76.6885933342977
  endloop
endfacet
facet normal -0.1305261922200574 -1.4773297104811067e-08 0.9914448613738095
  outer loop
    vertex 795.4169010935107 1289.001286365382 76.68859327469465
    vertex 794.7439715762437 1293.0012863667014 76.60000048264928
    vertex 794.743971576244 1289.0012863667018 76.60000042304623
  endloop
endfacet
facet normal -0.9914448613738074 -1.9450325340154624e-09 0.13052619222007522
  outer loop
    vertex 797.2553787245952 1293.0012863379864 78.52707096538276
    vertex 797.343971576244 1289.0012863279599 79.20000042304622
    vertex 797.3439715762436 1293.0012863279594 79.20000048264927
  endloop
endfacet
facet normal -0.9914448613738074 -1.9450325340154624e-09 0.13052619222007522
  outer loop
    vertex 797.343971576244 1289.0012863279599 79.20000042304622
    vertex 797.2553787245952 1293.0012863379864 78.52707096538276
    vertex 797.2553787245955 1289.001286337987 78.52707090577962
  endloop
endfacet
facet normal -0.6087614290088158 -1.1821635568067463e-08 0.793353340291162
  outer loop
    vertex 796.0439715762416 1289.0012873926444 7.748334330129876
    vertex 796.582449207326 1293.001287386487 8.161522808486927
    vertex 796.0439715762412 1293.001287392644 7.748334389732925
  endloop
endfacet
facet normal -0.6087614290088158 -1.1821635568067463e-08 0.793353340291162
  outer loop
    vertex 796.582449207326 1293.001287386487 8.161522808486927
    vertex 796.0439715762416 1289.0012873926444 7.748334330129876
    vertex 796.5824492073265 1289.0012873864873 8.161522748883788
  endloop
endfacet
facet normal 0.9914448613738067 1.9450317976902446e-09 -0.13052619222007952
  outer loop
    vertex 792.1439715762414 1289.0012873590929 10.000000379969213
    vertex 792.2325644278894 1293.0012873490653 10.672929956838761
    vertex 792.2325644278898 1289.0012873490657 10.672929897235711
  endloop
endfacet
facet normal 0.9914448613738067 1.9450317976902446e-09 -0.13052619222007952
  outer loop
    vertex 792.2325644278894 1293.0012873490653 10.672929956838761
    vertex 792.1439715762414 1289.0012873590929 10.000000379969213
    vertex 792.143971576241 1293.0012873590927 10.000000439572263
  endloop
endfacet
facet normal -0.6087614290088159 -1.1821626619694348e-08 0.793353340291162
  outer loop
    vertex 796.0439715762441 1289.0012863615116 76.94833437320675
    vertex 796.5824492073286 1293.001286355354 77.36152285156402
    vertex 796.0439715762437 1293.0012863615111 76.94833443280979
  endloop
endfacet
facet normal -0.6087614290088159 -1.1821626619694348e-08 0.793353340291162
  outer loop
    vertex 796.5824492073286 1293.001286355354 77.36152285156402
    vertex 796.0439715762441 1289.0012863615116 76.94833437320675
    vertex 796.582449207329 1289.0012863553545 77.36152279196098
  endloop
endfacet
facet normal 0.9914448613738078 1.9450317976901163e-09 -0.13052619222007092
  outer loop
    vertex 792.1439715762439 1289.00128632796 79.20000042304626
    vertex 792.2325644278928 1293.0012863179325 79.8729299999159
    vertex 792.2325644278932 1289.0012863179331 79.87292994031286
  endloop
endfacet
facet normal 0.9914448613738078 1.9450317976901163e-09 -0.13052619222007092
  outer loop
    vertex 792.2325644278928 1293.0012863179325 79.8729299999159
    vertex 792.1439715762439 1289.00128632796 79.20000042304626
    vertex 792.1439715762435 1293.0012863279599 79.20000048264932
  endloop
endfacet
facet normal 0.7933533402911964 -9.070936270705078e-09 0.6087614290087711
  outer loop
    vertex 792.9054939451589 1289.001286355355 77.36152279196125
    vertex 792.4923055264039 1293.0012863473307 77.90000048264933
    vertex 792.4923055264044 1289.0012863473312 77.9000004230463
  endloop
endfacet
facet normal 0.7933533402911964 -9.070936270705078e-09 0.6087614290087711
  outer loop
    vertex 792.4923055264039 1293.0012863473307 77.90000048264933
    vertex 792.9054939451589 1289.001286355355 77.36152279196125
    vertex 792.9054939451586 1293.0012863553543 77.36152285156429
  endloop
endfacet
facet normal -0.9238795325113092 5.702191658969324e-09 -0.3826834323650356
  outer loop
    vertex 797.2553787245961 1293.0012863179322 79.87292999991585
    vertex 796.9956376260844 1289.0012863085888 80.50000042304606
    vertex 796.9956376260841 1293.0012863085883 80.50000048264911
  endloop
endfacet
facet normal -0.9238795325113092 5.702191658969324e-09 -0.3826834323650356
  outer loop
    vertex 796.9956376260844 1289.0012863085888 80.50000042304606
    vertex 797.2553787245961 1293.0012863179322 79.87292999991585
    vertex 797.2553787245964 1289.0012863179327 79.87292994031272
  endloop
endfacet
facet normal -0.9238795325113123 -5.70236514819982e-09 0.38268343236502855
  outer loop
    vertex 796.9956376260807 1293.0012873784633 8.700000439571971
    vertex 797.255378724593 1289.0012873691198 9.32707086270231
    vertex 797.2553787245927 1293.0012873691194 9.327070922305449
  endloop
endfacet
facet normal -0.9238795325113123 -5.70236514819982e-09 0.38268343236502855
  outer loop
    vertex 797.255378724593 1289.0012873691198 9.32707086270231
    vertex 796.9956376260807 1293.0012873784633 8.700000439571971
    vertex 796.995637626081 1289.0012873784638 8.700000379968833
  endloop
endfacet
facet normal 0.9238795325113123 5.702360832590905e-09 -0.38268343236502855
  outer loop
    vertex 792.2325644278898 1289.0012873490657 10.672929897235711
    vertex 792.4923055264014 1293.0012873397216 11.300000439572237
    vertex 792.4923055264018 1289.001287339722 11.30000037996919
  endloop
endfacet
facet normal 0.9238795325113123 5.702360832590905e-09 -0.38268343236502855
  outer loop
    vertex 792.4923055264014 1293.0012873397216 11.300000439572237
    vertex 792.2325644278898 1289.0012873490657 10.672929897235711
    vertex 792.2325644278894 1293.0012873490653 10.672929956838761
  endloop
endfacet
facet normal -0.9914448613738074 1.944849409439805e-09 -0.1305261922200746
  outer loop
    vertex 797.3439715762411 1293.0012873590922 10.000000439572037
    vertex 797.255378724593 1289.0012873490655 10.672929897235397
    vertex 797.2553787245927 1293.001287349065 10.672929956838535
  endloop
endfacet
facet normal -0.9914448613738074 1.944849409439805e-09 -0.1305261922200746
  outer loop
    vertex 797.255378724593 1289.0012873490655 10.672929897235397
    vertex 797.3439715762411 1293.0012873590922 10.000000439572037
    vertex 797.3439715762414 1289.0012873590927 10.000000379968897
  endloop
endfacet
facet normal -0.9914448613738092 1.9448486743035432e-09 -0.13052619222006168
  outer loop
    vertex 797.3439715762436 1293.0012863279594 79.20000048264927
    vertex 797.2553787245964 1289.0012863179327 79.87292994031272
    vertex 797.2553787245961 1293.0012863179322 79.87292999991585
  endloop
endfacet
facet normal -0.9914448613738092 1.9448486743035432e-09 -0.13052619222006168
  outer loop
    vertex 797.2553787245964 1289.0012863179327 79.87292994031272
    vertex 797.3439715762436 1293.0012863279594 79.20000048264927
    vertex 797.343971576244 1289.0012863279599 79.20000042304622
  endloop
endfacet
facet normal -0.13052619222002967 1.4773278490980883e-08 -0.9914448613738133
  outer loop
    vertex 795.416901093508 1289.0012873216708 12.511407528321001
    vertex 794.7439715762412 1293.0012873203505 12.600000439572213
    vertex 795.4169010935077 1293.0012873216706 12.511407587924051
  endloop
endfacet
facet normal -0.13052619222002967 1.4773278490980883e-08 -0.9914448613738133
  outer loop
    vertex 794.7439715762412 1293.0012873203505 12.600000439572213
    vertex 795.416901093508 1289.0012873216708 12.511407528321001
    vertex 794.7439715762415 1289.001287320351 12.600000379969163
  endloop
endfacet
facet normal 0.9914448613738097 -1.944847937211463e-09 0.1305261922200574
  outer loop
    vertex 792.2325644278898 1289.00128736912 9.327070862702625
    vertex 792.143971576241 1293.0012873590927 10.000000439572263
    vertex 792.1439715762414 1289.0012873590929 10.000000379969213
  endloop
endfacet
facet normal 0.9914448613738097 -1.944847937211463e-09 0.1305261922200574
  outer loop
    vertex 792.143971576241 1293.0012873590927 10.000000439572263
    vertex 792.2325644278898 1289.00128736912 9.327070862702625
    vertex 792.2325644278894 1293.0012873691198 9.327070922305674
  endloop
endfacet
facet normal -0.38268343236508057 -1.3766545526388808e-08 0.9238795325112905
  outer loop
    vertex 795.4169010935107 1289.001286365382 76.68859327469465
    vertex 796.0439715762437 1293.0012863615111 76.94833443280979
    vertex 795.4169010935102 1293.0012863653815 76.6885933342977
  endloop
endfacet
facet normal -0.38268343236508057 -1.3766545526388808e-08 0.9238795325112905
  outer loop
    vertex 796.0439715762437 1293.0012863615111 76.94833443280979
    vertex 795.4169010935107 1289.001286365382 76.68859327469465
    vertex 796.0439715762441 1289.0012863615116 76.94833437320675
  endloop
endfacet
facet normal 0.6087614290086875 1.1821626622991249e-08 -0.7933533402912606
  outer loop
    vertex 793.4439715762414 1289.0012873255414 12.251666429808733
    vertex 792.9054939451561 1293.001287331698 11.838478070657281
    vertex 793.4439715762411 1293.0012873255412 12.25166648941178
  endloop
endfacet
facet normal 0.6087614290086875 1.1821626622991249e-08 -0.7933533402912606
  outer loop
    vertex 792.9054939451561 1293.001287331698 11.838478070657281
    vertex 793.4439715762414 1289.0012873255414 12.251666429808733
    vertex 792.9054939451564 1289.0012873316982 11.838478011054233
  endloop
endfacet
facet normal -0.38268343236517927 1.3766474559308572e-08 -0.9238795325112497
  outer loop
    vertex 796.0439715762444 1293.001286294408 81.45166653248891
    vertex 795.4169010935116 1289.001286290538 81.71140757139787
    vertex 795.4169010935111 1293.0012862905378 81.71140763100092
  endloop
endfacet
facet normal -0.38268343236517927 1.3766474559308572e-08 -0.9238795325112497
  outer loop
    vertex 795.4169010935116 1289.001286290538 81.71140757139787
    vertex 796.0439715762444 1293.001286294408 81.45166653248891
    vertex 796.0439715762448 1289.0012862944084 81.45166647288588
  endloop
endfacet
facet normal 0.38268343236508057 1.3766545526388808e-08 -0.9238795325112905
  outer loop
    vertex 794.0710420589784 1289.001286290538 81.71140757139787
    vertex 793.4439715762445 1293.0012862944081 81.45166653248891
    vertex 794.0710420589779 1293.0012862905378 81.71140763100092
  endloop
endfacet
facet normal 0.38268343236508057 1.3766545526388808e-08 -0.9238795325112905
  outer loop
    vertex 793.4439715762445 1293.0012862944081 81.45166653248891
    vertex 794.0710420589784 1289.001286290538 81.71140757139787
    vertex 793.4439715762448 1289.0012862944086 81.45166647288588
  endloop
endfacet
facet normal 0.5689839348583667 0.8223486376671939 1.2269691318700961e-08
  outer loop
    vertex 823.5439715762482 1293.0012875080417 4.396011571650149e-07
    vertex 858.0439715762092 1269.1306991830145 3.000000083921915
    vertex 858.0439715762267 1269.130699227763 8.388217027643917e-08
  endloop
endfacet
facet normal 0.5689839348583667 0.8223486376671939 1.2269691318700961e-08
  outer loop
    vertex 858.0439715762092 1269.1306991830145 3.000000083921915
    vertex 823.5439715762482 1293.0012875080417 4.396011571650149e-07
    vertex 823.5439715762298 1293.0012874632932 3.000000439798549
  endloop
endfacet
facet normal -4.950899182025413e-13 -1.4908546750398468e-08 1.0
  outer loop
    vertex 818.5439715762265 1268.0012874632807 3.0000000670531577
    vertex 823.5439715762298 1293.0012874632932 3.000000439798549
    vertex 818.5439715762257 1293.0012874633974 3.0000004397299675
  endloop
endfacet
facet normal -4.950899182025413e-13 -1.4908546750398468e-08 1.0
  outer loop
    vertex 823.5439715762298 1293.0012874632932 3.000000439798549
    vertex 818.5439715762265 1268.0012874632807 3.0000000670531577
    vertex 858.0439715762092 1269.1306991830145 3.000000083921915
  endloop
endfacet
facet normal -4.950899182025413e-13 -1.4908546750398468e-08 1.0
  outer loop
    vertex 858.0439715762092 1269.1306991830145 3.000000083921915
    vertex 818.5439715762265 1268.0012874632807 3.0000000670531577
    vertex 861.0439715762267 1268.0012874632807 3.0000000670531577
  endloop
endfacet
facet normal 0.6087614290086875 1.1821626622150527e-08 -0.7933533402912606
  outer loop
    vertex 806.443971576245 1289.0012862944084 81.45166647288596
    vertex 805.9054939451596 1293.001286300565 81.03847811373443
    vertex 806.4439715762446 1293.0012862944081 81.45166653248901
  endloop
endfacet
facet normal 0.6087614290086875 1.1821626622150527e-08 -0.7933533402912606
  outer loop
    vertex 805.9054939451596 1293.001286300565 81.03847811373443
    vertex 806.443971576245 1289.0012862944084 81.45166647288596
    vertex 805.90549394516 1289.0012863005654 81.03847805413137
  endloop
endfacet
facet normal 0.7933533402911933 9.071083400124599e-09 -0.6087614290087751
  outer loop
    vertex 805.4923055264053 1289.0012863085892 80.50000042304633
    vertex 805.9054939451596 1293.001286300565 81.03847811373443
    vertex 805.90549394516 1289.0012863005654 81.03847805413137
  endloop
endfacet
facet normal 0.7933533402911933 9.071083400124599e-09 -0.6087614290087751
  outer loop
    vertex 805.9054939451596 1293.001286300565 81.03847811373443
    vertex 805.4923055264053 1289.0012863085892 80.50000042304633
    vertex 805.492305526405 1293.0012863085885 80.50000048264938
  endloop
endfacet
facet normal -0.13052619222006234 1.4773272899639551e-08 -0.991444861373809
  outer loop
    vertex 808.4169010935116 1289.0012862905382 81.71140757139833
    vertex 807.7439715762447 1293.0012862892177 81.8000004826498
    vertex 808.4169010935112 1293.0012862905378 81.71140763100136
  endloop
endfacet
facet normal -0.13052619222006234 1.4773272899639551e-08 -0.991444861373809
  outer loop
    vertex 807.7439715762447 1293.0012862892177 81.8000004826498
    vertex 808.4169010935116 1289.0012862905382 81.71140757139833
    vertex 807.743971576245 1289.0012862892183 81.80000042304675
  endloop
endfacet
facet normal 0.9238795325113123 5.702360831793026e-09 -0.38268343236502855
  outer loop
    vertex 805.2325644278933 1289.0012863179331 79.87292994031286
    vertex 805.492305526405 1293.0012863085885 80.50000048264938
    vertex 805.4923055264053 1289.0012863085892 80.50000042304633
  endloop
endfacet
facet normal 0.9238795325113123 5.702360831793026e-09 -0.38268343236502855
  outer loop
    vertex 805.492305526405 1293.0012863085885 80.50000048264938
    vertex 805.2325644278933 1289.0012863179331 79.87292994031286
    vertex 805.232564427893 1293.0012863179327 79.8729299999159
  endloop
endfacet
facet normal 0.9914448613738078 1.9450317976901163e-09 -0.13052619222007092
  outer loop
    vertex 805.143971576244 1289.0012863279603 79.20000042304626
    vertex 805.232564427893 1293.0012863179327 79.8729299999159
    vertex 805.2325644278933 1289.0012863179331 79.87292994031286
  endloop
endfacet
facet normal 0.9914448613738078 1.9450317976901163e-09 -0.13052619222007092
  outer loop
    vertex 805.232564427893 1293.0012863179327 79.8729299999159
    vertex 805.143971576244 1289.0012863279603 79.20000042304626
    vertex 805.1439715762436 1293.0012863279599 79.20000048264932
  endloop
endfacet
facet normal 0.13052619222005737 1.4773297103775426e-08 -0.9914448613738095
  outer loop
    vertex 807.743971576245 1289.0012862892183 81.80000042304675
    vertex 807.071042058978 1293.0012862905378 81.71140763100136
    vertex 807.7439715762447 1293.0012862892177 81.8000004826498
  endloop
endfacet
facet normal 0.13052619222005737 1.4773297103775426e-08 -0.9914448613738095
  outer loop
    vertex 807.071042058978 1293.0012862905378 81.71140763100136
    vertex 807.743971576245 1289.0012862892183 81.80000042304675
    vertex 807.0710420589785 1289.0012862905382 81.71140757139833
  endloop
endfacet
facet normal 0.3826834323650806 1.3766545527610424e-08 -0.9238795325112905
  outer loop
    vertex 807.0710420589785 1289.0012862905382 81.71140757139833
    vertex 806.4439715762446 1293.0012862944081 81.45166653248901
    vertex 807.071042058978 1293.0012862905378 81.71140763100136
  endloop
endfacet
facet normal 0.3826834323650806 1.3766545527610424e-08 -0.9238795325112905
  outer loop
    vertex 806.4439715762446 1293.0012862944081 81.45166653248901
    vertex 807.0710420589785 1289.0012862905382 81.71140757139833
    vertex 806.443971576245 1289.0012862944084 81.45166647288596
  endloop
endfacet
facet normal -0.9914448613738078 -1.9450317979013555e-09 0.13052619222007092
  outer loop
    vertex 810.2553787245953 1293.0012863379866 78.52707096538317
    vertex 810.343971576244 1289.00128632796 79.20000042304672
    vertex 810.3439715762437 1293.0012863279594 79.20000048264977
  endloop
endfacet
facet normal -0.9914448613738078 -1.9450317979013555e-09 0.13052619222007092
  outer loop
    vertex 810.343971576244 1289.00128632796 79.20000042304672
    vertex 810.2553787245953 1293.0012863379866 78.52707096538317
    vertex 810.2553787245956 1289.001286337987 78.52707090578012
  endloop
endfacet
facet normal -0.9238795325113123 -5.702360831793026e-09 0.38268343236502855
  outer loop
    vertex 809.9956376260833 1293.0012863473305 77.9000004826497
    vertex 810.2553787245956 1289.001286337987 78.52707090578012
    vertex 810.2553787245953 1293.0012863379866 78.52707096538317
  endloop
endfacet
facet normal -0.9238795325113123 -5.702360831793026e-09 0.38268343236502855
  outer loop
    vertex 810.2553787245956 1289.001286337987 78.52707090578012
    vertex 809.9956376260833 1293.0012863473305 77.9000004826497
    vertex 809.9956376260836 1289.001286347331 77.90000042304665
  endloop
endfacet
facet normal -0.6087614290086915 1.1821513726616922e-08 -0.7933533402912575
  outer loop
    vertex 809.58244920733 1289.0012863005652 81.03847805413173
    vertex 809.0439715762445 1293.001286294408 81.45166653248928
    vertex 809.5824492073297 1293.0012863005647 81.03847811373478
  endloop
endfacet
facet normal -0.6087614290086915 1.1821513726616922e-08 -0.7933533402912575
  outer loop
    vertex 809.0439715762445 1293.001286294408 81.45166653248928
    vertex 809.58244920733 1289.0012863005652 81.03847805413173
    vertex 809.0439715762449 1289.0012862944084 81.45166647288623
  endloop
endfacet
facet normal 0.9238795325113044 -5.702189500393387e-09 0.38268343236504737
  outer loop
    vertex 805.4923055264044 1289.0012863473312 77.9000004230463
    vertex 805.232564427892 1293.0012863379868 78.52707096538272
    vertex 805.2325644278924 1289.0012863379873 78.52707090577968
  endloop
endfacet
facet normal 0.9238795325113044 -5.702189500393387e-09 0.38268343236504737
  outer loop
    vertex 805.232564427892 1293.0012863379868 78.52707096538272
    vertex 805.4923055264044 1289.0012863473312 77.9000004230463
    vertex 805.492305526404 1293.0012863473307 77.90000048264933
  endloop
endfacet
facet normal -0.6087614290088158 -1.1821626622783122e-08 0.793353340291162
  outer loop
    vertex 809.0439715762442 1289.0012863615113 76.9483343732071
    vertex 809.5824492073288 1293.0012863553543 77.36152285156466
    vertex 809.0439715762438 1293.0012863615111 76.94833443281016
  endloop
endfacet
facet normal -0.6087614290088158 -1.1821626622783122e-08 0.793353340291162
  outer loop
    vertex 809.5824492073288 1293.0012863553543 77.36152285156466
    vertex 809.0439715762442 1289.0012863615113 76.9483343732071
    vertex 809.5824492073291 1289.0012863553548 77.3615227919616
  endloop
endfacet
facet normal -0.3826834323650806 -1.376654552516719e-08 0.9238795325112905
  outer loop
    vertex 808.4169010935108 1289.0012863653822 76.68859327469511
    vertex 809.0439715762438 1293.0012863615111 76.94833443281016
    vertex 808.4169010935103 1293.0012863653815 76.68859333429816
  endloop
endfacet
facet normal -0.3826834323650806 -1.376654552516719e-08 0.9238795325112905
  outer loop
    vertex 809.0439715762438 1293.0012863615111 76.94833443281016
    vertex 808.4169010935108 1289.0012863653822 76.68859327469511
    vertex 809.0439715762442 1289.0012863615113 76.9483343732071
  endloop
endfacet
facet normal -0.7933533402911964 9.070936273159788e-09 -0.6087614290087711
  outer loop
    vertex 809.9956376260842 1293.0012863085883 80.50000048264974
    vertex 809.58244920733 1289.0012863005652 81.03847805413173
    vertex 809.5824492073297 1293.0012863005647 81.03847811373478
  endloop
endfacet
facet normal -0.7933533402911964 9.070936273159788e-09 -0.6087614290087711
  outer loop
    vertex 809.58244920733 1289.0012863005652 81.03847805413173
    vertex 809.9956376260842 1293.0012863085883 80.50000048264974
    vertex 809.9956376260845 1289.001286308589 80.50000042304669
  endloop
endfacet
facet normal 0.3826834323650851 -1.3766474558087534e-08 0.9238795325112885
  outer loop
    vertex 806.443971576244 1289.0012863615116 76.94833437320675
    vertex 807.0710420589772 1293.0012863653815 76.68859333429816
    vertex 806.4439715762437 1293.0012863615111 76.94833443280979
  endloop
endfacet
facet normal 0.3826834323650851 -1.3766474558087534e-08 0.9238795325112885
  outer loop
    vertex 807.0710420589772 1293.0012863653815 76.68859333429816
    vertex 806.443971576244 1289.0012863615116 76.94833437320675
    vertex 807.0710420589776 1289.0012863653822 76.68859327469511
  endloop
endfacet
facet normal 0.7933533402911964 -9.070936273159788e-09 0.6087614290087711
  outer loop
    vertex 805.905493945159 1289.001286355355 77.36152279196125
    vertex 805.492305526404 1293.0012863473307 77.90000048264933
    vertex 805.4923055264044 1289.0012863473312 77.9000004230463
  endloop
endfacet
facet normal 0.7933533402911964 -9.070936273159788e-09 0.6087614290087711
  outer loop
    vertex 805.492305526404 1293.0012863473307 77.90000048264933
    vertex 805.905493945159 1289.001286355355 77.36152279196125
    vertex 805.9054939451587 1293.0012863553545 77.36152285156429
  endloop
endfacet
facet normal 0.13052619222006237 -1.4773272899428313e-08 0.991444861373809
  outer loop
    vertex 807.0710420589776 1289.0012863653822 76.68859327469511
    vertex 807.7439715762438 1293.0012863667014 76.60000048264972
    vertex 807.0710420589772 1293.0012863653815 76.68859333429816
  endloop
endfacet
facet normal 0.13052619222006237 -1.4773272899428313e-08 0.991444861373809
  outer loop
    vertex 807.7439715762438 1293.0012863667014 76.60000048264972
    vertex 807.0710420589776 1289.0012863653822 76.68859327469511
    vertex 807.7439715762441 1289.0012863667018 76.60000042304668
  endloop
endfacet
facet normal -0.38268343236517927 1.376647456053019e-08 -0.9238795325112497
  outer loop
    vertex 809.0439715762445 1293.001286294408 81.45166653248928
    vertex 808.4169010935116 1289.0012862905382 81.71140757139833
    vertex 808.4169010935112 1293.0012862905378 81.71140763100136
  endloop
endfacet
facet normal -0.38268343236517927 1.376647456053019e-08 -0.9238795325112497
  outer loop
    vertex 808.4169010935116 1289.0012862905382 81.71140757139833
    vertex 809.0439715762445 1293.001286294408 81.45166653248928
    vertex 809.0439715762449 1289.0012862944084 81.45166647288623
  endloop
endfacet
facet normal -0.923879532511314 5.702189500393038e-09 -0.38268343236502395
  outer loop
    vertex 810.2553787245962 1293.0012863179322 79.87292999991627
    vertex 809.9956376260845 1289.001286308589 80.50000042304669
    vertex 809.9956376260842 1293.0012863085883 80.50000048264974
  endloop
endfacet
facet normal -0.923879532511314 5.702189500393038e-09 -0.38268343236502395
  outer loop
    vertex 809.9956376260845 1289.001286308589 80.50000042304669
    vertex 810.2553787245962 1293.0012863179322 79.87292999991627
    vertex 810.2553787245965 1289.001286317933 79.87292994031321
  endloop
endfacet
facet normal -0.9914448613738085 1.9448479393787773e-09 -0.13052619222006598
  outer loop
    vertex 810.3439715762437 1293.0012863279594 79.20000048264977
    vertex 810.2553787245965 1289.001286317933 79.87292994031321
    vertex 810.2553787245962 1293.0012863179322 79.87292999991627
  endloop
endfacet
facet normal -0.9914448613738085 1.9448479393787773e-09 -0.13052619222006598
  outer loop
    vertex 810.2553787245965 1289.001286317933 79.87292994031321
    vertex 810.3439715762437 1293.0012863279594 79.20000048264977
    vertex 810.343971576244 1289.00128632796 79.20000042304672
  endloop
endfacet
facet normal 0.9914448613738097 -1.9448479374227024e-09 0.1305261922200574
  outer loop
    vertex 805.2325644278924 1289.0012863379873 78.52707090577968
    vertex 805.1439715762436 1293.0012863279599 79.20000048264932
    vertex 805.143971576244 1289.0012863279603 79.20000042304626
  endloop
endfacet
facet normal 0.9914448613738097 -1.9448479374227024e-09 0.1305261922200574
  outer loop
    vertex 805.1439715762436 1293.0012863279599 79.20000048264932
    vertex 805.2325644278924 1289.0012863379873 78.52707090577968
    vertex 805.232564427892 1293.0012863379868 78.52707096538272
  endloop
endfacet
facet normal 0.6087614290086913 -1.1821513729912357e-08 0.7933533402912577
  outer loop
    vertex 805.905493945159 1289.001286355355 77.36152279196125
    vertex 806.4439715762437 1293.0012863615111 76.94833443280979
    vertex 805.9054939451587 1293.0012863553545 77.36152285156429
  endloop
endfacet
facet normal 0.6087614290086913 -1.1821513729912357e-08 0.7933533402912577
  outer loop
    vertex 806.4439715762437 1293.0012863615111 76.94833443280979
    vertex 805.905493945159 1289.001286355355 77.36152279196125
    vertex 806.443971576244 1289.0012863615116 76.94833437320675
  endloop
endfacet
facet normal -0.7933533402911933 -9.071083400124599e-09 0.6087614290087751
  outer loop
    vertex 809.5824492073288 1293.0012863553543 77.36152285156466
    vertex 809.9956376260836 1289.001286347331 77.90000042304665
    vertex 809.9956376260833 1293.0012863473305 77.9000004826497
  endloop
endfacet
facet normal -0.7933533402911933 -9.071083400124599e-09 0.6087614290087751
  outer loop
    vertex 809.9956376260836 1289.001286347331 77.90000042304665
    vertex 809.5824492073288 1293.0012863553543 77.36152285156466
    vertex 809.5824492073291 1289.0012863553548 77.3615227919616
  endloop
endfacet
facet normal -0.1305261922200574 -1.4773297103564185e-08 0.9914448613738095
  outer loop
    vertex 807.7439715762438 1293.0012863667014 76.60000048264972
    vertex 808.4169010935108 1289.0012863653822 76.68859327469511
    vertex 808.4169010935103 1293.0012863653815 76.68859333429816
  endloop
endfacet
facet normal -0.1305261922200574 -1.4773297103564185e-08 0.9914448613738095
  outer loop
    vertex 808.4169010935108 1289.0012863653822 76.68859327469511
    vertex 807.7439715762438 1293.0012863667014 76.60000048264972
    vertex 807.7439715762441 1289.0012863667018 76.60000042304668
  endloop
endfacet
facet normal -0.991444861373809 -1.945031796500776e-09 0.13052619222006234
  outer loop
    vertex 810.2553787245928 1293.0012873691196 9.327070922305674
    vertex 810.3439715762415 1289.0012873590927 10.000000379969213
    vertex 810.3439715762412 1293.0012873590922 10.000000439572263
  endloop
endfacet
facet normal -0.991444861373809 -1.945031796500776e-09 0.13052619222006234
  outer loop
    vertex 810.3439715762415 1289.0012873590927 10.000000379969213
    vertex 810.2553787245928 1293.0012873691196 9.327070922305674
    vertex 810.2553787245931 1289.00128736912 9.327070862702625
  endloop
endfacet
facet normal -0.9238795325113123 -5.702360832590904e-09 0.3826834323650285
  outer loop
    vertex 809.9956376260808 1293.0012873784633 8.700000439572197
    vertex 810.2553787245931 1289.00128736912 9.327070862702625
    vertex 810.2553787245928 1293.0012873691196 9.327070922305674
  endloop
endfacet
facet normal -0.9238795325113123 -5.702360832590904e-09 0.3826834323650285
  outer loop
    vertex 810.2553787245931 1289.00128736912 9.327070862702625
    vertex 809.9956376260808 1293.0012873784633 8.700000439572197
    vertex 809.9956376260811 1289.0012873784638 8.700000379969149
  endloop
endfacet
facet normal 0.13052619222005737 1.4773297106163569e-08 -0.9914448613738095
  outer loop
    vertex 807.7439715762416 1289.001287320351 12.600000379969163
    vertex 807.0710420589746 1293.0012873216706 12.51140758792378
    vertex 807.7439715762413 1293.0012873203505 12.600000439572213
  endloop
endfacet
facet normal 0.13052619222005737 1.4773297106163569e-08 -0.9914448613738095
  outer loop
    vertex 807.0710420589746 1293.0012873216706 12.51140758792378
    vertex 807.7439715762416 1289.001287320351 12.600000379969163
    vertex 807.071042058975 1289.001287321671 12.511407528320731
  endloop
endfacet
facet normal -0.38268343236513735 -1.3766545527662524e-08 0.9238795325112671
  outer loop
    vertex 808.4169010935082 1289.0012873965147 7.488593231617516
    vertex 809.0439715762413 1293.001287392644 7.748334389732654
    vertex 808.4169010935078 1293.0012873965143 7.488593291220565
  endloop
endfacet
facet normal -0.38268343236513735 -1.3766545527662524e-08 0.9238795325112671
  outer loop
    vertex 809.0439715762413 1293.001287392644 7.748334389732654
    vertex 808.4169010935082 1289.0012873965147 7.488593231617516
    vertex 809.0439715762417 1289.0012873926444 7.748334330129605
  endloop
endfacet
facet normal 0.6087614290086915 -1.1821513726616924e-08 0.7933533402912576
  outer loop
    vertex 805.9054939451565 1289.0012873864878 8.161522748884105
    vertex 806.4439715762412 1293.0012873926441 7.748334389732654
    vertex 805.9054939451561 1293.0012873864873 8.161522808487153
  endloop
endfacet
facet normal 0.6087614290086915 -1.1821513726616924e-08 0.7933533402912576
  outer loop
    vertex 806.4439715762412 1293.0012873926441 7.748334389732654
    vertex 805.9054939451565 1289.0012873864878 8.161522748884105
    vertex 806.4439715762416 1289.0012873926446 7.748334330129605
  endloop
endfacet
facet normal -0.923879532511314 5.7021895011909155e-09 -0.3826834323650239
  outer loop
    vertex 810.2553787245928 1293.001287349065 10.672929956838761
    vertex 809.9956376260811 1289.0012873397218 11.30000037996919
    vertex 809.9956376260808 1293.0012873397213 11.300000439572237
  endloop
endfacet
facet normal -0.923879532511314 5.7021895011909155e-09 -0.3826834323650239
  outer loop
    vertex 809.9956376260811 1289.0012873397218 11.30000037996919
    vertex 810.2553787245928 1293.001287349065 10.672929956838761
    vertex 810.2553787245931 1289.0012873490655 10.672929897235711
  endloop
endfacet
facet normal 0.3826834323650239 1.3766545526389155e-08 -0.9238795325113138
  outer loop
    vertex 807.0710420589746 1293.0012873216706 12.51140758792378
    vertex 806.4439715762416 1289.0012873255414 12.251666429808733
    vertex 806.4439715762412 1293.0012873255412 12.25166648941178
  endloop
endfacet
facet normal 0.3826834323650239 1.3766545526389155e-08 -0.9238795325113138
  outer loop
    vertex 806.4439715762416 1289.0012873255414 12.251666429808733
    vertex 807.0710420589746 1293.0012873216706 12.51140758792378
    vertex 807.071042058975 1289.001287321671 12.511407528320731
  endloop
endfacet
facet normal 0.7933533402911964 -9.070936273159788e-09 0.6087614290087711
  outer loop
    vertex 805.9054939451565 1289.0012873864878 8.161522748884105
    vertex 805.4923055264015 1293.0012873784635 8.700000439572197
    vertex 805.4923055264019 1289.001287378464 8.700000379969149
  endloop
endfacet
facet normal 0.7933533402911964 -9.070936273159788e-09 0.6087614290087711
  outer loop
    vertex 805.4923055264015 1293.0012873784635 8.700000439572197
    vertex 805.9054939451565 1289.0012873864878 8.161522748884105
    vertex 805.9054939451561 1293.0012873864873 8.161522808487153
  endloop
endfacet
facet normal -0.1305261922200574 -1.4773297105022306e-08 0.9914448613738095
  outer loop
    vertex 807.7439715762416 1289.0012873978349 7.400000379969083
    vertex 808.4169010935078 1293.0012873965143 7.488593291220565
    vertex 807.7439715762413 1293.0012873978344 7.400000439572132
  endloop
endfacet
facet normal -0.1305261922200574 -1.4773297105022306e-08 0.9914448613738095
  outer loop
    vertex 808.4169010935078 1293.0012873965143 7.488593291220565
    vertex 807.7439715762416 1289.0012873978349 7.400000379969083
    vertex 808.4169010935082 1289.0012873965147 7.488593231617516
  endloop
endfacet
facet normal 0.6087614290086875 1.1821626622150527e-08 -0.7933533402912606
  outer loop
    vertex 806.4439715762416 1289.0012873255414 12.251666429808733
    vertex 805.9054939451561 1293.001287331698 11.838478070657281
    vertex 806.4439715762412 1293.0012873255412 12.25166648941178
  endloop
endfacet
facet normal 0.6087614290086875 1.1821626622150527e-08 -0.7933533402912606
  outer loop
    vertex 805.9054939451561 1293.001287331698 11.838478070657281
    vertex 806.4439715762416 1289.0012873255414 12.251666429808733
    vertex 805.9054939451565 1289.0012873316984 11.838478011054233
  endloop
endfacet
facet normal 0.38268343236514196 -1.3766474561328299e-08 0.9238795325112651
  outer loop
    vertex 806.4439715762416 1289.0012873926446 7.748334330129605
    vertex 807.0710420589746 1293.0012873965143 7.488593291220565
    vertex 806.4439715762412 1293.0012873926441 7.748334389732654
  endloop
endfacet
facet normal 0.38268343236514196 -1.3766474561328299e-08 0.9238795325112651
  outer loop
    vertex 807.0710420589746 1293.0012873965143 7.488593291220565
    vertex 806.4439715762416 1289.0012873926446 7.748334330129605
    vertex 807.071042058975 1289.001287396515 7.488593231617516
  endloop
endfacet
facet normal -0.9914448613738074 1.944847937211719e-09 -0.13052619222007458
  outer loop
    vertex 810.3439715762412 1293.0012873590922 10.000000439572263
    vertex 810.2553787245931 1289.0012873490655 10.672929897235711
    vertex 810.2553787245928 1293.001287349065 10.672929956838761
  endloop
endfacet
facet normal -0.9914448613738074 1.944847937211719e-09 -0.13052619222007458
  outer loop
    vertex 810.2553787245931 1289.0012873490655 10.672929897235711
    vertex 810.3439715762412 1293.0012873590922 10.000000439572263
    vertex 810.3439715762415 1289.0012873590927 10.000000379969213
  endloop
endfacet
facet normal -0.13052619222006234 1.4773272899639551e-08 -0.991444861373809
  outer loop
    vertex 808.4169010935082 1289.0012873216708 12.511407528320731
    vertex 807.7439715762413 1293.0012873203505 12.600000439572213
    vertex 808.4169010935078 1293.0012873216706 12.51140758792378
  endloop
endfacet
facet normal -0.13052619222006234 1.4773272899639551e-08 -0.991444861373809
  outer loop
    vertex 807.7439715762413 1293.0012873203505 12.600000439572213
    vertex 808.4169010935082 1289.0012873216708 12.511407528320731
    vertex 807.7439715762416 1289.001287320351 12.600000379969163
  endloop
endfacet
facet normal 0.923879532511314 -5.702189501589855e-09 0.3826834323650239
  outer loop
    vertex 805.4923055264019 1289.001287378464 8.700000379969149
    vertex 805.2325644278895 1293.00128736912 9.327070922305674
    vertex 805.2325644278899 1289.0012873691203 9.327070862702625
  endloop
endfacet
facet normal 0.923879532511314 -5.702189501589855e-09 0.3826834323650239
  outer loop
    vertex 805.2325644278895 1293.00128736912 9.327070922305674
    vertex 805.4923055264019 1289.001287378464 8.700000379969149
    vertex 805.4923055264015 1293.0012873784635 8.700000439572197
  endloop
endfacet
facet normal -0.6087614290088158 -1.1821626619694348e-08 0.793353340291162
  outer loop
    vertex 809.0439715762417 1289.0012873926444 7.748334330129605
    vertex 809.5824492073261 1293.001287386487 8.161522808487153
    vertex 809.0439715762413 1293.001287392644 7.748334389732654
  endloop
endfacet
facet normal -0.6087614290088158 -1.1821626619694348e-08 0.793353340291162
  outer loop
    vertex 809.5824492073261 1293.001287386487 8.161522808487153
    vertex 809.0439715762417 1289.0012873926444 7.748334330129605
    vertex 809.5824492073266 1289.0012873864873 8.161522748884105
  endloop
endfacet
facet normal 0.13052619222006237 -1.4773272899639551e-08 0.991444861373809
  outer loop
    vertex 807.071042058975 1289.001287396515 7.488593231617516
    vertex 807.7439715762413 1293.0012873978344 7.400000439572132
    vertex 807.0710420589746 1293.0012873965143 7.488593291220565
  endloop
endfacet
facet normal 0.13052619222006237 -1.4773272899639551e-08 0.991444861373809
  outer loop
    vertex 807.7439715762413 1293.0012873978344 7.400000439572132
    vertex 807.071042058975 1289.001287396515 7.488593231617516
    vertex 807.7439715762416 1289.0012873978349 7.400000379969083
  endloop
endfacet
facet normal -0.7933533402911933 -9.07108339766989e-09 0.6087614290087751
  outer loop
    vertex 809.5824492073261 1293.001287386487 8.161522808487153
    vertex 809.9956376260811 1289.0012873784638 8.700000379969149
    vertex 809.9956376260808 1293.0012873784633 8.700000439572197
  endloop
endfacet
facet normal -0.7933533402911933 -9.07108339766989e-09 0.6087614290087751
  outer loop
    vertex 809.9956376260811 1289.0012873784638 8.700000379969149
    vertex 809.5824492073261 1293.001287386487 8.161522808487153
    vertex 809.5824492073266 1289.0012873864873 8.161522748884105
  endloop
endfacet
facet normal -0.7933533402911964 9.070936270705078e-09 -0.6087614290087711
  outer loop
    vertex 809.9956376260808 1293.0012873397213 11.300000439572237
    vertex 809.5824492073266 1289.001287331698 11.838478011054233
    vertex 809.5824492073261 1293.0012873316978 11.838478070657281
  endloop
endfacet
facet normal -0.7933533402911964 9.070936270705078e-09 -0.6087614290087711
  outer loop
    vertex 809.5824492073266 1289.001287331698 11.838478011054233
    vertex 809.9956376260808 1293.0012873397213 11.300000439572237
    vertex 809.9956376260811 1289.0012873397218 11.30000037996919
  endloop
endfacet
facet normal 0.9914448613738097 -1.9448479391674103e-09 0.1305261922200574
  outer loop
    vertex 805.2325644278899 1289.0012873691203 9.327070862702625
    vertex 805.1439715762411 1293.0012873590927 10.000000439572263
    vertex 805.1439715762415 1289.0012873590929 10.000000379969213
  endloop
endfacet
facet normal 0.9914448613738097 -1.9448479391674103e-09 0.1305261922200574
  outer loop
    vertex 805.1439715762411 1293.0012873590927 10.000000439572263
    vertex 805.2325644278899 1289.0012873691203 9.327070862702625
    vertex 805.2325644278895 1293.00128736912 9.327070922305674
  endloop
endfacet
facet normal 0.9914448613738067 1.9450317988794573e-09 -0.13052619222007952
  outer loop
    vertex 805.1439715762415 1289.0012873590929 10.000000379969213
    vertex 805.2325644278895 1293.0012873490655 10.672929956838761
    vertex 805.2325644278899 1289.0012873490657 10.672929897235711
  endloop
endfacet
facet normal 0.9914448613738067 1.9450317988794573e-09 -0.13052619222007952
  outer loop
    vertex 805.2325644278895 1293.0012873490655 10.672929956838761
    vertex 805.1439715762415 1289.0012873590929 10.000000379969213
    vertex 805.1439715762411 1293.0012873590927 10.000000439572263
  endloop
endfacet
facet normal 0.9238795325113123 5.702360830172469e-09 -0.38268343236502855
  outer loop
    vertex 805.2325644278899 1289.0012873490657 10.672929897235711
    vertex 805.4923055264015 1293.0012873397216 11.300000439572237
    vertex 805.4923055264019 1289.001287339722 11.30000037996919
  endloop
endfacet
facet normal 0.9238795325113123 5.702360830172469e-09 -0.38268343236502855
  outer loop
    vertex 805.4923055264015 1293.0012873397216 11.300000439572237
    vertex 805.2325644278899 1289.0012873490657 10.672929897235711
    vertex 805.2325644278895 1293.0012873490655 10.672929956838761
  endloop
endfacet
facet normal -0.6087614290086915 1.1821513726616922e-08 -0.7933533402912575
  outer loop
    vertex 809.5824492073266 1289.001287331698 11.838478011054233
    vertex 809.0439715762411 1293.001287325541 12.25166648941178
    vertex 809.5824492073261 1293.0012873316978 11.838478070657281
  endloop
endfacet
facet normal -0.6087614290086915 1.1821513726616922e-08 -0.7933533402912575
  outer loop
    vertex 809.0439715762411 1293.001287325541 12.25166648941178
    vertex 809.5824492073266 1289.001287331698 11.838478011054233
    vertex 809.0439715762415 1289.0012873255412 12.251666429808733
  endloop
endfacet
facet normal -0.38268343236512253 1.3766474558034857e-08 -0.9238795325112732
  outer loop
    vertex 809.0439715762415 1289.0012873255412 12.251666429808733
    vertex 808.4169010935078 1293.0012873216706 12.51140758792378
    vertex 809.0439715762411 1293.001287325541 12.25166648941178
  endloop
endfacet
facet normal -0.38268343236512253 1.3766474558034857e-08 -0.9238795325112732
  outer loop
    vertex 808.4169010935078 1293.0012873216706 12.51140758792378
    vertex 809.0439715762415 1289.0012873255412 12.251666429808733
    vertex 808.4169010935082 1289.0012873216708 12.511407528320731
  endloop
endfacet
facet normal 0.7933533402911933 9.07108339766989e-09 -0.6087614290087751
  outer loop
    vertex 805.4923055264019 1289.001287339722 11.30000037996919
    vertex 805.9054939451561 1293.001287331698 11.838478070657281
    vertex 805.9054939451565 1289.0012873316984 11.838478011054233
  endloop
endfacet
facet normal 0.7933533402911933 9.07108339766989e-09 -0.6087614290087751
  outer loop
    vertex 805.9054939451561 1293.001287331698 11.838478070657281
    vertex 805.4923055264019 1289.001287339722 11.30000037996919
    vertex 805.4923055264015 1293.0012873397216 11.300000439572237
  endloop
endfacet
facet normal 1.0 2.748463068931272e-14 -3.1383367044625166e-15
  outer loop
    vertex 818.5439715762284 1268.0012862653884 83.39137130545411
    vertex 818.5439715762274 1293.0012861789514 89.2000004826252
    vertex 818.5439715762274 1268.0012861788348 89.20000011010613
  endloop
endfacet
facet normal 1.0 2.748463068931272e-14 -3.1383367044625166e-15
  outer loop
    vertex 818.5439715762274 1293.0012861789514 89.2000004826252
    vertex 818.5439715762284 1268.0012862653884 83.39137130545411
    vertex 818.5439715762274 1270.3643266543872 78.4852768351519
  endloop
endfacet
facet normal 1.0 2.748463068931272e-14 -3.1383367044625166e-15
  outer loop
    vertex 818.5439715762274 1293.0012861789514 89.2000004826252
    vertex 818.5439715762274 1270.3643266543872 78.4852768351519
    vertex 818.5439715762271 1270.8261968704671 77.23114895272944
  endloop
endfacet
facet normal 1.0 2.748463068931272e-14 -3.1383367044625166e-15
  outer loop
    vertex 818.5439715762274 1293.0012861789514 89.2000004826252
    vertex 818.5439715762271 1270.8261968704671 77.23114895272944
    vertex 818.5439715762257 1293.0012874633974 3.0000004397299675
  endloop
endfacet
facet normal 1.0 2.748463068931272e-14 -3.1383367044625166e-15
  outer loop
    vertex 818.5439715762274 1270.3643266543872 78.4852768351519
    vertex 818.5439715762284 1268.0012862653884 83.39137130545411
    vertex 818.5439715762274 1269.7306210233214 79.66195776689433
  endloop
endfacet
facet normal 1.0 2.748463068931272e-14 -3.1383367044625166e-15
  outer loop
    vertex 818.5439715762274 1269.7306210233214 79.66195776689433
    vertex 818.5439715762284 1268.0012862653884 83.39137130545411
    vertex 818.5439715762284 1268.9376839213562 80.73778842006327
  endloop
endfacet
facet normal 1.0 2.748463068931272e-14 -3.1383367044625166e-15
  outer loop
    vertex 818.5439715762284 1268.9376839213562 80.73778842006327
    vertex 818.5439715762284 1268.0012862653884 83.39137130545411
    vertex 818.5439715762284 1268.0012862907204 81.69137130545406
  endloop
endfacet
facet normal 1.0 2.748463068931272e-14 -3.1383367044625166e-15
  outer loop
    vertex 818.5439715762257 1293.0012874633974 3.0000004397299675
    vertex 818.5439715762271 1270.8261968704671 77.23114895272944
    vertex 818.5439715762274 1271.107045408896 75.92451781103964
  endloop
endfacet
facet normal 1.0 2.748463068931272e-14 -3.1383367044625166e-15
  outer loop
    vertex 818.5439715762257 1293.0012874633974 3.0000004397299675
    vertex 818.5439715762274 1271.107045408896 75.92451781103964
    vertex 818.543971576227 1271.2012863965151 74.59137135313513
  endloop
endfacet
facet normal 1.0 2.748463068931272e-14 -3.1383367044625166e-15
  outer loop
    vertex 818.5439715762257 1293.0012874633974 3.0000004397299675
    vertex 818.543971576227 1271.2012863965151 74.59137135313513
    vertex 818.5439715762271 1271.1070454486257 73.25822489242192
  endloop
endfacet
facet normal 1.0 2.748463068931272e-14 -3.1383367044625166e-15
  outer loop
    vertex 818.5439715762257 1293.0012874633974 3.0000004397299675
    vertex 818.5439715762271 1271.1070454486257 73.25822489242192
    vertex 818.5439715762268 1270.8261969491361 71.95159374236259
  endloop
endfacet
facet normal 1.0 2.748463068931272e-14 -3.1383367044625166e-15
  outer loop
    vertex 818.5439715762257 1293.0012874633974 3.0000004397299675
    vertex 818.5439715762268 1270.8261969491361 71.95159374236259
    vertex 818.5439715762266 1270.3643267704315 70.6974658461757
  endloop
endfacet
facet normal 1.0 2.748463068931272e-14 -3.1383367044625166e-15
  outer loop
    vertex 818.5439715762257 1293.0012874633974 3.0000004397299675
    vertex 818.5439715762266 1270.3643267704315 70.6974658461757
    vertex 818.5439715762266 1269.7306211744321 69.52078489554785
  endloop
endfacet
facet normal 1.0 2.748463068931272e-14 -3.1383367044625166e-15
  outer loop
    vertex 818.5439715762257 1293.0012874633974 3.0000004397299675
    vertex 818.5439715762266 1269.7306211744321 69.52078489554785
    vertex 818.5439715762265 1268.9376841045282 68.44495421874836
  endloop
endfacet
facet normal 1.0 2.748463068931272e-14 -3.1383367044625166e-15
  outer loop
    vertex 818.5439715762257 1293.0012874633974 3.0000004397299675
    vertex 818.5439715762265 1268.9376841045282 68.44495421874836
    vertex 818.5439715762262 1268.0012865023102 67.49137130545151
  endloop
endfacet
facet normal 1.0 2.748463068931272e-14 -3.1383367044625166e-15
  outer loop
    vertex 818.5439715762257 1293.0012874633974 3.0000004397299675
    vertex 818.5439715762262 1268.0012865023102 67.49137130545151
    vertex 818.5439715762262 1268.001286527642 65.79137130545145
  endloop
endfacet
facet normal 1.0 2.748463068931272e-14 -3.1383367044625166e-15
  outer loop
    vertex 818.5439715762257 1293.0012874633974 3.0000004397299675
    vertex 818.5439715762262 1268.001286527642 65.79137130545145
    vertex 818.5439715762284 1268.0012871594345 23.391371305455763
  endloop
endfacet
facet normal 1.0 2.748463068931272e-14 -3.1383367044625166e-15
  outer loop
    vertex 818.5439715762257 1293.0012874633974 3.0000004397299675
    vertex 818.5439715762284 1268.0012871594345 23.391371305455763
    vertex 818.5439715762287 1268.0012871847664 21.691371305455696
  endloop
endfacet
facet normal 1.0 2.748463068931272e-14 -3.1383367044625166e-15
  outer loop
    vertex 818.5439715762257 1293.0012874633974 3.0000004397299675
    vertex 818.5439715762287 1268.0012871847664 21.691371305455696
    vertex 818.5439715762284 1268.937684815402 20.737788420064824
  endloop
endfacet
facet normal 1.0 2.748463068931272e-14 -3.1383367044625166e-15
  outer loop
    vertex 818.5439715762257 1293.0012874633974 3.0000004397299675
    vertex 818.5439715762284 1268.937684815402 20.737788420064824
    vertex 818.5439715762283 1269.7306219173672 19.66195776689598
  endloop
endfacet
facet normal 1.0 2.748463068931272e-14 -3.1383367044625166e-15
  outer loop
    vertex 818.5439715762257 1293.0012874633974 3.0000004397299675
    vertex 818.5439715762283 1269.7306219173672 19.66195776689598
    vertex 818.5439715762283 1270.364327548433 18.485276835153442
  endloop
endfacet
facet normal 1.0 2.748463068931272e-14 -3.1383367044625166e-15
  outer loop
    vertex 818.5439715762257 1293.0012874633974 3.0000004397299675
    vertex 818.5439715762283 1270.364327548433 18.485276835153442
    vertex 818.543971576228 1270.8261977645127 17.231148952730905
  endloop
endfacet
facet normal 1.0 2.748463068931272e-14 -3.1383367044625166e-15
  outer loop
    vertex 818.5439715762257 1293.0012874633974 3.0000004397299675
    vertex 818.543971576228 1270.8261977645127 17.231148952730905
    vertex 818.543971576228 1271.1070463029419 15.92451781104137
  endloop
endfacet
facet normal 1.0 2.748463068931272e-14 -3.1383367044625166e-15
  outer loop
    vertex 818.5439715762257 1293.0012874633974 3.0000004397299675
    vertex 818.543971576228 1271.1070463029419 15.92451781104137
    vertex 818.5439715762278 1271.201287290561 14.591371353136775
  endloop
endfacet
facet normal 1.0 2.748463068931272e-14 -3.1383367044625166e-15
  outer loop
    vertex 818.5439715762257 1293.0012874633974 3.0000004397299675
    vertex 818.5439715762278 1271.201287290561 14.591371353136775
    vertex 818.543971576228 1271.1070463426715 13.258224892423426
  endloop
endfacet
facet normal 1.0 2.748463068931272e-14 -3.1383367044625166e-15
  outer loop
    vertex 818.5439715762257 1293.0012874633974 3.0000004397299675
    vertex 818.543971576228 1271.1070463426715 13.258224892423426
    vertex 818.5439715762277 1270.826197843182 11.951593742363913
  endloop
endfacet
facet normal 1.0 2.748463068931272e-14 -3.1383367044625166e-15
  outer loop
    vertex 818.5439715762257 1293.0012874633974 3.0000004397299675
    vertex 818.5439715762277 1270.826197843182 11.951593742363913
    vertex 818.5439715762275 1270.364327664477 10.697465846177257
  endloop
endfacet
facet normal 1.0 2.748463068931272e-14 -3.1383367044625166e-15
  outer loop
    vertex 818.5439715762257 1293.0012874633974 3.0000004397299675
    vertex 818.5439715762275 1270.364327664477 10.697465846177257
    vertex 818.5439715762275 1269.730622068478 9.520784895549449
  endloop
endfacet
facet normal 1.0 2.748463068931272e-14 -3.1383367044625166e-15
  outer loop
    vertex 818.5439715762257 1293.0012874633974 3.0000004397299675
    vertex 818.5439715762275 1269.730622068478 9.520784895549449
    vertex 818.5439715762274 1268.937684998574 8.444954218749917
  endloop
endfacet
facet normal 1.0 2.748463068931272e-14 -3.1383367044625166e-15
  outer loop
    vertex 818.5439715762257 1293.0012874633974 3.0000004397299675
    vertex 818.5439715762274 1268.937684998574 8.444954218749917
    vertex 818.5439715762271 1268.001287396356 7.491371305452881
  endloop
endfacet
facet normal 1.0 2.748463068931272e-14 -3.1383367044625166e-15
  outer loop
    vertex 818.5439715762257 1293.0012874633974 3.0000004397299675
    vertex 818.5439715762271 1268.001287396356 7.491371305452881
    vertex 818.543971576227 1268.0012874216884 5.791371305452906
  endloop
endfacet
facet normal 1.0 2.748463068931272e-14 -3.1383367044625166e-15
  outer loop
    vertex 818.5439715762257 1293.0012874633974 3.0000004397299675
    vertex 818.543971576227 1268.0012874216884 5.791371305452906
    vertex 818.5439715762265 1268.0012874632807 3.0000000670531577
  endloop
endfacet
facet normal 6.669755065816245e-14 -0.13052620699333006 0.9914448594288713
  outer loop
    vertex 813.7439715762266 1258.437788487686 21.546037112231158
    vertex 825.7439715762221 1260.3012856087682 21.79137119071653
    vertex 813.743971576227 1260.3012856087685 21.791371190717385
  endloop
endfacet
facet normal 6.669755065816245e-14 -0.13052620699333006 0.9914448594288713
  outer loop
    vertex 825.7439715762221 1260.3012856087682 21.79137119071653
    vertex 813.7439715762266 1258.437788487686 21.546037112231158
    vertex 825.7439715762217 1258.4377884876858 21.5460371122303
  endloop
endfacet
facet normal 2.1539702203098168e-14 0.13052620699450107 -0.9914448594287172
  outer loop
    vertex 825.7439715762217 1259.2142456661722 18.6482596449329
    vertex 823.7439715762224 1260.3012856534635 18.79137119072064
    vertex 825.7439715762202 1260.301285653471 18.79137119071631
  endloop
endfacet
facet normal 2.1539702203098168e-14 0.13052620699450107 -0.9914448594287172
  outer loop
    vertex 823.7439715762224 1260.3012856534635 18.79137119072064
    vertex 825.7439715762217 1259.2142456661722 18.6482596449329
    vertex 813.7439715762268 1259.2142456661725 18.648259644933756
  endloop
endfacet
facet normal 2.1539702203098168e-14 0.13052620699450107 -0.9914448594287172
  outer loop
    vertex 813.7439715762268 1259.2142456661725 18.648259644933756
    vertex 813.7439715762251 1260.3012856534713 18.791371190717165
    vertex 823.7439715762224 1260.3012856534635 18.79137119072064
  endloop
endfacet
facet normal -5.642128658807752e-14 0.38268344613159655 -0.923879526809013
  outer loop
    vertex 825.7439715762217 1259.2142456661722 18.6482596449329
    vertex 813.7439715762268 1258.2012856618553 18.22867785532045
    vertex 813.7439715762268 1259.2142456661725 18.648259644933756
  endloop
endfacet
facet normal -5.642128658807752e-14 0.38268344613159655 -0.923879526809013
  outer loop
    vertex 813.7439715762268 1258.2012856618553 18.22867785532045
    vertex 825.7439715762217 1259.2142456661722 18.6482596449329
    vertex 825.7439715762217 1258.201285661855 18.22867785531959
  endloop
endfacet
facet normal -4.2298712855784133e-14 0.608761440830329 -0.793353331220196
  outer loop
    vertex 825.7439715762217 1258.201285661855 18.22867785531959
    vertex 813.7439715762268 1257.3314371908175 17.56121962744783
    vertex 813.7439715762268 1258.2012856618553 18.22867785532045
  endloop
endfacet
facet normal -4.2298712855784133e-14 0.608761440830329 -0.793353331220196
  outer loop
    vertex 813.7439715762268 1257.3314371908175 17.56121962744783
    vertex 825.7439715762217 1258.201285661855 18.22867785531959
    vertex 825.7439715762217 1257.331437190817 17.561219627446974
  endloop
endfacet
facet normal -2.5292907804163298e-14 0.7933533493622378 -0.6087614171871597
  outer loop
    vertex 813.7439715762268 1256.6639789888675 16.691371136518722
    vertex 825.7439715762217 1257.331437190817 17.561219627446974
    vertex 825.7439715762217 1256.6639789888675 16.691371136517866
  endloop
endfacet
facet normal -2.5292907804163298e-14 0.7933533493622378 -0.6087614171871597
  outer loop
    vertex 825.7439715762217 1257.331437190817 17.561219627446974
    vertex 813.7439715762268 1256.6639789888675 16.691371136518722
    vertex 813.7439715762268 1257.3314371908175 17.56121962744783
  endloop
endfacet
facet normal -6.5640261520791614e-15 0.9238795382135684 -0.38268341859856403
  outer loop
    vertex 813.7439715762268 1256.244397229442 15.678411119697222
    vertex 825.7439715762217 1256.6639789888675 16.691371136517866
    vertex 825.7439715762217 1256.2443972294418 15.678411119696364
  endloop
endfacet
facet normal -6.5640261520791614e-15 0.9238795382135684 -0.38268341859856403
  outer loop
    vertex 825.7439715762217 1256.6639789888675 16.691371136517866
    vertex 813.7439715762268 1256.244397229442 15.678411119697222
    vertex 813.7439715762268 1256.6639789888675 16.691371136518722
  endloop
endfacet
facet normal 1.2609599297126032e-14 0.9914448633187533 -0.13052617744674289
  outer loop
    vertex 813.7439715762268 1256.101285716054 14.591371128134098
    vertex 825.7439715762217 1256.2443972294418 15.678411119696364
    vertex 825.7439715762217 1256.1012857160538 14.59137112813324
  endloop
endfacet
facet normal 1.2609599297126032e-14 0.9914448633187533 -0.13052617744674289
  outer loop
    vertex 825.7439715762217 1256.2443972294418 15.678411119696364
    vertex 813.7439715762268 1256.101285716054 14.591371128134098
    vertex 813.7439715762268 1256.244397229442 15.678411119697222
  endloop
endfacet
facet normal 2.9207350204272925e-14 0.9914448594288643 0.13052620699338272
  outer loop
    vertex 813.7439715762268 1256.2443972618375 13.504331140836026
    vertex 825.7439715762217 1256.1012857160538 14.59137112813324
    vertex 825.7439715762217 1256.2443972618373 13.504331140835484
  endloop
endfacet
facet normal 2.9207350204272925e-14 0.9914448594288643 0.13052620699338272
  outer loop
    vertex 825.7439715762217 1256.1012857160538 14.59137112813324
    vertex 813.7439715762268 1256.2443972618375 13.504331140836026
    vertex 813.7439715762268 1256.101285716054 14.591371128134098
  endloop
endfacet
facet normal 3.7062742316894476e-14 0.9238795268090071 0.3826834461316105
  outer loop
    vertex 813.7439715762268 1256.6639790514507 12.491371136518685
    vertex 825.7439715762217 1256.2443972618373 13.504331140835484
    vertex 825.7439715762217 1256.6639790514507 12.491371136518143
  endloop
endfacet
facet normal 3.7062742316894476e-14 0.9238795268090071 0.3826834461316105
  outer loop
    vertex 825.7439715762217 1256.2443972618373 13.504331140835484
    vertex 813.7439715762268 1256.6639790514507 12.491371136518685
    vertex 813.7439715762268 1256.2443972618375 13.504331140836026
  endloop
endfacet
facet normal 4.410571718419192e-14 0.7933533312202338 0.6087614408302797
  outer loop
    vertex 813.7439715762268 1257.3314372793234 11.621522665480763
    vertex 825.7439715762217 1256.6639790514507 12.491371136518143
    vertex 825.7439715762217 1257.3314372793232 11.62152266548022
  endloop
endfacet
facet normal 4.410571718419192e-14 0.7933533312202338 0.6087614408302797
  outer loop
    vertex 825.7439715762217 1256.6639790514507 12.491371136518143
    vertex 813.7439715762268 1257.3314372793234 11.621522665480763
    vertex 813.7439715762268 1256.6639790514507 12.491371136518685
  endloop
endfacet
facet normal 4.814842797167508e-14 0.608761417187127 0.793353349362263
  outer loop
    vertex 813.7439715762268 1257.3314372793234 11.621522665480763
    vertex 825.7439715762217 1258.2012857702523 10.95406446353052
    vertex 813.7439715762268 1258.2012857702525 10.954064463531061
  endloop
endfacet
facet normal 4.814842797167508e-14 0.608761417187127 0.793353349362263
  outer loop
    vertex 825.7439715762217 1258.2012857702523 10.95406446353052
    vertex 813.7439715762268 1257.3314372793234 11.621522665480763
    vertex 825.7439715762217 1257.3314372793232 11.62152266548022
  endloop
endfacet
facet normal 4.8908434855849655e-14 0.3826834185985692 0.9238795382135663
  outer loop
    vertex 813.7439715762268 1258.2012857702525 10.954064463531061
    vertex 825.7439715762217 1259.2142457870739 10.534482704104951
    vertex 813.7439715762268 1259.214245787074 10.534482704105493
  endloop
endfacet
facet normal 4.8908434855849655e-14 0.3826834185985692 0.9238795382135663
  outer loop
    vertex 825.7439715762217 1259.2142457870739 10.534482704104951
    vertex 813.7439715762268 1258.2012857702525 10.954064463531061
    vertex 825.7439715762217 1258.2012857702523 10.95406446353052
  endloop
endfacet
facet normal 1.7145891254268223e-13 0.13052617744881412 0.9914448633184806
  outer loop
    vertex 813.7439715762268 1259.214245787074 10.534482704105493
    vertex 823.7439715762252 1260.3012857786332 10.391371190710007
    vertex 813.7439715762251 1260.3012857786375 10.39137119071727
  endloop
endfacet
facet normal 1.7145891254268223e-13 0.13052617744881412 0.9914448633184806
  outer loop
    vertex 823.7439715762252 1260.3012857786332 10.391371190710007
    vertex 825.7439715762217 1259.2142457870739 10.534482704104951
    vertex 825.7439715762202 1260.301285778637 10.39137119071673
  endloop
endfacet
facet normal 1.7145891254268223e-13 0.13052617744881412 0.9914448633184806
  outer loop
    vertex 825.7439715762217 1259.2142457870739 10.534482704104951
    vertex 823.7439715762252 1260.3012857786332 10.391371190710007
    vertex 813.7439715762268 1259.214245787074 10.534482704105493
  endloop
endfacet
facet normal -4.4108113937129736e-14 -0.7933533312202267 -0.608761440830289
  outer loop
    vertex 825.7439715762206 1254.0659028624484 10.991371097804903
    vertex 813.7439715762259 1255.210116967373 9.500202290311965
    vertex 825.743971576221 1255.2101169673729 9.500202290311423
  endloop
endfacet
facet normal -4.4108113937129736e-14 -0.7933533312202267 -0.608761440830289
  outer loop
    vertex 813.7439715762259 1255.210116967373 9.500202290311965
    vertex 825.7439715762206 1254.0659028624484 10.991371097804903
    vertex 813.7439715762257 1254.0659028624486 10.991371097805443
  endloop
endfacet
facet normal -3.706325934754966e-14 -0.923879526809011 -0.38268344613160143
  outer loop
    vertex 813.7439715762256 1253.3466197945402 12.727873962349413
    vertex 825.7439715762206 1254.0659028624484 10.991371097804903
    vertex 825.7439715762206 1253.34661979454 12.727873962348871
  endloop
endfacet
facet normal -3.706325934754966e-14 -0.923879526809011 -0.38268344613160143
  outer loop
    vertex 825.7439715762206 1254.0659028624484 10.991371097804903
    vertex 813.7439715762256 1253.3466197945402 12.727873962349413
    vertex 813.7439715762257 1254.0659028624486 10.991371097805443
  endloop
endfacet
facet normal -2.920686860726163e-14 -0.9914448594288693 -0.13052620699334608
  outer loop
    vertex 813.7439715762256 1253.1012857160538 14.591371083431898
    vertex 825.7439715762206 1253.34661979454 12.727873962348871
    vertex 825.7439715762206 1253.1012857160538 14.59137108343104
  endloop
endfacet
facet normal -2.920686860726163e-14 -0.9914448594288693 -0.13052620699334608
  outer loop
    vertex 825.7439715762206 1253.34661979454 12.727873962348871
    vertex 813.7439715762256 1253.1012857160538 14.591371083431898
    vertex 813.7439715762256 1253.3466197945402 12.727873962349413
  endloop
endfacet
facet normal -1.2609117700115518e-14 -0.9914448633187504 0.13052617744676517
  outer loop
    vertex 813.7439715762256 1253.346619739005 16.454868211825723
    vertex 825.7439715762206 1253.1012857160538 14.59137108343104
    vertex 825.7439715762206 1253.3466197390048 16.454868211824866
  endloop
endfacet
facet normal -1.2609117700115518e-14 -0.9914448633187504 0.13052617744676517
  outer loop
    vertex 825.7439715762206 1253.1012857160538 14.59137108343104
    vertex 813.7439715762256 1253.346619739005 16.454868211825723
    vertex 813.7439715762256 1253.1012857160538 14.591371083431898
  endloop
endfacet
facet normal 6.566483353531474e-15 -0.9238795382135612 0.3826834185985812
  outer loop
    vertex 813.7439715762257 1254.0659027551633 18.19137109780543
    vertex 825.7439715762206 1253.3466197390048 16.454868211824866
    vertex 825.7439715762206 1254.065902755163 18.191371097804574
  endloop
endfacet
facet normal 6.566483353531474e-15 -0.9238795382135612 0.3826834185985812
  outer loop
    vertex 825.7439715762206 1253.3466197390048 16.454868211824866
    vertex 813.7439715762257 1254.0659027551633 18.19137109780543
    vertex 813.7439715762256 1253.346619739005 16.454868211825723
  endloop
endfacet
facet normal 2.5294418205314296e-14 -0.7933533493622433 0.6087614171871524
  outer loop
    vertex 813.7439715762259 1255.2101168156485 19.682539939398236
    vertex 825.7439715762206 1254.065902755163 18.191371097804574
    vertex 825.743971576221 1255.2101168156482 19.68253993939738
  endloop
endfacet
facet normal 2.5294418205314296e-14 -0.7933533493622433 0.6087614171871524
  outer loop
    vertex 825.7439715762206 1254.065902755163 18.191371097804574
    vertex 813.7439715762259 1255.2101168156485 19.682539939398236
    vertex 813.7439715762257 1254.0659027551633 18.19137109780543
  endloop
endfacet
facet normal 4.2296866871765683e-14 -0.6087614408302767 0.793353331220236
  outer loop
    vertex 813.7439715762259 1255.2101168156485 19.682539939398236
    vertex 825.7439715762214 1256.7012856231418 20.8267540443217
    vertex 813.7439715762263 1256.701285623142 20.82675404432256
  endloop
endfacet
facet normal 4.2296866871765683e-14 -0.6087614408302767 0.793353331220236
  outer loop
    vertex 825.7439715762214 1256.7012856231418 20.8267540443217
    vertex 813.7439715762259 1255.2101168156485 19.682539939398236
    vertex 825.743971576221 1255.2101168156482 19.68253993939738
  endloop
endfacet
facet normal 5.6418611792240106e-14 -0.3826834461316249 0.9238795268090011
  outer loop
    vertex 813.7439715762263 1256.701285623142 20.82675404432256
    vertex 825.7439715762217 1258.4377884876858 21.5460371122303
    vertex 813.7439715762266 1258.437788487686 21.546037112231158
  endloop
endfacet
facet normal 5.6418611792240106e-14 -0.3826834461316249 0.9238795268090011
  outer loop
    vertex 825.7439715762217 1258.4377884876858 21.5460371122303
    vertex 813.7439715762263 1256.701285623142 20.82675404432256
    vertex 825.7439715762214 1256.7012856231418 20.8267540443217
  endloop
endfacet
facet normal 4.391590898524698e-14 -0.13052620699333006 0.9914448594288713
  outer loop
    vertex 813.7439715762272 1260.301284714723 81.79137119071561
    vertex 825.7439715762235 1258.4377875936402 81.54603711222883
    vertex 825.7439715762239 1260.301284714723 81.79137119071507
  endloop
endfacet
facet normal 4.391590898524698e-14 -0.13052620699333006 0.9914448594288713
  outer loop
    vertex 825.7439715762235 1258.4377875936402 81.54603711222883
    vertex 813.7439715762272 1260.301284714723 81.79137119071561
    vertex 813.7439715762268 1258.4377875936402 81.54603711222939
  endloop
endfacet
facet normal -4.1817110291146865e-14 0.38268344613159644 -0.923879526809013
  outer loop
    vertex 825.743971576223 1258.2012847678095 78.22867785531813
    vertex 813.7439715762263 1259.214244772127 78.64825964493198
    vertex 825.743971576223 1259.214244772127 78.64825964493143
  endloop
endfacet
facet normal -4.1817110291146865e-14 0.38268344613159644 -0.923879526809013
  outer loop
    vertex 813.7439715762263 1259.214244772127 78.64825964493198
    vertex 825.743971576223 1258.2012847678095 78.22867785531813
    vertex 813.7439715762263 1258.2012847678095 78.22867785531867
  endloop
endfacet
facet normal -3.686621814845048e-14 0.608761440830329 -0.793353331220196
  outer loop
    vertex 825.743971576223 1257.3314362967717 77.56121962744551
    vertex 813.7439715762263 1258.2012847678095 78.22867785531867
    vertex 825.743971576223 1258.2012847678095 78.22867785531813
  endloop
endfacet
facet normal -3.686621814845048e-14 0.608761440830329 -0.793353331220196
  outer loop
    vertex 813.7439715762263 1258.2012847678095 78.22867785531867
    vertex 825.743971576223 1257.3314362967717 77.56121962744551
    vertex 813.7439715762263 1257.3314362967717 77.56121962744605
  endloop
endfacet
facet normal -2.940682965506163e-14 0.7933533493622378 -0.6087614171871597
  outer loop
    vertex 813.7439715762263 1256.663978094822 76.69137113651695
    vertex 825.743971576223 1257.3314362967717 77.56121962744551
    vertex 825.743971576223 1256.663978094822 76.6913711365164
  endloop
endfacet
facet normal -2.940682965506163e-14 0.7933533493622378 -0.6087614171871597
  outer loop
    vertex 825.743971576223 1257.3314362967717 77.56121962744551
    vertex 813.7439715762263 1256.663978094822 76.69137113651695
    vertex 813.7439715762263 1257.3314362967717 77.56121962744605
  endloop
endfacet
facet normal -1.9941872823684976e-14 0.9238795382135683 -0.3826834185985639
  outer loop
    vertex 813.7439715762263 1256.2443963353965 75.67841111969544
    vertex 825.743971576223 1256.663978094822 76.6913711365164
    vertex 825.743971576223 1256.2443963353965 75.6784111196949
  endloop
endfacet
facet normal -1.9941872823684976e-14 0.9238795382135683 -0.3826834185985639
  outer loop
    vertex 825.743971576223 1256.663978094822 76.6913711365164
    vertex 813.7439715762263 1256.2443963353965 75.67841111969544
    vertex 813.7439715762263 1256.663978094822 76.69137113651695
  endloop
endfacet
facet normal -9.11742871786943e-15 0.9914448633187533 -0.1305261774467429
  outer loop
    vertex 813.7439715762263 1256.1012848220082 74.59137112813232
    vertex 825.743971576223 1256.2443963353965 75.6784111196949
    vertex 825.743971576223 1256.1012848220082 74.59137112813178
  endloop
endfacet
facet normal -9.11742871786943e-15 0.9914448633187533 -0.1305261774467429
  outer loop
    vertex 825.743971576223 1256.2443963353965 75.6784111196949
    vertex 813.7439715762263 1256.1012848220082 74.59137112813232
    vertex 813.7439715762263 1256.2443963353965 75.67841111969544
  endloop
endfacet
facet normal 2.3269154862370305e-15 0.991444859428867 0.13052620699336406
  outer loop
    vertex 813.7439715762263 1256.2443963677918 73.50433114083425
    vertex 825.743971576223 1256.1012848220082 74.59137112813178
    vertex 825.743971576223 1256.244396367792 73.5043311408337
  endloop
endfacet
facet normal 2.3269154862370305e-15 0.991444859428867 0.13052620699336406
  outer loop
    vertex 825.743971576223 1256.1012848220082 74.59137112813178
    vertex 813.7439715762263 1256.2443963677918 73.50433114083425
    vertex 813.7439715762263 1256.1012848220082 74.59137112813232
  endloop
endfacet
facet normal 1.361504328477161e-14 0.9238795268090071 0.3826834461316105
  outer loop
    vertex 813.7439715762263 1256.6639781574052 72.4913711365169
    vertex 825.743971576223 1256.244396367792 73.5043311408337
    vertex 825.743971576223 1256.6639781574054 72.49137113651636
  endloop
endfacet
facet normal 1.361504328477161e-14 0.9238795268090071 0.3826834461316105
  outer loop
    vertex 825.743971576223 1256.244396367792 73.5043311408337
    vertex 813.7439715762263 1256.6639781574052 72.4913711365169
    vertex 813.7439715762263 1256.2443963677918 73.50433114083425
  endloop
endfacet
facet normal 2.3976994368814928e-14 0.7933533312202338 0.6087614408302796
  outer loop
    vertex 813.7439715762263 1257.3314363852778 71.62152266547898
    vertex 825.743971576223 1256.6639781574054 72.49137113651636
    vertex 825.743971576223 1257.331436385278 71.62152266547844
  endloop
endfacet
facet normal 2.3976994368814928e-14 0.7933533312202338 0.6087614408302796
  outer loop
    vertex 825.743971576223 1256.6639781574054 72.49137113651636
    vertex 813.7439715762263 1257.3314363852778 71.62152266547898
    vertex 813.7439715762263 1256.6639781574052 72.4913711365169
  endloop
endfacet
facet normal 3.2699843916409205e-14 0.6087614171871268 0.7933533493622629
  outer loop
    vertex 813.7439715762263 1258.201284876207 70.95406446352928
    vertex 825.743971576223 1257.331436385278 71.62152266547844
    vertex 825.743971576223 1258.2012848762072 70.95406446352874
  endloop
endfacet
facet normal 3.2699843916409205e-14 0.6087614171871268 0.7933533493622629
  outer loop
    vertex 825.743971576223 1257.331436385278 71.62152266547844
    vertex 813.7439715762263 1258.201284876207 70.95406446352928
    vertex 813.7439715762263 1257.3314363852778 71.62152266547898
  endloop
endfacet
facet normal 3.9196079910292535e-14 0.3826834185985692 0.9238795382135663
  outer loop
    vertex 813.7439715762263 1259.2142448930285 70.53448270410371
    vertex 825.743971576223 1258.2012848762072 70.95406446352874
    vertex 825.743971576223 1259.2142448930288 70.53448270410317
  endloop
endfacet
facet normal 3.9196079910292535e-14 0.3826834185985692 0.9238795382135663
  outer loop
    vertex 825.743971576223 1258.2012848762072 70.95406446352874
    vertex 813.7439715762263 1259.2142448930285 70.53448270410371
    vertex 813.7439715762263 1258.201284876207 70.95406446352928
  endloop
endfacet
facet normal -2.397620129580254e-14 -0.7933533312202267 -0.608761440830289
  outer loop
    vertex 825.743971576222 1254.065901968403 70.99137109780312
    vertex 813.7439715762254 1255.2101160733275 69.50020229031018
    vertex 825.7439715762223 1255.2101160733275 69.50020229030964
  endloop
endfacet
facet normal -2.397620129580254e-14 -0.7933533312202267 -0.608761440830289
  outer loop
    vertex 813.7439715762254 1255.2101160733275 69.50020229031018
    vertex 825.743971576222 1254.065901968403 70.99137109780312
    vertex 813.7439715762251 1254.065901968403 70.99137109780366
  endloop
endfacet
facet normal -1.3615560315426983e-14 -0.923879526809011 -0.3826834461316014
  outer loop
    vertex 813.743971576225 1253.3466189004946 72.72787396234763
    vertex 825.743971576222 1254.065901968403 70.99137109780312
    vertex 825.743971576222 1253.3466189004946 72.72787396234709
  endloop
endfacet
facet normal -1.3615560315426983e-14 -0.923879526809011 -0.3826834461316014
  outer loop
    vertex 825.743971576222 1254.065901968403 70.99137109780312
    vertex 813.743971576225 1253.3466189004946 72.72787396234763
    vertex 813.7439715762251 1254.065901968403 70.99137109780366
  endloop
endfacet
facet normal -2.32782741908544e-15 -0.9914448594288706 -0.13052620699333517
  outer loop
    vertex 813.743971576225 1253.1012848220082 74.59137108343012
    vertex 825.743971576222 1253.3466189004946 72.72787396234709
    vertex 825.743971576222 1253.1012848220084 74.59137108342958
  endloop
endfacet
facet normal -2.32782741908544e-15 -0.9914448594288706 -0.13052620699333517
  outer loop
    vertex 825.743971576222 1253.3466189004946 72.72787396234709
    vertex 813.743971576225 1253.1012848220082 74.59137108343012
    vertex 813.743971576225 1253.3466189004946 72.72787396234763
  endloop
endfacet
facet normal 9.114462244069309e-15 -0.9914448633187504 0.13052617744676515
  outer loop
    vertex 813.743971576225 1253.3466188449595 76.45486821182395
    vertex 825.743971576222 1253.1012848220084 74.59137108342958
    vertex 825.743971576222 1253.3466188449595 76.4548682118234
  endloop
endfacet
facet normal 9.114462244069309e-15 -0.9914448633187504 0.13052617744676515
  outer loop
    vertex 825.743971576222 1253.1012848220084 74.59137108342958
    vertex 813.743971576225 1253.3466188449595 76.45486821182395
    vertex 813.743971576225 1253.1012848220082 74.59137108343012
  endloop
endfacet
facet normal 1.9943432471200107e-14 -0.9238795382135612 0.3826834185985812
  outer loop
    vertex 813.7439715762251 1254.0659018611175 78.19137109780365
    vertex 825.743971576222 1253.3466188449595 76.4548682118234
    vertex 825.743971576222 1254.0659018611177 78.19137109780311
  endloop
endfacet
facet normal 1.9943432471200107e-14 -0.9238795382135612 0.3826834185985812
  outer loop
    vertex 825.743971576222 1253.3466188449595 76.4548682118234
    vertex 813.7439715762251 1254.0659018611175 78.19137109780365
    vertex 813.743971576225 1253.3466188449595 76.45486821182395
  endloop
endfacet
facet normal 2.940844689401037e-14 -0.7933533493622434 0.6087614171871525
  outer loop
    vertex 813.7439715762254 1255.210115921603 79.68253993939646
    vertex 825.743971576222 1254.0659018611177 78.19137109780311
    vertex 825.7439715762223 1255.210115921603 79.68253993939592
  endloop
endfacet
facet normal 2.940844689401037e-14 -0.7933533493622434 0.6087614171871525
  outer loop
    vertex 825.743971576222 1254.0659018611177 78.19137109780311
    vertex 813.7439715762254 1255.210115921603 79.68253993939646
    vertex 813.7439715762251 1254.0659018611175 78.19137109780365
  endloop
endfacet
facet normal 3.6869547415577293e-14 -0.6087614408302767 0.793353331220236
  outer loop
    vertex 813.7439715762264 1256.7012847290964 80.82675404432078
    vertex 825.7439715762223 1255.210115921603 79.68253993939592
    vertex 825.7439715762232 1256.7012847290964 80.82675404432024
  endloop
endfacet
facet normal 3.6869547415577293e-14 -0.6087614408302767 0.793353331220236
  outer loop
    vertex 825.7439715762223 1255.210115921603 79.68253993939592
    vertex 813.7439715762264 1256.7012847290964 80.82675404432078
    vertex 813.7439715762254 1255.210115921603 79.68253993939646
  endloop
endfacet
facet normal 4.1812948379258436e-14 -0.38268344613162486 0.9238795268090011
  outer loop
    vertex 813.7439715762268 1258.4377875936402 81.54603711222939
    vertex 825.7439715762232 1256.7012847290964 80.82675404432024
    vertex 825.7439715762235 1258.4377875936402 81.54603711222883
  endloop
endfacet
facet normal 4.1812948379258436e-14 -0.38268344613162486 0.9238795268090011
  outer loop
    vertex 825.7439715762232 1256.7012847290964 80.82675404432024
    vertex 813.7439715762268 1258.4377875936402 81.54603711222939
    vertex 813.7439715762264 1256.7012847290964 80.82675404432078
  endloop
endfacet
facet normal -1.3716653537721505e-06 -0.9999999999971675 1.945202068630711e-06
  outer loop
    vertex 857.1939715762257 1263.5012866125758 60.09137237229935
    vertex 857.1326380635481 1263.5012870675578 29.557246146878068
    vertex 857.1939715762278 1263.5012870744995 29.091371865693507
  endloop
endfacet
facet normal -1.3716653537721505e-06 -0.9999999999971675 1.945202068630711e-06
  outer loop
    vertex 857.1326380635481 1263.5012870675578 29.557246146878068
    vertex 857.1939715762257 1263.5012866125758 60.09137237229935
    vertex 857.1326380635461 1263.5012866195177 59.62549809111488
  endloop
endfacet
facet normal -1.3716653537721505e-06 -0.9999999999971675 1.945202068630711e-06
  outer loop
    vertex 857.1326380635481 1263.5012870675578 29.557246146878068
    vertex 857.1326380635461 1263.5012866195177 59.62549809111488
    vertex 856.9528173030396 1263.5012870610888 29.991371865693573
  endloop
endfacet
facet normal -1.3716653537721505e-06 -0.9999999999971675 1.945202068630711e-06
  outer loop
    vertex 856.9528173030396 1263.5012870610888 29.991371865693573
    vertex 857.1326380635461 1263.5012866195177 59.62549809111488
    vertex 856.9528173030378 1263.5012866259863 59.19137237229937
  endloop
endfacet
facet normal -1.3716653537721505e-06 -0.9999999999971675 1.945202068630711e-06
  outer loop
    vertex 856.9528173030396 1263.5012870610888 29.991371865693573
    vertex 856.9528173030378 1263.5012866259863 59.19137237229937
    vertex 856.6667637823635 1263.5012870555338 30.36416407182927
  endloop
endfacet
facet normal -1.3716653537721505e-06 -0.9999999999971675 1.945202068630711e-06
  outer loop
    vertex 856.6667637823635 1263.5012870555338 30.36416407182927
    vertex 856.9528173030378 1263.5012866259863 59.19137237229937
    vertex 856.6667637823616 1263.5012866315415 58.818580166163585
  endloop
endfacet
facet normal -1.3716653537721505e-06 -0.9999999999971675 1.945202068630711e-06
  outer loop
    vertex 856.6667637823635 1263.5012870555338 30.36416407182927
    vertex 856.6667637823616 1263.5012866315415 58.818580166163585
    vertex 856.2939715762278 1263.5012870512714 30.650217592505552
  endloop
endfacet
facet normal -1.3716653537721505e-06 -0.9999999999971675 1.945202068630711e-06
  outer loop
    vertex 856.2939715762278 1263.5012870512714 30.650217592505552
    vertex 856.6667637823616 1263.5012866315415 58.818580166163585
    vertex 856.2939715762258 1263.5012866358038 58.532526645487394
  endloop
endfacet
facet normal -1.3716653537721505e-06 -0.9999999999971675 1.945202068630711e-06
  outer loop
    vertex 856.2939715762278 1263.5012870512714 30.650217592505552
    vertex 856.2939715762258 1263.5012866358038 58.532526645487394
    vertex 855.8598458574123 1263.501287048592 30.83003835301383
  endloop
endfacet
facet normal -1.3716653537721505e-06 -0.9999999999971675 1.945202068630711e-06
  outer loop
    vertex 855.8598458574123 1263.501287048592 30.83003835301383
    vertex 856.2939715762258 1263.5012866358038 58.532526645487394
    vertex 855.8598458574104 1263.5012866384832 58.352705884979024
  endloop
endfacet
facet normal -1.3716653537721505e-06 -0.9999999999971675 1.945202068630711e-06
  outer loop
    vertex 855.8598458574123 1263.501287048592 30.83003835301383
    vertex 855.8598458574104 1263.5012866384832 58.352705884979024
    vertex 855.3939715762278 1263.501287047678 30.89137186569355
  endloop
endfacet
facet normal -1.3716653537721505e-06 -0.9999999999971675 1.945202068630711e-06
  outer loop
    vertex 855.3939715762278 1263.501287047678 30.89137186569355
    vertex 855.8598458574104 1263.5012866384832 58.352705884979024
    vertex 855.3939715762258 1263.5012866393972 58.29137237229939
  endloop
endfacet
facet normal -1.3716653537721505e-06 -0.9999999999971675 1.945202068630711e-06
  outer loop
    vertex 855.3939715762278 1263.501287047678 30.89137186569355
    vertex 855.3939715762258 1263.5012866393972 58.29137237229939
    vertex 854.9280972950432 1263.501287048592 30.83003835301383
  endloop
endfacet
facet normal -1.3716653537721505e-06 -0.9999999999971675 1.945202068630711e-06
  outer loop
    vertex 854.9280972950432 1263.501287048592 30.83003835301383
    vertex 855.3939715762258 1263.5012866393972 58.29137237229939
    vertex 854.9280972950412 1263.5012866384834 58.352705884979024
  endloop
endfacet
facet normal -1.3716653537721505e-06 -0.9999999999971675 1.945202068630711e-06
  outer loop
    vertex 854.9280972950432 1263.501287048592 30.83003835301383
    vertex 854.9280972950412 1263.5012866384834 58.352705884979024
    vertex 854.4939715762279 1263.5012870512714 30.650217592505552
  endloop
endfacet
facet normal -1.3716653537721505e-06 -0.9999999999971675 1.945202068630711e-06
  outer loop
    vertex 854.4939715762279 1263.5012870512714 30.650217592505552
    vertex 854.9280972950412 1263.5012866384834 58.352705884979024
    vertex 854.4939715762258 1263.5012866358036 58.532526645487394
  endloop
endfacet
facet normal -1.3716653537721505e-06 -0.9999999999971675 1.945202068630711e-06
  outer loop
    vertex 854.4939715762279 1263.5012870512714 30.650217592505552
    vertex 854.4939715762258 1263.5012866358036 58.532526645487394
    vertex 854.121179370092 1263.501287055534 30.36416407182927
  endloop
endfacet
facet normal -1.3716653537721505e-06 -0.9999999999971675 1.945202068630711e-06
  outer loop
    vertex 854.121179370092 1263.501287055534 30.36416407182927
    vertex 854.4939715762258 1263.5012866358036 58.532526645487394
    vertex 854.1211793700901 1263.5012866315415 58.818580166163585
  endloop
endfacet
facet normal -1.3716653537721505e-06 -0.9999999999971675 1.945202068630711e-06
  outer loop
    vertex 854.121179370092 1263.501287055534 30.36416407182927
    vertex 854.1211793700901 1263.5012866315415 58.818580166163585
    vertex 853.8351258494157 1263.501287061089 29.991371865693484
  endloop
endfacet
facet normal -1.3716653537721505e-06 -0.9999999999971675 1.945202068630711e-06
  outer loop
    vertex 853.8351258494157 1263.501287061089 29.991371865693484
    vertex 854.1211793700901 1263.5012866315415 58.818580166163585
    vertex 853.835125849414 1263.5012866259865 59.19137237229937
  endloop
endfacet
facet normal -1.3716653537721505e-06 -0.9999999999971675 1.945202068630711e-06
  outer loop
    vertex 853.8351258494157 1263.501287061089 29.991371865693484
    vertex 853.835125849414 1263.5012866259865 59.19137237229937
    vertex 853.6553050889074 1263.5012870675575 29.557246146878068
  endloop
endfacet
facet normal -1.3716653537721505e-06 -0.9999999999971675 1.945202068630711e-06
  outer loop
    vertex 853.6553050889074 1263.5012870675575 29.557246146878068
    vertex 853.835125849414 1263.5012866259865 59.19137237229937
    vertex 853.6553050889055 1263.5012866195177 59.62549809111488
  endloop
endfacet
facet normal -1.3716653537721505e-06 -0.9999999999971675 1.945202068630711e-06
  outer loop
    vertex 853.6553050889074 1263.5012870675575 29.557246146878068
    vertex 853.6553050889055 1263.5012866195177 59.62549809111488
    vertex 853.5939715762279 1263.5012870744995 29.091371865693507
  endloop
endfacet
facet normal -1.3716653537721505e-06 -0.9999999999971675 1.945202068630711e-06
  outer loop
    vertex 853.5939715762279 1263.5012870744995 29.091371865693507
    vertex 853.6553050889055 1263.5012866195177 59.62549809111488
    vertex 853.5939715762258 1263.5012866125758 60.09137237229935
  endloop
endfacet
facet normal -1.3716653537721505e-06 -0.9999999999971675 1.945202068630711e-06
  outer loop
    vertex 826.1939715762256 1263.5012866125755 60.09137186569331
    vertex 826.1326380635479 1263.5012870675573 29.557246146877706
    vertex 826.1939715762276 1263.5012870744993 29.091371865693144
  endloop
endfacet
facet normal -1.3716653537721505e-06 -0.9999999999971675 1.945202068630711e-06
  outer loop
    vertex 826.1326380635479 1263.5012870675573 29.557246146877706
    vertex 826.1939715762256 1263.5012866125755 60.09137186569331
    vertex 826.132638063546 1263.5012866195175 59.62549758450875
  endloop
endfacet
facet normal -1.3716653537721505e-06 -0.9999999999971675 1.945202068630711e-06
  outer loop
    vertex 826.1326380635479 1263.5012870675573 29.557246146877706
    vertex 826.132638063546 1263.5012866195175 59.62549758450875
    vertex 825.9528173030395 1263.5012870610888 29.99137186569312
  endloop
endfacet
facet normal -1.3716653537721505e-06 -0.9999999999971675 1.945202068630711e-06
  outer loop
    vertex 825.9528173030395 1263.5012870610888 29.99137186569312
    vertex 826.132638063546 1263.5012866195175 59.62549758450875
    vertex 825.9528173030377 1263.5012866259865 59.19137186569334
  endloop
endfacet
facet normal -1.3716653537721505e-06 -0.9999999999971675 1.945202068630711e-06
  outer loop
    vertex 825.9528173030395 1263.5012870610888 29.99137186569312
    vertex 825.9528173030377 1263.5012866259865 59.19137186569334
    vertex 825.743971576223 1263.501287057033 30.26354491588982
  endloop
endfacet
facet normal -1.3716653537721505e-06 -0.9999999999971675 1.945202068630711e-06
  outer loop
    vertex 825.743971576223 1263.501287057033 30.26354491588982
    vertex 825.9528173030377 1263.5012866259865 59.19137186569334
    vertex 825.7439715762221 1263.5012866300415 58.9191988154979
  endloop
endfacet
facet normal -1.3716653537721505e-06 -0.9999999999971675 1.945202068630711e-06
  outer loop
    vertex 825.743971576223 1263.501287057033 30.26354491588982
    vertex 825.7439715762221 1263.5012866300415 58.9191988154979
    vertex 825.6667637823634 1263.501287055534 30.364164071828906
  endloop
endfacet
facet normal -1.3716653537721505e-06 -0.9999999999971675 1.945202068630711e-06
  outer loop
    vertex 825.6667637823634 1263.501287055534 30.364164071828906
    vertex 825.7439715762221 1263.5012866300415 58.9191988154979
    vertex 825.6667637823614 1263.5012866315415 58.81857965955755
  endloop
endfacet
facet normal -1.3716653537721505e-06 -0.9999999999971675 1.945202068630711e-06
  outer loop
    vertex 825.6667637823634 1263.501287055534 30.364164071828906
    vertex 825.6667637823614 1263.5012866315415 58.81857965955755
    vertex 825.2939715762276 1263.5012870512712 30.65021759250519
  endloop
endfacet
facet normal -1.3716653537721505e-06 -0.9999999999971675 1.945202068630711e-06
  outer loop
    vertex 825.2939715762276 1263.5012870512712 30.65021759250519
    vertex 825.6667637823614 1263.5012866315415 58.81857965955755
    vertex 825.2939715762257 1263.5012866358036 58.53252613888127
  endloop
endfacet
facet normal -1.3716653537721505e-06 -0.9999999999971675 1.945202068630711e-06
  outer loop
    vertex 825.2939715762276 1263.5012870512712 30.65021759250519
    vertex 825.2939715762257 1263.5012866358036 58.53252613888127
    vertex 824.8598458574122 1263.501287048592 30.830038353013467
  endloop
endfacet
facet normal -1.3716653537721505e-06 -0.9999999999971675 1.945202068630711e-06
  outer loop
    vertex 824.8598458574122 1263.501287048592 30.830038353013467
    vertex 825.2939715762257 1263.5012866358036 58.53252613888127
    vertex 824.8598458574102 1263.5012866384834 58.35270537837299
  endloop
endfacet
facet normal -1.3716653537721505e-06 -0.9999999999971675 1.945202068630711e-06
  outer loop
    vertex 824.8598458574122 1263.501287048592 30.830038353013467
    vertex 824.8598458574102 1263.5012866384834 58.35270537837299
    vertex 824.3939715762276 1263.501287047678 30.8913718656931
  endloop
endfacet
facet normal -1.3716653537721505e-06 -0.9999999999971675 1.945202068630711e-06
  outer loop
    vertex 824.3939715762276 1263.501287047678 30.8913718656931
    vertex 824.8598458574102 1263.5012866384834 58.35270537837299
    vertex 824.3939715762257 1263.5012866393972 58.291371865693364
  endloop
endfacet
facet normal -1.3716653537721505e-06 -0.9999999999971675 1.945202068630711e-06
  outer loop
    vertex 824.3939715762276 1263.501287047678 30.8913718656931
    vertex 824.3939715762257 1263.5012866393972 58.291371865693364
    vertex 823.928097295043 1263.5012870485918 30.830038353013467
  endloop
endfacet
facet normal -1.3716653537721505e-06 -0.9999999999971675 1.945202068630711e-06
  outer loop
    vertex 823.928097295043 1263.5012870485918 30.830038353013467
    vertex 824.3939715762257 1263.5012866393972 58.291371865693364
    vertex 823.9280972950411 1263.5012866384832 58.35270537837299
  endloop
endfacet
facet normal -1.3716653537721505e-06 -0.9999999999971675 1.945202068630711e-06
  outer loop
    vertex 823.928097295043 1263.5012870485918 30.830038353013467
    vertex 823.9280972950411 1263.5012866384832 58.35270537837299
    vertex 823.4939715762276 1263.5012870512712 30.65021759250564
  endloop
endfacet
facet normal -1.3716653537721505e-06 -0.9999999999971675 1.945202068630711e-06
  outer loop
    vertex 823.4939715762276 1263.5012870512712 30.65021759250564
    vertex 823.9280972950411 1263.5012866384832 58.35270537837299
    vertex 823.4939715762257 1263.5012866358036 58.53252613888163
  endloop
endfacet
facet normal -1.3716653537721505e-06 -0.9999999999971675 1.945202068630711e-06
  outer loop
    vertex 823.4939715762276 1263.5012870512712 30.65021759250564
    vertex 823.4939715762257 1263.5012866358036 58.53252613888163
    vertex 823.1211793700919 1263.5012870555338 30.364164071829357
  endloop
endfacet
facet normal -1.3716653537721505e-06 -0.9999999999971675 1.945202068630711e-06
  outer loop
    vertex 823.1211793700919 1263.5012870555338 30.364164071829357
    vertex 823.4939715762257 1263.5012866358036 58.53252613888163
    vertex 823.1211793700899 1263.5012866315412 58.81857965955791
  endloop
endfacet
facet normal -1.3716653537721505e-06 -0.9999999999971675 1.945202068630711e-06
  outer loop
    vertex 823.1211793700919 1263.5012870555338 30.364164071829357
    vertex 823.1211793700899 1263.5012866315412 58.81857965955791
    vertex 822.8351258494158 1263.5012870610888 29.991371865693573
  endloop
endfacet
facet normal -1.3716653537721505e-06 -0.9999999999971675 1.945202068630711e-06
  outer loop
    vertex 822.8351258494158 1263.5012870610888 29.991371865693573
    vertex 823.1211793700899 1263.5012866315412 58.81857965955791
    vertex 822.8351258494138 1263.5012866259865 59.1913718656937
  endloop
endfacet
facet normal -1.3716653537721505e-06 -0.9999999999971675 1.945202068630711e-06
  outer loop
    vertex 822.8351258494158 1263.5012870610888 29.991371865693573
    vertex 822.8351258494138 1263.5012866259865 59.1913718656937
    vertex 822.6553050889073 1263.5012870675573 29.557246146878157
  endloop
endfacet
facet normal -1.3716653537721505e-06 -0.9999999999971675 1.945202068630711e-06
  outer loop
    vertex 822.6553050889073 1263.5012870675573 29.557246146878157
    vertex 822.8351258494138 1263.5012866259865 59.1913718656937
    vertex 822.6553050889053 1263.5012866195175 59.62549758450911
  endloop
endfacet
facet normal -1.3716653537721505e-06 -0.9999999999971675 1.945202068630711e-06
  outer loop
    vertex 822.6553050889073 1263.5012870675573 29.557246146878157
    vertex 822.6553050889053 1263.5012866195175 59.62549758450911
    vertex 822.5939715762277 1263.5012870744993 29.091371865693596
  endloop
endfacet
facet normal -1.3716653537721505e-06 -0.9999999999971675 1.945202068630711e-06
  outer loop
    vertex 822.5939715762277 1263.5012870744993 29.091371865693596
    vertex 822.6553050889053 1263.5012866195175 59.62549758450911
    vertex 822.5939715762257 1263.5012866125755 60.091371865693674
  endloop
endfacet
facet normal -1.3716653537721505e-06 -0.9999999999971675 1.945202068630711e-06
  outer loop
    vertex 825.7439715762239 1263.5019154113127 81.7913712384069
    vertex 825.7439715762223 1263.5012865951096 61.263544915888545
    vertex 825.9528173030377 1263.501286599165 60.99137186569329
  endloop
endfacet
facet normal -1.3716653537721505e-06 -0.9999999999971675 1.945202068630711e-06
  outer loop
    vertex 825.7439715762223 1263.5012865951096 61.263544915888545
    vertex 825.7439715762239 1263.5019154113127 81.7913712384069
    vertex 825.7439715762223 1263.5012865558301 63.899597266974396
  endloop
endfacet
facet normal -1.3716653537721505e-06 -0.9999999999971675 1.945202068630711e-06
  outer loop
    vertex 825.7439715762223 1263.5012865951096 61.263544915888545
    vertex 825.7439715762223 1263.5012865558301 63.899597266974396
    vertex 825.6667637823614 1263.5012865936103 61.36416407182907
  endloop
endfacet
facet normal -1.3716653537721505e-06 -0.9999999999971675 1.945202068630711e-06
  outer loop
    vertex 825.6667637823614 1263.5012865936103 61.36416407182907
    vertex 825.7439715762223 1263.5012865558301 63.899597266974396
    vertex 825.2939715762257 1263.5012865893477 61.650217592505356
  endloop
endfacet
facet normal -1.3716653537721505e-06 -0.9999999999971675 1.945202068630711e-06
  outer loop
    vertex 825.2939715762257 1263.5012865893477 61.650217592505356
    vertex 825.7439715762223 1263.5012865558301 63.899597266974396
    vertex 824.8598458574102 1263.5012865866684 61.830038353013634
  endloop
endfacet
facet normal -1.3716653537721505e-06 -0.9999999999971675 1.945202068630711e-06
  outer loop
    vertex 824.8598458574102 1263.5012865866684 61.830038353013634
    vertex 825.7439715762223 1263.5012865558301 63.899597266974396
    vertex 813.7439715762257 1263.5016886383582 63.89959726698084
  endloop
endfacet
facet normal -1.3716653537721505e-06 -0.9999999999971675 1.945202068630711e-06
  outer loop
    vertex 824.8598458574102 1263.5012865866684 61.830038353013634
    vertex 813.7439715762257 1263.5016886383582 63.89959726698084
    vertex 824.3939715762257 1263.5012865857543 61.891371865693266
  endloop
endfacet
facet normal -1.3716653537721505e-06 -0.9999999999971675 1.945202068630711e-06
  outer loop
    vertex 824.3939715762257 1263.5012865857543 61.891371865693266
    vertex 813.7439715762257 1263.5016886383582 63.89959726698084
    vertex 823.9280972950411 1263.5012865866681 61.830038353013634
  endloop
endfacet
facet normal -1.3716653537721505e-06 -0.9999999999971675 1.945202068630711e-06
  outer loop
    vertex 823.9280972950411 1263.5012865866681 61.830038353013634
    vertex 813.7439715762257 1263.5016886383582 63.89959726698084
    vertex 823.4939715762257 1263.5012865893477 61.65021759250572
  endloop
endfacet
facet normal -1.3716653537721505e-06 -0.9999999999971675 1.945202068630711e-06
  outer loop
    vertex 823.4939715762257 1263.5012865893477 61.65021759250572
    vertex 813.7439715762257 1263.5016886383582 63.89959726698084
    vertex 823.1211793700899 1263.50128659361 61.364164071829435
  endloop
endfacet
facet normal -1.3716653537721505e-06 -0.9999999999971675 1.945202068630711e-06
  outer loop
    vertex 823.1211793700899 1263.50128659361 61.364164071829435
    vertex 813.7439715762257 1263.5016886383582 63.89959726698084
    vertex 822.8351258494138 1263.501286599165 60.99137186569365
  endloop
endfacet
facet normal -1.3716653537721505e-06 -0.9999999999971675 1.945202068630711e-06
  outer loop
    vertex 822.8351258494138 1263.501286599165 60.99137186569365
    vertex 813.7439715762257 1263.5016886383582 63.89959726698084
    vertex 822.6553050889053 1263.5012866056336 60.557246146878235
  endloop
endfacet
facet normal -1.3716653537721505e-06 -0.9999999999971675 1.945202068630711e-06
  outer loop
    vertex 822.6553050889053 1263.5012866056336 60.557246146878235
    vertex 813.7439715762257 1263.5016886383582 63.89959726698084
    vertex 822.5939715762257 1263.5012866125755 60.091371865693674
  endloop
endfacet
facet normal -1.3716653537721505e-06 -0.9999999999971675 1.945202068630711e-06
  outer loop
    vertex 822.5939715762257 1263.5012866125755 60.091371865693674
    vertex 813.7439715762257 1263.5016886383582 63.89959726698084
    vertex 813.743971576227 1263.501287183275 21.79137123839985
  endloop
endfacet
facet normal -1.3716653537721505e-06 -0.9999999999971675 1.945202068630711e-06
  outer loop
    vertex 825.6667637823634 1263.5012870934652 27.818579659557383
    vertex 825.7439715762221 1263.5012871832669 21.79137123839899
    vertex 825.743971576223 1263.5012870919657 27.91919881549638
  endloop
endfacet
facet normal -1.3716653537721505e-06 -0.9999999999971675 1.945202068630711e-06
  outer loop
    vertex 825.7439715762221 1263.5012871832669 21.79137123839899
    vertex 825.6667637823634 1263.5012870934652 27.818579659557383
    vertex 825.2939715762276 1263.5012870977273 27.532526138881103
  endloop
endfacet
facet normal -1.3716653537721505e-06 -0.9999999999971675 1.945202068630711e-06
  outer loop
    vertex 825.7439715762221 1263.5012871832669 21.79137123839899
    vertex 825.2939715762276 1263.5012870977273 27.532526138881103
    vertex 813.743971576227 1263.501287183275 21.79137123839985
  endloop
endfacet
facet normal -1.3716653537721505e-06 -0.9999999999971675 1.945202068630711e-06
  outer loop
    vertex 813.743971576227 1263.501287183275 21.79137123839985
    vertex 825.2939715762276 1263.5012870977273 27.532526138881103
    vertex 824.8598458574122 1263.501287100407 27.35270537837282
  endloop
endfacet
facet normal -1.3716653537721505e-06 -0.9999999999971675 1.945202068630711e-06
  outer loop
    vertex 813.743971576227 1263.501287183275 21.79137123839985
    vertex 824.8598458574122 1263.501287100407 27.35270537837282
    vertex 824.3939715762276 1263.5012871013207 27.291371865693193
  endloop
endfacet
facet normal -1.3716653537721505e-06 -0.9999999999971675 1.945202068630711e-06
  outer loop
    vertex 813.743971576227 1263.501287183275 21.79137123839985
    vertex 824.3939715762276 1263.5012871013207 27.291371865693193
    vertex 823.928097295043 1263.5012871004067 27.35270537837282
  endloop
endfacet
facet normal -1.3716653537721505e-06 -0.9999999999971675 1.945202068630711e-06
  outer loop
    vertex 813.743971576227 1263.501287183275 21.79137123839985
    vertex 823.928097295043 1263.5012871004067 27.35270537837282
    vertex 823.4939715762276 1263.5012870977273 27.532526138881554
  endloop
endfacet
facet normal -1.3716653537721505e-06 -0.9999999999971675 1.945202068630711e-06
  outer loop
    vertex 813.743971576227 1263.501287183275 21.79137123839985
    vertex 823.4939715762276 1263.5012870977273 27.532526138881554
    vertex 823.1211793700919 1263.5012870934647 27.818579659557834
  endloop
endfacet
facet normal -1.3716653537721505e-06 -0.9999999999971675 1.945202068630711e-06
  outer loop
    vertex 813.743971576227 1263.501287183275 21.79137123839985
    vertex 823.1211793700919 1263.5012870934647 27.818579659557834
    vertex 822.8351258494158 1263.50128708791 28.191371865693622
  endloop
endfacet
facet normal -1.3716653537721505e-06 -0.9999999999971675 1.945202068630711e-06
  outer loop
    vertex 813.743971576227 1263.501287183275 21.79137123839985
    vertex 822.8351258494158 1263.50128708791 28.191371865693622
    vertex 822.6553050889073 1263.5012870814412 28.625497584509034
  endloop
endfacet
facet normal -1.3716653537721505e-06 -0.9999999999971675 1.945202068630711e-06
  outer loop
    vertex 813.743971576227 1263.501287183275 21.79137123839985
    vertex 822.6553050889073 1263.5012870814412 28.625497584509034
    vertex 822.5939715762277 1263.5012870744993 29.091371865693596
  endloop
endfacet
facet normal -1.3716653537721505e-06 -0.9999999999971675 1.945202068630711e-06
  outer loop
    vertex 813.743971576227 1263.501287183275 21.79137123839985
    vertex 822.5939715762277 1263.5012870744993 29.091371865693596
    vertex 822.5939715762257 1263.5012866125755 60.091371865693674
  endloop
endfacet
facet normal -1.3716653537721505e-06 -0.9999999999971675 1.945202068630711e-06
  outer loop
    vertex 858.0439715762267 1263.5012875079833 -3.158362460453645e-13
    vertex 825.7439715522427 1263.5009908091429 3.8995972878644576
    vertex 813.7439715762264 1263.501287507985 0.0
  endloop
endfacet
facet normal -1.3716653537721505e-06 -0.9999999999971675 1.945202068630711e-06
  outer loop
    vertex 825.7439715522427 1263.5009908091429 3.8995972878644576
    vertex 858.0439715762267 1263.5012875079833 -3.158362460453645e-13
    vertex 856.6667637823635 1263.5012870934652 27.818579659557745
  endloop
endfacet
facet normal -1.3716653537721505e-06 -0.9999999999971675 1.945202068630711e-06
  outer loop
    vertex 856.6667637823635 1263.5012870934652 27.818579659557745
    vertex 858.0439715762267 1263.5012875079833 -3.158362460453645e-13
    vertex 856.9528173030396 1263.5012870879098 28.19137186569353
  endloop
endfacet
facet normal -1.3716653537721505e-06 -0.9999999999971675 1.945202068630711e-06
  outer loop
    vertex 856.9528173030396 1263.5012870879098 28.19137186569353
    vertex 858.0439715762267 1263.5012875079833 -3.158362460453645e-13
    vertex 857.1326380635481 1263.5012870814414 28.625497584509034
  endloop
endfacet
facet normal -1.3716653537721505e-06 -0.9999999999971675 1.945202068630711e-06
  outer loop
    vertex 857.1326380635481 1263.5012870814414 28.625497584509034
    vertex 858.0439715762267 1263.5012875079833 -3.158362460453645e-13
    vertex 857.1939715762278 1263.5012870744995 29.091371865693507
  endloop
endfacet
facet normal -1.3716653537721505e-06 -0.9999999999971675 1.945202068630711e-06
  outer loop
    vertex 825.7439715522427 1263.5009908091429 3.8995972878644576
    vertex 856.6667637823635 1263.5012870934652 27.818579659557745
    vertex 856.2939715762278 1263.5012870977275 27.532526138881554
  endloop
endfacet
facet normal -1.3716653537721505e-06 -0.9999999999971675 1.945202068630711e-06
  outer loop
    vertex 825.7439715522427 1263.5009908091429 3.8995972878644576
    vertex 856.2939715762278 1263.5012870977275 27.532526138881554
    vertex 855.8598458574123 1263.501287100407 27.352705378373184
  endloop
endfacet
facet normal -1.3716653537721505e-06 -0.9999999999971675 1.945202068630711e-06
  outer loop
    vertex 825.7439715522427 1263.5009908091429 3.8995972878644576
    vertex 855.8598458574123 1263.501287100407 27.352705378373184
    vertex 855.3939715762278 1263.501287101321 27.291371865693556
  endloop
endfacet
facet normal -1.3716653537721505e-06 -0.9999999999971675 1.945202068630711e-06
  outer loop
    vertex 825.7439715522427 1263.5009908091429 3.8995972878644576
    vertex 855.3939715762278 1263.501287101321 27.291371865693556
    vertex 854.9280972950432 1263.5012871004071 27.352705378373184
  endloop
endfacet
facet normal -1.3716653537721505e-06 -0.9999999999971675 1.945202068630711e-06
  outer loop
    vertex 825.7439715522427 1263.5009908091429 3.8995972878644576
    vertex 854.9280972950432 1263.5012871004071 27.352705378373184
    vertex 854.4939715762279 1263.5012870977273 27.532526138881554
  endloop
endfacet
facet normal -1.3716653537721505e-06 -0.9999999999971675 1.945202068630711e-06
  outer loop
    vertex 825.7439715522427 1263.5009908091429 3.8995972878644576
    vertex 854.4939715762279 1263.5012870977273 27.532526138881554
    vertex 854.121179370092 1263.5012870934652 27.818579659557745
  endloop
endfacet
facet normal -1.3716653537721505e-06 -0.9999999999971675 1.945202068630711e-06
  outer loop
    vertex 825.7439715522427 1263.5009908091429 3.8995972878644576
    vertex 854.121179370092 1263.5012870934652 27.818579659557745
    vertex 853.8351258494157 1263.50128708791 28.19137186569353
  endloop
endfacet
facet normal -1.3716653537721505e-06 -0.9999999999971675 1.945202068630711e-06
  outer loop
    vertex 825.7439715522427 1263.5009908091429 3.8995972878644576
    vertex 853.8351258494157 1263.50128708791 28.19137186569353
    vertex 853.6553050889074 1263.5012870814412 28.625497584509034
  endloop
endfacet
facet normal -1.3716653537721505e-06 -0.9999999999971675 1.945202068630711e-06
  outer loop
    vertex 825.7439715522427 1263.5009908091429 3.8995972878644576
    vertex 853.6553050889074 1263.5012870814412 28.625497584509034
    vertex 853.5939715762279 1263.5012870744995 29.091371865693507
  endloop
endfacet
facet normal -1.3716653537721505e-06 -0.9999999999971675 1.945202068630711e-06
  outer loop
    vertex 825.7439715522427 1263.5009908091429 3.8995972878644576
    vertex 853.5939715762279 1263.5012870744995 29.091371865693507
    vertex 850.2862764216409 1263.501286932942 38.59137237230162
  endloop
endfacet
facet normal -1.3716653537721505e-06 -0.9999999999971675 1.945202068630711e-06
  outer loop
    vertex 850.2862764216409 1263.501286932942 38.59137237230162
    vertex 853.5939715762279 1263.5012870744995 29.091371865693507
    vertex 851.4850814916965 1263.5012868898168 41.48554383107138
  endloop
endfacet
facet normal -1.3716653537721505e-06 -0.9999999999971675 1.945202068630711e-06
  outer loop
    vertex 851.4850814916965 1263.5012868898168 41.48554383107138
    vertex 853.5939715762279 1263.5012870744995 29.091371865693507
    vertex 851.8939715762277 1263.5012868435376 44.591372372301606
  endloop
endfacet
facet normal -1.3716653537721505e-06 -0.9999999999971675 1.945202068630711e-06
  outer loop
    vertex 851.8939715762277 1263.5012868435376 44.591372372301606
    vertex 853.5939715762279 1263.5012870744995 29.091371865693507
    vertex 853.5939715762258 1263.5012866125758 60.09137237229935
  endloop
endfacet
facet normal -1.3716653537721505e-06 -0.9999999999971675 1.945202068630711e-06
  outer loop
    vertex 825.7439715522427 1263.5009908091429 3.8995972878644576
    vertex 850.2862764216409 1263.501286932942 38.59137237230162
    vertex 848.3792529504663 1263.5012869699747 36.10609099806302
  endloop
endfacet
facet normal -1.3716653537721505e-06 -0.9999999999971675 1.945202068630711e-06
  outer loop
    vertex 825.7439715522427 1263.5009908091429 3.8995972878644576
    vertex 848.3792529504663 1263.5012869699747 36.10609099806302
    vertex 845.8939715762276 1263.501286998391 34.199067526888406
  endloop
endfacet
facet normal -1.3716653537721505e-06 -0.9999999999971675 1.945202068630711e-06
  outer loop
    vertex 825.7439715522427 1263.5009908091429 3.8995972878644576
    vertex 845.8939715762276 1263.501286998391 34.199067526888406
    vertex 842.9998001174579 1263.501287016254 33.000262456832424
  endloop
endfacet
facet normal -1.3716653537721505e-06 -0.9999999999971675 1.945202068630711e-06
  outer loop
    vertex 825.7439715522427 1263.5009908091429 3.8995972878644576
    vertex 842.9998001174579 1263.501287016254 33.000262456832424
    vertex 839.8939715762277 1263.5012870223466 32.591372372301265
  endloop
endfacet
facet normal -1.3716653537721505e-06 -0.9999999999971675 1.945202068630711e-06
  outer loop
    vertex 825.7439715522427 1263.5009908091429 3.8995972878644576
    vertex 839.8939715762277 1263.5012870223466 32.591372372301265
    vertex 836.7881430349975 1263.5012870162539 33.000262456832424
  endloop
endfacet
facet normal -1.3716653537721505e-06 -0.9999999999971675 1.945202068630711e-06
  outer loop
    vertex 825.7439715522427 1263.5009908091429 3.8995972878644576
    vertex 836.7881430349975 1263.5012870162539 33.000262456832424
    vertex 833.8939715762276 1263.5012869983905 34.199067526888
  endloop
endfacet
facet normal -1.3716653537721505e-06 -0.9999999999971675 1.945202068630711e-06
  outer loop
    vertex 825.7439715522427 1263.5009908091429 3.8995972878644576
    vertex 833.8939715762276 1263.5012869983905 34.199067526888
    vertex 831.4086902019891 1263.5012869699747 36.106090998062655
  endloop
endfacet
facet normal -1.3716653537721505e-06 -0.9999999999971675 1.945202068630711e-06
  outer loop
    vertex 825.7439715522427 1263.5009908091429 3.8995972878644576
    vertex 831.4086902019891 1263.5012869699747 36.106090998062655
    vertex 829.5016667308145 1263.501286932942 38.59137237230126
  endloop
endfacet
facet normal -1.3716653537721505e-06 -0.9999999999971675 1.945202068630711e-06
  outer loop
    vertex 825.7439715522427 1263.5009908091429 3.8995972878644576
    vertex 829.5016667308145 1263.501286932942 38.59137237230126
    vertex 828.3028616607589 1263.5012868898168 41.48554383107102
  endloop
endfacet
facet normal -1.3716653537721505e-06 -0.9999999999971675 1.945202068630711e-06
  outer loop
    vertex 825.7439715522427 1263.5009908091429 3.8995972878644576
    vertex 828.3028616607589 1263.5012868898168 41.48554383107102
    vertex 827.8939715762277 1263.5012868435374 44.591372372301244
  endloop
endfacet
facet normal -1.3716653537721505e-06 -0.9999999999971675 1.945202068630711e-06
  outer loop
    vertex 825.7439715522427 1263.5009908091429 3.8995972878644576
    vertex 827.8939715762277 1263.5012868435374 44.591372372301244
    vertex 826.1939715762276 1263.5012870744993 29.091371865693144
  endloop
endfacet
facet normal -1.3716653537721505e-06 -0.9999999999971675 1.945202068630711e-06
  outer loop
    vertex 825.7439715522427 1263.5009908091429 3.8995972878644576
    vertex 826.1939715762276 1263.5012870744993 29.091371865693144
    vertex 826.1326380635479 1263.5012870814412 28.625497584508583
  endloop
endfacet
facet normal -1.3716653537721505e-06 -0.9999999999971675 1.945202068630711e-06
  outer loop
    vertex 825.7439715522427 1263.5009908091429 3.8995972878644576
    vertex 826.1326380635479 1263.5012870814412 28.625497584508583
    vertex 825.9528173030395 1263.50128708791 28.19137186569317
  endloop
endfacet
facet normal -1.3716653537721505e-06 -0.9999999999971675 1.945202068630711e-06
  outer loop
    vertex 825.7439715522427 1263.5009908091429 3.8995972878644576
    vertex 825.9528173030395 1263.50128708791 28.19137186569317
    vertex 825.7439715762221 1263.5012871832669 21.79137123839899
  endloop
endfacet
facet normal -1.3716653537721505e-06 -0.9999999999971675 1.945202068630711e-06
  outer loop
    vertex 825.7439715762221 1263.5012871832669 21.79137123839899
    vertex 825.9528173030395 1263.50128708791 28.19137186569317
    vertex 825.743971576223 1263.5012870919657 27.91919881549638
  endloop
endfacet
facet normal -1.3716653537721505e-06 -0.9999999999971675 1.945202068630711e-06
  outer loop
    vertex 813.7439715762264 1263.501287507985 0.0
    vertex 825.7439715522427 1263.5009908091429 3.8995972878644576
    vertex 813.7439715762259 1263.501287449876 3.8995972669767176
  endloop
endfacet
facet normal -1.3716653537721505e-06 -0.9999999999971675 1.945202068630711e-06
  outer loop
    vertex 861.0439715762267 1263.5012865066517 67.20000004305228
    vertex 857.1939715762257 1263.5012866125758 60.09137237229935
    vertex 861.0439715762267 1263.5012874632807 2.9999999999997238
  endloop
endfacet
facet normal -1.3716653537721505e-06 -0.9999999999971675 1.945202068630711e-06
  outer loop
    vertex 857.1939715762257 1263.5012866125758 60.09137237229935
    vertex 861.0439715762267 1263.5012865066517 67.20000004305228
    vertex 857.1326380635461 1263.5012866056338 60.55724665348391
  endloop
endfacet
facet normal -1.3716653537721505e-06 -0.9999999999971675 1.945202068630711e-06
  outer loop
    vertex 857.1326380635461 1263.5012866056338 60.55724665348391
    vertex 861.0439715762267 1263.5012865066517 67.20000004305228
    vertex 856.9528173030378 1263.501286599165 60.99137237229941
  endloop
endfacet
facet normal -1.3716653537721505e-06 -0.9999999999971675 1.945202068630711e-06
  outer loop
    vertex 856.9528173030378 1263.501286599165 60.99137237229941
    vertex 861.0439715762267 1263.5012865066517 67.20000004305228
    vertex 839.0439715762276 1263.5012861788362 89.20000004305486
  endloop
endfacet
facet normal -1.3716653537721505e-06 -0.9999999999971675 1.945202068630711e-06
  outer loop
    vertex 861.0439715762267 1263.5012874632807 2.9999999999997238
    vertex 857.1939715762257 1263.5012866125758 60.09137237229935
    vertex 858.0439715762267 1263.5012875079833 -3.158362460453645e-13
  endloop
endfacet
facet normal -1.3716653537721505e-06 -0.9999999999971675 1.945202068630711e-06
  outer loop
    vertex 858.0439715762267 1263.5012875079833 -3.158362460453645e-13
    vertex 857.1939715762257 1263.5012866125758 60.09137237229935
    vertex 857.1939715762278 1263.5012870744995 29.091371865693507
  endloop
endfacet
facet normal -1.3716653537721505e-06 -0.9999999999971675 1.945202068630711e-06
  outer loop
    vertex 856.9528173030378 1263.501286599165 60.99137237229941
    vertex 839.0439715762276 1263.5012861788362 89.20000004305486
    vertex 856.6667637823616 1263.50128659361 61.36416457843511
  endloop
endfacet
facet normal -1.3716653537721505e-06 -0.9999999999971675 1.945202068630711e-06
  outer loop
    vertex 856.6667637823616 1263.50128659361 61.36416457843511
    vertex 839.0439715762276 1263.5012861788362 89.20000004305486
    vertex 856.2939715762258 1263.5012865893477 61.65021809911139
  endloop
endfacet
facet normal -1.3716653537721505e-06 -0.9999999999971675 1.945202068630711e-06
  outer loop
    vertex 856.2939715762258 1263.5012865893477 61.65021809911139
    vertex 839.0439715762276 1263.5012861788362 89.20000004305486
    vertex 855.8598458574104 1263.5012865866681 61.83003885961967
  endloop
endfacet
facet normal -1.3716653537721505e-06 -0.9999999999971675 1.945202068630711e-06
  outer loop
    vertex 855.8598458574104 1263.5012865866681 61.83003885961967
    vertex 839.0439715762276 1263.5012861788362 89.20000004305486
    vertex 855.3939715762258 1263.5012865857545 61.89137237229939
  endloop
endfacet
facet normal -1.3716653537721505e-06 -0.9999999999971675 1.945202068630711e-06
  outer loop
    vertex 855.3939715762258 1263.5012865857545 61.89137237229939
    vertex 839.0439715762276 1263.5012861788362 89.20000004305486
    vertex 854.9280972950412 1263.5012865866684 61.83003885961967
  endloop
endfacet
facet normal -1.3716653537721505e-06 -0.9999999999971675 1.945202068630711e-06
  outer loop
    vertex 854.9280972950412 1263.5012865866684 61.83003885961967
    vertex 839.0439715762276 1263.5012861788362 89.20000004305486
    vertex 854.7110344356336 1263.501286588008 61.74012847936553
  endloop
endfacet
facet normal -1.3716653537721505e-06 -0.9999999999971675 1.945202068630711e-06
  outer loop
    vertex 854.7110344356336 1263.501286588008 61.74012847936553
    vertex 839.0439715762276 1263.5012861788362 89.20000004305486
    vertex 854.4939715762258 1263.5012865893475 61.65021809911139
  endloop
endfacet
facet normal -1.3716653537721505e-06 -0.9999999999971675 1.945202068630711e-06
  outer loop
    vertex 854.4939715762258 1263.5012865893475 61.65021809911139
    vertex 839.0439715762276 1263.5012861788362 89.20000004305486
    vertex 854.1211793700901 1263.50128659361 61.36416457843511
  endloop
endfacet
facet normal -1.3716653537721505e-06 -0.9999999999971675 1.945202068630711e-06
  outer loop
    vertex 854.1211793700901 1263.50128659361 61.36416457843511
    vertex 839.0439715762276 1263.5012861788362 89.20000004305486
    vertex 853.835125849414 1263.5012865991653 60.991372372299324
  endloop
endfacet
facet normal -1.3716653537721505e-06 -0.9999999999971675 1.945202068630711e-06
  outer loop
    vertex 853.835125849414 1263.5012865991653 60.991372372299324
    vertex 839.0439715762276 1263.5012861788362 89.20000004305486
    vertex 853.6553050889055 1263.5012866056338 60.55724665348391
  endloop
endfacet
facet normal -1.3716653537721505e-06 -0.9999999999971675 1.945202068630711e-06
  outer loop
    vertex 853.6553050889055 1263.5012866056338 60.55724665348391
    vertex 839.0439715762276 1263.5012861788362 89.20000004305486
    vertex 853.5939715762258 1263.5012866125758 60.09137237229935
  endloop
endfacet
facet normal -1.3716653537721505e-06 -0.9999999999971675 1.945202068630711e-06
  outer loop
    vertex 853.5939715762258 1263.5012866125758 60.09137237229935
    vertex 839.0439715762276 1263.5012861788362 89.20000004305486
    vertex 851.4850814916965 1263.5012867972584 47.69720091353184
  endloop
endfacet
facet normal -1.3716653537721505e-06 -0.9999999999971675 1.945202068630711e-06
  outer loop
    vertex 853.5939715762258 1263.5012866125758 60.09137237229935
    vertex 851.4850814916965 1263.5012867972584 47.69720091353184
    vertex 851.8939715762277 1263.5012868435376 44.591372372301606
  endloop
endfacet
facet normal -1.3716653537721505e-06 -0.9999999999971675 1.945202068630711e-06
  outer loop
    vertex 851.4850814916965 1263.5012867972584 47.69720091353184
    vertex 839.0439715762276 1263.5012861788362 89.20000004305486
    vertex 850.2862764216409 1263.501286754133 50.5913723723016
  endloop
endfacet
facet normal -1.3716653537721505e-06 -0.9999999999971675 1.945202068630711e-06
  outer loop
    vertex 850.2862764216409 1263.501286754133 50.5913723723016
    vertex 839.0439715762276 1263.5012861788362 89.20000004305486
    vertex 848.3792529504663 1263.5012867171004 53.0766537465402
  endloop
endfacet
facet normal -1.3716653537721505e-06 -0.9999999999971675 1.945202068630711e-06
  outer loop
    vertex 848.3792529504663 1263.5012867171004 53.0766537465402
    vertex 839.0439715762276 1263.5012861788362 89.20000004305486
    vertex 845.8939715762258 1263.501286688684 54.98367721771481
  endloop
endfacet
facet normal -1.3716653537721505e-06 -0.9999999999971675 1.945202068630711e-06
  outer loop
    vertex 845.8939715762258 1263.501286688684 54.98367721771481
    vertex 839.0439715762276 1263.5012861788362 89.20000004305486
    vertex 842.999800117456 1263.5012866708212 56.182482287770064
  endloop
endfacet
facet normal -1.3716653537721505e-06 -0.9999999999971675 1.945202068630711e-06
  outer loop
    vertex 842.999800117456 1263.5012866708212 56.182482287770064
    vertex 839.0439715762276 1263.5012861788362 89.20000004305486
    vertex 839.8939715762257 1263.5012866647282 56.59137237230122
  endloop
endfacet
facet normal -1.3716653537721505e-06 -0.9999999999971675 1.945202068630711e-06
  outer loop
    vertex 839.8939715762257 1263.5012866647282 56.59137237230122
    vertex 839.0439715762276 1263.5012861788362 89.20000004305486
    vertex 836.7881430349955 1263.501286670821 56.182482287770064
  endloop
endfacet
facet normal -1.3716653537721505e-06 -0.9999999999971675 1.945202068630711e-06
  outer loop
    vertex 836.7881430349955 1263.501286670821 56.182482287770064
    vertex 839.0439715762276 1263.5012861788362 89.20000004305486
    vertex 825.7439715762239 1263.5019154113127 81.7913712384069
  endloop
endfacet
facet normal -1.3716653537721505e-06 -0.9999999999971675 1.945202068630711e-06
  outer loop
    vertex 825.7439715762239 1263.5019154113127 81.7913712384069
    vertex 839.0439715762276 1263.5012861788362 89.20000004305486
    vertex 813.7439715762273 1263.5012861788368 89.20000004305278
  endloop
endfacet
facet normal -1.3716653537721505e-06 -0.9999999999971675 1.945202068630711e-06
  outer loop
    vertex 836.7881430349955 1263.501286670821 56.182482287770064
    vertex 825.7439715762239 1263.5019154113127 81.7913712384069
    vertex 833.8939715762258 1263.501286688684 54.9836772177144
  endloop
endfacet
facet normal -1.3716653537721505e-06 -0.9999999999971675 1.945202068630711e-06
  outer loop
    vertex 833.8939715762258 1263.501286688684 54.9836772177144
    vertex 825.7439715762239 1263.5019154113127 81.7913712384069
    vertex 831.4086902019891 1263.5012867171004 53.07665374653984
  endloop
endfacet
facet normal -1.3716653537721505e-06 -0.9999999999971675 1.945202068630711e-06
  outer loop
    vertex 831.4086902019891 1263.5012867171004 53.07665374653984
    vertex 825.7439715762239 1263.5019154113127 81.7913712384069
    vertex 829.5016667308143 1263.501286754133 50.59137237230124
  endloop
endfacet
facet normal -1.3716653537721505e-06 -0.9999999999971675 1.945202068630711e-06
  outer loop
    vertex 829.5016667308143 1263.501286754133 50.59137237230124
    vertex 825.7439715762239 1263.5019154113127 81.7913712384069
    vertex 828.3028616607589 1263.5012867972582 47.697200913531475
  endloop
endfacet
facet normal -1.3716653537721505e-06 -0.9999999999971675 1.945202068630711e-06
  outer loop
    vertex 828.3028616607589 1263.5012867972582 47.697200913531475
    vertex 825.7439715762239 1263.5019154113127 81.7913712384069
    vertex 827.8939715762277 1263.5012868435374 44.591372372301244
  endloop
endfacet
facet normal -1.3716653537721505e-06 -0.9999999999971675 1.945202068630711e-06
  outer loop
    vertex 827.8939715762277 1263.5012868435374 44.591372372301244
    vertex 825.7439715762239 1263.5019154113127 81.7913712384069
    vertex 826.1939715762256 1263.5012866125755 60.09137186569331
  endloop
endfacet
facet normal -1.3716653537721505e-06 -0.9999999999971675 1.945202068630711e-06
  outer loop
    vertex 827.8939715762277 1263.5012868435374 44.591372372301244
    vertex 826.1939715762256 1263.5012866125755 60.09137186569331
    vertex 826.1939715762276 1263.5012870744993 29.091371865693144
  endloop
endfacet
facet normal -1.3716653537721505e-06 -0.9999999999971675 1.945202068630711e-06
  outer loop
    vertex 826.1939715762256 1263.5012866125755 60.09137186569331
    vertex 825.7439715762239 1263.5019154113127 81.7913712384069
    vertex 826.132638063546 1263.5012866056336 60.55724614687787
  endloop
endfacet
facet normal -1.3716653537721505e-06 -0.9999999999971675 1.945202068630711e-06
  outer loop
    vertex 826.132638063546 1263.5012866056336 60.55724614687787
    vertex 825.7439715762239 1263.5019154113127 81.7913712384069
    vertex 825.9528173030377 1263.501286599165 60.99137186569329
  endloop
endfacet
facet normal -1.3716653537721505e-06 -0.9999999999971675 1.945202068630711e-06
  outer loop
    vertex 825.7439715762239 1263.5019154113127 81.7913712384069
    vertex 813.7439715762273 1263.5012861788368 89.20000004305278
    vertex 813.7439715762272 1263.501286289229 81.79137123839807
  endloop
endfacet
facet normal -8.944605143544218e-13 -0.9238795268090143 -0.3826834461315929
  outer loop
    vertex 823.743971576228 1263.938591486602 76.69137124491387
    vertex 813.7439715762284 1264.358173276225 75.6784112405969
    vertex 823.7439715762283 1264.3581732762154 75.67841124059655
  endloop
endfacet
facet normal -8.944605143544218e-13 -0.9238795268090143 -0.3826834461315929
  outer loop
    vertex 813.7439715762284 1264.358173276225 75.6784112405969
    vertex 823.743971576228 1263.938591486602 76.69137124491387
    vertex 813.7439715762281 1263.9385914866116 76.69137124491424
  endloop
endfacet
facet normal 6.330288790506038e-13 -0.13052620699328263 0.9914448594288776
  outer loop
    vertex 813.7439715762242 1260.3012848845917 70.39137119071559
    vertex 823.7439715762252 1261.3883248718855 70.53448273649221
    vertex 813.7439715762251 1261.3883248718898 70.53448273649916
  endloop
endfacet
facet normal 6.330288790506038e-13 -0.13052620699328263 0.9914448594288776
  outer loop
    vertex 823.7439715762252 1261.3883248718855 70.53448273649221
    vertex 813.7439715762242 1260.3012848845917 70.39137119071559
    vertex 823.7439715762243 1260.3012848845874 70.39137119070864
  endloop
endfacet
facet normal -8.683844516105546e-13 -0.9238795382135647 0.3826834185985728
  outer loop
    vertex 813.7439715762282 1264.3581733086203 73.5043312617357
    vertex 823.7439715762278 1263.938591549185 72.49137124491384
    vertex 823.7439715762281 1264.3581733086107 73.50433126173535
  endloop
endfacet
facet normal -8.683844516105546e-13 -0.9238795382135647 0.3826834185985728
  outer loop
    vertex 823.7439715762278 1263.938591549185 72.49137124491384
    vertex 813.7439715762282 1264.3581733086203 73.5043312617357
    vertex 813.7439715762279 1263.9385915491946 72.49137124491419
  endloop
endfacet
facet normal -7.70480792419291e-13 -0.7933533312201485 -0.6087614408303907
  outer loop
    vertex 823.7439715762272 1263.2711332587296 77.56121971595171
    vertex 813.7439715762281 1263.9385914866116 76.69137124491424
    vertex 823.743971576228 1263.938591486602 76.69137124491387
  endloop
endfacet
facet normal -7.70480792419291e-13 -0.7933533312201485 -0.6087614408303907
  outer loop
    vertex 813.7439715762281 1263.9385914866116 76.69137124491424
    vertex 823.7439715762272 1263.2711332587296 77.56121971595171
    vertex 813.7439715762272 1263.271133258739 77.56121971595206
  endloop
endfacet
facet normal -2.6602464833324386e-13 -0.6087614408322426 0.7933533312187276
  outer loop
    vertex 813.7439715762263 1262.5012864495718 71.03079843456308
    vertex 823.7439715762271 1263.2711333472355 71.62152275398472
    vertex 813.743971576227 1263.2711333472448 71.62152275398509
  endloop
endfacet
facet normal -2.6602464833324386e-13 -0.6087614408322426 0.7933533312187276
  outer loop
    vertex 823.7439715762271 1263.2711333472355 71.62152275398472
    vertex 813.7439715762263 1262.5012864495718 71.03079843456308
    vertex 823.7439715762263 1262.5012864495623 71.03079843456273
  endloop
endfacet
facet normal -2.6602464833324386e-13 -0.6087614408322426 0.7933533312187276
  outer loop
    vertex 823.7439715762263 1262.5012864495623 71.03079843456273
    vertex 813.7439715762263 1262.5012864495718 71.03079843456308
    vertex 813.7439715762263 1262.401284876207 70.95406452611248
  endloop
endfacet
facet normal -2.6602464833324386e-13 -0.6087614408322426 0.7933533312187276
  outer loop
    vertex 823.7439715762263 1262.5012864495623 71.03079843456273
    vertex 813.7439715762263 1262.401284876207 70.95406452611248
    vertex 823.7439715762263 1262.401284876203 70.95406452610554
  endloop
endfacet
facet normal -9.3308089597287e-13 -0.991444863318746 0.13052617744679884
  outer loop
    vertex 813.7439715762282 1264.5012848220083 74.59137125329873
    vertex 823.7439715762281 1264.3581733086107 73.50433126173535
    vertex 823.7439715762283 1264.501284821999 74.59137125329846
  endloop
endfacet
facet normal -9.3308089597287e-13 -0.991444863318746 0.13052617744679884
  outer loop
    vertex 823.7439715762281 1264.3581733086107 73.50433126173535
    vertex 813.7439715762282 1264.5012848220083 74.59137125329873
    vertex 813.7439715762282 1264.3581733086203 73.5043312617357
  endloop
endfacet
facet normal -7.289992504365321e-13 -0.7933533493622478 0.6087614171871468
  outer loop
    vertex 813.7439715762279 1263.9385915491946 72.49137124491419
    vertex 823.7439715762271 1263.2711333472355 71.62152275398472
    vertex 823.7439715762278 1263.938591549185 72.49137124491384
  endloop
endfacet
facet normal -7.289992504365321e-13 -0.7933533493622478 0.6087614171871468
  outer loop
    vertex 823.7439715762271 1263.2711333472355 71.62152275398472
    vertex 813.7439715762279 1263.9385915491946 72.49137124491419
    vertex 813.743971576227 1263.2711333472448 71.62152275398509
  endloop
endfacet
facet normal 4.821753879417971e-13 -0.3826834461315929 0.9238795268090143
  outer loop
    vertex 813.7439715762251 1261.3883248718898 70.53448273649916
    vertex 823.7439715762263 1262.401284876203 70.95406452610554
    vertex 813.7439715762263 1262.401284876207 70.95406452611248
  endloop
endfacet
facet normal 4.821753879417971e-13 -0.3826834461315929 0.9238795268090143
  outer loop
    vertex 823.7439715762263 1262.401284876203 70.95406452610554
    vertex 813.7439715762251 1261.3883248718898 70.53448273649916
    vertex 823.7439715762252 1261.3883248718855 70.53448273649221
  endloop
endfacet
facet normal -9.407977598783138e-13 -0.9914448594288875 -0.13052620699320702
  outer loop
    vertex 813.7439715762284 1264.358173276225 75.6784112405969
    vertex 823.7439715762283 1264.501284821999 74.59137125329846
    vertex 823.7439715762283 1264.3581732762154 75.67841124059655
  endloop
endfacet
facet normal -9.407977598783138e-13 -0.9914448594288875 -0.13052620699320702
  outer loop
    vertex 823.7439715762283 1264.501284821999 74.59137125329846
    vertex 813.7439715762284 1264.358173276225 75.6784112405969
    vertex 813.7439715762282 1264.5012848220083 74.59137125329873
  endloop
endfacet
facet normal -4.599791101919126e-13 -0.6087614171881277 -0.7933533493614949
  outer loop
    vertex 823.7439715762272 1263.2711332587296 77.56121971595171
    vertex 813.7439715762264 1262.5012863434613 78.15194401243147
    vertex 813.7439715762272 1263.271133258739 77.56121971595206
  endloop
endfacet
facet normal -4.599791101919126e-13 -0.6087614171881277 -0.7933533493614949
  outer loop
    vertex 813.7439715762264 1262.5012863434613 78.15194401243147
    vertex 823.7439715762272 1263.2711332587296 77.56121971595171
    vertex 823.7439715762265 1262.5012863434517 78.15194401243112
  endloop
endfacet
facet normal -4.599791101919126e-13 -0.6087614171881277 -0.7933533493614949
  outer loop
    vertex 813.7439715762264 1262.5012863434613 78.15194401243147
    vertex 823.7439715762265 1262.5012863434517 78.15194401243112
    vertex 813.7439715762263 1262.40128476781 78.22867791790178
  endloop
endfacet
facet normal -4.599791101919126e-13 -0.6087614171881277 -0.7933533493614949
  outer loop
    vertex 813.7439715762263 1262.40128476781 78.22867791790178
    vertex 823.7439715762265 1262.5012863434517 78.15194401243112
    vertex 823.7439715762237 1262.4012847678025 78.2286779179052
  endloop
endfacet
facet normal 3.645786224910498e-14 -0.3826834185985146 -0.9238795382135888
  outer loop
    vertex 823.7439715762237 1262.4012847678025 78.2286779179052
    vertex 813.7439715762254 1261.3883247509882 78.64825967732733
    vertex 813.7439715762263 1262.40128476781 78.22867791790178
  endloop
endfacet
facet normal 3.645786224910498e-14 -0.3826834185985146 -0.9238795382135888
  outer loop
    vertex 813.7439715762254 1261.3883247509882 78.64825967732733
    vertex 823.7439715762237 1262.4012847678025 78.2286779179052
    vertex 823.7439715762225 1261.3883247509807 78.64825967733077
  endloop
endfacet
facet normal 2.4125170215886403e-13 -0.1305261774467744 -0.9914448633187493
  outer loop
    vertex 823.7439715762225 1261.3883247509807 78.64825967733077
    vertex 813.7439715762242 1260.3012847594252 78.79137119071557
    vertex 813.7439715762254 1261.3883247509882 78.64825967732733
  endloop
endfacet
facet normal 2.4125170215886403e-13 -0.1305261774467744 -0.9914448633187493
  outer loop
    vertex 813.7439715762242 1260.3012847594252 78.79137119071557
    vertex 823.7439715762225 1261.3883247509807 78.64825967733077
    vertex 823.7439715762215 1260.3012847594177 78.7913711907189
  endloop
endfacet
facet normal 3.7672179230216217e-14 0.13052620699459733 -0.9914448594287045
  outer loop
    vertex 825.743971576223 1259.214244772127 78.64825964493143
    vertex 823.7439715762215 1260.3012847594177 78.7913711907189
    vertex 825.7439715762212 1260.3012847594252 78.79137119071503
  endloop
endfacet
facet normal 3.7672179230216217e-14 0.13052620699459733 -0.9914448594287045
  outer loop
    vertex 823.7439715762215 1260.3012847594177 78.7913711907189
    vertex 813.7439715762263 1259.214244772127 78.64825964493198
    vertex 813.7439715762242 1260.3012847594252 78.79137119071557
  endloop
endfacet
facet normal 3.7672179230216217e-14 0.13052620699459733 -0.9914448594287045
  outer loop
    vertex 813.7439715762263 1259.214244772127 78.64825964493198
    vertex 823.7439715762215 1260.3012847594177 78.7913711907189
    vertex 825.743971576223 1259.214244772127 78.64825964493143
  endloop
endfacet
facet normal 1.633183629502095e-13 0.130526177448676 0.9914448633184989
  outer loop
    vertex 813.7439715762263 1259.2142448930285 70.53448270410371
    vertex 823.7439715762243 1260.3012848845874 70.39137119070864
    vertex 813.7439715762242 1260.3012848845917 70.39137119071559
  endloop
endfacet
facet normal 1.633183629502095e-13 0.130526177448676 0.9914448633184989
  outer loop
    vertex 823.7439715762243 1260.3012848845874 70.39137119070864
    vertex 813.7439715762263 1259.2142448930285 70.53448270410371
    vertex 825.743971576223 1259.2142448930288 70.53448270410317
  endloop
endfacet
facet normal 1.633183629502095e-13 0.130526177448676 0.9914448633184989
  outer loop
    vertex 825.743971576223 1259.2142448930288 70.53448270410317
    vertex 825.7439715762212 1260.3012848845917 70.39137119071503
    vertex 823.7439715762243 1260.3012848845874 70.39137119070864
  endloop
endfacet
facet normal -1.0 1.3627832485093358e-12 -2.233630157298403e-13
  outer loop
    vertex 823.7439715762234 1261.3883256450265 18.648259677332497
    vertex 823.7439715762252 1260.3012857786332 10.391371190710007
    vertex 823.7439715762224 1260.3012856534635 18.79137119072064
  endloop
endfacet
facet normal -1.0 1.3627832485093358e-12 -2.233630157298403e-13
  outer loop
    vertex 823.7439715762252 1260.3012857786332 10.391371190710007
    vertex 823.7439715762234 1261.3883256450265 18.648259677332497
    vertex 823.7439715762243 1262.401285661848 18.228677917906943
  endloop
endfacet
facet normal -1.0 1.3627832485093358e-12 -2.233630157298403e-13
  outer loop
    vertex 823.7439715762252 1260.3012857786332 10.391371190710007
    vertex 823.7439715762243 1262.401285661848 18.228677917906943
    vertex 823.7439715762272 1262.5012872374975 18.151944012432846
  endloop
endfacet
facet normal -1.0 1.3627832485093358e-12 -2.233630157298403e-13
  outer loop
    vertex 823.7439715762252 1260.3012857786332 10.391371190710007
    vertex 823.7439715762272 1262.5012872374975 18.151944012432846
    vertex 823.743971576228 1263.2711341527752 17.56121971595336
  endloop
endfacet
facet normal -1.0 1.3627832485093358e-12 -2.233630157298403e-13
  outer loop
    vertex 823.7439715762252 1260.3012857786332 10.391371190710007
    vertex 823.743971576228 1263.2711341527752 17.56121971595336
    vertex 823.7439715762287 1263.9385923806476 16.691371244915604
  endloop
endfacet
facet normal -1.0 1.3627832485093358e-12 -2.233630157298403e-13
  outer loop
    vertex 823.7439715762252 1260.3012857786332 10.391371190710007
    vertex 823.7439715762287 1263.9385923806476 16.691371244915604
    vertex 823.743971576229 1264.358174170261 15.678411240598276
  endloop
endfacet
facet normal -1.0 1.3627832485093358e-12 -2.233630157298403e-13
  outer loop
    vertex 823.7439715762252 1260.3012857786332 10.391371190710007
    vertex 823.743971576229 1264.358174170261 15.678411240598276
    vertex 823.7439715762292 1264.5012857160448 14.591371253300103
  endloop
endfacet
facet normal -1.0 1.3627832485093358e-12 -2.233630157298403e-13
  outer loop
    vertex 823.7439715762252 1260.3012857786332 10.391371190710007
    vertex 823.7439715762292 1264.5012857160448 14.591371253300103
    vertex 823.743971576229 1264.3581742026565 13.50433126173681
  endloop
endfacet
facet normal -1.0 1.3627832485093358e-12 -2.233630157298403e-13
  outer loop
    vertex 823.7439715762252 1260.3012857786332 10.391371190710007
    vertex 823.743971576229 1264.3581742026565 13.50433126173681
    vertex 823.7439715762287 1263.938592443231 12.491371244915298
  endloop
endfacet
facet normal -1.0 1.3627832485093358e-12 -2.233630157298403e-13
  outer loop
    vertex 823.7439715762252 1260.3012857786332 10.391371190710007
    vertex 823.7439715762287 1263.938592443231 12.491371244915298
    vertex 823.743971576228 1263.2711342412813 11.6215227539862
  endloop
endfacet
facet normal -1.0 1.3627832485093358e-12 -2.233630157298403e-13
  outer loop
    vertex 823.7439715762252 1260.3012857786332 10.391371190710007
    vertex 823.743971576228 1263.2711342412813 11.6215227539862
    vertex 823.7439715762272 1262.501287343608 11.030798434564188
  endloop
endfacet
facet normal -1.0 1.3627832485093358e-12 -2.233630157298403e-13
  outer loop
    vertex 823.7439715762252 1260.3012857786332 10.391371190710007
    vertex 823.7439715762272 1262.501287343608 11.030798434564188
    vertex 823.7439715762272 1262.4012857702487 10.954064526106997
  endloop
endfacet
facet normal -1.0 1.3627832485093358e-12 -2.233630157298403e-13
  outer loop
    vertex 823.7439715762252 1260.3012857786332 10.391371190710007
    vertex 823.7439715762272 1262.4012857702487 10.954064526106997
    vertex 823.7439715762262 1261.3883257659313 10.534482736493676
  endloop
endfacet
facet normal 2.788611008780557e-12 -1.0 -1.4900945722027376e-08
  outer loop
    vertex 823.7439715762224 1260.3012856534635 18.79137119072064
    vertex 825.7439715762202 1260.301285778637 10.39137119071673
    vertex 825.7439715762202 1260.301285653471 18.79137119071631
  endloop
endfacet
facet normal 2.788611008780557e-12 -1.0 -1.4900945722027376e-08
  outer loop
    vertex 825.7439715762202 1260.301285778637 10.39137119071673
    vertex 823.7439715762224 1260.3012856534635 18.79137119072064
    vertex 823.7439715762252 1260.3012857786332 10.391371190710007
  endloop
endfacet
facet normal -1.0 1.3814636757046867e-12 -2.0716901478634607e-13
  outer loop
    vertex 823.7439715762225 1261.3883247509807 78.64825967733077
    vertex 823.7439715762243 1260.3012848845874 70.39137119070864
    vertex 823.7439715762215 1260.3012847594177 78.7913711907189
  endloop
endfacet
facet normal -1.0 1.3814636757046867e-12 -2.0716901478634607e-13
  outer loop
    vertex 823.7439715762243 1260.3012848845874 70.39137119070864
    vertex 823.7439715762225 1261.3883247509807 78.64825967733077
    vertex 823.7439715762237 1262.4012847678025 78.2286779179052
  endloop
endfacet
facet normal -1.0 1.3814636757046867e-12 -2.0716901478634607e-13
  outer loop
    vertex 823.7439715762243 1260.3012848845874 70.39137119070864
    vertex 823.7439715762237 1262.4012847678025 78.2286779179052
    vertex 823.7439715762265 1262.5012863434517 78.15194401243112
  endloop
endfacet
facet normal -1.0 1.3814636757046867e-12 -2.0716901478634607e-13
  outer loop
    vertex 823.7439715762243 1260.3012848845874 70.39137119070864
    vertex 823.7439715762265 1262.5012863434517 78.15194401243112
    vertex 823.7439715762272 1263.2711332587296 77.56121971595171
  endloop
endfacet
facet normal -1.0 1.3814636757046867e-12 -2.0716901478634607e-13
  outer loop
    vertex 823.7439715762243 1260.3012848845874 70.39137119070864
    vertex 823.7439715762272 1263.2711332587296 77.56121971595171
    vertex 823.743971576228 1263.938591486602 76.69137124491387
  endloop
endfacet
facet normal -1.0 1.3814636757046867e-12 -2.0716901478634607e-13
  outer loop
    vertex 823.7439715762243 1260.3012848845874 70.39137119070864
    vertex 823.743971576228 1263.938591486602 76.69137124491387
    vertex 823.7439715762283 1264.3581732762154 75.67841124059655
  endloop
endfacet
facet normal -1.0 1.3814636757046867e-12 -2.0716901478634607e-13
  outer loop
    vertex 823.7439715762243 1260.3012848845874 70.39137119070864
    vertex 823.7439715762283 1264.3581732762154 75.67841124059655
    vertex 823.7439715762283 1264.501284821999 74.59137125329846
  endloop
endfacet
facet normal -1.0 1.3814636757046867e-12 -2.0716901478634607e-13
  outer loop
    vertex 823.7439715762243 1260.3012848845874 70.39137119070864
    vertex 823.7439715762283 1264.501284821999 74.59137125329846
    vertex 823.7439715762281 1264.3581733086107 73.50433126173535
  endloop
endfacet
facet normal -1.0 1.3814636757046867e-12 -2.0716901478634607e-13
  outer loop
    vertex 823.7439715762243 1260.3012848845874 70.39137119070864
    vertex 823.7439715762281 1264.3581733086107 73.50433126173535
    vertex 823.7439715762278 1263.938591549185 72.49137124491384
  endloop
endfacet
facet normal -1.0 1.3814636757046867e-12 -2.0716901478634607e-13
  outer loop
    vertex 823.7439715762243 1260.3012848845874 70.39137119070864
    vertex 823.7439715762278 1263.938591549185 72.49137124491384
    vertex 823.7439715762271 1263.2711333472355 71.62152275398472
  endloop
endfacet
facet normal -1.0 1.3814636757046867e-12 -2.0716901478634607e-13
  outer loop
    vertex 823.7439715762243 1260.3012848845874 70.39137119070864
    vertex 823.7439715762271 1263.2711333472355 71.62152275398472
    vertex 823.7439715762263 1262.5012864495623 71.03079843456273
  endloop
endfacet
facet normal -1.0 1.3814636757046867e-12 -2.0716901478634607e-13
  outer loop
    vertex 823.7439715762243 1260.3012848845874 70.39137119070864
    vertex 823.7439715762263 1262.5012864495623 71.03079843456273
    vertex 823.7439715762263 1262.401284876203 70.95406452610554
  endloop
endfacet
facet normal -1.0 1.3814636757046867e-12 -2.0716901478634607e-13
  outer loop
    vertex 823.7439715762243 1260.3012848845874 70.39137119070864
    vertex 823.7439715762263 1262.401284876203 70.95406452610554
    vertex 823.7439715762252 1261.3883248718855 70.53448273649221
  endloop
endfacet
facet normal -6.917914721214125e-06 -0.5597588024833225 -0.8286555876807803
  outer loop
    vertex 825.7439715522427 1263.5009908091429 3.8995972878644576
    vertex 813.7439715762259 1255.210116967373 9.500202290311965
    vertex 813.7439715762259 1263.501287449876 3.8995972669767176
  endloop
endfacet
facet normal -6.917914721214125e-06 -0.5597588024833225 -0.8286555876807803
  outer loop
    vertex 813.7439715762259 1255.210116967373 9.500202290311965
    vertex 825.7439715522427 1263.5009908091429 3.8995972878644576
    vertex 825.743971576221 1255.2101169673729 9.500202290311423
  endloop
endfacet
facet normal -1.0 -8.945816239079384e-12 5.1794591085787954e-14
  outer loop
    vertex 813.7439715762242 1260.3012847594252 78.79137119071557
    vertex 813.7439715762251 1254.0659018611175 78.19137109780365
    vertex 813.7439715762254 1255.210115921603 79.68253993939646
  endloop
endfacet
facet normal -1.0 -8.945816239079384e-12 5.1794591085787954e-14
  outer loop
    vertex 813.7439715762251 1254.0659018611175 78.19137109780365
    vertex 813.7439715762242 1260.3012847594252 78.79137119071557
    vertex 813.7439715762263 1259.214244772127 78.64825964493198
  endloop
endfacet
facet normal -1.0 -8.945816239079384e-12 5.1794591085787954e-14
  outer loop
    vertex 813.7439715762251 1254.0659018611175 78.19137109780365
    vertex 813.7439715762263 1259.214244772127 78.64825964493198
    vertex 813.7439715762263 1258.2012847678095 78.22867785531867
  endloop
endfacet
facet normal -1.0 -8.945816239079384e-12 5.1794591085787954e-14
  outer loop
    vertex 813.7439715762251 1254.0659018611175 78.19137109780365
    vertex 813.7439715762263 1258.2012847678095 78.22867785531867
    vertex 813.7439715762263 1257.3314362967717 77.56121962744605
  endloop
endfacet
facet normal -1.0 -8.945816239079384e-12 5.1794591085787954e-14
  outer loop
    vertex 813.7439715762251 1254.0659018611175 78.19137109780365
    vertex 813.7439715762263 1257.3314362967717 77.56121962744605
    vertex 813.743971576225 1253.3466188449595 76.45486821182395
  endloop
endfacet
facet normal -1.0 -8.945816239079384e-12 5.1794591085787954e-14
  outer loop
    vertex 813.743971576225 1253.3466188449595 76.45486821182395
    vertex 813.7439715762263 1257.3314362967717 77.56121962744605
    vertex 813.7439715762263 1256.663978094822 76.69137113651695
  endloop
endfacet
facet normal -1.0 -8.945816239079384e-12 5.1794591085787954e-14
  outer loop
    vertex 813.743971576225 1253.3466188449595 76.45486821182395
    vertex 813.7439715762263 1256.663978094822 76.69137113651695
    vertex 813.7439715762263 1256.2443963353965 75.67841111969544
  endloop
endfacet
facet normal -1.0 -8.945816239079384e-12 5.1794591085787954e-14
  outer loop
    vertex 813.743971576225 1253.3466188449595 76.45486821182395
    vertex 813.7439715762263 1256.2443963353965 75.67841111969544
    vertex 813.743971576225 1253.1012848220082 74.59137108343012
  endloop
endfacet
facet normal -1.0 -8.945816239079384e-12 5.1794591085787954e-14
  outer loop
    vertex 813.743971576225 1253.1012848220082 74.59137108343012
    vertex 813.7439715762263 1256.2443963353965 75.67841111969544
    vertex 813.7439715762263 1256.1012848220082 74.59137112813232
  endloop
endfacet
facet normal -1.0 -8.945816239079384e-12 5.1794591085787954e-14
  outer loop
    vertex 813.743971576225 1253.1012848220082 74.59137108343012
    vertex 813.7439715762263 1256.1012848220082 74.59137112813232
    vertex 813.743971576225 1253.3466189004946 72.72787396234763
  endloop
endfacet
facet normal -1.0 -8.945816239079384e-12 5.1794591085787954e-14
  outer loop
    vertex 813.743971576225 1253.3466189004946 72.72787396234763
    vertex 813.7439715762263 1256.1012848220082 74.59137112813232
    vertex 813.7439715762263 1256.2443963677918 73.50433114083425
  endloop
endfacet
facet normal -1.0 -8.945816239079384e-12 5.1794591085787954e-14
  outer loop
    vertex 813.743971576225 1253.3466189004946 72.72787396234763
    vertex 813.7439715762263 1256.2443963677918 73.50433114083425
    vertex 813.7439715762263 1256.6639781574052 72.4913711365169
  endloop
endfacet
facet normal -1.0 -8.945816239079384e-12 5.1794591085787954e-14
  outer loop
    vertex 813.743971576225 1253.3466189004946 72.72787396234763
    vertex 813.7439715762263 1256.6639781574052 72.4913711365169
    vertex 813.7439715762251 1254.065901968403 70.99137109780366
  endloop
endfacet
facet normal -1.0 -8.945816239079384e-12 5.1794591085787954e-14
  outer loop
    vertex 813.7439715762251 1254.065901968403 70.99137109780366
    vertex 813.7439715762263 1256.6639781574052 72.4913711365169
    vertex 813.7439715762263 1257.3314363852778 71.62152266547898
  endloop
endfacet
facet normal -1.0 -8.945816239079384e-12 5.1794591085787954e-14
  outer loop
    vertex 813.7439715762251 1254.065901968403 70.99137109780366
    vertex 813.7439715762263 1257.3314363852778 71.62152266547898
    vertex 813.7439715762263 1258.201284876207 70.95406446352928
  endloop
endfacet
facet normal -1.0 -8.945816239079384e-12 5.1794591085787954e-14
  outer loop
    vertex 813.7439715762251 1254.065901968403 70.99137109780366
    vertex 813.7439715762263 1258.201284876207 70.95406446352928
    vertex 813.7439715762254 1255.2101160733275 69.50020229031018
  endloop
endfacet
facet normal -1.0 -8.945816239079384e-12 5.1794591085787954e-14
  outer loop
    vertex 813.7439715762254 1255.2101160733275 69.50020229031018
    vertex 813.7439715762263 1258.201284876207 70.95406446352928
    vertex 813.7439715762263 1259.2142448930285 70.53448270410371
  endloop
endfacet
facet normal -1.0 -8.945816239079384e-12 5.1794591085787954e-14
  outer loop
    vertex 813.7439715762254 1255.2101160733275 69.50020229031018
    vertex 813.7439715762263 1259.2142448930285 70.53448270410371
    vertex 813.7439715762242 1260.3012848845917 70.39137119071559
  endloop
endfacet
facet normal -1.0 -8.945816239079384e-12 5.1794591085787954e-14
  outer loop
    vertex 813.7439715757644 1287.5012866949978 54.60000037916235
    vertex 813.7439715762273 1263.5012861788368 89.20000004305278
    vertex 813.7439715762441 1287.5012861789535 89.20000040069338
  endloop
endfacet
facet normal -1.0 -8.945816239079384e-12 5.1794591085787954e-14
  outer loop
    vertex 813.7439715762273 1263.5012861788368 89.20000004305278
    vertex 813.7439715757644 1287.5012866949978 54.60000037916235
    vertex 813.7439715762272 1263.501286289229 81.79137123839807
  endloop
endfacet
facet normal -1.0 -8.945816239079384e-12 5.1794591085787954e-14
  outer loop
    vertex 813.7439715762272 1263.501286289229 81.79137123839807
    vertex 813.7439715757644 1287.5012866949978 54.60000037916235
    vertex 813.7439715762272 1260.301284714723 81.79137119071561
  endloop
endfacet
facet normal -1.0 -8.945816239079384e-12 5.1794591085787954e-14
  outer loop
    vertex 813.7439715762272 1260.301284714723 81.79137119071561
    vertex 813.7439715757644 1287.5012866949978 54.60000037916235
    vertex 813.7439715762272 1263.271133258739 77.56121971595206
  endloop
endfacet
facet normal -1.0 -8.945816239079384e-12 5.1794591085787954e-14
  outer loop
    vertex 813.7439715762272 1260.301284714723 81.79137119071561
    vertex 813.7439715762272 1263.271133258739 77.56121971595206
    vertex 813.7439715762268 1258.4377875936402 81.54603711222939
  endloop
endfacet
facet normal -1.0 -8.945816239079384e-12 5.1794591085787954e-14
  outer loop
    vertex 813.7439715762268 1258.4377875936402 81.54603711222939
    vertex 813.7439715762272 1263.271133258739 77.56121971595206
    vertex 813.7439715762264 1262.5012863434613 78.15194401243147
  endloop
endfacet
facet normal -1.0 -8.945816239079384e-12 5.1794591085787954e-14
  outer loop
    vertex 813.7439715762268 1258.4377875936402 81.54603711222939
    vertex 813.7439715762264 1262.5012863434613 78.15194401243147
    vertex 813.7439715762263 1262.40128476781 78.22867791790178
  endloop
endfacet
facet normal -1.0 -8.945816239079384e-12 5.1794591085787954e-14
  outer loop
    vertex 813.7439715762268 1258.4377875936402 81.54603711222939
    vertex 813.7439715762263 1262.40128476781 78.22867791790178
    vertex 813.7439715762264 1256.7012847290964 80.82675404432078
  endloop
endfacet
facet normal -1.0 -8.945816239079384e-12 5.1794591085787954e-14
  outer loop
    vertex 813.7439715762264 1256.7012847290964 80.82675404432078
    vertex 813.7439715762263 1262.40128476781 78.22867791790178
    vertex 813.7439715762254 1261.3883247509882 78.64825967732733
  endloop
endfacet
facet normal -1.0 -8.945816239079384e-12 5.1794591085787954e-14
  outer loop
    vertex 813.7439715762264 1256.7012847290964 80.82675404432078
    vertex 813.7439715762254 1261.3883247509882 78.64825967732733
    vertex 813.7439715762254 1255.210115921603 79.68253993939646
  endloop
endfacet
facet normal -1.0 -8.945816239079384e-12 5.1794591085787954e-14
  outer loop
    vertex 813.7439715762254 1255.210115921603 79.68253993939646
    vertex 813.7439715762254 1261.3883247509882 78.64825967732733
    vertex 813.7439715762242 1260.3012847594252 78.79137119071557
  endloop
endfacet
facet normal -1.0 -8.945816239079384e-12 5.1794591085787954e-14
  outer loop
    vertex 813.7439715762272 1263.271133258739 77.56121971595206
    vertex 813.7439715757644 1287.5012866949978 54.60000037916235
    vertex 813.7439715762281 1263.9385914866116 76.69137124491424
  endloop
endfacet
facet normal -1.0 -8.945816239079384e-12 5.1794591085787954e-14
  outer loop
    vertex 813.7439715762281 1263.9385914866116 76.69137124491424
    vertex 813.7439715757644 1287.5012866949978 54.60000037916235
    vertex 813.7439715762284 1264.358173276225 75.6784112405969
  endloop
endfacet
facet normal -1.0 -8.945816239079384e-12 5.1794591085787954e-14
  outer loop
    vertex 813.7439715762284 1264.358173276225 75.6784112405969
    vertex 813.7439715757644 1287.5012866949978 54.60000037916235
    vertex 813.7439715762282 1264.5012848220083 74.59137125329873
  endloop
endfacet
facet normal -1.0 -8.945816239079384e-12 5.1794591085787954e-14
  outer loop
    vertex 813.7439715762282 1264.5012848220083 74.59137125329873
    vertex 813.7439715757644 1287.5012866949978 54.60000037916235
    vertex 813.7439715762282 1264.3581733086203 73.5043312617357
  endloop
endfacet
facet normal -1.0 -8.945816239079384e-12 5.1794591085787954e-14
  outer loop
    vertex 813.7439715762282 1264.3581733086203 73.5043312617357
    vertex 813.7439715757644 1287.5012866949978 54.60000037916235
    vertex 813.7439715762279 1263.9385915491946 72.49137124491419
  endloop
endfacet
facet normal -1.0 -8.945816239079384e-12 5.1794591085787954e-14
  outer loop
    vertex 813.7439715762279 1263.9385915491946 72.49137124491419
    vertex 813.7439715757644 1287.5012866949978 54.60000037916235
    vertex 813.743971576227 1263.2711333472448 71.62152275398509
  endloop
endfacet
facet normal -1.0 -8.945816239079384e-12 5.1794591085787954e-14
  outer loop
    vertex 813.743971576227 1263.2711333472448 71.62152275398509
    vertex 813.7439715757644 1287.5012866949978 54.60000037916235
    vertex 813.7439715762263 1262.5012864495718 71.03079843456308
  endloop
endfacet
facet normal -1.0 -8.945816239079384e-12 5.1794591085787954e-14
  outer loop
    vertex 813.7439715762263 1262.5012864495718 71.03079843456308
    vertex 813.7439715757644 1287.5012866949978 54.60000037916235
    vertex 813.7439715762263 1262.401284876207 70.95406452611248
  endloop
endfacet
facet normal -1.0 -8.945816239079384e-12 5.1794591085787954e-14
  outer loop
    vertex 813.7439715762263 1262.401284876207 70.95406452611248
    vertex 813.7439715757644 1287.5012866949978 54.60000037916235
    vertex 813.7439715762251 1261.3883248718898 70.53448273649916
  endloop
endfacet
facet normal -1.0 -8.945816239079384e-12 5.1794591085787954e-14
  outer loop
    vertex 813.7439715762251 1261.3883248718898 70.53448273649916
    vertex 813.7439715757644 1287.5012866949978 54.60000037916235
    vertex 813.7439715762242 1260.3012848845917 70.39137119071559
  endloop
endfacet
facet normal -1.0 -8.945816239079384e-12 5.1794591085787954e-14
  outer loop
    vertex 813.7439715762242 1260.3012848845917 70.39137119071559
    vertex 813.7439715757644 1287.5012866949978 54.60000037916235
    vertex 813.7439715762254 1255.2101160733275 69.50020229031018
  endloop
endfacet
facet normal -1.0 -8.945816239079384e-12 5.1794591085787954e-14
  outer loop
    vertex 813.7439715762254 1255.2101160733275 69.50020229031018
    vertex 813.7439715757644 1287.5012866949978 54.60000037916235
    vertex 813.7439715762257 1263.5016886383582 63.89959726698084
  endloop
endfacet
facet normal -1.0 -8.945816239079384e-12 5.1794591085787954e-14
  outer loop
    vertex 813.7439715762257 1263.5016886383582 63.89959726698084
    vertex 813.7439715757644 1287.5012866949978 54.60000037916235
    vertex 813.7439715757644 1277.5012866949978 54.60000023015471
  endloop
endfacet
facet normal -1.0 -8.945816239079384e-12 5.1794591085787954e-14
  outer loop
    vertex 813.7439715762257 1263.5016886383582 63.89959726698084
    vertex 813.7439715757644 1277.5012866949978 54.60000023015471
    vertex 813.743971576227 1263.501287183275 21.79137123839985
  endloop
endfacet
facet normal -1.0 -8.945816239079384e-12 5.1794591085787954e-14
  outer loop
    vertex 813.743971576227 1263.501287183275 21.79137123839985
    vertex 813.7439715757644 1277.5012866949978 54.60000023015471
    vertex 813.7439715757644 1277.5012869632117 36.600000230154755
  endloop
endfacet
facet normal -1.0 -8.945816239079384e-12 5.1794591085787954e-14
  outer loop
    vertex 813.743971576227 1263.501287183275 21.79137123839985
    vertex 813.7439715757644 1277.5012869632117 36.600000230154755
    vertex 813.7439715757644 1287.5012871122192 26.600000379162402
  endloop
endfacet
facet normal -1.0 -8.945816239079384e-12 5.1794591085787954e-14
  outer loop
    vertex 813.743971576227 1263.501287183275 21.79137123839985
    vertex 813.7439715757644 1287.5012871122192 26.600000379162402
    vertex 813.7439715762389 1287.5012875081015 3.576183132736332e-07
  endloop
endfacet
facet normal -1.0 -8.945816239079384e-12 5.1794591085787954e-14
  outer loop
    vertex 813.743971576227 1263.501287183275 21.79137123839985
    vertex 813.7439715762389 1287.5012875081015 3.576183132736332e-07
    vertex 813.743971576227 1260.3012856087685 21.791371190717385
  endloop
endfacet
facet normal -1.0 -8.945816239079384e-12 5.1794591085787954e-14
  outer loop
    vertex 813.743971576227 1260.3012856087685 21.791371190717385
    vertex 813.7439715762389 1287.5012875081015 3.576183132736332e-07
    vertex 813.7439715762266 1258.437788487686 21.546037112231158
  endloop
endfacet
facet normal -1.0 -8.945816239079384e-12 5.1794591085787954e-14
  outer loop
    vertex 813.7439715762266 1258.437788487686 21.546037112231158
    vertex 813.7439715762389 1287.5012875081015 3.576183132736332e-07
    vertex 813.7439715762272 1262.4012856618556 18.228677917903468
  endloop
endfacet
facet normal -1.0 -8.945816239079384e-12 5.1794591085787954e-14
  outer loop
    vertex 813.7439715762266 1258.437788487686 21.546037112231158
    vertex 813.7439715762272 1262.4012856618556 18.228677917903468
    vertex 813.7439715762263 1256.701285623142 20.82675404432256
  endloop
endfacet
facet normal -1.0 -8.945816239079384e-12 5.1794591085787954e-14
  outer loop
    vertex 813.7439715762263 1256.701285623142 20.82675404432256
    vertex 813.7439715762272 1262.4012856618556 18.228677917903468
    vertex 813.7439715762263 1261.3883256450342 18.648259677329023
  endloop
endfacet
facet normal -1.0 -8.945816239079384e-12 5.1794591085787954e-14
  outer loop
    vertex 813.7439715762263 1256.701285623142 20.82675404432256
    vertex 813.7439715762263 1261.3883256450342 18.648259677329023
    vertex 813.7439715762259 1255.2101168156485 19.682539939398236
  endloop
endfacet
facet normal -1.0 -8.945816239079384e-12 5.1794591085787954e-14
  outer loop
    vertex 813.7439715762259 1255.2101168156485 19.682539939398236
    vertex 813.7439715762263 1261.3883256450342 18.648259677329023
    vertex 813.7439715762251 1260.3012856534713 18.791371190717165
  endloop
endfacet
facet normal -1.0 -8.945816239079384e-12 5.1794591085787954e-14
  outer loop
    vertex 813.7439715762272 1262.4012856618556 18.228677917903468
    vertex 813.7439715762389 1287.5012875081015 3.576183132736332e-07
    vertex 813.7439715762273 1262.501287237507 18.151944012433162
  endloop
endfacet
facet normal -1.0 -8.945816239079384e-12 5.1794591085787954e-14
  outer loop
    vertex 813.7439715762273 1262.501287237507 18.151944012433162
    vertex 813.7439715762389 1287.5012875081015 3.576183132736332e-07
    vertex 813.7439715762281 1263.2711341527847 17.561219715953676
  endloop
endfacet
facet normal -1.0 -8.945816239079384e-12 5.1794591085787954e-14
  outer loop
    vertex 813.7439715762281 1263.2711341527847 17.561219715953676
    vertex 813.7439715762389 1287.5012875081015 3.576183132736332e-07
    vertex 813.7439715762288 1263.9385923806572 16.69137124491592
  endloop
endfacet
facet normal -1.0 -8.945816239079384e-12 5.1794591085787954e-14
  outer loop
    vertex 813.7439715762288 1263.9385923806572 16.69137124491592
    vertex 813.7439715762389 1287.5012875081015 3.576183132736332e-07
    vertex 813.7439715762291 1264.3581741702706 15.678411240598592
  endloop
endfacet
facet normal -1.0 -8.945816239079384e-12 5.1794591085787954e-14
  outer loop
    vertex 813.7439715762291 1264.3581741702706 15.678411240598592
    vertex 813.7439715762389 1287.5012875081015 3.576183132736332e-07
    vertex 813.7439715762291 1264.501285716054 14.59137125330042
  endloop
endfacet
facet normal -1.0 -8.945816239079384e-12 5.1794591085787954e-14
  outer loop
    vertex 813.7439715762291 1264.501285716054 14.59137125330042
    vertex 813.7439715762389 1287.5012875081015 3.576183132736332e-07
    vertex 813.7439715762291 1264.358174202666 13.504331261737306
  endloop
endfacet
facet normal -1.0 -8.945816239079384e-12 5.1794591085787954e-14
  outer loop
    vertex 813.7439715762291 1264.358174202666 13.504331261737306
    vertex 813.7439715762389 1287.5012875081015 3.576183132736332e-07
    vertex 813.7439715762288 1263.9385924432404 12.491371244915793
  endloop
endfacet
facet normal -1.0 -8.945816239079384e-12 5.1794591085787954e-14
  outer loop
    vertex 813.7439715762288 1263.9385924432404 12.491371244915793
    vertex 813.7439715762389 1287.5012875081015 3.576183132736332e-07
    vertex 813.7439715762279 1263.2711342412906 11.621522753986786
  endloop
endfacet
facet normal -1.0 -8.945816239079384e-12 5.1794591085787954e-14
  outer loop
    vertex 813.7439715762279 1263.2711342412906 11.621522753986786
    vertex 813.7439715762389 1287.5012875081015 3.576183132736332e-07
    vertex 813.7439715762272 1262.5012873436176 11.030798434564684
  endloop
endfacet
facet normal -1.0 -8.945816239079384e-12 5.1794591085787954e-14
  outer loop
    vertex 813.7439715762272 1262.5012873436176 11.030798434564684
    vertex 813.7439715762389 1287.5012875081015 3.576183132736332e-07
    vertex 813.7439715762272 1262.4012857702528 10.954064526114172
  endloop
endfacet
facet normal -1.0 -8.945816239079384e-12 5.1794591085787954e-14
  outer loop
    vertex 813.7439715762272 1262.4012857702528 10.954064526114172
    vertex 813.7439715762389 1287.5012875081015 3.576183132736332e-07
    vertex 813.743971576226 1261.3883257659356 10.53448273650085
  endloop
endfacet
facet normal -1.0 -8.945816239079384e-12 5.1794591085787954e-14
  outer loop
    vertex 813.743971576226 1261.3883257659356 10.53448273650085
    vertex 813.7439715762389 1287.5012875081015 3.576183132736332e-07
    vertex 813.7439715762251 1260.3012857786375 10.39137119071727
  endloop
endfacet
facet normal -1.0 -8.945816239079384e-12 5.1794591085787954e-14
  outer loop
    vertex 813.7439715762251 1260.3012857786375 10.39137119071727
    vertex 813.7439715762389 1287.5012875081015 3.576183132736332e-07
    vertex 813.7439715762259 1255.210116967373 9.500202290311965
  endloop
endfacet
facet normal -1.0 -8.945816239079384e-12 5.1794591085787954e-14
  outer loop
    vertex 813.7439715762259 1255.210116967373 9.500202290311965
    vertex 813.7439715762389 1287.5012875081015 3.576183132736332e-07
    vertex 813.7439715762259 1263.501287449876 3.8995972669767176
  endloop
endfacet
facet normal -1.0 -8.945816239079384e-12 5.1794591085787954e-14
  outer loop
    vertex 813.7439715762259 1263.501287449876 3.8995972669767176
    vertex 813.7439715762389 1287.5012875081015 3.576183132736332e-07
    vertex 813.7439715762264 1263.501287507985 0.0
  endloop
endfacet
facet normal -1.0 -8.945816239079384e-12 5.1794591085787954e-14
  outer loop
    vertex 813.7439715762251 1260.3012856534713 18.791371190717165
    vertex 813.7439715762257 1254.0659027551633 18.19137109780543
    vertex 813.7439715762259 1255.2101168156485 19.682539939398236
  endloop
endfacet
facet normal -1.0 -8.945816239079384e-12 5.1794591085787954e-14
  outer loop
    vertex 813.7439715762257 1254.0659027551633 18.19137109780543
    vertex 813.7439715762251 1260.3012856534713 18.791371190717165
    vertex 813.7439715762268 1259.2142456661725 18.648259644933756
  endloop
endfacet
facet normal -1.0 -8.945816239079384e-12 5.1794591085787954e-14
  outer loop
    vertex 813.7439715762257 1254.0659027551633 18.19137109780543
    vertex 813.7439715762268 1259.2142456661725 18.648259644933756
    vertex 813.7439715762268 1258.2012856618553 18.22867785532045
  endloop
endfacet
facet normal -1.0 -8.945816239079384e-12 5.1794591085787954e-14
  outer loop
    vertex 813.7439715762257 1254.0659027551633 18.19137109780543
    vertex 813.7439715762268 1258.2012856618553 18.22867785532045
    vertex 813.7439715762268 1257.3314371908175 17.56121962744783
  endloop
endfacet
facet normal -1.0 -8.945816239079384e-12 5.1794591085787954e-14
  outer loop
    vertex 813.7439715762257 1254.0659027551633 18.19137109780543
    vertex 813.7439715762268 1257.3314371908175 17.56121962744783
    vertex 813.7439715762256 1253.346619739005 16.454868211825723
  endloop
endfacet
facet normal -1.0 -8.945816239079384e-12 5.1794591085787954e-14
  outer loop
    vertex 813.7439715762256 1253.346619739005 16.454868211825723
    vertex 813.7439715762268 1257.3314371908175 17.56121962744783
    vertex 813.7439715762268 1256.6639789888675 16.691371136518722
  endloop
endfacet
facet normal -1.0 -8.945816239079384e-12 5.1794591085787954e-14
  outer loop
    vertex 813.7439715762256 1253.346619739005 16.454868211825723
    vertex 813.7439715762268 1256.6639789888675 16.691371136518722
    vertex 813.7439715762268 1256.244397229442 15.678411119697222
  endloop
endfacet
facet normal -1.0 -8.945816239079384e-12 5.1794591085787954e-14
  outer loop
    vertex 813.7439715762256 1253.346619739005 16.454868211825723
    vertex 813.7439715762268 1256.244397229442 15.678411119697222
    vertex 813.7439715762256 1253.1012857160538 14.591371083431898
  endloop
endfacet
facet normal -1.0 -8.945816239079384e-12 5.1794591085787954e-14
  outer loop
    vertex 813.7439715762256 1253.1012857160538 14.591371083431898
    vertex 813.7439715762268 1256.244397229442 15.678411119697222
    vertex 813.7439715762268 1256.101285716054 14.591371128134098
  endloop
endfacet
facet normal -1.0 -8.945816239079384e-12 5.1794591085787954e-14
  outer loop
    vertex 813.7439715762256 1253.1012857160538 14.591371083431898
    vertex 813.7439715762268 1256.101285716054 14.591371128134098
    vertex 813.7439715762256 1253.3466197945402 12.727873962349413
  endloop
endfacet
facet normal -1.0 -8.945816239079384e-12 5.1794591085787954e-14
  outer loop
    vertex 813.7439715762256 1253.3466197945402 12.727873962349413
    vertex 813.7439715762268 1256.101285716054 14.591371128134098
    vertex 813.7439715762268 1256.2443972618375 13.504331140836026
  endloop
endfacet
facet normal -1.0 -8.945816239079384e-12 5.1794591085787954e-14
  outer loop
    vertex 813.7439715762256 1253.3466197945402 12.727873962349413
    vertex 813.7439715762268 1256.2443972618375 13.504331140836026
    vertex 813.7439715762268 1256.6639790514507 12.491371136518685
  endloop
endfacet
facet normal -1.0 -8.945816239079384e-12 5.1794591085787954e-14
  outer loop
    vertex 813.7439715762256 1253.3466197945402 12.727873962349413
    vertex 813.7439715762268 1256.6639790514507 12.491371136518685
    vertex 813.7439715762257 1254.0659028624486 10.991371097805443
  endloop
endfacet
facet normal -1.0 -8.945816239079384e-12 5.1794591085787954e-14
  outer loop
    vertex 813.7439715762257 1254.0659028624486 10.991371097805443
    vertex 813.7439715762268 1256.6639790514507 12.491371136518685
    vertex 813.7439715762268 1257.3314372793234 11.621522665480763
  endloop
endfacet
facet normal -1.0 -8.945816239079384e-12 5.1794591085787954e-14
  outer loop
    vertex 813.7439715762257 1254.0659028624486 10.991371097805443
    vertex 813.7439715762268 1257.3314372793234 11.621522665480763
    vertex 813.7439715762268 1258.2012857702525 10.954064463531061
  endloop
endfacet
facet normal -1.0 -8.945816239079384e-12 5.1794591085787954e-14
  outer loop
    vertex 813.7439715762257 1254.0659028624486 10.991371097805443
    vertex 813.7439715762268 1258.2012857702525 10.954064463531061
    vertex 813.7439715762259 1255.210116967373 9.500202290311965
  endloop
endfacet
facet normal -1.0 -8.945816239079384e-12 5.1794591085787954e-14
  outer loop
    vertex 813.7439715762259 1255.210116967373 9.500202290311965
    vertex 813.7439715762268 1258.2012857702525 10.954064463531061
    vertex 813.7439715762268 1259.214245787074 10.534482704105493
  endloop
endfacet
facet normal -1.0 -8.945816239079384e-12 5.1794591085787954e-14
  outer loop
    vertex 813.7439715762259 1255.210116967373 9.500202290311965
    vertex 813.7439715762268 1259.214245787074 10.534482704105493
    vertex 813.7439715762251 1260.3012857786375 10.39137119071727
  endloop
endfacet
facet normal 1.0 1.0706765609831805e-09 -8.326026455640759e-10
  outer loop
    vertex 825.7439715762206 1254.065902755163 18.191371097804574
    vertex 825.7439715762202 1260.301285653471 18.79137119071631
    vertex 825.743971576221 1255.2101168156482 19.68253993939738
  endloop
endfacet
facet normal 1.0 1.0706765609831805e-09 -8.326026455640759e-10
  outer loop
    vertex 825.7439715762202 1260.301285653471 18.79137119071631
    vertex 825.7439715762206 1254.065902755163 18.191371097804574
    vertex 825.7439715762217 1259.2142456661722 18.6482596449329
  endloop
endfacet
facet normal 1.0 1.0706765609831805e-09 -8.326026455640759e-10
  outer loop
    vertex 825.7439715762217 1259.2142456661722 18.6482596449329
    vertex 825.7439715762206 1254.065902755163 18.191371097804574
    vertex 825.7439715762217 1258.201285661855 18.22867785531959
  endloop
endfacet
facet normal 1.0 1.0706765609831805e-09 -8.326026455640759e-10
  outer loop
    vertex 825.7439715762217 1258.201285661855 18.22867785531959
    vertex 825.7439715762206 1254.065902755163 18.191371097804574
    vertex 825.7439715762217 1257.331437190817 17.561219627446974
  endloop
endfacet
facet normal 1.0 1.0706765609831805e-09 -8.326026455640759e-10
  outer loop
    vertex 825.7439715762217 1257.331437190817 17.561219627446974
    vertex 825.7439715762206 1254.065902755163 18.191371097804574
    vertex 825.7439715762206 1253.3466197390048 16.454868211824866
  endloop
endfacet
facet normal 1.0 1.0706765609831805e-09 -8.326026455640759e-10
  outer loop
    vertex 825.7439715762217 1257.331437190817 17.561219627446974
    vertex 825.7439715762206 1253.3466197390048 16.454868211824866
    vertex 825.7439715762217 1256.6639789888675 16.691371136517866
  endloop
endfacet
facet normal 1.0 1.0706765609831805e-09 -8.326026455640759e-10
  outer loop
    vertex 825.7439715762217 1256.6639789888675 16.691371136517866
    vertex 825.7439715762206 1253.3466197390048 16.454868211824866
    vertex 825.7439715762217 1256.2443972294418 15.678411119696364
  endloop
endfacet
facet normal 1.0 1.0706765609831805e-09 -8.326026455640759e-10
  outer loop
    vertex 825.7439715762217 1256.2443972294418 15.678411119696364
    vertex 825.7439715762206 1253.3466197390048 16.454868211824866
    vertex 825.7439715762206 1253.1012857160538 14.59137108343104
  endloop
endfacet
facet normal 1.0 1.0706765609831805e-09 -8.326026455640759e-10
  outer loop
    vertex 825.7439715762217 1256.2443972294418 15.678411119696364
    vertex 825.7439715762206 1253.1012857160538 14.59137108343104
    vertex 825.7439715762217 1256.1012857160538 14.59137112813324
  endloop
endfacet
facet normal 1.0 1.0706765609831805e-09 -8.326026455640759e-10
  outer loop
    vertex 825.7439715762217 1256.1012857160538 14.59137112813324
    vertex 825.7439715762206 1253.1012857160538 14.59137108343104
    vertex 825.7439715762206 1253.34661979454 12.727873962348871
  endloop
endfacet
facet normal 1.0 1.0706765609831805e-09 -8.326026455640759e-10
  outer loop
    vertex 825.7439715762217 1256.1012857160538 14.59137112813324
    vertex 825.7439715762206 1253.34661979454 12.727873962348871
    vertex 825.7439715762217 1256.2443972618373 13.504331140835484
  endloop
endfacet
facet normal 1.0 1.0706765609831805e-09 -8.326026455640759e-10
  outer loop
    vertex 825.7439715762217 1256.2443972618373 13.504331140835484
    vertex 825.7439715762206 1253.34661979454 12.727873962348871
    vertex 825.7439715762217 1256.6639790514507 12.491371136518143
  endloop
endfacet
facet normal 1.0 1.0706765609831805e-09 -8.326026455640759e-10
  outer loop
    vertex 825.7439715762217 1256.6639790514507 12.491371136518143
    vertex 825.7439715762206 1253.34661979454 12.727873962348871
    vertex 825.7439715762206 1254.0659028624484 10.991371097804903
  endloop
endfacet
facet normal 1.0 1.0706765609831805e-09 -8.326026455640759e-10
  outer loop
    vertex 825.7439715762217 1256.6639790514507 12.491371136518143
    vertex 825.7439715762206 1254.0659028624484 10.991371097804903
    vertex 825.7439715762217 1257.3314372793232 11.62152266548022
  endloop
endfacet
facet normal 1.0 1.0706765609831805e-09 -8.326026455640759e-10
  outer loop
    vertex 825.7439715762217 1257.3314372793232 11.62152266548022
    vertex 825.7439715762206 1254.0659028624484 10.991371097804903
    vertex 825.7439715762217 1258.2012857702523 10.95406446353052
  endloop
endfacet
facet normal 1.0 1.0706765609831805e-09 -8.326026455640759e-10
  outer loop
    vertex 825.7439715762217 1258.2012857702523 10.95406446353052
    vertex 825.7439715762206 1254.0659028624484 10.991371097804903
    vertex 825.743971576221 1255.2101169673729 9.500202290311423
  endloop
endfacet
facet normal 1.0 1.0706765609831805e-09 -8.326026455640759e-10
  outer loop
    vertex 825.7439715762217 1258.2012857702523 10.95406446353052
    vertex 825.743971576221 1255.2101169673729 9.500202290311423
    vertex 825.7439715762217 1259.2142457870739 10.534482704104951
  endloop
endfacet
facet normal 1.0 1.0706765609831805e-09 -8.326026455640759e-10
  outer loop
    vertex 825.7439715762217 1259.2142457870739 10.534482704104951
    vertex 825.743971576221 1255.2101169673729 9.500202290311423
    vertex 825.7439715762202 1260.301285778637 10.39137119071673
  endloop
endfacet
facet normal 1.0 1.0706765609831805e-09 -8.326026455640759e-10
  outer loop
    vertex 825.7439715762217 1258.4377884876858 21.5460371122303
    vertex 825.7439715762221 1263.5012871832669 21.79137123839899
    vertex 825.7439715762221 1260.3012856087682 21.79137119071653
  endloop
endfacet
facet normal 1.0 1.0706765609831805e-09 -8.326026455640759e-10
  outer loop
    vertex 825.7439715762221 1263.5012871832669 21.79137123839899
    vertex 825.7439715762217 1258.4377884876858 21.5460371122303
    vertex 825.7439715762202 1260.301285653471 18.79137119071631
  endloop
endfacet
facet normal 1.0 1.0706765609831805e-09 -8.326026455640759e-10
  outer loop
    vertex 825.7439715762221 1263.5012871832669 21.79137123839899
    vertex 825.7439715762202 1260.301285653471 18.79137119071631
    vertex 825.7439715522427 1263.5009908091429 3.8995972878644576
  endloop
endfacet
facet normal 1.0 1.0706765609831805e-09 -8.326026455640759e-10
  outer loop
    vertex 825.7439715762202 1260.301285653471 18.79137119071631
    vertex 825.7439715762217 1258.4377884876858 21.5460371122303
    vertex 825.7439715762214 1256.7012856231418 20.8267540443217
  endloop
endfacet
facet normal 1.0 1.0706765609831805e-09 -8.326026455640759e-10
  outer loop
    vertex 825.7439715762202 1260.301285653471 18.79137119071631
    vertex 825.7439715762214 1256.7012856231418 20.8267540443217
    vertex 825.743971576221 1255.2101168156482 19.68253993939738
  endloop
endfacet
facet normal 1.0 1.0706765609831805e-09 -8.326026455640759e-10
  outer loop
    vertex 825.7439715522427 1263.5009908091429 3.8995972878644576
    vertex 825.7439715762202 1260.301285653471 18.79137119071631
    vertex 825.7439715762202 1260.301285778637 10.39137119071673
  endloop
endfacet
facet normal 1.0 1.0706765609831805e-09 -8.326026455640759e-10
  outer loop
    vertex 825.7439715522427 1263.5009908091429 3.8995972878644576
    vertex 825.7439715762202 1260.301285778637 10.39137119071673
    vertex 825.743971576221 1255.2101169673729 9.500202290311423
  endloop
endfacet
facet normal 4.3843632465327896e-14 -1.4900763095626601e-08 1.0
  outer loop
    vertex 813.7439715762272 1263.501286289229 81.79137123839807
    vertex 825.7439715762239 1260.301284714723 81.79137119071507
    vertex 825.7439715762239 1263.5019154113127 81.7913712384069
  endloop
endfacet
facet normal 4.3843632465327896e-14 -1.4900763095626601e-08 1.0
  outer loop
    vertex 825.7439715762239 1260.301284714723 81.79137119071507
    vertex 813.7439715762272 1263.501286289229 81.79137123839807
    vertex 813.7439715762272 1260.301284714723 81.79137119071561
  endloop
endfacet
facet normal 1.0 -9.454865356785131e-14 -5.562180783437405e-14
  outer loop
    vertex 825.743971576222 1254.0659018611177 78.19137109780311
    vertex 825.7439715762212 1260.3012847594252 78.79137119071503
    vertex 825.7439715762223 1255.210115921603 79.68253993939592
  endloop
endfacet
facet normal 1.0 -9.454865356785131e-14 -5.562180783437405e-14
  outer loop
    vertex 825.7439715762212 1260.3012847594252 78.79137119071503
    vertex 825.743971576222 1254.0659018611177 78.19137109780311
    vertex 825.743971576223 1259.214244772127 78.64825964493143
  endloop
endfacet
facet normal 1.0 -9.454865356785131e-14 -5.562180783437405e-14
  outer loop
    vertex 825.743971576223 1259.214244772127 78.64825964493143
    vertex 825.743971576222 1254.0659018611177 78.19137109780311
    vertex 825.743971576223 1258.2012847678095 78.22867785531813
  endloop
endfacet
facet normal 1.0 -9.454865356785131e-14 -5.562180783437405e-14
  outer loop
    vertex 825.743971576223 1258.2012847678095 78.22867785531813
    vertex 825.743971576222 1254.0659018611177 78.19137109780311
    vertex 825.743971576223 1257.3314362967717 77.56121962744551
  endloop
endfacet
facet normal 1.0 -9.454865356785131e-14 -5.562180783437405e-14
  outer loop
    vertex 825.743971576223 1257.3314362967717 77.56121962744551
    vertex 825.743971576222 1254.0659018611177 78.19137109780311
    vertex 825.743971576222 1253.3466188449595 76.4548682118234
  endloop
endfacet
facet normal 1.0 -9.454865356785131e-14 -5.562180783437405e-14
  outer loop
    vertex 825.743971576223 1257.3314362967717 77.56121962744551
    vertex 825.743971576222 1253.3466188449595 76.4548682118234
    vertex 825.743971576223 1256.663978094822 76.6913711365164
  endloop
endfacet
facet normal 1.0 -9.454865356785131e-14 -5.562180783437405e-14
  outer loop
    vertex 825.743971576223 1256.663978094822 76.6913711365164
    vertex 825.743971576222 1253.3466188449595 76.4548682118234
    vertex 825.743971576223 1256.2443963353965 75.6784111196949
  endloop
endfacet
facet normal 1.0 -9.454865356785131e-14 -5.562180783437405e-14
  outer loop
    vertex 825.743971576223 1256.2443963353965 75.6784111196949
    vertex 825.743971576222 1253.3466188449595 76.4548682118234
    vertex 825.743971576222 1253.1012848220084 74.59137108342958
  endloop
endfacet
facet normal 1.0 -9.454865356785131e-14 -5.562180783437405e-14
  outer loop
    vertex 825.743971576223 1256.2443963353965 75.6784111196949
    vertex 825.743971576222 1253.1012848220084 74.59137108342958
    vertex 825.743971576223 1256.1012848220082 74.59137112813178
  endloop
endfacet
facet normal 1.0 -9.454865356785131e-14 -5.562180783437405e-14
  outer loop
    vertex 825.743971576223 1256.1012848220082 74.59137112813178
    vertex 825.743971576222 1253.1012848220084 74.59137108342958
    vertex 825.743971576222 1253.3466189004946 72.72787396234709
  endloop
endfacet
facet normal 1.0 -9.454865356785131e-14 -5.562180783437405e-14
  outer loop
    vertex 825.743971576223 1256.1012848220082 74.59137112813178
    vertex 825.743971576222 1253.3466189004946 72.72787396234709
    vertex 825.743971576223 1256.244396367792 73.5043311408337
  endloop
endfacet
facet normal 1.0 -9.454865356785131e-14 -5.562180783437405e-14
  outer loop
    vertex 825.743971576223 1256.244396367792 73.5043311408337
    vertex 825.743971576222 1253.3466189004946 72.72787396234709
    vertex 825.743971576223 1256.6639781574054 72.49137113651636
  endloop
endfacet
facet normal 1.0 -9.454865356785131e-14 -5.562180783437405e-14
  outer loop
    vertex 825.743971576223 1256.6639781574054 72.49137113651636
    vertex 825.743971576222 1253.3466189004946 72.72787396234709
    vertex 825.743971576222 1254.065901968403 70.99137109780312
  endloop
endfacet
facet normal 1.0 -9.454865356785131e-14 -5.562180783437405e-14
  outer loop
    vertex 825.743971576223 1256.6639781574054 72.49137113651636
    vertex 825.743971576222 1254.065901968403 70.99137109780312
    vertex 825.743971576223 1257.331436385278 71.62152266547844
  endloop
endfacet
facet normal 1.0 -9.454865356785131e-14 -5.562180783437405e-14
  outer loop
    vertex 825.743971576223 1257.331436385278 71.62152266547844
    vertex 825.743971576222 1254.065901968403 70.99137109780312
    vertex 825.743971576223 1258.2012848762072 70.95406446352874
  endloop
endfacet
facet normal 1.0 -9.454865356785131e-14 -5.562180783437405e-14
  outer loop
    vertex 825.743971576223 1258.2012848762072 70.95406446352874
    vertex 825.743971576222 1254.065901968403 70.99137109780312
    vertex 825.7439715762223 1255.2101160733275 69.50020229030964
  endloop
endfacet
facet normal 1.0 -9.454865356785131e-14 -5.562180783437405e-14
  outer loop
    vertex 825.743971576223 1258.2012848762072 70.95406446352874
    vertex 825.7439715762223 1255.2101160733275 69.50020229030964
    vertex 825.743971576223 1259.2142448930288 70.53448270410317
  endloop
endfacet
facet normal 1.0 -9.454865356785131e-14 -5.562180783437405e-14
  outer loop
    vertex 825.743971576223 1259.2142448930288 70.53448270410317
    vertex 825.7439715762223 1255.2101160733275 69.50020229030964
    vertex 825.7439715762212 1260.3012848845917 70.39137119071503
  endloop
endfacet
facet normal 1.0 -9.454865356785131e-14 -5.562180783437405e-14
  outer loop
    vertex 825.7439715762235 1258.4377875936402 81.54603711222883
    vertex 825.7439715762239 1263.5019154113127 81.7913712384069
    vertex 825.7439715762239 1260.301284714723 81.79137119071507
  endloop
endfacet
facet normal 1.0 -9.454865356785131e-14 -5.562180783437405e-14
  outer loop
    vertex 825.7439715762239 1263.5019154113127 81.7913712384069
    vertex 825.7439715762235 1258.4377875936402 81.54603711222883
    vertex 825.7439715762212 1260.3012847594252 78.79137119071503
  endloop
endfacet
facet normal 1.0 -9.454865356785131e-14 -5.562180783437405e-14
  outer loop
    vertex 825.7439715762239 1263.5019154113127 81.7913712384069
    vertex 825.7439715762212 1260.3012847594252 78.79137119071503
    vertex 825.7439715762223 1263.5012865558301 63.899597266974396
  endloop
endfacet
facet normal 1.0 -9.454865356785131e-14 -5.562180783437405e-14
  outer loop
    vertex 825.7439715762212 1260.3012847594252 78.79137119071503
    vertex 825.7439715762235 1258.4377875936402 81.54603711222883
    vertex 825.7439715762232 1256.7012847290964 80.82675404432024
  endloop
endfacet
facet normal 1.0 -9.454865356785131e-14 -5.562180783437405e-14
  outer loop
    vertex 825.7439715762212 1260.3012847594252 78.79137119071503
    vertex 825.7439715762232 1256.7012847290964 80.82675404432024
    vertex 825.7439715762223 1255.210115921603 79.68253993939592
  endloop
endfacet
facet normal 1.0 -9.454865356785131e-14 -5.562180783437405e-14
  outer loop
    vertex 825.7439715762223 1263.5012865558301 63.899597266974396
    vertex 825.7439715762212 1260.3012847594252 78.79137119071503
    vertex 825.7439715762212 1260.3012848845917 70.39137119071503
  endloop
endfacet
facet normal 1.0 -9.454865356785131e-14 -5.562180783437405e-14
  outer loop
    vertex 825.7439715762223 1263.5012865558301 63.899597266974396
    vertex 825.7439715762212 1260.3012848845917 70.39137119071503
    vertex 825.7439715762223 1255.2101160733275 69.50020229030964
  endloop
endfacet
facet normal 2.895769735114935e-12 -1.0 -1.4900956464756833e-08
  outer loop
    vertex 823.7439715762215 1260.3012847594177 78.7913711907189
    vertex 825.7439715762212 1260.3012848845917 70.39137119071503
    vertex 825.7439715762212 1260.3012847594252 78.79137119071503
  endloop
endfacet
facet normal 2.895769735114935e-12 -1.0 -1.4900956464756833e-08
  outer loop
    vertex 825.7439715762212 1260.3012848845917 70.39137119071503
    vertex 823.7439715762215 1260.3012847594177 78.7913711907189
    vertex 823.7439715762243 1260.3012848845874 70.39137119070864
  endloop
endfacet
facet normal 7.016331963579127e-14 -1.4900763095626601e-08 1.0
  outer loop
    vertex 813.743971576227 1260.3012856087685 21.791371190717385
    vertex 825.7439715762221 1263.5012871832669 21.79137123839899
    vertex 813.743971576227 1263.501287183275 21.79137123839985
  endloop
endfacet
facet normal 7.016331963579127e-14 -1.4900763095626601e-08 1.0
  outer loop
    vertex 825.7439715762221 1263.5012871832669 21.79137123839899
    vertex 813.743971576227 1260.3012856087685 21.791371190717385
    vertex 825.7439715762221 1260.3012856087682 21.79137119071653
  endloop
endfacet
facet normal -9.377613678612999e-06 -0.5597426071334105 -0.8286665274231564
  outer loop
    vertex 825.7439715762223 1263.5012865558301 63.899597266974396
    vertex 813.7439715762254 1255.2101160733275 69.50020229031018
    vertex 813.7439715762257 1263.5016886383582 63.89959726698084
  endloop
endfacet
facet normal -9.377613678612999e-06 -0.5597426071334105 -0.8286665274231564
  outer loop
    vertex 813.7439715762254 1255.2101160733275 69.50020229031018
    vertex 825.7439715762223 1263.5012865558301 63.899597266974396
    vertex 825.7439715762223 1255.2101160733275 69.50020229030964
  endloop
endfacet
facet normal -0.7071067811865767 -0.7071067811865185 -1.0536430651383152e-08
  outer loop
    vertex 802.2439715757655 1289.0012869632114 36.600000401513526
    vertex 813.7439715757644 1277.5012866949978 54.60000023015471
    vertex 802.2439715757655 1289.0012866949976 54.6000004015135
  endloop
endfacet
facet normal -0.7071067811865767 -0.7071067811865185 -1.0536430651383152e-08
  outer loop
    vertex 813.7439715757644 1277.5012866949978 54.60000023015471
    vertex 802.2439715757655 1289.0012869632114 36.600000401513526
    vertex 813.7439715757644 1277.5012869632117 36.600000230154755
  endloop
endfacet
facet normal 4.7974639118191905e-16 -1.490076560319531e-08 1.0
  outer loop
    vertex 813.7439715757644 1277.5012866949978 54.60000023015471
    vertex 812.2439715757656 1289.0012866949976 54.60000040151354
    vertex 802.2439715757655 1289.0012866949976 54.6000004015135
  endloop
endfacet
facet normal 4.7974639118191905e-16 -1.490076560319531e-08 1.0
  outer loop
    vertex 812.2439715757656 1289.0012866949976 54.60000040151354
    vertex 813.7439715757644 1277.5012866949978 54.60000023015471
    vertex 813.7439715757644 1287.5012866949978 54.60000037916235
  endloop
endfacet
facet normal -0.5773502691896529 -0.5773502605866384 -0.5773502777925859
  outer loop
    vertex 812.2439715757656 1289.0012871122192 26.600000401513547
    vertex 813.7439715757644 1277.5012869632117 36.600000230154755
    vertex 802.2439715757655 1289.0012869632114 36.600000401513526
  endloop
endfacet
facet normal -0.5773502691896529 -0.5773502605866384 -0.5773502777925859
  outer loop
    vertex 813.7439715757644 1277.5012869632117 36.600000230154755
    vertex 812.2439715757656 1289.0012871122192 26.600000401513547
    vertex 813.7439715757644 1287.5012871122192 26.600000379162402
  endloop
endfacet
facet normal 1.1447607734280281e-11 -1.0 -1.4900828056320602e-08
  outer loop
    vertex 812.2439715757656 1289.0012871122192 26.600000401513547
    vertex 810.2553787245931 1289.0012873490655 10.672929897235711
    vertex 810.3439715762415 1289.0012873590927 10.000000379969213
  endloop
endfacet
facet normal 1.1447607734280281e-11 -1.0 -1.4900828056320602e-08
  outer loop
    vertex 810.2553787245931 1289.0012873490655 10.672929897235711
    vertex 812.2439715757656 1289.0012871122192 26.600000401513547
    vertex 802.2439715757655 1289.0012869632114 36.600000401513526
  endloop
endfacet
facet normal 1.1447607734280281e-11 -1.0 -1.4900828056320602e-08
  outer loop
    vertex 810.2553787245931 1289.0012873490655 10.672929897235711
    vertex 802.2439715757655 1289.0012869632114 36.600000401513526
    vertex 809.9956376260811 1289.0012873397218 11.30000037996919
  endloop
endfacet
facet normal 1.1447607734280281e-11 -1.0 -1.4900828056320602e-08
  outer loop
    vertex 809.9956376260811 1289.0012873397218 11.30000037996919
    vertex 802.2439715757655 1289.0012869632114 36.600000401513526
    vertex 809.5824492073266 1289.001287331698 11.838478011054233
  endloop
endfacet
facet normal 1.1447607734280281e-11 -1.0 -1.4900828056320602e-08
  outer loop
    vertex 809.5824492073266 1289.001287331698 11.838478011054233
    vertex 802.2439715757655 1289.0012869632114 36.600000401513526
    vertex 809.0439715762415 1289.0012873255412 12.251666429808733
  endloop
endfacet
facet normal 1.1447607734280281e-11 -1.0 -1.4900828056320602e-08
  outer loop
    vertex 809.0439715762415 1289.0012873255412 12.251666429808733
    vertex 802.2439715757655 1289.0012869632114 36.600000401513526
    vertex 808.4169010935082 1289.0012873216708 12.511407528320731
  endloop
endfacet
facet normal 1.1447607734280281e-11 -1.0 -1.4900828056320602e-08
  outer loop
    vertex 808.4169010935082 1289.0012873216708 12.511407528320731
    vertex 802.2439715757655 1289.0012869632114 36.600000401513526
    vertex 807.7439715762416 1289.001287320351 12.600000379969163
  endloop
endfacet
facet normal 1.1447607734280281e-11 -1.0 -1.4900828056320602e-08
  outer loop
    vertex 807.7439715762416 1289.001287320351 12.600000379969163
    vertex 802.2439715757655 1289.0012869632114 36.600000401513526
    vertex 807.071042058975 1289.001287321671 12.511407528320731
  endloop
endfacet
facet normal 1.1447607734280281e-11 -1.0 -1.4900828056320602e-08
  outer loop
    vertex 807.071042058975 1289.001287321671 12.511407528320731
    vertex 802.2439715757655 1289.0012869632114 36.600000401513526
    vertex 806.4439715762416 1289.0012873255414 12.251666429808733
  endloop
endfacet
facet normal 1.1447607734280281e-11 -1.0 -1.4900828056320602e-08
  outer loop
    vertex 806.4439715762416 1289.0012873255414 12.251666429808733
    vertex 802.2439715757655 1289.0012869632114 36.600000401513526
    vertex 805.9054939451565 1289.0012873316984 11.838478011054233
  endloop
endfacet
facet normal 1.1447607734280281e-11 -1.0 -1.4900828056320602e-08
  outer loop
    vertex 805.9054939451565 1289.0012873316984 11.838478011054233
    vertex 802.2439715757655 1289.0012869632114 36.600000401513526
    vertex 805.4923055264019 1289.001287339722 11.30000037996919
  endloop
endfacet
facet normal 1.1447607734280281e-11 -1.0 -1.4900828056320602e-08
  outer loop
    vertex 805.4923055264019 1289.001287339722 11.30000037996919
    vertex 802.2439715757655 1289.0012869632114 36.600000401513526
    vertex 805.2325644278899 1289.0012873490657 10.672929897235711
  endloop
endfacet
facet normal 1.1447607734280281e-11 -1.0 -1.4900828056320602e-08
  outer loop
    vertex 805.2325644278899 1289.0012873490657 10.672929897235711
    vertex 802.2439715757655 1289.0012869632114 36.600000401513526
    vertex 805.1439715762415 1289.0012873590929 10.000000379969213
  endloop
endfacet
facet normal 1.1447607734280281e-11 -1.0 -1.4900828056320602e-08
  outer loop
    vertex 812.2439715762455 1289.0012861789533 89.20000042304679
    vertex 810.343971576244 1289.00128632796 79.20000042304672
    vertex 812.2439715757656 1289.0012866949976 54.60000040151354
  endloop
endfacet
facet normal 1.1447607734280281e-11 -1.0 -1.4900828056320602e-08
  outer loop
    vertex 810.343971576244 1289.00128632796 79.20000042304672
    vertex 812.2439715762455 1289.0012861789533 89.20000042304679
    vertex 810.2553787245965 1289.001286317933 79.87292994031321
  endloop
endfacet
facet normal 1.1447607734280281e-11 -1.0 -1.4900828056320602e-08
  outer loop
    vertex 810.2553787245965 1289.001286317933 79.87292994031321
    vertex 812.2439715762455 1289.0012861789533 89.20000042304679
    vertex 809.9956376260845 1289.001286308589 80.50000042304669
  endloop
endfacet
facet normal 1.1447607734280281e-11 -1.0 -1.4900828056320602e-08
  outer loop
    vertex 809.9956376260845 1289.001286308589 80.50000042304669
    vertex 812.2439715762455 1289.0012861789533 89.20000042304679
    vertex 809.58244920733 1289.0012863005652 81.03847805413173
  endloop
endfacet
facet normal 1.1447607734280281e-11 -1.0 -1.4900828056320602e-08
  outer loop
    vertex 809.58244920733 1289.0012863005652 81.03847805413173
    vertex 812.2439715762455 1289.0012861789533 89.20000042304679
    vertex 809.0439715762449 1289.0012862944084 81.45166647288623
  endloop
endfacet
facet normal 1.1447607734280281e-11 -1.0 -1.4900828056320602e-08
  outer loop
    vertex 809.0439715762449 1289.0012862944084 81.45166647288623
    vertex 812.2439715762455 1289.0012861789533 89.20000042304679
    vertex 792.7439715762456 1289.0012861789517 89.20000042305085
  endloop
endfacet
facet normal 1.1447607734280281e-11 -1.0 -1.4900828056320602e-08
  outer loop
    vertex 809.0439715762449 1289.0012862944084 81.45166647288623
    vertex 792.7439715762456 1289.0012861789517 89.20000042305085
    vertex 808.4169010935116 1289.0012862905382 81.71140757139833
  endloop
endfacet
facet normal 1.1447607734280281e-11 -1.0 -1.4900828056320602e-08
  outer loop
    vertex 808.4169010935116 1289.0012862905382 81.71140757139833
    vertex 792.7439715762456 1289.0012861789517 89.20000042305085
    vertex 807.743971576245 1289.0012862892183 81.80000042304675
  endloop
endfacet
facet normal 1.1447607734280281e-11 -1.0 -1.4900828056320602e-08
  outer loop
    vertex 807.743971576245 1289.0012862892183 81.80000042304675
    vertex 792.7439715762456 1289.0012861789517 89.20000042305085
    vertex 807.0710420589785 1289.0012862905382 81.71140757139833
  endloop
endfacet
facet normal 1.1447607734280281e-11 -1.0 -1.4900828056320602e-08
  outer loop
    vertex 807.0710420589785 1289.0012862905382 81.71140757139833
    vertex 792.7439715762456 1289.0012861789517 89.20000042305085
    vertex 806.443971576245 1289.0012862944084 81.45166647288596
  endloop
endfacet
facet normal 1.1447607734280281e-11 -1.0 -1.4900828056320602e-08
  outer loop
    vertex 806.443971576245 1289.0012862944084 81.45166647288596
    vertex 792.7439715762456 1289.0012861789517 89.20000042305085
    vertex 805.90549394516 1289.0012863005654 81.03847805413137
  endloop
endfacet
facet normal 1.1447607734280281e-11 -1.0 -1.4900828056320602e-08
  outer loop
    vertex 805.90549394516 1289.0012863005654 81.03847805413137
    vertex 792.7439715762456 1289.0012861789517 89.20000042305085
    vertex 805.4923055264053 1289.0012863085892 80.50000042304633
  endloop
endfacet
facet normal 1.1447607734280281e-11 -1.0 -1.4900828056320602e-08
  outer loop
    vertex 805.4923055264053 1289.0012863085892 80.50000042304633
    vertex 792.7439715762456 1289.0012861789517 89.20000042305085
    vertex 805.2325644278933 1289.0012863179331 79.87292994031286
  endloop
endfacet
facet normal 1.1447607734280281e-11 -1.0 -1.4900828056320602e-08
  outer loop
    vertex 805.2325644278933 1289.0012863179331 79.87292994031286
    vertex 792.7439715762456 1289.0012861789517 89.20000042305085
    vertex 805.143971576244 1289.0012863279603 79.20000042304626
  endloop
endfacet
facet normal 1.1447607734280281e-11 -1.0 -1.4900828056320602e-08
  outer loop
    vertex 805.143971576244 1289.0012863279603 79.20000042304626
    vertex 792.7439715762456 1289.0012861789517 89.20000042305085
    vertex 796.9956376260844 1289.0012863085888 80.50000042304606
  endloop
endfacet
facet normal 1.1447607734280281e-11 -1.0 -1.4900828056320602e-08
  outer loop
    vertex 805.143971576244 1289.0012863279603 79.20000042304626
    vertex 796.9956376260844 1289.0012863085888 80.50000042304606
    vertex 797.2553787245964 1289.0012863179327 79.87292994031272
  endloop
endfacet
facet normal 1.1447607734280281e-11 -1.0 -1.4900828056320602e-08
  outer loop
    vertex 805.143971576244 1289.0012863279603 79.20000042304626
    vertex 797.2553787245964 1289.0012863179327 79.87292994031272
    vertex 802.2439715757655 1289.0012866949976 54.6000004015135
  endloop
endfacet
facet normal 1.1447607734280281e-11 -1.0 -1.4900828056320602e-08
  outer loop
    vertex 802.2439715757655 1289.0012866949976 54.6000004015135
    vertex 797.2553787245964 1289.0012863179327 79.87292994031272
    vertex 797.343971576244 1289.0012863279599 79.20000042304622
  endloop
endfacet
facet normal 1.1447607734280281e-11 -1.0 -1.4900828056320602e-08
  outer loop
    vertex 802.2439715757655 1289.0012866949976 54.6000004015135
    vertex 797.343971576244 1289.0012863279599 79.20000042304622
    vertex 802.2439715757655 1289.0012869632114 36.600000401513526
  endloop
endfacet
facet normal 1.1447607734280281e-11 -1.0 -1.4900828056320602e-08
  outer loop
    vertex 796.9956376260844 1289.0012863085888 80.50000042304606
    vertex 792.7439715762456 1289.0012861789517 89.20000042305085
    vertex 796.5824492073299 1289.0012863005652 81.0384780541311
  endloop
endfacet
facet normal 1.1447607734280281e-11 -1.0 -1.4900828056320602e-08
  outer loop
    vertex 796.5824492073299 1289.0012863005652 81.0384780541311
    vertex 792.7439715762456 1289.0012861789517 89.20000042305085
    vertex 796.0439715762448 1289.0012862944084 81.45166647288588
  endloop
endfacet
facet normal 1.1447607734280281e-11 -1.0 -1.4900828056320602e-08
  outer loop
    vertex 796.0439715762448 1289.0012862944084 81.45166647288588
    vertex 792.7439715762456 1289.0012861789517 89.20000042305085
    vertex 795.4169010935116 1289.001286290538 81.71140757139787
  endloop
endfacet
facet normal 1.1447607734280281e-11 -1.0 -1.4900828056320602e-08
  outer loop
    vertex 795.4169010935116 1289.001286290538 81.71140757139787
    vertex 792.7439715762456 1289.0012861789517 89.20000042305085
    vertex 794.7439715762449 1289.001286289218 81.8000004230463
  endloop
endfacet
facet normal 1.1447607734280281e-11 -1.0 -1.4900828056320602e-08
  outer loop
    vertex 794.7439715762449 1289.001286289218 81.8000004230463
    vertex 792.7439715762456 1289.0012861789517 89.20000042305085
    vertex 794.0710420589784 1289.001286290538 81.71140757139787
  endloop
endfacet
facet normal 1.1447607734280281e-11 -1.0 -1.4900828056320602e-08
  outer loop
    vertex 794.0710420589784 1289.001286290538 81.71140757139787
    vertex 792.7439715762456 1289.0012861789517 89.20000042305085
    vertex 793.4439715762448 1289.0012862944086 81.45166647288588
  endloop
endfacet
facet normal 1.1447607734280281e-11 -1.0 -1.4900828056320602e-08
  outer loop
    vertex 793.4439715762448 1289.0012862944086 81.45166647288588
    vertex 792.7439715762456 1289.0012861789517 89.20000042305085
    vertex 792.9054939451598 1289.0012863005654 81.03847805413137
  endloop
endfacet
facet normal 1.1447607734280281e-11 -1.0 -1.4900828056320602e-08
  outer loop
    vertex 792.9054939451598 1289.0012863005654 81.03847805413137
    vertex 792.7439715762456 1289.0012861789517 89.20000042305085
    vertex 792.4923055264052 1289.001286308589 80.50000042304633
  endloop
endfacet
facet normal 1.1447607734280281e-11 -1.0 -1.4900828056320602e-08
  outer loop
    vertex 792.4923055264052 1289.001286308589 80.50000042304633
    vertex 792.7439715762456 1289.0012861789517 89.20000042305085
    vertex 788.7439715762454 1289.0012862385545 85.20000042305185
  endloop
endfacet
facet normal 1.1447607734280281e-11 -1.0 -1.4900828056320602e-08
  outer loop
    vertex 792.4923055264052 1289.001286308589 80.50000042304633
    vertex 788.7439715762454 1289.0012862385545 85.20000042305185
    vertex 792.2325644278932 1289.0012863179331 79.87292994031286
  endloop
endfacet
facet normal 1.1447607734280281e-11 -1.0 -1.4900828056320602e-08
  outer loop
    vertex 792.2325644278932 1289.0012863179331 79.87292994031286
    vertex 788.7439715762454 1289.0012862385545 85.20000042305185
    vertex 792.1439715762439 1289.00128632796 79.20000042304626
  endloop
endfacet
facet normal 1.1447607734280281e-11 -1.0 -1.4900828056320602e-08
  outer loop
    vertex 792.1439715762439 1289.00128632796 79.20000042304626
    vertex 788.7439715762454 1289.0012862385545 85.20000042305185
    vertex 792.1439715762414 1289.0012873590929 10.000000379969213
  endloop
endfacet
facet normal 1.1447607734280281e-11 -1.0 -1.4900828056320602e-08
  outer loop
    vertex 812.24397157624 1289.0012875081015 3.799694127337716e-07
    vertex 809.0439715762417 1289.0012873926444 7.748334330129605
    vertex 792.7439715762401 1289.0012875080997 3.7997455635263574e-07
  endloop
endfacet
facet normal 1.1447607734280281e-11 -1.0 -1.4900828056320602e-08
  outer loop
    vertex 809.0439715762417 1289.0012873926444 7.748334330129605
    vertex 812.24397157624 1289.0012875081015 3.799694127337716e-07
    vertex 809.5824492073266 1289.0012873864873 8.161522748884105
  endloop
endfacet
facet normal 1.1447607734280281e-11 -1.0 -1.4900828056320602e-08
  outer loop
    vertex 809.5824492073266 1289.0012873864873 8.161522748884105
    vertex 812.24397157624 1289.0012875081015 3.799694127337716e-07
    vertex 809.9956376260811 1289.0012873784638 8.700000379969149
  endloop
endfacet
facet normal 1.1447607734280281e-11 -1.0 -1.4900828056320602e-08
  outer loop
    vertex 809.9956376260811 1289.0012873784638 8.700000379969149
    vertex 812.24397157624 1289.0012875081015 3.799694127337716e-07
    vertex 810.2553787245931 1289.00128736912 9.327070862702625
  endloop
endfacet
facet normal 1.1447607734280281e-11 -1.0 -1.4900828056320602e-08
  outer loop
    vertex 810.2553787245931 1289.00128736912 9.327070862702625
    vertex 812.24397157624 1289.0012875081015 3.799694127337716e-07
    vertex 810.3439715762415 1289.0012873590927 10.000000379969213
  endloop
endfacet
facet normal 1.1447607734280281e-11 -1.0 -1.4900828056320602e-08
  outer loop
    vertex 810.3439715762415 1289.0012873590927 10.000000379969213
    vertex 812.24397157624 1289.0012875081015 3.799694127337716e-07
    vertex 812.2439715757656 1289.0012871122192 26.600000401513547
  endloop
endfacet
facet normal 1.1447607734280281e-11 -1.0 -1.4900828056320602e-08
  outer loop
    vertex 792.7439715762401 1289.0012875080997 3.7997455635263574e-07
    vertex 809.0439715762417 1289.0012873926444 7.748334330129605
    vertex 808.4169010935082 1289.0012873965147 7.488593231617516
  endloop
endfacet
facet normal 1.1447607734280281e-11 -1.0 -1.4900828056320602e-08
  outer loop
    vertex 792.7439715762401 1289.0012875080997 3.7997455635263574e-07
    vertex 808.4169010935082 1289.0012873965147 7.488593231617516
    vertex 807.7439715762416 1289.0012873978349 7.400000379969083
  endloop
endfacet
facet normal 1.1447607734280281e-11 -1.0 -1.4900828056320602e-08
  outer loop
    vertex 792.7439715762401 1289.0012875080997 3.7997455635263574e-07
    vertex 807.7439715762416 1289.0012873978349 7.400000379969083
    vertex 807.071042058975 1289.001287396515 7.488593231617516
  endloop
endfacet
facet normal 1.1447607734280281e-11 -1.0 -1.4900828056320602e-08
  outer loop
    vertex 792.7439715762401 1289.0012875080997 3.7997455635263574e-07
    vertex 807.071042058975 1289.001287396515 7.488593231617516
    vertex 806.4439715762416 1289.0012873926446 7.748334330129605
  endloop
endfacet
facet normal 1.1447607734280281e-11 -1.0 -1.4900828056320602e-08
  outer loop
    vertex 792.7439715762401 1289.0012875080997 3.7997455635263574e-07
    vertex 806.4439715762416 1289.0012873926446 7.748334330129605
    vertex 805.9054939451565 1289.0012873864878 8.161522748884105
  endloop
endfacet
facet normal 1.1447607734280281e-11 -1.0 -1.4900828056320602e-08
  outer loop
    vertex 792.7439715762401 1289.0012875080997 3.7997455635263574e-07
    vertex 805.9054939451565 1289.0012873864878 8.161522748884105
    vertex 805.4923055264019 1289.001287378464 8.700000379969149
  endloop
endfacet
facet normal 1.1447607734280281e-11 -1.0 -1.4900828056320602e-08
  outer loop
    vertex 792.7439715762401 1289.0012875080997 3.7997455635263574e-07
    vertex 805.4923055264019 1289.001287378464 8.700000379969149
    vertex 805.2325644278899 1289.0012873691203 9.327070862702625
  endloop
endfacet
facet normal 1.1447607734280281e-11 -1.0 -1.4900828056320602e-08
  outer loop
    vertex 792.7439715762401 1289.0012875080997 3.7997455635263574e-07
    vertex 805.2325644278899 1289.0012873691203 9.327070862702625
    vertex 805.1439715762415 1289.0012873590929 10.000000379969213
  endloop
endfacet
facet normal 1.1447607734280281e-11 -1.0 -1.4900828056320602e-08
  outer loop
    vertex 792.7439715762401 1289.0012875080997 3.7997455635263574e-07
    vertex 805.1439715762415 1289.0012873590929 10.000000379969213
    vertex 796.995637626081 1289.0012873784638 8.700000379968833
  endloop
endfacet
facet normal 1.1447607734280281e-11 -1.0 -1.4900828056320602e-08
  outer loop
    vertex 796.995637626081 1289.0012873784638 8.700000379968833
    vertex 805.1439715762415 1289.0012873590929 10.000000379969213
    vertex 797.255378724593 1289.0012873691198 9.32707086270231
  endloop
endfacet
facet normal 1.1447607734280281e-11 -1.0 -1.4900828056320602e-08
  outer loop
    vertex 797.255378724593 1289.0012873691198 9.32707086270231
    vertex 805.1439715762415 1289.0012873590929 10.000000379969213
    vertex 802.2439715757655 1289.0012869632114 36.600000401513526
  endloop
endfacet
facet normal 1.1447607734280281e-11 -1.0 -1.4900828056320602e-08
  outer loop
    vertex 797.255378724593 1289.0012873691198 9.32707086270231
    vertex 802.2439715757655 1289.0012869632114 36.600000401513526
    vertex 797.3439715762414 1289.0012873590927 10.000000379968897
  endloop
endfacet
facet normal 1.1447607734280281e-11 -1.0 -1.4900828056320602e-08
  outer loop
    vertex 797.3439715762414 1289.0012873590927 10.000000379968897
    vertex 802.2439715757655 1289.0012869632114 36.600000401513526
    vertex 797.343971576244 1289.0012863279599 79.20000042304622
  endloop
endfacet
facet normal 1.1447607734280281e-11 -1.0 -1.4900828056320602e-08
  outer loop
    vertex 792.7439715762401 1289.0012875080997 3.7997455635263574e-07
    vertex 796.995637626081 1289.0012873784638 8.700000379968833
    vertex 796.5824492073265 1289.0012873864873 8.161522748883788
  endloop
endfacet
facet normal 1.1447607734280281e-11 -1.0 -1.4900828056320602e-08
  outer loop
    vertex 792.7439715762401 1289.0012875080997 3.7997455635263574e-07
    vertex 796.5824492073265 1289.0012873864873 8.161522748883788
    vertex 796.0439715762416 1289.0012873926444 7.748334330129876
  endloop
endfacet
facet normal 1.1447607734280281e-11 -1.0 -1.4900828056320602e-08
  outer loop
    vertex 792.7439715762401 1289.0012875080997 3.7997455635263574e-07
    vertex 796.0439715762416 1289.0012873926444 7.748334330129876
    vertex 795.416901093508 1289.0012873965147 7.488593231617787
  endloop
endfacet
facet normal 1.1447607734280281e-11 -1.0 -1.4900828056320602e-08
  outer loop
    vertex 792.7439715762401 1289.0012875080997 3.7997455635263574e-07
    vertex 795.416901093508 1289.0012873965147 7.488593231617787
    vertex 794.7439715762415 1289.0012873978346 7.400000379969083
  endloop
endfacet
facet normal 1.1447607734280281e-11 -1.0 -1.4900828056320602e-08
  outer loop
    vertex 792.7439715762401 1289.0012875080997 3.7997455635263574e-07
    vertex 794.7439715762415 1289.0012873978346 7.400000379969083
    vertex 794.0710420589749 1289.0012873965147 7.488593231617516
  endloop
endfacet
facet normal 1.1447607734280281e-11 -1.0 -1.4900828056320602e-08
  outer loop
    vertex 792.7439715762401 1289.0012875080997 3.7997455635263574e-07
    vertex 794.0710420589749 1289.0012873965147 7.488593231617516
    vertex 793.4439715762414 1289.0012873926446 7.748334330129605
  endloop
endfacet
facet normal 1.1447607734280281e-11 -1.0 -1.4900828056320602e-08
  outer loop
    vertex 792.7439715762401 1289.0012875080997 3.7997455635263574e-07
    vertex 793.4439715762414 1289.0012873926446 7.748334330129605
    vertex 792.9054939451564 1289.0012873864875 8.161522748884105
  endloop
endfacet
facet normal 1.1447607734280281e-11 -1.0 -1.4900828056320602e-08
  outer loop
    vertex 792.7439715762401 1289.0012875080997 3.7997455635263574e-07
    vertex 792.9054939451564 1289.0012873864875 8.161522748884105
    vertex 792.4923055264018 1289.0012873784638 8.700000379969149
  endloop
endfacet
facet normal 1.1447607734280281e-11 -1.0 -1.4900828056320602e-08
  outer loop
    vertex 792.7439715762401 1289.0012875080997 3.7997455635263574e-07
    vertex 792.4923055264018 1289.0012873784638 8.700000379969149
    vertex 788.7439715762405 1289.0012874484964 4.00000037997473
  endloop
endfacet
facet normal 1.1447607734280281e-11 -1.0 -1.4900828056320602e-08
  outer loop
    vertex 788.7439715762405 1289.0012874484964 4.00000037997473
    vertex 792.4923055264018 1289.0012873784638 8.700000379969149
    vertex 792.2325644278898 1289.00128736912 9.327070862702625
  endloop
endfacet
facet normal 1.1447607734280281e-11 -1.0 -1.4900828056320602e-08
  outer loop
    vertex 788.7439715762405 1289.0012874484964 4.00000037997473
    vertex 792.2325644278898 1289.00128736912 9.327070862702625
    vertex 792.1439715762414 1289.0012873590929 10.000000379969213
  endloop
endfacet
facet normal 1.1447607734280281e-11 -1.0 -1.4900828056320602e-08
  outer loop
    vertex 788.7439715762405 1289.0012874484964 4.00000037997473
    vertex 792.1439715762414 1289.0012873590929 10.000000379969213
    vertex 788.7439715762454 1289.0012862385545 85.20000042305185
  endloop
endfacet
facet normal 1.1447607734280281e-11 -1.0 -1.4900828056320602e-08
  outer loop
    vertex 797.2553787245955 1289.001286337987 78.52707090577962
    vertex 797.3439715762414 1289.0012873590927 10.000000379968897
    vertex 797.343971576244 1289.0012863279599 79.20000042304622
  endloop
endfacet
facet normal 1.1447607734280281e-11 -1.0 -1.4900828056320602e-08
  outer loop
    vertex 797.3439715762414 1289.0012873590927 10.000000379968897
    vertex 797.2553787245955 1289.001286337987 78.52707090577962
    vertex 797.255378724593 1289.0012873490655 10.672929897235397
  endloop
endfacet
facet normal 1.1447607734280281e-11 -1.0 -1.4900828056320602e-08
  outer loop
    vertex 797.255378724593 1289.0012873490655 10.672929897235397
    vertex 797.2553787245955 1289.001286337987 78.52707090577962
    vertex 796.9956376260835 1289.001286347331 77.90000042304602
  endloop
endfacet
facet normal 1.1447607734280281e-11 -1.0 -1.4900828056320602e-08
  outer loop
    vertex 797.255378724593 1289.0012873490655 10.672929897235397
    vertex 796.9956376260835 1289.001286347331 77.90000042304602
    vertex 796.995637626081 1289.0012873397218 11.300000379968873
  endloop
endfacet
facet normal 1.1447607734280281e-11 -1.0 -1.4900828056320602e-08
  outer loop
    vertex 796.995637626081 1289.0012873397218 11.300000379968873
    vertex 796.9956376260835 1289.001286347331 77.90000042304602
    vertex 796.582449207329 1289.0012863553545 77.36152279196098
  endloop
endfacet
facet normal 1.1447607734280281e-11 -1.0 -1.4900828056320602e-08
  outer loop
    vertex 796.995637626081 1289.0012873397218 11.300000379968873
    vertex 796.582449207329 1289.0012863553545 77.36152279196098
    vertex 796.5824492073265 1289.001287331698 11.838478011053917
  endloop
endfacet
facet normal 1.1447607734280281e-11 -1.0 -1.4900828056320602e-08
  outer loop
    vertex 796.5824492073265 1289.001287331698 11.838478011053917
    vertex 796.582449207329 1289.0012863553545 77.36152279196098
    vertex 796.0439715762441 1289.0012863615116 76.94833437320675
  endloop
endfacet
facet normal 1.1447607734280281e-11 -1.0 -1.4900828056320602e-08
  outer loop
    vertex 796.5824492073265 1289.001287331698 11.838478011053917
    vertex 796.0439715762441 1289.0012863615116 76.94833437320675
    vertex 796.0439715762413 1289.0012873255412 12.251666429809003
  endloop
endfacet
facet normal 1.1447607734280281e-11 -1.0 -1.4900828056320602e-08
  outer loop
    vertex 796.0439715762413 1289.0012873255412 12.251666429809003
    vertex 796.0439715762441 1289.0012863615116 76.94833437320675
    vertex 795.4169010935107 1289.001286365382 76.68859327469465
  endloop
endfacet
facet normal 1.1447607734280281e-11 -1.0 -1.4900828056320602e-08
  outer loop
    vertex 796.0439715762413 1289.0012873255412 12.251666429809003
    vertex 795.4169010935107 1289.001286365382 76.68859327469465
    vertex 795.416901093508 1289.0012873216708 12.511407528321001
  endloop
endfacet
facet normal 1.1447607734280281e-11 -1.0 -1.4900828056320602e-08
  outer loop
    vertex 795.416901093508 1289.0012873216708 12.511407528321001
    vertex 795.4169010935107 1289.001286365382 76.68859327469465
    vertex 794.743971576244 1289.0012863667018 76.60000042304623
  endloop
endfacet
facet normal 1.1447607734280281e-11 -1.0 -1.4900828056320602e-08
  outer loop
    vertex 795.416901093508 1289.0012873216708 12.511407528321001
    vertex 794.743971576244 1289.0012863667018 76.60000042304623
    vertex 794.7439715762415 1289.001287320351 12.600000379969163
  endloop
endfacet
facet normal 1.1447607734280281e-11 -1.0 -1.4900828056320602e-08
  outer loop
    vertex 794.7439715762415 1289.001287320351 12.600000379969163
    vertex 794.743971576244 1289.0012863667018 76.60000042304623
    vertex 794.0710420589775 1289.0012863653822 76.68859327469465
  endloop
endfacet
facet normal 1.1447607734280281e-11 -1.0 -1.4900828056320602e-08
  outer loop
    vertex 794.7439715762415 1289.001287320351 12.600000379969163
    vertex 794.0710420589775 1289.0012863653822 76.68859327469465
    vertex 794.0710420589749 1289.0012873216708 12.511407528320731
  endloop
endfacet
facet normal 1.1447607734280281e-11 -1.0 -1.4900828056320602e-08
  outer loop
    vertex 794.0710420589749 1289.0012873216708 12.511407528320731
    vertex 794.0710420589775 1289.0012863653822 76.68859327469465
    vertex 793.4439715762439 1289.0012863615118 76.94833437320675
  endloop
endfacet
facet normal 1.1447607734280281e-11 -1.0 -1.4900828056320602e-08
  outer loop
    vertex 794.0710420589749 1289.0012873216708 12.511407528320731
    vertex 793.4439715762439 1289.0012863615118 76.94833437320675
    vertex 793.4439715762414 1289.0012873255414 12.251666429808733
  endloop
endfacet
facet normal 1.1447607734280281e-11 -1.0 -1.4900828056320602e-08
  outer loop
    vertex 793.4439715762414 1289.0012873255414 12.251666429808733
    vertex 793.4439715762439 1289.0012863615118 76.94833437320675
    vertex 792.9054939451589 1289.001286355355 77.36152279196125
  endloop
endfacet
facet normal 1.1447607734280281e-11 -1.0 -1.4900828056320602e-08
  outer loop
    vertex 793.4439715762414 1289.0012873255414 12.251666429808733
    vertex 792.9054939451589 1289.001286355355 77.36152279196125
    vertex 792.9054939451564 1289.0012873316982 11.838478011054233
  endloop
endfacet
facet normal 1.1447607734280281e-11 -1.0 -1.4900828056320602e-08
  outer loop
    vertex 792.9054939451564 1289.0012873316982 11.838478011054233
    vertex 792.9054939451589 1289.001286355355 77.36152279196125
    vertex 792.4923055264044 1289.0012863473312 77.9000004230463
  endloop
endfacet
facet normal 1.1447607734280281e-11 -1.0 -1.4900828056320602e-08
  outer loop
    vertex 792.9054939451564 1289.0012873316982 11.838478011054233
    vertex 792.4923055264044 1289.0012863473312 77.9000004230463
    vertex 792.4923055264018 1289.001287339722 11.30000037996919
  endloop
endfacet
facet normal 1.1447607734280281e-11 -1.0 -1.4900828056320602e-08
  outer loop
    vertex 792.4923055264018 1289.001287339722 11.30000037996919
    vertex 792.4923055264044 1289.0012863473312 77.9000004230463
    vertex 792.2325644278923 1289.0012863379873 78.52707090577968
  endloop
endfacet
facet normal 1.1447607734280281e-11 -1.0 -1.4900828056320602e-08
  outer loop
    vertex 792.4923055264018 1289.001287339722 11.30000037996919
    vertex 792.2325644278923 1289.0012863379873 78.52707090577968
    vertex 792.2325644278898 1289.0012873490657 10.672929897235711
  endloop
endfacet
facet normal 1.1447607734280281e-11 -1.0 -1.4900828056320602e-08
  outer loop
    vertex 792.2325644278898 1289.0012873490657 10.672929897235711
    vertex 792.2325644278923 1289.0012863379873 78.52707090577968
    vertex 792.1439715762439 1289.00128632796 79.20000042304626
  endloop
endfacet
facet normal 1.1447607734280281e-11 -1.0 -1.4900828056320602e-08
  outer loop
    vertex 792.2325644278898 1289.0012873490657 10.672929897235711
    vertex 792.1439715762439 1289.00128632796 79.20000042304626
    vertex 792.1439715762414 1289.0012873590929 10.000000379969213
  endloop
endfacet
facet normal 1.1447607734280281e-11 -1.0 -1.4900828056320602e-08
  outer loop
    vertex 812.2439715757656 1289.0012866949976 54.60000040151354
    vertex 810.2553787245956 1289.001286337987 78.52707090578012
    vertex 802.2439715757655 1289.0012866949976 54.6000004015135
  endloop
endfacet
facet normal 1.1447607734280281e-11 -1.0 -1.4900828056320602e-08
  outer loop
    vertex 810.2553787245956 1289.001286337987 78.52707090578012
    vertex 812.2439715757656 1289.0012866949976 54.60000040151354
    vertex 810.343971576244 1289.00128632796 79.20000042304672
  endloop
endfacet
facet normal 1.1447607734280281e-11 -1.0 -1.4900828056320602e-08
  outer loop
    vertex 802.2439715757655 1289.0012866949976 54.6000004015135
    vertex 810.2553787245956 1289.001286337987 78.52707090578012
    vertex 809.9956376260836 1289.001286347331 77.90000042304665
  endloop
endfacet
facet normal 1.1447607734280281e-11 -1.0 -1.4900828056320602e-08
  outer loop
    vertex 802.2439715757655 1289.0012866949976 54.6000004015135
    vertex 809.9956376260836 1289.001286347331 77.90000042304665
    vertex 809.5824492073291 1289.0012863553548 77.3615227919616
  endloop
endfacet
facet normal 1.1447607734280281e-11 -1.0 -1.4900828056320602e-08
  outer loop
    vertex 802.2439715757655 1289.0012866949976 54.6000004015135
    vertex 809.5824492073291 1289.0012863553548 77.3615227919616
    vertex 809.0439715762442 1289.0012863615113 76.9483343732071
  endloop
endfacet
facet normal 1.1447607734280281e-11 -1.0 -1.4900828056320602e-08
  outer loop
    vertex 802.2439715757655 1289.0012866949976 54.6000004015135
    vertex 809.0439715762442 1289.0012863615113 76.9483343732071
    vertex 808.4169010935108 1289.0012863653822 76.68859327469511
  endloop
endfacet
facet normal 1.1447607734280281e-11 -1.0 -1.4900828056320602e-08
  outer loop
    vertex 802.2439715757655 1289.0012866949976 54.6000004015135
    vertex 808.4169010935108 1289.0012863653822 76.68859327469511
    vertex 807.7439715762441 1289.0012863667018 76.60000042304668
  endloop
endfacet
facet normal 1.1447607734280281e-11 -1.0 -1.4900828056320602e-08
  outer loop
    vertex 802.2439715757655 1289.0012866949976 54.6000004015135
    vertex 807.7439715762441 1289.0012863667018 76.60000042304668
    vertex 807.0710420589776 1289.0012863653822 76.68859327469511
  endloop
endfacet
facet normal 1.1447607734280281e-11 -1.0 -1.4900828056320602e-08
  outer loop
    vertex 802.2439715757655 1289.0012866949976 54.6000004015135
    vertex 807.0710420589776 1289.0012863653822 76.68859327469511
    vertex 806.443971576244 1289.0012863615116 76.94833437320675
  endloop
endfacet
facet normal 1.1447607734280281e-11 -1.0 -1.4900828056320602e-08
  outer loop
    vertex 802.2439715757655 1289.0012866949976 54.6000004015135
    vertex 806.443971576244 1289.0012863615116 76.94833437320675
    vertex 805.905493945159 1289.001286355355 77.36152279196125
  endloop
endfacet
facet normal 1.1447607734280281e-11 -1.0 -1.4900828056320602e-08
  outer loop
    vertex 802.2439715757655 1289.0012866949976 54.6000004015135
    vertex 805.905493945159 1289.001286355355 77.36152279196125
    vertex 805.4923055264044 1289.0012863473312 77.9000004230463
  endloop
endfacet
facet normal 1.1447607734280281e-11 -1.0 -1.4900828056320602e-08
  outer loop
    vertex 802.2439715757655 1289.0012866949976 54.6000004015135
    vertex 805.4923055264044 1289.0012863473312 77.9000004230463
    vertex 805.2325644278924 1289.0012863379873 78.52707090577968
  endloop
endfacet
facet normal 1.1447607734280281e-11 -1.0 -1.4900828056320602e-08
  outer loop
    vertex 802.2439715757655 1289.0012866949976 54.6000004015135
    vertex 805.2325644278924 1289.0012863379873 78.52707090577968
    vertex 805.143971576244 1289.0012863279603 79.20000042304626
  endloop
endfacet
facet normal -0.707106781186801 -0.7071067811862941 -1.0536334121996536e-08
  outer loop
    vertex 812.24397157624 1289.0012875081015 3.799694127337716e-07
    vertex 813.7439715757644 1287.5012871122192 26.600000379162402
    vertex 812.2439715757656 1289.0012871122192 26.600000401513547
  endloop
endfacet
facet normal -0.707106781186801 -0.7071067811862941 -1.0536334121996536e-08
  outer loop
    vertex 813.7439715757644 1287.5012871122192 26.600000379162402
    vertex 812.24397157624 1289.0012875081015 3.799694127337716e-07
    vertex 813.7439715762389 1287.5012875081015 3.576183132736332e-07
  endloop
endfacet
facet normal -0.38268343236511 2.0930299819619862e-15 -0.9238795325112784
  outer loop
    vertex 856.2939715765524 1229.9206568118584 61.65021809911076
    vertex 855.8598458577355 1229.9206568118589 61.830038859619215
    vertex 856.2939715765526 1234.4206568118584 61.65021809911067
  endloop
endfacet
facet normal -0.38268343236511 2.0930299819619862e-15 -0.9238795325112784
  outer loop
    vertex 855.8598458577358 1234.4206568118589 61.83003885961913
    vertex 856.2939715765526 1234.4206568118584 61.65021809911067
    vertex 855.8598458577355 1229.9206568118589 61.830038859619215
  endloop
endfacet
facet normal -0.13052619222003808 -1.1910167821190897e-14 -0.9914448613738123
  outer loop
    vertex 855.8598458577355 1229.9206568118589 61.830038859619215
    vertex 855.3939715765512 1229.9206568118589 61.89137237229867
    vertex 855.8598458577358 1234.4206568118589 61.83003885961913
  endloop
endfacet
facet normal -0.13052619222003808 -1.1910167821190897e-14 -0.9914448613738123
  outer loop
    vertex 855.3939715765514 1234.4206568118586 61.89137237229858
    vertex 855.8598458577358 1234.4206568118589 61.83003885961913
    vertex 855.3939715765512 1229.9206568118589 61.89137237229867
  endloop
endfacet
facet normal 0.13052619222003808 -2.5101707369809356e-14 -0.9914448613738123
  outer loop
    vertex 855.3939715765512 1229.9206568118589 61.89137237229867
    vertex 854.9280972953668 1229.9206568118589 61.830038859619215
    vertex 855.3939715765514 1234.4206568118586 61.89137237229858
  endloop
endfacet
facet normal 0.13052619222003808 -2.5101707369809356e-14 -0.9914448613738123
  outer loop
    vertex 854.928097295367 1234.4206568118589 61.83003885961913
    vertex 855.3939715765514 1234.4206568118586 61.89137237229858
    vertex 854.9280972953668 1229.9206568118589 61.830038859619215
  endloop
endfacet
facet normal 0.38268343236511 -3.658260704371093e-14 -0.9238795325112784
  outer loop
    vertex 854.4939715765529 1229.9206568118586 61.65021809911076
    vertex 854.493971576553 1234.4206568118586 61.65021809911067
    vertex 854.9280972953668 1229.9206568118589 61.830038859619215
  endloop
endfacet
facet normal 0.38268343236511 -3.658260704371093e-14 -0.9238795325112784
  outer loop
    vertex 854.928097295367 1234.4206568118589 61.83003885961913
    vertex 854.9280972953668 1229.9206568118589 61.830038859619215
    vertex 854.493971576553 1234.4206568118586 61.65021809911067
  endloop
endfacet
facet normal 0.6087614290087642 -4.5570462503199447e-14 -0.7933533402912017
  outer loop
    vertex 854.4939715765529 1229.9206568118586 61.65021809911076
    vertex 854.1211793704169 1229.9206568118589 61.36416457843484
    vertex 854.493971576553 1234.4206568118586 61.65021809911067
  endloop
endfacet
facet normal 0.6087614290087642 -4.5570462503199447e-14 -0.7933533402912017
  outer loop
    vertex 854.121179370417 1234.4206568118589 61.364164578434746
    vertex 854.493971576553 1234.4206568118586 61.65021809911067
    vertex 854.1211793704169 1229.9206568118589 61.36416457843484
  endloop
endfacet
facet normal 0.7933533402912482 -5.145276625184308e-14 -0.6087614290087038
  outer loop
    vertex 854.121179370417 1234.4206568118589 61.364164578434746
    vertex 854.1211793704169 1229.9206568118589 61.36416457843484
    vertex 853.8351258497412 1234.4206568118589 60.99137237229878
  endloop
endfacet
facet normal 0.7933533402912482 -5.145276625184308e-14 -0.6087614290087038
  outer loop
    vertex 853.835125849741 1229.9206568118589 60.99137237229887
    vertex 853.8351258497412 1234.4206568118589 60.99137237229878
    vertex 854.1211793704169 1229.9206568118589 61.36416457843484
  endloop
endfacet
facet normal 0.9238795325112585 -5.382864901014095e-14 -0.382683432365158
  outer loop
    vertex 853.8351258497412 1234.4206568118589 60.99137237229878
    vertex 853.835125849741 1229.9206568118589 60.99137237229887
    vertex 853.6553050892327 1234.4206568118589 60.55724665348337
  endloop
endfacet
facet normal 0.9238795325112585 -5.382864901014095e-14 -0.382683432365158
  outer loop
    vertex 853.6553050892325 1229.9206568118589 60.55724665348345
    vertex 853.6553050892327 1234.4206568118589 60.55724665348337
    vertex 853.835125849741 1229.9206568118589 60.99137237229887
  endloop
endfacet
facet normal 0.9914448613738231 -5.253619829444569e-14 -0.13052619221995615
  outer loop
    vertex 853.6553050892327 1234.4206568118589 60.55724665348337
    vertex 853.6553050892325 1229.9206568118589 60.55724665348345
    vertex 853.6246383328929 1234.4206568118589 60.324309512891894
  endloop
endfacet
facet normal 0.9914448613738231 -5.253619829444569e-14 -0.13052619221995615
  outer loop
    vertex 853.593971576553 1229.9206568118586 60.09137237229908
    vertex 853.6246383328929 1234.4206568118589 60.324309512891894
    vertex 853.6553050892325 1229.9206568118589 60.55724665348345
  endloop
endfacet
facet normal 0.9914448613738231 -5.253619829444569e-14 -0.13052619221995615
  outer loop
    vertex 853.5939715765533 1234.4206568118586 60.091372372298984
    vertex 853.6246383328929 1234.4206568118589 60.324309512891894
    vertex 853.593971576553 1229.9206568118586 60.09137237229908
  endloop
endfacet
facet normal 0.9914448613738229 -4.766349248516109e-14 0.13052619221995612
  outer loop
    vertex 853.5939715765533 1234.4206568118586 60.091372372298984
    vertex 853.593971576553 1229.9206568118586 60.09137237229908
    vertex 853.6553050892329 1234.4206568118586 59.6254980911146
  endloop
endfacet
facet normal 0.9914448613738229 -4.766349248516109e-14 0.13052619221995612
  outer loop
    vertex 853.6553050892325 1229.9206568118586 59.62549809111469
    vertex 853.6553050892329 1234.4206568118586 59.6254980911146
    vertex 853.593971576553 1229.9206568118586 60.09137237229908
  endloop
endfacet
facet normal 0.9238795325112726 -3.954259843065121e-14 0.38268343236512403
  outer loop
    vertex 853.6553050892329 1234.4206568118586 59.6254980911146
    vertex 853.6553050892325 1229.9206568118586 59.62549809111469
    vertex 853.8351258497413 1234.4206568118586 59.19137237229919
  endloop
endfacet
facet normal 0.9238795325112726 -3.954259843065121e-14 0.38268343236512403
  outer loop
    vertex 853.835125849741 1229.9206568118589 59.19137237229928
    vertex 853.8351258497413 1234.4206568118586 59.19137237229919
    vertex 853.6553050892325 1229.9206568118586 59.62549809111469
  endloop
endfacet
facet normal 0.7933533402912125 -2.8726941640329406e-14 0.6087614290087501
  outer loop
    vertex 853.8351258497413 1234.4206568118586 59.19137237229919
    vertex 853.835125849741 1229.9206568118589 59.19137237229928
    vertex 854.1211793704173 1234.4206568118586 58.81858016616322
  endloop
endfacet
facet normal 0.7933533402912125 -2.8726941640329406e-14 0.6087614290087501
  outer loop
    vertex 854.1211793704169 1229.9206568118586 58.818580166163315
    vertex 854.1211793704173 1234.4206568118586 58.81858016616322
    vertex 853.835125849741 1229.9206568118589 59.19137237229928
  endloop
endfacet
facet normal 0.6087614290087642 -1.5953591250739582e-14 0.7933533402912017
  outer loop
    vertex 854.1211793704169 1229.9206568118586 58.818580166163315
    vertex 854.4939715765529 1229.9206568118586 58.532526645487394
    vertex 854.1211793704173 1234.4206568118586 58.81858016616322
  endloop
endfacet
facet normal 0.6087614290087642 -1.5953591250739582e-14 0.7933533402912017
  outer loop
    vertex 854.4939715765532 1234.4206568118586 58.5325266454873
    vertex 854.1211793704173 1234.4206568118586 58.81858016616322
    vertex 854.4939715765529 1229.9206568118586 58.532526645487394
  endloop
endfacet
facet normal 0.38268343236511 -2.0930299819619862e-15 0.9238795325112784
  outer loop
    vertex 854.4939715765529 1229.9206568118586 58.532526645487394
    vertex 854.9280972953683 1229.9206568118589 58.35270588497893
    vertex 854.4939715765532 1234.4206568118586 58.5325266454873
  endloop
endfacet
facet normal 0.38268343236511 -2.0930299819619862e-15 0.9238795325112784
  outer loop
    vertex 854.9280972953686 1234.4206568118586 58.35270588497884
    vertex 854.4939715765532 1234.4206568118586 58.5325266454873
    vertex 854.9280972953683 1229.9206568118589 58.35270588497893
  endloop
endfacet
facet normal 0.13052619222003808 1.1910167821190897e-14 0.9914448613738123
  outer loop
    vertex 854.9280972953683 1229.9206568118589 58.35270588497893
    vertex 855.3939715765526 1229.9206568118586 58.291372372299485
    vertex 854.9280972953686 1234.4206568118586 58.35270588497884
  endloop
endfacet
facet normal 0.13052619222003808 1.1910167821190897e-14 0.9914448613738123
  outer loop
    vertex 855.393971576553 1234.4206568118584 58.29137237229939
    vertex 854.9280972953686 1234.4206568118586 58.35270588497884
    vertex 855.3939715765526 1229.9206568118586 58.291372372299485
  endloop
endfacet
facet normal -0.13052619222003808 2.5101707369809356e-14 0.9914448613738123
  outer loop
    vertex 855.3939715765526 1229.9206568118586 58.291372372299485
    vertex 855.859845857737 1229.9206568118586 58.35270588497893
    vertex 855.393971576553 1234.4206568118584 58.29137237229939
  endloop
endfacet
facet normal -0.13052619222003808 2.5101707369809356e-14 0.9914448613738123
  outer loop
    vertex 855.8598458577374 1234.4206568118584 58.35270588497884
    vertex 855.393971576553 1234.4206568118584 58.29137237229939
    vertex 855.859845857737 1229.9206568118586 58.35270588497893
  endloop
endfacet
facet normal -0.38268343236511 3.658260704371093e-14 0.9238795325112784
  outer loop
    vertex 856.2939715765524 1229.9206568118584 58.532526645487394
    vertex 856.2939715765528 1234.4206568118584 58.5325266454873
    vertex 855.859845857737 1229.9206568118586 58.35270588497893
  endloop
endfacet
facet normal -0.38268343236511 3.658260704371093e-14 0.9238795325112784
  outer loop
    vertex 855.8598458577374 1234.4206568118584 58.35270588497884
    vertex 855.859845857737 1229.9206568118586 58.35270588497893
    vertex 856.2939715765528 1234.4206568118584 58.5325266454873
  endloop
endfacet
facet normal -0.6087614290087642 4.5570462503199447e-14 0.7933533402912017
  outer loop
    vertex 856.2939715765524 1229.9206568118584 58.532526645487394
    vertex 856.6667637826885 1229.9206568118584 58.818580166163315
    vertex 856.2939715765528 1234.4206568118584 58.5325266454873
  endloop
endfacet
facet normal -0.6087614290087642 4.5570462503199447e-14 0.7933533402912017
  outer loop
    vertex 856.6667637826888 1234.4206568118584 58.81858016616322
    vertex 856.2939715765528 1234.4206568118584 58.5325266454873
    vertex 856.6667637826885 1229.9206568118584 58.818580166163315
  endloop
endfacet
facet normal -0.7933533402912482 5.145276625184308e-14 0.6087614290087038
  outer loop
    vertex 856.9528173033643 1229.9206568118586 59.19137237229928
    vertex 856.9528173033647 1234.4206568118584 59.19137237229919
    vertex 856.6667637826885 1229.9206568118584 58.818580166163315
  endloop
endfacet
facet normal -0.7933533402912482 5.145276625184308e-14 0.6087614290087038
  outer loop
    vertex 856.6667637826888 1234.4206568118584 58.81858016616322
    vertex 856.6667637826885 1229.9206568118584 58.818580166163315
    vertex 856.9528173033647 1234.4206568118584 59.19137237229919
  endloop
endfacet
facet normal -0.9238795325112585 5.382864901014095e-14 0.382683432365158
  outer loop
    vertex 857.1326380638728 1229.9206568118584 59.62549809111469
    vertex 857.1326380638732 1234.4206568118584 59.6254980911146
    vertex 856.9528173033643 1229.9206568118586 59.19137237229928
  endloop
endfacet
facet normal -0.9238795325112585 5.382864901014095e-14 0.382683432365158
  outer loop
    vertex 856.9528173033647 1234.4206568118584 59.19137237229919
    vertex 856.9528173033643 1229.9206568118586 59.19137237229928
    vertex 857.1326380638732 1234.4206568118584 59.6254980911146
  endloop
endfacet
facet normal -0.9914448613738231 5.253619829444569e-14 0.13052619221995615
  outer loop
    vertex 857.1939715765523 1229.9206568118584 60.09137237229908
    vertex 857.1939715765524 1234.4206568118584 60.091372372298984
    vertex 857.1326380638728 1229.9206568118584 59.62549809111469
  endloop
endfacet
facet normal -0.9914448613738231 5.253619829444569e-14 0.13052619221995615
  outer loop
    vertex 857.1326380638732 1234.4206568118584 59.6254980911146
    vertex 857.1326380638728 1229.9206568118584 59.62549809111469
    vertex 857.1939715765524 1234.4206568118584 60.091372372298984
  endloop
endfacet
facet normal -0.9914448613738229 4.766349248516109e-14 -0.13052619221995612
  outer loop
    vertex 857.1326380638728 1229.9206568118586 60.55724665348345
    vertex 857.132638063873 1234.4206568118586 60.55724665348337
    vertex 857.1939715765523 1229.9206568118584 60.09137237229908
  endloop
endfacet
facet normal -0.9914448613738229 4.766349248516109e-14 -0.13052619221995612
  outer loop
    vertex 857.1939715765524 1234.4206568118584 60.091372372298984
    vertex 857.1939715765523 1229.9206568118584 60.09137237229908
    vertex 857.132638063873 1234.4206568118586 60.55724665348337
  endloop
endfacet
facet normal -0.9238795325112726 3.954259843065121e-14 -0.38268343236512403
  outer loop
    vertex 856.9528173033643 1229.9206568118586 60.99137237229887
    vertex 856.9528173033646 1234.4206568118586 60.99137237229878
    vertex 857.1326380638728 1229.9206568118586 60.55724665348345
  endloop
endfacet
facet normal -0.9238795325112726 3.954259843065121e-14 -0.38268343236512403
  outer loop
    vertex 857.132638063873 1234.4206568118586 60.55724665348337
    vertex 857.1326380638728 1229.9206568118586 60.55724665348345
    vertex 856.9528173033646 1234.4206568118586 60.99137237229878
  endloop
endfacet
facet normal -0.7933533402912125 2.8726941640329406e-14 -0.6087614290087501
  outer loop
    vertex 856.6667637826885 1229.9206568118586 61.36416457843484
    vertex 856.6667637826886 1234.4206568118586 61.364164578434746
    vertex 856.9528173033643 1229.9206568118586 60.99137237229887
  endloop
endfacet
facet normal -0.7933533402912125 2.8726941640329406e-14 -0.6087614290087501
  outer loop
    vertex 856.9528173033646 1234.4206568118586 60.99137237229878
    vertex 856.9528173033643 1229.9206568118586 60.99137237229887
    vertex 856.6667637826886 1234.4206568118586 61.364164578434746
  endloop
endfacet
facet normal -0.6087614290087642 1.5953591250739582e-14 -0.7933533402912017
  outer loop
    vertex 856.2939715765524 1229.9206568118584 61.65021809911076
    vertex 856.2939715765526 1234.4206568118584 61.65021809911067
    vertex 856.6667637826885 1229.9206568118586 61.36416457843484
  endloop
endfacet
facet normal -0.6087614290087642 1.5953591250739582e-14 -0.7933533402912017
  outer loop
    vertex 856.6667637826886 1234.4206568118586 61.364164578434746
    vertex 856.6667637826885 1229.9206568118586 61.36416457843484
    vertex 856.2939715765526 1234.4206568118584 61.65021809911067
  endloop
endfacet
facet normal -0.7933533402912125 2.8726941640329406e-14 -0.6087614290087501
  outer loop
    vertex 825.6667637826882 1229.9206568118602 61.36416407183061
    vertex 825.6667637826885 1234.4206568118602 61.36416407183052
    vertex 825.9528173033642 1229.9206568118602 60.991371865694646
  endloop
endfacet
facet normal -0.7933533402912125 2.8726941640329406e-14 -0.6087614290087501
  outer loop
    vertex 825.9528173033643 1234.4206568118602 60.99137186569455
    vertex 825.9528173033642 1229.9206568118602 60.991371865694646
    vertex 825.6667637826885 1234.4206568118602 61.36416407183052
  endloop
endfacet
facet normal -0.6087614290087642 1.5953591250739582e-14 -0.7933533402912017
  outer loop
    vertex 825.2939715765523 1229.92065681186 61.65021759250653
    vertex 825.2939715765525 1234.42065681186 61.65021759250644
    vertex 825.6667637826882 1229.9206568118602 61.36416407183061
  endloop
endfacet
facet normal -0.6087614290087642 1.5953591250739582e-14 -0.7933533402912017
  outer loop
    vertex 825.6667637826885 1234.4206568118602 61.36416407183052
    vertex 825.6667637826882 1229.9206568118602 61.36416407183061
    vertex 825.2939715765525 1234.42065681186 61.65021759250644
  endloop
endfacet
facet normal -0.38268343236511 2.0930299819619862e-15 -0.9238795325112784
  outer loop
    vertex 825.2939715765523 1229.92065681186 61.65021759250653
    vertex 824.8598458577354 1229.9206568118602 61.83003835301499
    vertex 825.2939715765525 1234.42065681186 61.65021759250644
  endloop
endfacet
facet normal -0.38268343236511 2.0930299819619862e-15 -0.9238795325112784
  outer loop
    vertex 824.8598458577356 1234.4206568118602 61.8300383530149
    vertex 825.2939715765525 1234.42065681186 61.65021759250644
    vertex 824.8598458577354 1229.9206568118602 61.83003835301499
  endloop
endfacet
facet normal -0.13052619222003808 -1.1910167821190897e-14 -0.9914448613738123
  outer loop
    vertex 824.8598458577354 1229.9206568118602 61.83003835301499
    vertex 824.393971576551 1229.9206568118602 61.89137186569444
    vertex 824.8598458577356 1234.4206568118602 61.8300383530149
  endloop
endfacet
facet normal -0.13052619222003808 -1.1910167821190897e-14 -0.9914448613738123
  outer loop
    vertex 824.3939715765512 1234.42065681186 61.891371865694346
    vertex 824.8598458577356 1234.4206568118602 61.8300383530149
    vertex 824.393971576551 1229.9206568118602 61.89137186569444
  endloop
endfacet
facet normal 0.13052619222003808 -2.5101707369809356e-14 -0.9914448613738123
  outer loop
    vertex 824.393971576551 1229.9206568118602 61.89137186569444
    vertex 823.9280972953667 1229.9206568118605 61.83003835301499
    vertex 824.3939715765512 1234.42065681186 61.891371865694346
  endloop
endfacet
facet normal 0.13052619222003808 -2.5101707369809356e-14 -0.9914448613738123
  outer loop
    vertex 823.9280972953668 1234.4206568118605 61.8300383530149
    vertex 824.3939715765512 1234.42065681186 61.891371865694346
    vertex 823.9280972953667 1229.9206568118605 61.83003835301499
  endloop
endfacet
facet normal 0.38268343236511 -3.658260704371093e-14 -0.9238795325112784
  outer loop
    vertex 823.4939715765527 1229.9206568118602 61.65021759250653
    vertex 823.4939715765529 1234.4206568118602 61.65021759250644
    vertex 823.9280972953667 1229.9206568118605 61.83003835301499
  endloop
endfacet
facet normal 0.38268343236511 -3.658260704371093e-14 -0.9238795325112784
  outer loop
    vertex 823.9280972953668 1234.4206568118605 61.8300383530149
    vertex 823.9280972953667 1229.9206568118605 61.83003835301499
    vertex 823.4939715765529 1234.4206568118602 61.65021759250644
  endloop
endfacet
facet normal 0.6087614290087642 -4.5570462503199447e-14 -0.7933533402912017
  outer loop
    vertex 823.4939715765527 1229.9206568118602 61.65021759250653
    vertex 823.1211793704167 1229.9206568118605 61.36416407183061
    vertex 823.4939715765529 1234.4206568118602 61.65021759250644
  endloop
endfacet
facet normal 0.6087614290087642 -4.5570462503199447e-14 -0.7933533402912017
  outer loop
    vertex 823.1211793704169 1234.4206568118605 61.36416407183052
    vertex 823.4939715765529 1234.4206568118602 61.65021759250644
    vertex 823.1211793704167 1229.9206568118605 61.36416407183061
  endloop
endfacet
facet normal 0.7933533402912482 -5.145276625184308e-14 -0.6087614290087038
  outer loop
    vertex 823.1211793704169 1234.4206568118605 61.36416407183052
    vertex 823.1211793704167 1229.9206568118605 61.36416407183061
    vertex 822.835125849741 1234.4206568118605 60.99137186569455
  endloop
endfacet
facet normal 0.7933533402912482 -5.145276625184308e-14 -0.6087614290087038
  outer loop
    vertex 822.8351258497408 1229.9206568118605 60.991371865694646
    vertex 822.835125849741 1234.4206568118605 60.99137186569455
    vertex 823.1211793704167 1229.9206568118605 61.36416407183061
  endloop
endfacet
facet normal 0.9238795325112585 -5.382864901014095e-14 -0.382683432365158
  outer loop
    vertex 822.835125849741 1234.4206568118605 60.99137186569455
    vertex 822.8351258497408 1229.9206568118605 60.991371865694646
    vertex 822.6553050892326 1234.4206568118605 60.55724614687914
  endloop
endfacet
facet normal 0.9238795325112585 -5.382864901014095e-14 -0.382683432365158
  outer loop
    vertex 822.6553050892323 1229.9206568118605 60.55724614687923
    vertex 822.6553050892326 1234.4206568118605 60.55724614687914
    vertex 822.8351258497408 1229.9206568118605 60.991371865694646
  endloop
endfacet
facet normal 0.9914448613738231 -5.253619829444569e-14 -0.13052619221995615
  outer loop
    vertex 822.6553050892326 1234.4206568118605 60.55724614687914
    vertex 822.6553050892323 1229.9206568118605 60.55724614687923
    vertex 822.593971576553 1234.4206568118602 60.09137186569476
  endloop
endfacet
facet normal 0.9914448613738231 -5.253619829444569e-14 -0.13052619221995615
  outer loop
    vertex 822.5939715765529 1229.9206568118602 60.091371865694846
    vertex 822.593971576553 1234.4206568118602 60.09137186569476
    vertex 822.6553050892323 1229.9206568118605 60.55724614687923
  endloop
endfacet
facet normal 0.9914448613738229 -4.766349248516109e-14 0.13052619221995612
  outer loop
    vertex 822.593971576553 1234.4206568118602 60.09137186569476
    vertex 822.5939715765529 1229.9206568118602 60.091371865694846
    vertex 822.6553050892327 1234.4206568118602 59.625497584508935
  endloop
endfacet
facet normal 0.9914448613738229 -4.766349248516109e-14 0.13052619221995612
  outer loop
    vertex 822.6553050892323 1229.9206568118605 59.62549758450903
    vertex 822.6553050892327 1234.4206568118602 59.625497584508935
    vertex 822.5939715765529 1229.9206568118602 60.091371865694846
  endloop
endfacet
facet normal 0.9238795325112726 -3.954259843065121e-14 0.38268343236512403
  outer loop
    vertex 822.6553050892327 1234.4206568118602 59.625497584508935
    vertex 822.6553050892323 1229.9206568118605 59.62549758450903
    vertex 822.8351258497412 1234.4206568118602 59.19137186569352
  endloop
endfacet
facet normal 0.9238795325112726 -3.954259843065121e-14 0.38268343236512403
  outer loop
    vertex 822.8351258497408 1229.9206568118605 59.19137186569361
    vertex 822.8351258497412 1234.4206568118602 59.19137186569352
    vertex 822.6553050892323 1229.9206568118605 59.62549758450903
  endloop
endfacet
facet normal 0.7933533402912125 -2.8726941640329406e-14 0.6087614290087501
  outer loop
    vertex 822.8351258497412 1234.4206568118602 59.19137186569352
    vertex 822.8351258497408 1229.9206568118605 59.19137186569361
    vertex 823.121179370417 1234.42065681186 58.818579659559
  endloop
endfacet
facet normal 0.7933533402912125 -2.8726941640329406e-14 0.6087614290087501
  outer loop
    vertex 823.1211793704167 1229.9206568118602 58.818579659559084
    vertex 823.121179370417 1234.42065681186 58.818579659559
    vertex 822.8351258497408 1229.9206568118605 59.19137186569361
  endloop
endfacet
facet normal 0.6087614290087642 -1.5953591250739582e-14 0.7933533402912017
  outer loop
    vertex 823.4939715765527 1229.92065681186 58.53252613888172
    vertex 823.493971576553 1234.42065681186 58.53252613888163
    vertex 823.1211793704167 1229.9206568118602 58.818579659559084
  endloop
endfacet
facet normal 0.6087614290087642 -1.5953591250739582e-14 0.7933533402912017
  outer loop
    vertex 823.121179370417 1234.42065681186 58.818579659559
    vertex 823.1211793704167 1229.9206568118602 58.818579659559084
    vertex 823.493971576553 1234.42065681186 58.53252613888163
  endloop
endfacet
facet normal 0.38268343236511 -2.0930299819619862e-15 0.9238795325112784
  outer loop
    vertex 823.4939715765527 1229.92065681186 58.53252613888172
    vertex 823.928097295368 1229.9206568118602 58.352705378373265
    vertex 823.493971576553 1234.42065681186 58.53252613888163
  endloop
endfacet
facet normal 0.38268343236511 -2.0930299819619862e-15 0.9238795325112784
  outer loop
    vertex 823.9280972953685 1234.42065681186 58.35270537837317
    vertex 823.493971576553 1234.42065681186 58.53252613888163
    vertex 823.928097295368 1229.9206568118602 58.352705378373265
  endloop
endfacet
facet normal 0.13052619222003808 1.1910167821190897e-14 0.9914448613738123
  outer loop
    vertex 823.928097295368 1229.9206568118602 58.352705378373265
    vertex 824.3939715765525 1229.9206568118602 58.29137186569381
    vertex 823.9280972953685 1234.42065681186 58.35270537837317
  endloop
endfacet
facet normal 0.13052619222003808 1.1910167821190897e-14 0.9914448613738123
  outer loop
    vertex 824.3939715765529 1234.42065681186 58.291371865693726
    vertex 823.9280972953685 1234.42065681186 58.35270537837317
    vertex 824.3939715765525 1229.9206568118602 58.29137186569381
  endloop
endfacet
facet normal -0.13052619222003808 2.5101707369809356e-14 0.9914448613738123
  outer loop
    vertex 824.3939715765525 1229.9206568118602 58.29137186569381
    vertex 824.8598458577369 1229.9206568118602 58.352705378373265
    vertex 824.3939715765529 1234.42065681186 58.291371865693726
  endloop
endfacet
facet normal -0.13052619222003808 2.5101707369809356e-14 0.9914448613738123
  outer loop
    vertex 824.8598458577372 1234.42065681186 58.35270537837317
    vertex 824.3939715765529 1234.42065681186 58.291371865693726
    vertex 824.8598458577369 1229.9206568118602 58.352705378373265
  endloop
endfacet
facet normal -0.38268343236511 3.658260704371093e-14 0.9238795325112784
  outer loop
    vertex 825.2939715765523 1229.92065681186 58.53252613888172
    vertex 825.2939715765526 1234.42065681186 58.53252613888163
    vertex 824.8598458577369 1229.9206568118602 58.352705378373265
  endloop
endfacet
facet normal -0.38268343236511 3.658260704371093e-14 0.9238795325112784
  outer loop
    vertex 824.8598458577372 1234.42065681186 58.35270537837317
    vertex 824.8598458577369 1229.9206568118602 58.352705378373265
    vertex 825.2939715765526 1234.42065681186 58.53252613888163
  endloop
endfacet
facet normal -0.6087614290087642 4.5570462503199447e-14 0.7933533402912017
  outer loop
    vertex 825.2939715765523 1229.92065681186 58.53252613888172
    vertex 825.6667637826882 1229.9206568118602 58.818579659559084
    vertex 825.2939715765526 1234.42065681186 58.53252613888163
  endloop
endfacet
facet normal -0.6087614290087642 4.5570462503199447e-14 0.7933533402912017
  outer loop
    vertex 825.6667637826886 1234.42065681186 58.818579659559
    vertex 825.2939715765526 1234.42065681186 58.53252613888163
    vertex 825.6667637826882 1229.9206568118602 58.818579659559084
  endloop
endfacet
facet normal -0.7933533402912482 5.145276625184308e-14 0.6087614290087038
  outer loop
    vertex 825.9528173033642 1229.9206568118602 59.19137186569361
    vertex 825.9528173033646 1234.42065681186 59.19137186569352
    vertex 825.6667637826882 1229.9206568118602 58.818579659559084
  endloop
endfacet
facet normal -0.7933533402912482 5.145276625184308e-14 0.6087614290087038
  outer loop
    vertex 825.6667637826886 1234.42065681186 58.818579659559
    vertex 825.6667637826882 1229.9206568118602 58.818579659559084
    vertex 825.9528173033646 1234.42065681186 59.19137186569352
  endloop
endfacet
facet normal -0.9238795325112585 5.382864901014095e-14 0.382683432365158
  outer loop
    vertex 826.1326380638726 1229.9206568118602 59.62549758450903
    vertex 826.132638063873 1234.42065681186 59.625497584508935
    vertex 825.9528173033642 1229.9206568118602 59.19137186569361
  endloop
endfacet
facet normal -0.9238795325112585 5.382864901014095e-14 0.382683432365158
  outer loop
    vertex 825.9528173033646 1234.42065681186 59.19137186569352
    vertex 825.9528173033642 1229.9206568118602 59.19137186569361
    vertex 826.132638063873 1234.42065681186 59.625497584508935
  endloop
endfacet
facet normal -0.9914448613738231 5.253619829444569e-14 0.13052619221995615
  outer loop
    vertex 826.193971576552 1229.92065681186 60.091371865694846
    vertex 826.1939715765523 1234.42065681186 60.09137186569476
    vertex 826.1326380638726 1229.9206568118602 59.62549758450903
  endloop
endfacet
facet normal -0.9914448613738231 5.253619829444569e-14 0.13052619221995615
  outer loop
    vertex 826.132638063873 1234.42065681186 59.625497584508935
    vertex 826.1326380638726 1229.9206568118602 59.62549758450903
    vertex 826.1939715765523 1234.42065681186 60.09137186569476
  endloop
endfacet
facet normal -0.9914448613738229 4.766349248516109e-14 -0.13052619221995612
  outer loop
    vertex 826.1326380638726 1229.9206568118602 60.55724614687923
    vertex 826.1326380638728 1234.4206568118602 60.55724614687914
    vertex 826.193971576552 1229.92065681186 60.091371865694846
  endloop
endfacet
facet normal -0.9914448613738229 4.766349248516109e-14 -0.13052619221995612
  outer loop
    vertex 826.1939715765523 1234.42065681186 60.09137186569476
    vertex 826.193971576552 1229.92065681186 60.091371865694846
    vertex 826.1326380638728 1234.4206568118602 60.55724614687914
  endloop
endfacet
facet normal -0.9238795325112726 3.954259843065121e-14 -0.38268343236512403
  outer loop
    vertex 825.9528173033642 1229.9206568118602 60.991371865694646
    vertex 825.9528173033643 1234.4206568118602 60.99137186569455
    vertex 826.1326380638726 1229.9206568118602 60.55724614687923
  endloop
endfacet
facet normal -0.9238795325112726 3.954259843065121e-14 -0.38268343236512403
  outer loop
    vertex 826.1326380638728 1234.4206568118602 60.55724614687914
    vertex 826.1326380638726 1229.9206568118602 60.55724614687923
    vertex 825.9528173033643 1234.4206568118602 60.99137186569455
  endloop
endfacet
facet normal 0.13052619222003808 1.1910167821190897e-14 0.9914448613738123
  outer loop
    vertex 823.9280972953667 1229.9206568118598 27.352705378373095
    vertex 824.393971576551 1229.9206568118598 27.291371865693645
    vertex 823.9280972953668 1234.4206568118595 27.352705378373013
  endloop
endfacet
facet normal 0.13052619222003808 1.1910167821190897e-14 0.9914448613738123
  outer loop
    vertex 824.3939715765512 1234.4206568118598 27.291371865693566
    vertex 823.9280972953668 1234.4206568118595 27.352705378373013
    vertex 824.393971576551 1229.9206568118598 27.291371865693645
  endloop
endfacet
facet normal -0.13052619222003808 2.5101707369809356e-14 0.9914448613738123
  outer loop
    vertex 824.393971576551 1229.9206568118598 27.291371865693645
    vertex 824.8598458577354 1229.9206568118598 27.352705378373095
    vertex 824.3939715765512 1234.4206568118598 27.291371865693566
  endloop
endfacet
facet normal -0.13052619222003808 2.5101707369809356e-14 0.9914448613738123
  outer loop
    vertex 824.8598458577356 1234.4206568118595 27.352705378373013
    vertex 824.3939715765512 1234.4206568118598 27.291371865693566
    vertex 824.8598458577354 1229.9206568118598 27.352705378373095
  endloop
endfacet
facet normal -0.38268343236511 3.658260704371093e-14 0.9238795325112784
  outer loop
    vertex 825.2939715765508 1229.9206568118595 27.532526138881554
    vertex 825.293971576551 1234.4206568118595 27.532526138881476
    vertex 824.8598458577354 1229.9206568118598 27.352705378373095
  endloop
endfacet
facet normal -0.38268343236511 3.658260704371093e-14 0.9238795325112784
  outer loop
    vertex 824.8598458577356 1234.4206568118595 27.352705378373013
    vertex 824.8598458577354 1229.9206568118598 27.352705378373095
    vertex 825.293971576551 1234.4206568118595 27.532526138881476
  endloop
endfacet
facet normal -0.6087614290087642 4.5570462503199447e-14 0.7933533402912017
  outer loop
    vertex 825.2939715765508 1229.9206568118595 27.532526138881554
    vertex 825.6667637826868 1229.9206568118598 27.818579659558917
    vertex 825.293971576551 1234.4206568118595 27.532526138881476
  endloop
endfacet
facet normal -0.6087614290087642 4.5570462503199447e-14 0.7933533402912017
  outer loop
    vertex 825.666763782687 1234.4206568118595 27.81857965955884
    vertex 825.293971576551 1234.4206568118595 27.532526138881476
    vertex 825.6667637826868 1229.9206568118598 27.818579659558917
  endloop
endfacet
facet normal -0.7933533402912482 5.145276625184308e-14 0.6087614290087038
  outer loop
    vertex 825.9528173033627 1229.9206568118598 28.19137186569344
    vertex 825.9528173033628 1234.4206568118595 28.191371865693363
    vertex 825.6667637826868 1229.9206568118598 27.818579659558917
  endloop
endfacet
facet normal -0.7933533402912482 5.145276625184308e-14 0.6087614290087038
  outer loop
    vertex 825.666763782687 1234.4206568118595 27.81857965955884
    vertex 825.6667637826868 1229.9206568118598 27.818579659558917
    vertex 825.9528173033628 1234.4206568118595 28.191371865693363
  endloop
endfacet
facet normal -0.9238795325112585 5.382864901014095e-14 0.382683432365158
  outer loop
    vertex 826.1326380638711 1229.9206568118598 28.625497584508857
    vertex 826.1326380638716 1234.4206568118595 28.625497584508775
    vertex 825.9528173033627 1229.9206568118598 28.19137186569344
  endloop
endfacet
facet normal -0.9238795325112585 5.382864901014095e-14 0.382683432365158
  outer loop
    vertex 825.9528173033628 1234.4206568118595 28.191371865693363
    vertex 825.9528173033627 1229.9206568118598 28.19137186569344
    vertex 826.1326380638716 1234.4206568118595 28.625497584508775
  endloop
endfacet
facet normal -0.9914448613738231 5.253619829444569e-14 0.13052619221995615
  outer loop
    vertex 826.1939715765507 1229.9206568118595 29.09137186569468
    vertex 826.193971576551 1234.4206568118595 29.0913718656946
    vertex 826.1326380638711 1229.9206568118598 28.625497584508857
  endloop
endfacet
facet normal -0.9914448613738231 5.253619829444569e-14 0.13052619221995615
  outer loop
    vertex 826.1326380638716 1234.4206568118595 28.625497584508775
    vertex 826.1326380638711 1229.9206568118598 28.625497584508857
    vertex 826.193971576551 1234.4206568118595 29.0913718656946
  endloop
endfacet
facet normal -0.9914448613738229 4.766349248516109e-14 -0.13052619221995612
  outer loop
    vertex 826.1326380638711 1229.9206568118595 29.55724614687906
    vertex 826.1326380638716 1234.4206568118595 29.55724614687898
    vertex 826.1939715765507 1229.9206568118595 29.09137186569468
  endloop
endfacet
facet normal -0.9914448613738229 4.766349248516109e-14 -0.13052619221995612
  outer loop
    vertex 826.193971576551 1234.4206568118595 29.0913718656946
    vertex 826.1939715765507 1229.9206568118595 29.09137186569468
    vertex 826.1326380638716 1234.4206568118595 29.55724614687898
  endloop
endfacet
facet normal -0.9238795325112726 3.954259843065121e-14 -0.38268343236512403
  outer loop
    vertex 825.9528173033627 1229.9206568118598 29.991371865694475
    vertex 825.9528173033631 1234.4206568118598 29.991371865694397
    vertex 826.1326380638711 1229.9206568118595 29.55724614687906
  endloop
endfacet
facet normal -0.9238795325112726 3.954259843065121e-14 -0.38268343236512403
  outer loop
    vertex 826.1326380638716 1234.4206568118595 29.55724614687898
    vertex 826.1326380638711 1229.9206568118595 29.55724614687906
    vertex 825.9528173033631 1234.4206568118598 29.991371865694397
  endloop
endfacet
facet normal -0.7933533402912125 2.8726941640329406e-14 -0.6087614290087501
  outer loop
    vertex 825.6667637826868 1229.9206568118595 30.36416407183044
    vertex 825.6667637826872 1234.4206568118595 30.364164071830363
    vertex 825.9528173033627 1229.9206568118598 29.991371865694475
  endloop
endfacet
facet normal -0.7933533402912125 2.8726941640329406e-14 -0.6087614290087501
  outer loop
    vertex 825.9528173033631 1234.4206568118598 29.991371865694397
    vertex 825.9528173033627 1229.9206568118598 29.991371865694475
    vertex 825.6667637826872 1234.4206568118595 30.364164071830363
  endloop
endfacet
facet normal -0.6087614290087642 1.5953591250739582e-14 -0.7933533402912017
  outer loop
    vertex 825.6667637826868 1229.9206568118595 30.36416407183044
    vertex 825.2939715765508 1229.9206568118595 30.650217592506362
    vertex 825.6667637826872 1234.4206568118595 30.364164071830363
  endloop
endfacet
facet normal -0.6087614290087642 1.5953591250739582e-14 -0.7933533402912017
  outer loop
    vertex 825.2939715765511 1234.4206568118595 30.650217592506284
    vertex 825.6667637826872 1234.4206568118595 30.364164071830363
    vertex 825.2939715765508 1229.9206568118595 30.650217592506362
  endloop
endfacet
facet normal -0.38268343236511 2.0930299819619862e-15 -0.9238795325112784
  outer loop
    vertex 825.2939715765508 1229.9206568118595 30.650217592506362
    vertex 824.8598458577354 1229.9206568118598 30.83003835301482
    vertex 825.2939715765511 1234.4206568118595 30.650217592506284
  endloop
endfacet
facet normal -0.38268343236511 2.0930299819619862e-15 -0.9238795325112784
  outer loop
    vertex 824.8598458577358 1234.4206568118598 30.830038353014743
    vertex 825.2939715765511 1234.4206568118595 30.650217592506284
    vertex 824.8598458577354 1229.9206568118598 30.83003835301482
  endloop
endfacet
facet normal -0.13052619222003808 -1.1910167821190897e-14 -0.9914448613738123
  outer loop
    vertex 824.8598458577354 1229.9206568118598 30.83003835301482
    vertex 824.393971576551 1229.9206568118598 30.89137186569427
    vertex 824.8598458577358 1234.4206568118598 30.830038353014743
  endloop
endfacet
facet normal -0.13052619222003808 -1.1910167821190897e-14 -0.9914448613738123
  outer loop
    vertex 824.3939715765514 1234.4206568118595 30.891371865694193
    vertex 824.8598458577358 1234.4206568118598 30.830038353014743
    vertex 824.393971576551 1229.9206568118598 30.89137186569427
  endloop
endfacet
facet normal 0.13052619222003808 -2.5101707369809356e-14 -0.9914448613738123
  outer loop
    vertex 824.393971576551 1229.9206568118598 30.89137186569427
    vertex 823.9280972953667 1229.9206568118598 30.83003835301482
    vertex 824.3939715765514 1234.4206568118595 30.891371865694193
  endloop
endfacet
facet normal 0.13052619222003808 -2.5101707369809356e-14 -0.9914448613738123
  outer loop
    vertex 823.928097295367 1234.4206568118598 30.830038353014743
    vertex 824.3939715765514 1234.4206568118595 30.891371865694193
    vertex 823.9280972953667 1229.9206568118598 30.83003835301482
  endloop
endfacet
facet normal 0.38268343236511 -3.658260704371093e-14 -0.9238795325112784
  outer loop
    vertex 823.4939715765512 1229.9206568118595 30.650217592506362
    vertex 823.4939715765516 1234.4206568118595 30.650217592506284
    vertex 823.9280972953667 1229.9206568118598 30.83003835301482
  endloop
endfacet
facet normal 0.38268343236511 -3.658260704371093e-14 -0.9238795325112784
  outer loop
    vertex 823.928097295367 1234.4206568118598 30.830038353014743
    vertex 823.9280972953667 1229.9206568118598 30.83003835301482
    vertex 823.4939715765516 1234.4206568118595 30.650217592506284
  endloop
endfacet
facet normal 0.6087614290087642 -4.5570462503199447e-14 -0.7933533402912017
  outer loop
    vertex 823.4939715765512 1229.9206568118595 30.650217592506362
    vertex 823.1211793704152 1229.9206568118598 30.36416407183044
    vertex 823.4939715765516 1234.4206568118595 30.650217592506284
  endloop
endfacet
facet normal 0.6087614290087642 -4.5570462503199447e-14 -0.7933533402912017
  outer loop
    vertex 823.1211793704157 1234.4206568118598 30.364164071830363
    vertex 823.4939715765516 1234.4206568118595 30.650217592506284
    vertex 823.1211793704152 1229.9206568118598 30.36416407183044
  endloop
endfacet
facet normal 0.7933533402912482 -5.145276625184308e-14 -0.6087614290087038
  outer loop
    vertex 823.1211793704157 1234.4206568118598 30.364164071830363
    vertex 823.1211793704152 1229.9206568118598 30.36416407183044
    vertex 822.8351258497397 1234.42065681186 29.991371865694397
  endloop
endfacet
facet normal 0.7933533402912482 -5.145276625184308e-14 -0.6087614290087038
  outer loop
    vertex 822.8351258497394 1229.9206568118598 29.991371865694475
    vertex 822.8351258497397 1234.42065681186 29.991371865694397
    vertex 823.1211793704152 1229.9206568118598 30.36416407183044
  endloop
endfacet
facet normal 0.9238795325112585 -5.382864901014095e-14 -0.382683432365158
  outer loop
    vertex 822.8351258497397 1234.42065681186 29.991371865694397
    vertex 822.8351258497394 1229.9206568118598 29.991371865694475
    vertex 822.6553050892312 1234.4206568118598 29.55724614687898
  endloop
endfacet
facet normal 0.9238795325112585 -5.382864901014095e-14 -0.382683432365158
  outer loop
    vertex 822.6553050892309 1229.9206568118598 29.55724614687906
    vertex 822.6553050892312 1234.4206568118598 29.55724614687898
    vertex 822.8351258497394 1229.9206568118598 29.991371865694475
  endloop
endfacet
facet normal 0.9914448613738231 -5.253619829444569e-14 -0.13052619221995615
  outer loop
    vertex 822.6553050892312 1234.4206568118598 29.55724614687898
    vertex 822.6553050892309 1229.9206568118598 29.55724614687906
    vertex 822.5939715765518 1234.4206568118598 29.0913718656946
  endloop
endfacet
facet normal 0.9914448613738231 -5.253619829444569e-14 -0.13052619221995615
  outer loop
    vertex 822.5939715765514 1229.9206568118598 29.09137186569468
    vertex 822.5939715765518 1234.4206568118598 29.0913718656946
    vertex 822.6553050892309 1229.9206568118598 29.55724614687906
  endloop
endfacet
facet normal 0.9914448613738229 -4.766349248516109e-14 0.13052619221995612
  outer loop
    vertex 822.5939715765518 1234.4206568118598 29.0913718656946
    vertex 822.5939715765514 1229.9206568118598 29.09137186569468
    vertex 822.6553050892312 1234.4206568118595 28.625497584508775
  endloop
endfacet
facet normal 0.9914448613738229 -4.766349248516109e-14 0.13052619221995612
  outer loop
    vertex 822.6553050892309 1229.9206568118598 28.625497584508857
    vertex 822.6553050892312 1234.4206568118595 28.625497584508775
    vertex 822.5939715765514 1229.9206568118598 29.09137186569468
  endloop
endfacet
facet normal 0.9238795325112726 -3.954259843065121e-14 0.38268343236512403
  outer loop
    vertex 822.6553050892312 1234.4206568118595 28.625497584508775
    vertex 822.6553050892309 1229.9206568118598 28.625497584508857
    vertex 822.8351258497395 1234.4206568118595 28.191371865693363
  endloop
endfacet
facet normal 0.9238795325112726 -3.954259843065121e-14 0.38268343236512403
  outer loop
    vertex 822.8351258497394 1229.9206568118598 28.19137186569344
    vertex 822.8351258497395 1234.4206568118595 28.191371865693363
    vertex 822.6553050892309 1229.9206568118598 28.625497584508857
  endloop
endfacet
facet normal 0.7933533402912125 -2.8726941640329406e-14 0.6087614290087501
  outer loop
    vertex 822.8351258497395 1234.4206568118595 28.191371865693363
    vertex 822.8351258497394 1229.9206568118598 28.19137186569344
    vertex 823.1211793704155 1234.4206568118595 27.81857965955884
  endloop
endfacet
facet normal 0.7933533402912125 -2.8726941640329406e-14 0.6087614290087501
  outer loop
    vertex 823.1211793704152 1229.9206568118598 27.818579659558917
    vertex 823.1211793704155 1234.4206568118595 27.81857965955884
    vertex 822.8351258497394 1229.9206568118598 28.19137186569344
  endloop
endfacet
facet normal 0.6087614290087642 -1.5953591250739582e-14 0.7933533402912017
  outer loop
    vertex 823.4939715765512 1229.9206568118595 27.532526138881554
    vertex 823.4939715765514 1234.4206568118595 27.532526138881476
    vertex 823.1211793704152 1229.9206568118598 27.818579659558917
  endloop
endfacet
facet normal 0.6087614290087642 -1.5953591250739582e-14 0.7933533402912017
  outer loop
    vertex 823.1211793704155 1234.4206568118595 27.81857965955884
    vertex 823.1211793704152 1229.9206568118598 27.818579659558917
    vertex 823.4939715765514 1234.4206568118595 27.532526138881476
  endloop
endfacet
facet normal 0.38268343236511 -2.0930299819619862e-15 0.9238795325112784
  outer loop
    vertex 823.4939715765512 1229.9206568118595 27.532526138881554
    vertex 823.9280972953667 1229.9206568118598 27.352705378373095
    vertex 823.4939715765514 1234.4206568118595 27.532526138881476
  endloop
endfacet
facet normal 0.38268343236511 -2.0930299819619862e-15 0.9238795325112784
  outer loop
    vertex 823.9280972953668 1234.4206568118595 27.352705378373013
    vertex 823.4939715765514 1234.4206568118595 27.532526138881476
    vertex 823.9280972953667 1229.9206568118598 27.352705378373095
  endloop
endfacet
facet normal 0.13052619222003808 1.1910167821190897e-14 0.9914448613738123
  outer loop
    vertex 854.9280972953668 1229.920656811858 27.352705378373095
    vertex 855.3939715765512 1229.920656811858 27.291371865693645
    vertex 854.928097295367 1234.420656811858 27.352705378373013
  endloop
endfacet
facet normal 0.13052619222003808 1.1910167821190897e-14 0.9914448613738123
  outer loop
    vertex 855.3939715765514 1234.4206568118582 27.291371865693566
    vertex 854.928097295367 1234.420656811858 27.352705378373013
    vertex 855.3939715765512 1229.920656811858 27.291371865693645
  endloop
endfacet
facet normal -0.13052619222003808 2.5101707369809356e-14 0.9914448613738123
  outer loop
    vertex 855.3939715765512 1229.920656811858 27.291371865693645
    vertex 855.8598458577355 1229.920656811858 27.352705378373095
    vertex 855.3939715765514 1234.4206568118582 27.291371865693566
  endloop
endfacet
facet normal -0.13052619222003808 2.5101707369809356e-14 0.9914448613738123
  outer loop
    vertex 855.8598458577358 1234.420656811858 27.352705378373013
    vertex 855.3939715765514 1234.4206568118582 27.291371865693566
    vertex 855.8598458577355 1229.920656811858 27.352705378373095
  endloop
endfacet
facet normal -0.38268343236511 3.658260704371093e-14 0.9238795325112784
  outer loop
    vertex 856.293971576551 1229.920656811858 27.532526138881554
    vertex 856.2939715765511 1234.420656811858 27.532526138881476
    vertex 855.8598458577355 1229.920656811858 27.352705378373095
  endloop
endfacet
facet normal -0.38268343236511 3.658260704371093e-14 0.9238795325112784
  outer loop
    vertex 855.8598458577358 1234.420656811858 27.352705378373013
    vertex 855.8598458577355 1229.920656811858 27.352705378373095
    vertex 856.2939715765511 1234.420656811858 27.532526138881476
  endloop
endfacet
facet normal -0.6087614290087642 4.5570462503199447e-14 0.7933533402912017
  outer loop
    vertex 856.293971576551 1229.920656811858 27.532526138881554
    vertex 856.666763782687 1229.920656811858 27.818579659557475
    vertex 856.2939715765511 1234.420656811858 27.532526138881476
  endloop
endfacet
facet normal -0.6087614290087642 4.5570462503199447e-14 0.7933533402912017
  outer loop
    vertex 856.6667637826873 1234.420656811858 27.818579659557397
    vertex 856.2939715765511 1234.420656811858 27.532526138881476
    vertex 856.666763782687 1229.920656811858 27.818579659557475
  endloop
endfacet
facet normal -0.7933533402912482 5.145276625184308e-14 0.6087614290087038
  outer loop
    vertex 856.9528173033628 1229.920656811858 28.19137186569344
    vertex 856.9528173033633 1234.420656811858 28.191371865693363
    vertex 856.666763782687 1229.920656811858 27.818579659557475
  endloop
endfacet
facet normal -0.7933533402912482 5.145276625184308e-14 0.6087614290087038
  outer loop
    vertex 856.6667637826873 1234.420656811858 27.818579659557397
    vertex 856.666763782687 1229.920656811858 27.818579659557475
    vertex 856.9528173033633 1234.420656811858 28.191371865693363
  endloop
endfacet
facet normal -0.9238795325112585 5.382864901014095e-14 0.382683432365158
  outer loop
    vertex 857.1326380638714 1229.920656811858 28.625497584508857
    vertex 857.1326380638717 1234.420656811858 28.625497584508775
    vertex 856.9528173033628 1229.920656811858 28.19137186569344
  endloop
endfacet
facet normal -0.9238795325112585 5.382864901014095e-14 0.382683432365158
  outer loop
    vertex 856.9528173033633 1234.420656811858 28.191371865693363
    vertex 856.9528173033628 1229.920656811858 28.19137186569344
    vertex 857.1326380638717 1234.420656811858 28.625497584508775
  endloop
endfacet
facet normal -0.9914448613738231 5.253619829444569e-14 0.13052619221995615
  outer loop
    vertex 857.1939715765508 1229.920656811858 29.091371865693237
    vertex 857.1939715765511 1234.420656811858 29.09137186569316
    vertex 857.1326380638714 1229.920656811858 28.625497584508857
  endloop
endfacet
facet normal -0.9914448613738231 5.253619829444569e-14 0.13052619221995615
  outer loop
    vertex 857.1326380638717 1234.420656811858 28.625497584508775
    vertex 857.1326380638714 1229.920656811858 28.625497584508857
    vertex 857.1939715765511 1234.420656811858 29.09137186569316
  endloop
endfacet
facet normal -0.9914448613738229 4.766349248516109e-14 -0.13052619221995612
  outer loop
    vertex 857.1326380638714 1229.920656811858 29.557246146877617
    vertex 857.1326380638717 1234.420656811858 29.55724614687754
    vertex 857.1939715765508 1229.920656811858 29.091371865693237
  endloop
endfacet
facet normal -0.9914448613738229 4.766349248516109e-14 -0.13052619221995612
  outer loop
    vertex 857.1939715765511 1234.420656811858 29.09137186569316
    vertex 857.1939715765508 1229.920656811858 29.091371865693237
    vertex 857.1326380638717 1234.420656811858 29.55724614687754
  endloop
endfacet
facet normal -0.9238795325112726 3.954259843065121e-14 -0.38268343236512403
  outer loop
    vertex 856.9528173033628 1229.920656811858 29.991371865693033
    vertex 856.9528173033633 1234.4206568118582 29.99137186569295
    vertex 857.1326380638714 1229.920656811858 29.557246146877617
  endloop
endfacet
facet normal -0.9238795325112726 3.954259843065121e-14 -0.38268343236512403
  outer loop
    vertex 857.1326380638717 1234.420656811858 29.55724614687754
    vertex 857.1326380638714 1229.920656811858 29.557246146877617
    vertex 856.9528173033633 1234.4206568118582 29.99137186569295
  endloop
endfacet
facet normal -0.7933533402912125 2.8726941640329406e-14 -0.6087614290087501
  outer loop
    vertex 856.666763782687 1229.920656811858 30.364164071829
    vertex 856.6667637826873 1234.420656811858 30.36416407182892
    vertex 856.9528173033628 1229.920656811858 29.991371865693033
  endloop
endfacet
facet normal -0.7933533402912125 2.8726941640329406e-14 -0.6087614290087501
  outer loop
    vertex 856.9528173033633 1234.4206568118582 29.99137186569295
    vertex 856.9528173033628 1229.920656811858 29.991371865693033
    vertex 856.6667637826873 1234.420656811858 30.36416407182892
  endloop
endfacet
facet normal -0.6087614290087642 1.5953591250739582e-14 -0.7933533402912017
  outer loop
    vertex 856.666763782687 1229.920656811858 30.364164071829
    vertex 856.293971576551 1229.920656811858 30.65021759250492
    vertex 856.6667637826873 1234.420656811858 30.36416407182892
  endloop
endfacet
facet normal -0.6087614290087642 1.5953591250739582e-14 -0.7933533402912017
  outer loop
    vertex 856.2939715765514 1234.420656811858 30.65021759250484
    vertex 856.6667637826873 1234.420656811858 30.36416407182892
    vertex 856.293971576551 1229.920656811858 30.65021759250492
  endloop
endfacet
facet normal -0.38268343236511 2.0930299819619862e-15 -0.9238795325112784
  outer loop
    vertex 856.293971576551 1229.920656811858 30.65021759250492
    vertex 855.8598458577355 1229.920656811858 30.83003835301338
    vertex 856.2939715765514 1234.420656811858 30.65021759250484
  endloop
endfacet
facet normal -0.38268343236511 2.0930299819619862e-15 -0.9238795325112784
  outer loop
    vertex 855.859845857736 1234.4206568118582 30.8300383530133
    vertex 856.2939715765514 1234.420656811858 30.65021759250484
    vertex 855.8598458577355 1229.920656811858 30.83003835301338
  endloop
endfacet
facet normal -0.13052619222003808 -1.1910167821190897e-14 -0.9914448613738123
  outer loop
    vertex 855.8598458577355 1229.920656811858 30.83003835301338
    vertex 855.3939715765512 1229.9206568118582 30.891371865692825
    vertex 855.859845857736 1234.4206568118582 30.8300383530133
  endloop
endfacet
facet normal -0.13052619222003808 -1.1910167821190897e-14 -0.9914448613738123
  outer loop
    vertex 855.3939715765516 1234.4206568118582 30.891371865692747
    vertex 855.859845857736 1234.4206568118582 30.8300383530133
    vertex 855.3939715765512 1229.9206568118582 30.891371865692825
  endloop
endfacet
facet normal 0.13052619222003808 -2.5101707369809356e-14 -0.9914448613738123
  outer loop
    vertex 855.3939715765512 1229.9206568118582 30.891371865692825
    vertex 854.9280972953668 1229.9206568118582 30.83003835301338
    vertex 855.3939715765516 1234.4206568118582 30.891371865692747
  endloop
endfacet
facet normal 0.13052619222003808 -2.5101707369809356e-14 -0.9914448613738123
  outer loop
    vertex 854.9280972953671 1234.4206568118584 30.8300383530133
    vertex 855.3939715765516 1234.4206568118582 30.891371865692747
    vertex 854.9280972953668 1229.9206568118582 30.83003835301338
  endloop
endfacet
facet normal 0.38268343236511 -3.658260704371093e-14 -0.9238795325112784
  outer loop
    vertex 854.4939715765514 1229.920656811858 30.65021759250492
    vertex 854.4939715765518 1234.4206568118582 30.65021759250484
    vertex 854.9280972953668 1229.9206568118582 30.83003835301338
  endloop
endfacet
facet normal 0.38268343236511 -3.658260704371093e-14 -0.9238795325112784
  outer loop
    vertex 854.9280972953671 1234.4206568118584 30.8300383530133
    vertex 854.9280972953668 1229.9206568118582 30.83003835301338
    vertex 854.4939715765518 1234.4206568118582 30.65021759250484
  endloop
endfacet
facet normal 0.6087614290087642 -4.5570462503199447e-14 -0.7933533402912017
  outer loop
    vertex 854.4939715765514 1229.920656811858 30.65021759250492
    vertex 854.1211793704155 1229.920656811858 30.364164071829
    vertex 854.4939715765518 1234.4206568118582 30.65021759250484
  endloop
endfacet
facet normal 0.6087614290087642 -4.5570462503199447e-14 -0.7933533402912017
  outer loop
    vertex 854.1211793704158 1234.4206568118582 30.36416407182892
    vertex 854.4939715765518 1234.4206568118582 30.65021759250484
    vertex 854.1211793704155 1229.920656811858 30.364164071829
  endloop
endfacet
facet normal 0.7933533402912482 -5.145276625184308e-14 -0.6087614290087038
  outer loop
    vertex 854.1211793704158 1234.4206568118582 30.36416407182892
    vertex 854.1211793704155 1229.920656811858 30.364164071829
    vertex 853.8351258497399 1234.4206568118584 29.991371865694397
  endloop
endfacet
facet normal 0.7933533402912482 -5.145276625184308e-14 -0.6087614290087038
  outer loop
    vertex 853.8351258497395 1229.9206568118582 29.991371865694475
    vertex 853.8351258497399 1234.4206568118584 29.991371865694397
    vertex 854.1211793704155 1229.920656811858 30.364164071829
  endloop
endfacet
facet normal 0.9238795325112585 -5.382864901014095e-14 -0.382683432365158
  outer loop
    vertex 853.8351258497399 1234.4206568118584 29.991371865694397
    vertex 853.8351258497395 1229.9206568118582 29.991371865694475
    vertex 853.6553050892314 1234.4206568118582 29.55724614687898
  endloop
endfacet
facet normal 0.9238795325112585 -5.382864901014095e-14 -0.382683432365158
  outer loop
    vertex 853.6553050892311 1229.920656811858 29.55724614687906
    vertex 853.6553050892314 1234.4206568118582 29.55724614687898
    vertex 853.8351258497395 1229.9206568118582 29.991371865694475
  endloop
endfacet
facet normal 0.9914448613738231 -5.253619829444569e-14 -0.13052619221995615
  outer loop
    vertex 853.6553050892314 1234.4206568118582 29.55724614687898
    vertex 853.6553050892311 1229.920656811858 29.55724614687906
    vertex 853.593971576552 1234.4206568118582 29.09137186569316
  endloop
endfacet
facet normal 0.9914448613738231 -5.253619829444569e-14 -0.13052619221995615
  outer loop
    vertex 853.5939715765517 1229.920656811858 29.091371865693237
    vertex 853.593971576552 1234.4206568118582 29.09137186569316
    vertex 853.6553050892311 1229.920656811858 29.55724614687906
  endloop
endfacet
facet normal 0.9914448613738229 -4.766349248516109e-14 0.13052619221995612
  outer loop
    vertex 853.593971576552 1234.4206568118582 29.09137186569316
    vertex 853.5939715765517 1229.920656811858 29.091371865693237
    vertex 853.6553050892314 1234.4206568118582 28.625497584508775
  endloop
endfacet
facet normal 0.9914448613738229 -4.766349248516109e-14 0.13052619221995612
  outer loop
    vertex 853.6553050892311 1229.9206568118582 28.625497584508857
    vertex 853.6553050892314 1234.4206568118582 28.625497584508775
    vertex 853.5939715765517 1229.920656811858 29.091371865693237
  endloop
endfacet
facet normal 0.9238795325112726 -3.954259843065121e-14 0.38268343236512403
  outer loop
    vertex 853.6553050892314 1234.4206568118582 28.625497584508775
    vertex 853.6553050892311 1229.9206568118582 28.625497584508857
    vertex 853.8351258497399 1234.4206568118582 28.191371865693363
  endloop
endfacet
facet normal 0.9238795325112726 -3.954259843065121e-14 0.38268343236512403
  outer loop
    vertex 853.8351258497395 1229.9206568118582 28.19137186569344
    vertex 853.8351258497399 1234.4206568118582 28.191371865693363
    vertex 853.6553050892311 1229.9206568118582 28.625497584508857
  endloop
endfacet
facet normal 0.7933533402912125 -2.8726941640329406e-14 0.6087614290087501
  outer loop
    vertex 853.8351258497399 1234.4206568118582 28.191371865693363
    vertex 853.8351258497395 1229.9206568118582 28.19137186569344
    vertex 854.1211793704158 1234.4206568118582 27.818579659557397
  endloop
endfacet
facet normal 0.7933533402912125 -2.8726941640329406e-14 0.6087614290087501
  outer loop
    vertex 854.1211793704155 1229.9206568118582 27.818579659557475
    vertex 854.1211793704158 1234.4206568118582 27.818579659557397
    vertex 853.8351258497395 1229.9206568118582 28.19137186569344
  endloop
endfacet
facet normal 0.6087614290087642 -1.5953591250739582e-14 0.7933533402912017
  outer loop
    vertex 854.4939715765514 1229.920656811858 27.532526138881554
    vertex 854.4939715765516 1234.420656811858 27.532526138881476
    vertex 854.1211793704155 1229.9206568118582 27.818579659557475
  endloop
endfacet
facet normal 0.6087614290087642 -1.5953591250739582e-14 0.7933533402912017
  outer loop
    vertex 854.1211793704158 1234.4206568118582 27.818579659557397
    vertex 854.1211793704155 1229.9206568118582 27.818579659557475
    vertex 854.4939715765516 1234.420656811858 27.532526138881476
  endloop
endfacet
facet normal 0.38268343236511 -2.0930299819619862e-15 0.9238795325112784
  outer loop
    vertex 854.4939715765514 1229.920656811858 27.532526138881554
    vertex 854.9280972953668 1229.920656811858 27.352705378373095
    vertex 854.4939715765516 1234.420656811858 27.532526138881476
  endloop
endfacet
facet normal 0.38268343236511 -2.0930299819619862e-15 0.9238795325112784
  outer loop
    vertex 854.928097295367 1234.420656811858 27.352705378373013
    vertex 854.4939715765516 1234.420656811858 27.532526138881476
    vertex 854.9280972953668 1229.920656811858 27.352705378373095
  endloop
endfacet
facet normal -0.38268343236509306 2.0930299819610045e-15 -0.9238795325112853
  outer loop
    vertex 845.8939715765533 1229.920656811859 54.98367721771526
    vertex 842.999800117783 1229.9206568118593 56.182482287770696
    vertex 845.8939715765536 1234.420656811859 54.98367721771517
  endloop
endfacet
facet normal -0.38268343236509306 2.0930299819610045e-15 -0.9238795325112853
  outer loop
    vertex 842.9998001177831 1234.4206568118593 56.18248228777061
    vertex 845.8939715765536 1234.420656811859 54.98367721771517
    vertex 842.999800117783 1229.9206568118593 56.182482287770696
  endloop
endfacet
facet normal -0.13052619222004555 -1.1910167821190501e-14 -0.9914448613738113
  outer loop
    vertex 842.999800117783 1229.9206568118593 56.182482287770696
    vertex 839.8939715765533 1229.9206568118595 56.591372372301315
    vertex 842.9998001177831 1234.4206568118593 56.18248228777061
  endloop
endfacet
facet normal -0.13052619222004555 -1.1910167821190501e-14 -0.9914448613738113
  outer loop
    vertex 839.8939715765537 1234.4206568118595 56.59137237230122
    vertex 842.9998001177831 1234.4206568118593 56.18248228777061
    vertex 839.8939715765533 1229.9206568118595 56.591372372301315
  endloop
endfacet
facet normal 0.13052619222005968 -2.5101707369810394e-14 -0.9914448613738094
  outer loop
    vertex 839.8939715765533 1229.9206568118595 56.591372372301315
    vertex 836.7881430353222 1229.9206568118595 56.182482287770696
    vertex 839.8939715765537 1234.4206568118595 56.59137237230122
  endloop
endfacet
facet normal 0.13052619222005968 -2.5101707369810394e-14 -0.9914448613738094
  outer loop
    vertex 836.7881430353224 1234.4206568118595 56.18248228777061
    vertex 839.8939715765537 1234.4206568118595 56.59137237230122
    vertex 836.7881430353222 1229.9206568118595 56.182482287770696
  endloop
endfacet
facet normal 0.38268343236508084 -3.658260704370969e-14 -0.9238795325112906
  outer loop
    vertex 836.7881430353222 1229.9206568118595 56.182482287770696
    vertex 833.8939715765532 1229.9206568118598 54.98367721771526
    vertex 836.7881430353224 1234.4206568118595 56.18248228777061
  endloop
endfacet
facet normal 0.38268343236508084 -3.658260704370969e-14 -0.9238795325112906
  outer loop
    vertex 833.8939715765534 1234.4206568118598 54.98367721771517
    vertex 836.7881430353224 1234.4206568118595 56.18248228777061
    vertex 833.8939715765532 1229.9206568118598 54.98367721771526
  endloop
endfacet
facet normal 0.6087614290087172 -4.557046250319774e-14 -0.7933533402912378
  outer loop
    vertex 831.4086902023149 1229.9206568118598 53.07665374654101
    vertex 831.408690202315 1234.42065681186 53.07665374654092
    vertex 833.8939715765532 1229.9206568118598 54.98367721771526
  endloop
endfacet
facet normal 0.6087614290087172 -4.557046250319774e-14 -0.7933533402912378
  outer loop
    vertex 833.8939715765534 1234.4206568118598 54.98367721771517
    vertex 833.8939715765532 1229.9206568118598 54.98367721771526
    vertex 831.408690202315 1234.42065681186 53.07665374654092
  endloop
endfacet
facet normal 0.7933533402912324 -5.145276625184267e-14 -0.6087614290087242
  outer loop
    vertex 831.408690202315 1234.42065681186 53.07665374654092
    vertex 831.4086902023149 1229.9206568118598 53.07665374654101
    vertex 829.5016667311394 1234.4206568118598 50.591372372302594
  endloop
endfacet
facet normal 0.7933533402912324 -5.145276625184267e-14 -0.6087614290087242
  outer loop
    vertex 829.5016667311392 1229.9206568118598 50.59137237230268
    vertex 829.5016667311394 1234.4206568118598 50.591372372302594
    vertex 831.4086902023149 1229.9206568118598 53.07665374654101
  endloop
endfacet
facet normal 0.9238795325112906 -5.3828649010141135e-14 -0.38268343236508084
  outer loop
    vertex 829.5016667311394 1234.4206568118598 50.591372372302594
    vertex 829.5016667311392 1229.9206568118598 50.59137237230268
    vertex 828.3028616610841 1234.4206568118598 47.6972009135322
  endloop
endfacet
facet normal 0.9238795325112906 -5.3828649010141135e-14 -0.38268343236508084
  outer loop
    vertex 828.3028616610837 1229.9206568118598 47.697200913532285
    vertex 828.3028616610841 1234.4206568118598 47.6972009135322
    vertex 829.5016667311392 1229.9206568118598 50.59137237230268
  endloop
endfacet
facet normal 0.9914448613738113 -5.2536198294446756e-14 -0.13052619222004555
  outer loop
    vertex 828.3028616610841 1234.4206568118598 47.6972009135322
    vertex 828.3028616610837 1229.9206568118598 47.697200913532285
    vertex 827.8939715765533 1234.4206568118598 44.591372372302516
  endloop
endfacet
facet normal 0.9914448613738113 -5.2536198294446756e-14 -0.13052619222004555
  outer loop
    vertex 827.8939715765531 1229.9206568118598 44.5913723723026
    vertex 827.8939715765533 1234.4206568118598 44.591372372302516
    vertex 828.3028616610837 1229.9206568118598 47.697200913532285
  endloop
endfacet
facet normal 0.9914448613738114 -4.766349248515888e-14 0.13052619222004366
  outer loop
    vertex 827.8939715765533 1234.4206568118598 44.591372372302516
    vertex 827.8939715765531 1229.9206568118598 44.5913723723026
    vertex 828.302861661084 1234.4206568118595 41.48554383107138
  endloop
endfacet
facet normal 0.9914448613738114 -4.766349248515888e-14 0.13052619222004366
  outer loop
    vertex 828.3028616610837 1229.9206568118595 41.48554383107147
    vertex 828.302861661084 1234.4206568118595 41.48554383107138
    vertex 827.8939715765531 1229.9206568118598 44.5913723723026
  endloop
endfacet
facet normal 0.9238795325112782 -3.954259843065174e-14 0.3826834323651105
  outer loop
    vertex 828.302861661084 1234.4206568118595 41.48554383107138
    vertex 828.3028616610837 1229.9206568118595 41.48554383107147
    vertex 829.5016667311395 1234.4206568118595 38.59137237230244
  endloop
endfacet
facet normal 0.9238795325112782 -3.954259843065174e-14 0.3826834323651105
  outer loop
    vertex 829.5016667311392 1229.9206568118595 38.59137237230252
    vertex 829.5016667311395 1234.4206568118595 38.59137237230244
    vertex 828.3028616610837 1229.9206568118595 41.48554383107147
  endloop
endfacet
facet normal 0.7933533402912465 -2.872694164033195e-14 0.6087614290087061
  outer loop
    vertex 829.5016667311395 1234.4206568118595 38.59137237230244
    vertex 829.5016667311392 1229.9206568118595 38.59137237230252
    vertex 831.408690202315 1234.4206568118593 36.10609099806267
  endloop
endfacet
facet normal 0.7933533402912465 -2.872694164033195e-14 0.6087614290087061
  outer loop
    vertex 831.4086902023149 1229.9206568118593 36.10609099806419
    vertex 831.408690202315 1234.4206568118593 36.10609099806267
    vertex 829.5016667311392 1229.9206568118595 38.59137237230252
  endloop
endfacet
facet normal 0.6087614290087172 -1.5953591250736537e-14 0.7933533402912378
  outer loop
    vertex 831.4086902023149 1229.9206568118593 36.10609099806419
    vertex 833.8939715765532 1229.920656811859 34.19906752688854
    vertex 831.408690202315 1234.4206568118593 36.10609099806267
  endloop
endfacet
facet normal 0.6087614290087172 -1.5953591250736537e-14 0.7933533402912378
  outer loop
    vertex 833.8939715765534 1234.420656811859 34.19906752688846
    vertex 831.408690202315 1234.4206568118593 36.10609099806267
    vertex 833.8939715765532 1229.920656811859 34.19906752688854
  endloop
endfacet
facet normal 0.38268343236509306 -2.0930299819610045e-15 0.9238795325112853
  outer loop
    vertex 833.8939715765532 1229.920656811859 34.19906752688854
    vertex 836.7881430353222 1229.9206568118589 33.000262456833056
    vertex 833.8939715765534 1234.420656811859 34.19906752688846
  endloop
endfacet
facet normal 0.38268343236509306 -2.0930299819610045e-15 0.9238795325112853
  outer loop
    vertex 836.7881430353224 1234.420656811859 33.00026245683298
    vertex 833.8939715765534 1234.420656811859 34.19906752688846
    vertex 836.7881430353222 1229.9206568118589 33.000262456833056
  endloop
endfacet
facet normal 0.13052619222004555 1.1910167821190501e-14 0.9914448613738113
  outer loop
    vertex 836.7881430353222 1229.9206568118589 33.000262456833056
    vertex 839.8939715765533 1229.9206568118589 32.591372372300995
    vertex 836.7881430353224 1234.420656811859 33.00026245683298
  endloop
endfacet
facet normal 0.13052619222004555 1.1910167821190501e-14 0.9914448613738113
  outer loop
    vertex 839.8939715765534 1234.4206568118589 32.59137237230092
    vertex 836.7881430353224 1234.420656811859 33.00026245683298
    vertex 839.8939715765533 1229.9206568118589 32.591372372300995
  endloop
endfacet
facet normal -0.13052619222005968 2.5101707369810394e-14 0.9914448613738094
  outer loop
    vertex 839.8939715765533 1229.9206568118589 32.591372372300995
    vertex 842.999800117783 1229.9206568118586 33.000262456833056
    vertex 839.8939715765534 1234.4206568118589 32.59137237230092
  endloop
endfacet
facet normal -0.13052619222005968 2.5101707369810394e-14 0.9914448613738094
  outer loop
    vertex 842.9998001177831 1234.4206568118586 33.00026245683298
    vertex 839.8939715765534 1234.4206568118589 32.59137237230092
    vertex 842.999800117783 1229.9206568118586 33.000262456833056
  endloop
endfacet
facet normal -0.38268343236508084 3.658260704370969e-14 0.9238795325112906
  outer loop
    vertex 842.999800117783 1229.9206568118586 33.000262456833056
    vertex 845.8939715765533 1229.9206568118586 34.1990675268885
    vertex 842.9998001177831 1234.4206568118586 33.00026245683298
  endloop
endfacet
facet normal -0.38268343236508084 3.658260704370969e-14 0.9238795325112906
  outer loop
    vertex 845.8939715765536 1234.4206568118586 34.19906752688841
    vertex 842.9998001177831 1234.4206568118586 33.00026245683298
    vertex 845.8939715765533 1229.9206568118586 34.1990675268885
  endloop
endfacet
facet normal -0.6087614290087172 4.557046250319774e-14 0.7933533402912378
  outer loop
    vertex 845.8939715765533 1229.9206568118586 34.1990675268885
    vertex 848.3792529507917 1229.9206568118584 36.10609099806275
    vertex 845.8939715765536 1234.4206568118586 34.19906752688841
  endloop
endfacet
facet normal -0.6087614290087172 4.557046250319774e-14 0.7933533402912378
  outer loop
    vertex 848.3792529507919 1234.4206568118584 36.10609099806267
    vertex 845.8939715765536 1234.4206568118586 34.19906752688841
    vertex 848.3792529507917 1229.9206568118584 36.10609099806275
  endloop
endfacet
facet normal -0.7933533402912465 5.145276625184304e-14 0.6087614290087061
  outer loop
    vertex 850.2862764219659 1229.9206568118584 38.59137237230252
    vertex 850.2862764219664 1234.4206568118584 38.59137237230244
    vertex 848.3792529507917 1229.9206568118584 36.10609099806275
  endloop
endfacet
facet normal -0.7933533402912465 5.145276625184304e-14 0.6087614290087061
  outer loop
    vertex 848.3792529507919 1234.4206568118584 36.10609099806267
    vertex 848.3792529507917 1229.9206568118584 36.10609099806275
    vertex 850.2862764219664 1234.4206568118584 38.59137237230244
  endloop
endfacet
facet normal -0.9238795325112803 5.382864901014107e-14 0.3826834323651054
  outer loop
    vertex 851.4850814920214 1229.9206568118584 41.485543831071425
    vertex 851.4850814920215 1234.4206568118584 41.48554383107134
    vertex 850.2862764219659 1229.9206568118584 38.59137237230252
  endloop
endfacet
facet normal -0.9238795325112803 5.382864901014107e-14 0.3826834323651054
  outer loop
    vertex 850.2862764219664 1234.4206568118584 38.59137237230244
    vertex 850.2862764219659 1229.9206568118584 38.59137237230252
    vertex 851.4850814920215 1234.4206568118584 41.48554383107134
  endloop
endfacet
facet normal -0.9914448613738113 5.2536198294446756e-14 0.13052619222004555
  outer loop
    vertex 851.8939715765534 1229.9206568118584 44.59137237230256
    vertex 851.8939715765537 1234.4206568118584 44.59137237230247
    vertex 851.4850814920214 1229.9206568118584 41.485543831071425
  endloop
endfacet
facet normal -0.9914448613738113 5.2536198294446756e-14 0.13052619222004555
  outer loop
    vertex 851.4850814920215 1234.4206568118584 41.48554383107134
    vertex 851.4850814920214 1229.9206568118584 41.485543831071425
    vertex 851.8939715765537 1234.4206568118584 44.59137237230247
  endloop
endfacet
facet normal -0.9914448613738113 4.766349248515884e-14 -0.13052619222004555
  outer loop
    vertex 851.4850814920214 1229.9206568118584 47.69720091353224
    vertex 851.4850814920218 1234.4206568118584 47.69720091353216
    vertex 851.8939715765534 1229.9206568118584 44.59137237230256
  endloop
endfacet
facet normal -0.9914448613738113 4.766349248515884e-14 -0.13052619222004555
  outer loop
    vertex 851.8939715765537 1234.4206568118584 44.59137237230247
    vertex 851.8939715765534 1229.9206568118584 44.59137237230256
    vertex 851.4850814920218 1234.4206568118584 47.69720091353216
  endloop
endfacet
facet normal -0.9238795325112803 3.954259843065194e-14 -0.3826834323651054
  outer loop
    vertex 850.2862764219659 1229.9206568118586 50.59137237230268
    vertex 850.2862764219661 1234.4206568118586 50.591372372302594
    vertex 851.4850814920214 1229.9206568118584 47.69720091353224
  endloop
endfacet
facet normal -0.9238795325112803 3.954259843065194e-14 -0.3826834323651054
  outer loop
    vertex 851.4850814920218 1234.4206568118584 47.69720091353216
    vertex 851.4850814920214 1229.9206568118584 47.69720091353224
    vertex 850.2862764219661 1234.4206568118586 50.591372372302594
  endloop
endfacet
facet normal -0.7933533402912465 2.872694164033195e-14 -0.6087614290087061
  outer loop
    vertex 848.3792529507917 1229.9206568118589 53.07665374653957
    vertex 848.3792529507919 1234.420656811859 53.07665374653948
    vertex 850.2862764219659 1229.9206568118586 50.59137237230268
  endloop
endfacet
facet normal -0.7933533402912465 2.872694164033195e-14 -0.6087614290087061
  outer loop
    vertex 850.2862764219661 1234.4206568118586 50.591372372302594
    vertex 850.2862764219659 1229.9206568118586 50.59137237230268
    vertex 848.3792529507919 1234.420656811859 53.07665374653948
  endloop
endfacet
facet normal -0.6087614290087172 1.5953591250736537e-14 -0.7933533402912378
  outer loop
    vertex 848.3792529507917 1229.9206568118589 53.07665374653957
    vertex 845.8939715765533 1229.920656811859 54.98367721771526
    vertex 848.3792529507919 1234.420656811859 53.07665374653948
  endloop
endfacet
facet normal -0.6087614290087172 1.5953591250736537e-14 -0.7933533402912378
  outer loop
    vertex 845.8939715765536 1234.420656811859 54.98367721771517
    vertex 848.3792529507919 1234.420656811859 53.07665374653948
    vertex 845.8939715765533 1229.920656811859 54.98367721771526
  endloop
endfacet
facet normal 0.35232974652873755 -0.9358759264512555 -3.718154960875728e-11
  outer loop
    vertex 861.0439715765528 1229.9206568118573 3.000000000000536
    vertex 858.0439715766906 1228.791245091711 2.9999999997406706
    vertex 858.043971576552 1228.7912450920776 -2.0303758674344862e-13
  endloop
endfacet
facet normal 0.7071067811865897 -2.2376718605160014e-14 0.7071067811865055
  outer loop
    vertex 839.0439715765522 1234.420656811859 89.20000004305442
    vertex 839.043971576552 1229.92065681186 89.2000000430545
    vertex 861.0439715765517 1234.4206568118584 67.20000004305363
  endloop
endfacet
facet normal 0.7071067811865897 -2.2376718605160014e-14 0.7071067811865055
  outer loop
    vertex 861.0439715765514 1229.9206568118584 67.20000004305372
    vertex 861.0439715765517 1234.4206568118584 67.20000004305363
    vertex 839.043971576552 1229.92065681186 89.2000000430545
  endloop
endfacet
facet normal 6.775650719599713e-12 -1.0 -1.2576796107422104e-12
  outer loop
    vertex 797.343971576569 1204.920656811267 79.20000004307745
    vertex 797.2553787249207 1204.920656811267 78.52707052581177
    vertex 797.3439715765646 1204.9206568112656 10.00000000000085
  endloop
endfacet
facet normal 6.775650719599713e-12 -1.0 -1.2576796107422104e-12
  outer loop
    vertex 797.2553787249163 1204.9206568112659 10.672929517266537
    vertex 797.3439715765646 1204.9206568112656 10.00000000000085
    vertex 797.2553787249207 1204.920656811267 78.52707052581177
  endloop
endfacet
facet normal 6.775650719599713e-12 -1.0 -1.2576796107422104e-12
  outer loop
    vertex 796.9956376264081 1204.920656811267 77.90000004307774
    vertex 797.2553787249163 1204.9206568112659 10.672929517266537
    vertex 797.2553787249207 1204.920656811267 78.52707052581177
  endloop
endfacet
facet normal 6.775650719599713e-12 -1.0 -1.2576796107422104e-12
  outer loop
    vertex 796.9956376264038 1204.9206568112656 11.300000000000555
    vertex 797.2553787249163 1204.9206568112659 10.672929517266537
    vertex 796.9956376264081 1204.920656811267 77.90000004307774
  endloop
endfacet
facet normal 6.775650719599713e-12 -1.0 -1.2576796107422104e-12
  outer loop
    vertex 796.5824492076536 1204.920656811267 77.36152241199198
    vertex 796.9956376264038 1204.9206568112656 11.300000000000555
    vertex 796.9956376264081 1204.920656811267 77.90000004307774
  endloop
endfacet
facet normal 6.775650719599713e-12 -1.0 -1.2576796107422104e-12
  outer loop
    vertex 796.5824492076492 1204.9206568112659 11.838477631086366
    vertex 796.9956376264038 1204.9206568112656 11.300000000000555
    vertex 796.5824492076536 1204.920656811267 77.36152241199198
  endloop
endfacet
facet normal 6.775650719599713e-12 -1.0 -1.2576796107422104e-12
  outer loop
    vertex 796.0439715765692 1204.920656811267 76.94833399323738
    vertex 796.5824492076492 1204.9206568112659 11.838477631086366
    vertex 796.5824492076536 1204.920656811267 77.36152241199198
  endloop
endfacet
facet normal 6.775650719599713e-12 -1.0 -1.2576796107422104e-12
  outer loop
    vertex 796.0439715765649 1204.9206568112656 12.251666049840955
    vertex 796.5824492076492 1204.9206568112659 11.838477631086366
    vertex 796.0439715765692 1204.920656811267 76.94833399323738
  endloop
endfacet
facet normal 6.775650719599713e-12 -1.0 -1.2576796107422104e-12
  outer loop
    vertex 795.4169010938352 1204.920656811267 76.6885928947263
    vertex 796.0439715765649 1204.9206568112656 12.251666049840955
    vertex 796.0439715765692 1204.920656811267 76.94833399323738
  endloop
endfacet
facet normal 6.775650719599713e-12 -1.0 -1.2576796107422104e-12
  outer loop
    vertex 795.4169010938309 1204.9206568112656 12.511407148352053
    vertex 796.0439715765649 1204.9206568112656 12.251666049840955
    vertex 795.4169010938352 1204.920656811267 76.6885928947263
  endloop
endfacet
facet normal 6.775650719599713e-12 -1.0 -1.2576796107422104e-12
  outer loop
    vertex 794.743971576568 1204.920656811267 76.60000004307804
    vertex 795.4169010938309 1204.9206568112656 12.511407148352053
    vertex 795.4169010938352 1204.920656811267 76.6885928947263
  endloop
endfacet
facet normal 6.775650719599713e-12 -1.0 -1.2576796107422104e-12
  outer loop
    vertex 794.7439715765652 1204.9206568112659 12.600000000000259
    vertex 795.4169010938309 1204.9206568112656 12.511407148352053
    vertex 794.743971576568 1204.920656811267 76.60000004307804
  endloop
endfacet
facet normal 6.775650719599713e-12 -1.0 -1.2576796107422104e-12
  outer loop
    vertex 794.0710420593024 1204.920656811267 76.6885928947263
    vertex 794.7439715765652 1204.9206568112659 12.600000000000259
    vertex 794.743971576568 1204.920656811267 76.60000004307804
  endloop
endfacet
facet normal 6.775650719599713e-12 -1.0 -1.2576796107422104e-12
  outer loop
    vertex 794.0710420592981 1204.9206568112659 12.511407148352006
    vertex 794.7439715765652 1204.9206568112659 12.600000000000259
    vertex 794.0710420593024 1204.920656811267 76.6885928947263
  endloop
endfacet
facet normal 6.775650719599713e-12 -1.0 -1.2576796107422104e-12
  outer loop
    vertex 793.4439715765684 1204.920656811267 76.94833399323883
    vertex 794.0710420592981 1204.9206568112659 12.511407148352006
    vertex 794.0710420593024 1204.920656811267 76.6885928947263
  endloop
endfacet
facet normal 6.775650719599713e-12 -1.0 -1.2576796107422104e-12
  outer loop
    vertex 793.4439715765654 1204.9206568112659 12.25166604984091
    vertex 794.0710420592981 1204.9206568112659 12.511407148352006
    vertex 793.4439715765684 1204.920656811267 76.94833399323883
  endloop
endfacet
facet normal 6.775650719599713e-12 -1.0 -1.2576796107422104e-12
  outer loop
    vertex 792.9054939454841 1204.920656811267 77.36152241199342
    vertex 793.4439715765654 1204.9206568112659 12.25166604984091
    vertex 793.4439715765684 1204.920656811267 76.94833399323883
  endloop
endfacet
facet normal 6.775650719599713e-12 -1.0 -1.2576796107422104e-12
  outer loop
    vertex 792.9054939454797 1204.9206568112656 11.83847763108632
    vertex 793.4439715765654 1204.9206568112659 12.25166604984091
    vertex 792.9054939454841 1204.920656811267 77.36152241199342
  endloop
endfacet
facet normal 6.775650719599713e-12 -1.0 -1.2576796107422104e-12
  outer loop
    vertex 792.4923055267294 1204.920656811267 77.90000004307774
    vertex 792.9054939454797 1204.9206568112656 11.83847763108632
    vertex 792.9054939454841 1204.920656811267 77.36152241199342
  endloop
endfacet
facet normal 6.775650719599713e-12 -1.0 -1.2576796107422104e-12
  outer loop
    vertex 792.4923055267251 1204.9206568112656 11.300000000000555
    vertex 792.9054939454797 1204.9206568112656 11.83847763108632
    vertex 792.4923055267294 1204.920656811267 77.90000004307774
  endloop
endfacet
facet normal 6.775650719599713e-12 -1.0 -1.2576796107422104e-12
  outer loop
    vertex 792.232564428217 1204.920656811267 78.52707052581177
    vertex 792.4923055267251 1204.9206568112656 11.300000000000555
    vertex 792.4923055267294 1204.920656811267 77.90000004307774
  endloop
endfacet
facet normal 6.775650719599713e-12 -1.0 -1.2576796107422104e-12
  outer loop
    vertex 792.2325644282125 1204.9206568112656 10.67292951726798
    vertex 792.4923055267251 1204.9206568112656 11.300000000000555
    vertex 792.232564428217 1204.920656811267 78.52707052581177
  endloop
endfacet
facet normal 6.775650719599713e-12 -1.0 -1.2576796107422104e-12
  outer loop
    vertex 792.1439715765687 1204.920656811267 79.20000004307889
    vertex 792.2325644282125 1204.9206568112656 10.67292951726798
    vertex 792.232564428217 1204.920656811267 78.52707052581177
  endloop
endfacet
facet normal 6.775650719599713e-12 -1.0 -1.2576796107422104e-12
  outer loop
    vertex 792.1439715765644 1204.9206568112656 10.00000000000085
    vertex 792.2325644282125 1204.9206568112656 10.67292951726798
    vertex 792.1439715765687 1204.920656811267 79.20000004307889
  endloop
endfacet
facet normal 6.775650719599713e-12 -1.0 -1.2576796107422104e-12
  outer loop
    vertex 823.5439715766756 1204.920656811498 2.9999999988849235
    vertex 818.5439715765515 1204.920656811265 2.9999999993729354
    vertex 823.5439715765384 1204.9206568118645 -2.293309542267252e-10
  endloop
endfacet
facet normal 6.775650719599713e-12 -1.0 -1.2576796107422104e-12
  outer loop
    vertex 792.7439715765628 1204.9206568112663 6.012168540792117e-12
    vertex 823.5439715765384 1204.9206568118645 -2.293309542267252e-10
    vertex 818.5439715765515 1204.920656811265 2.9999999993729354
  endloop
endfacet
facet normal 6.775650719599713e-12 -1.0 -1.2576796107422104e-12
  outer loop
    vertex 809.0439715765648 1204.920656811265 7.748333950160791
    vertex 792.7439715765628 1204.9206568112663 6.012168540792117e-12
    vertex 818.5439715765515 1204.920656811265 2.9999999993729354
  endloop
endfacet
facet normal 6.775650719599713e-12 -1.0 -1.2576796107422104e-12
  outer loop
    vertex 809.5824492076506 1204.9206568112652 8.16152236891538
    vertex 809.0439715765648 1204.920656811265 7.748333950160791
    vertex 818.5439715765515 1204.920656811265 2.9999999993729354
  endloop
endfacet
facet normal 6.775650719599713e-12 -1.0 -1.2576796107422104e-12
  outer loop
    vertex 809.9956376264051 1204.920656811265 8.700000000001145
    vertex 809.5824492076506 1204.9206568112652 8.16152236891538
    vertex 818.5439715765515 1204.920656811265 2.9999999993729354
  endloop
endfacet
facet normal 6.775650719599713e-12 -1.0 -1.2576796107422104e-12
  outer loop
    vertex 810.2553787249162 1204.920656811265 9.32707048273372
    vertex 809.9956376264051 1204.920656811265 8.700000000001145
    vertex 818.5439715765515 1204.920656811265 2.9999999993729354
  endloop
endfacet
facet normal 6.775650719599713e-12 -1.0 -1.2576796107422104e-12
  outer loop
    vertex 810.3439715765645 1204.920656811265 10.00000000000085
    vertex 810.2553787249162 1204.920656811265 9.32707048273372
    vertex 818.5439715765515 1204.920656811265 2.9999999993729354
  endloop
endfacet
facet normal 6.775650719599713e-12 -1.0 -1.2576796107422104e-12
  outer loop
    vertex 818.5439715765513 1204.9206568112668 89.20000004305352
    vertex 810.3439715765645 1204.920656811265 10.00000000000085
    vertex 818.5439715765515 1204.920656811265 2.9999999993729354
  endloop
endfacet
facet normal 6.775650719599713e-12 -1.0 -1.2576796107422104e-12
  outer loop
    vertex 810.3439715765688 1204.920656811266 79.20000004307745
    vertex 810.3439715765645 1204.920656811265 10.00000000000085
    vertex 818.5439715765513 1204.9206568112668 89.20000004305352
  endloop
endfacet
facet normal 6.775650719599713e-12 -1.0 -1.2576796107422104e-12
  outer loop
    vertex 808.4169010938323 1204.920656811265 7.488592851649694
    vertex 792.7439715765628 1204.9206568112663 6.012168540792117e-12
    vertex 809.0439715765648 1204.920656811265 7.748333950160791
  endloop
endfacet
facet normal 6.775650719599713e-12 -1.0 -1.2576796107422104e-12
  outer loop
    vertex 807.7439715765651 1204.920656811265 7.399999999999998
    vertex 792.7439715765628 1204.9206568112663 6.012168540792117e-12
    vertex 808.4169010938323 1204.920656811265 7.488592851649694
  endloop
endfacet
facet normal 6.775650719599713e-12 -1.0 -1.2576796107422104e-12
  outer loop
    vertex 807.071042059298 1204.920656811265 7.488592851649694
    vertex 792.7439715765628 1204.9206568112663 6.012168540792117e-12
    vertex 807.7439715765651 1204.920656811265 7.399999999999998
  endloop
endfacet
facet normal 6.775650719599713e-12 -1.0 -1.2576796107422104e-12
  outer loop
    vertex 806.4439715765654 1204.9206568112652 7.748333950160791
    vertex 792.7439715765628 1204.9206568112663 6.012168540792117e-12
    vertex 807.071042059298 1204.920656811265 7.488592851649694
  endloop
endfacet
facet normal 6.775650719599713e-12 -1.0 -1.2576796107422104e-12
  outer loop
    vertex 805.9054939454796 1204.920656811265 8.16152236891538
    vertex 792.7439715765628 1204.9206568112663 6.012168540792117e-12
    vertex 806.4439715765654 1204.9206568112652 7.748333950160791
  endloop
endfacet
facet normal 6.775650719599713e-12 -1.0 -1.2576796107422104e-12
  outer loop
    vertex 805.4923055267251 1204.920656811265 8.700000000001145
    vertex 792.7439715765628 1204.9206568112663 6.012168540792117e-12
    vertex 805.9054939454796 1204.920656811265 8.16152236891538
  endloop
endfacet
facet normal 6.775650719599713e-12 -1.0 -1.2576796107422104e-12
  outer loop
    vertex 805.232564428214 1204.9206568112647 9.32707048273372
    vertex 792.7439715765628 1204.9206568112663 6.012168540792117e-12
    vertex 805.4923055267251 1204.920656811265 8.700000000001145
  endloop
endfacet
facet normal 6.775650719599713e-12 -1.0 -1.2576796107422104e-12
  outer loop
    vertex 805.1439715765642 1204.9206568112647 10.00000000000085
    vertex 792.7439715765628 1204.9206568112663 6.012168540792117e-12
    vertex 805.232564428214 1204.9206568112647 9.32707048273372
  endloop
endfacet
facet normal 6.775650719599713e-12 -1.0 -1.2576796107422104e-12
  outer loop
    vertex 796.9956376264038 1204.9206568112656 8.699999999999703
    vertex 792.7439715765628 1204.9206568112663 6.012168540792117e-12
    vertex 805.1439715765642 1204.9206568112647 10.00000000000085
  endloop
endfacet
facet normal 6.775650719599713e-12 -1.0 -1.2576796107422104e-12
  outer loop
    vertex 797.2553787249163 1204.9206568112654 9.32707048273372
    vertex 796.9956376264038 1204.9206568112656 8.699999999999703
    vertex 805.1439715765642 1204.9206568112647 10.00000000000085
  endloop
endfacet
facet normal 6.775650719599713e-12 -1.0 -1.2576796107422104e-12
  outer loop
    vertex 797.3439715765646 1204.9206568112656 10.00000000000085
    vertex 797.2553787249163 1204.9206568112654 9.32707048273372
    vertex 805.1439715765642 1204.9206568112647 10.00000000000085
  endloop
endfacet
facet normal 6.775650719599713e-12 -1.0 -1.2576796107422104e-12
  outer loop
    vertex 797.343971576569 1204.920656811267 79.20000004307745
    vertex 797.3439715765646 1204.9206568112656 10.00000000000085
    vertex 805.1439715765642 1204.9206568112647 10.00000000000085
  endloop
endfacet
facet normal 6.775650719599713e-12 -1.0 -1.2576796107422104e-12
  outer loop
    vertex 796.5824492076492 1204.9206568112659 8.161522368915424
    vertex 792.7439715765628 1204.9206568112663 6.012168540792117e-12
    vertex 796.9956376264038 1204.9206568112656 8.699999999999703
  endloop
endfacet
facet normal 6.775650719599713e-12 -1.0 -1.2576796107422104e-12
  outer loop
    vertex 796.0439715765649 1204.9206568112659 7.748333950160836
    vertex 792.7439715765628 1204.9206568112663 6.012168540792117e-12
    vertex 796.5824492076492 1204.9206568112659 8.161522368915424
  endloop
endfacet
facet normal 6.775650719599713e-12 -1.0 -1.2576796107422104e-12
  outer loop
    vertex 795.4169010938309 1204.9206568112656 7.488592851649739
    vertex 792.7439715765628 1204.9206568112663 6.012168540792117e-12
    vertex 796.0439715765649 1204.9206568112659 7.748333950160836
  endloop
endfacet
facet normal 6.775650719599713e-12 -1.0 -1.2576796107422104e-12
  outer loop
    vertex 794.7439715765652 1204.9206568112656 7.400000000001442
    vertex 792.7439715765628 1204.9206568112663 6.012168540792117e-12
    vertex 795.4169010938309 1204.9206568112656 7.488592851649739
  endloop
endfacet
facet normal 6.775650719599713e-12 -1.0 -1.2576796107422104e-12
  outer loop
    vertex 794.0710420592981 1204.9206568112656 7.488592851649694
    vertex 792.7439715765628 1204.9206568112663 6.012168540792117e-12
    vertex 794.7439715765652 1204.9206568112656 7.400000000001442
  endloop
endfacet
facet normal 6.775650719599713e-12 -1.0 -1.2576796107422104e-12
  outer loop
    vertex 793.4439715765654 1204.9206568112656 7.748333950160791
    vertex 792.7439715765628 1204.9206568112663 6.012168540792117e-12
    vertex 794.0710420592981 1204.9206568112656 7.488592851649694
  endloop
endfacet
facet normal 6.775650719599713e-12 -1.0 -1.2576796107422104e-12
  outer loop
    vertex 792.9054939454797 1204.9206568112659 8.16152236891538
    vertex 792.7439715765628 1204.9206568112663 6.012168540792117e-12
    vertex 793.4439715765654 1204.9206568112656 7.748333950160791
  endloop
endfacet
facet normal 6.775650719599713e-12 -1.0 -1.2576796107422104e-12
  outer loop
    vertex 792.4923055267251 1204.9206568112656 8.700000000001145
    vertex 792.7439715765628 1204.9206568112663 6.012168540792117e-12
    vertex 792.9054939454797 1204.9206568112659 8.16152236891538
  endloop
endfacet
facet normal 6.775650719599713e-12 -1.0 -1.2576796107422104e-12
  outer loop
    vertex 788.7439715765622 1204.9206568112663 4.000000000006546
    vertex 792.7439715765628 1204.9206568112663 6.012168540792117e-12
    vertex 792.4923055267251 1204.9206568112656 8.700000000001145
  endloop
endfacet
facet normal 6.775650719599713e-12 -1.0 -1.2576796107422104e-12
  outer loop
    vertex 792.2325644282125 1204.9206568112654 9.32707048273372
    vertex 788.7439715765622 1204.9206568112663 4.000000000006546
    vertex 792.4923055267251 1204.9206568112656 8.700000000001145
  endloop
endfacet
facet normal 6.775650719599713e-12 -1.0 -1.2576796107422104e-12
  outer loop
    vertex 792.1439715765644 1204.9206568112656 10.00000000000085
    vertex 788.7439715765622 1204.9206568112663 4.000000000006546
    vertex 792.2325644282125 1204.9206568112654 9.32707048273372
  endloop
endfacet
facet normal 6.775650719599713e-12 -1.0 -1.2576796107422104e-12
  outer loop
    vertex 788.7439715765723 1204.920656811268 85.20000004308764
    vertex 788.7439715765622 1204.9206568112663 4.000000000006546
    vertex 792.1439715765644 1204.9206568112656 10.00000000000085
  endloop
endfacet
facet normal 6.775650719599713e-12 -1.0 -1.2576796107422104e-12
  outer loop
    vertex 792.7439715765729 1204.920656811268 89.20000004308383
    vertex 809.0439715765691 1204.9206568112663 81.4516660929175
    vertex 818.5439715765513 1204.9206568112668 89.20000004305352
  endloop
endfacet
facet normal 6.775650719599713e-12 -1.0 -1.2576796107422104e-12
  outer loop
    vertex 809.5824492076534 1204.9206568112663 81.03847767416292
    vertex 818.5439715765513 1204.9206568112668 89.20000004305352
    vertex 809.0439715765691 1204.9206568112663 81.4516660929175
  endloop
endfacet
facet normal 6.775650719599713e-12 -1.0 -1.2576796107422104e-12
  outer loop
    vertex 809.9956376264081 1204.9206568112663 80.50000004307715
    vertex 818.5439715765513 1204.9206568112668 89.20000004305352
    vertex 809.5824492076534 1204.9206568112663 81.03847767416292
  endloop
endfacet
facet normal 6.775650719599713e-12 -1.0 -1.2576796107422104e-12
  outer loop
    vertex 810.2553787249205 1204.9206568112663 79.87292956034457
    vertex 818.5439715765513 1204.9206568112668 89.20000004305352
    vertex 809.9956376264081 1204.9206568112663 80.50000004307715
  endloop
endfacet
facet normal 6.775650719599713e-12 -1.0 -1.2576796107422104e-12
  outer loop
    vertex 810.3439715765688 1204.920656811266 79.20000004307745
    vertex 818.5439715765513 1204.9206568112668 89.20000004305352
    vertex 810.2553787249205 1204.9206568112663 79.87292956034457
  endloop
endfacet
facet normal 6.775650719599713e-12 -1.0 -1.2576796107422104e-12
  outer loop
    vertex 808.4169010938351 1204.9206568112663 81.71140719143006
    vertex 809.0439715765691 1204.9206568112663 81.4516660929175
    vertex 792.7439715765729 1204.920656811268 89.20000004308383
  endloop
endfacet
facet normal 6.775650719599713e-12 -1.0 -1.2576796107422104e-12
  outer loop
    vertex 807.743971576568 1204.9206568112663 81.8000000430783
    vertex 808.4169010938351 1204.9206568112663 81.71140719143006
    vertex 792.7439715765729 1204.920656811268 89.20000004308383
  endloop
endfacet
facet normal 6.775650719599713e-12 -1.0 -1.2576796107422104e-12
  outer loop
    vertex 807.0710420593023 1204.9206568112663 81.71140719143006
    vertex 807.743971576568 1204.9206568112663 81.8000000430783
    vertex 792.7439715765729 1204.920656811268 89.20000004308383
  endloop
endfacet
facet normal 6.775650719599713e-12 -1.0 -1.2576796107422104e-12
  outer loop
    vertex 806.4439715765683 1204.920656811266 81.4516660929175
    vertex 807.0710420593023 1204.9206568112663 81.71140719143006
    vertex 792.7439715765729 1204.920656811268 89.20000004308383
  endloop
endfacet
facet normal 6.775650719599713e-12 -1.0 -1.2576796107422104e-12
  outer loop
    vertex 805.905493945484 1204.920656811266 81.03847767416292
    vertex 806.4439715765683 1204.920656811266 81.4516660929175
    vertex 792.7439715765729 1204.920656811268 89.20000004308383
  endloop
endfacet
facet normal 6.775650719599713e-12 -1.0 -1.2576796107422104e-12
  outer loop
    vertex 805.4923055267294 1204.9206568112666 80.50000004307715
    vertex 805.905493945484 1204.920656811266 81.03847767416292
    vertex 792.7439715765729 1204.920656811268 89.20000004308383
  endloop
endfacet
facet normal 6.775650719599713e-12 -1.0 -1.2576796107422104e-12
  outer loop
    vertex 805.2325644282168 1204.9206568112663 79.87292956034457
    vertex 805.4923055267294 1204.9206568112666 80.50000004307715
    vertex 792.7439715765729 1204.920656811268 89.20000004308383
  endloop
endfacet
facet normal 6.775650719599713e-12 -1.0 -1.2576796107422104e-12
  outer loop
    vertex 805.1439715765686 1204.9206568112663 79.20000004307745
    vertex 805.2325644282168 1204.9206568112663 79.87292956034457
    vertex 792.7439715765729 1204.920656811268 89.20000004308383
  endloop
endfacet
facet normal 6.775650719599713e-12 -1.0 -1.2576796107422104e-12
  outer loop
    vertex 796.9956376264081 1204.920656811267 80.50000004307715
    vertex 805.1439715765686 1204.9206568112663 79.20000004307745
    vertex 792.7439715765729 1204.920656811268 89.20000004308383
  endloop
endfacet
facet normal 6.775650719599713e-12 -1.0 -1.2576796107422104e-12
  outer loop
    vertex 797.2553787249207 1204.920656811267 79.87292956034457
    vertex 805.1439715765686 1204.9206568112663 79.20000004307745
    vertex 796.9956376264081 1204.920656811267 80.50000004307715
  endloop
endfacet
facet normal 6.775650719599713e-12 -1.0 -1.2576796107422104e-12
  outer loop
    vertex 797.343971576569 1204.920656811267 79.20000004307745
    vertex 805.1439715765686 1204.9206568112663 79.20000004307745
    vertex 797.2553787249207 1204.920656811267 79.87292956034457
  endloop
endfacet
facet normal 6.775650719599713e-12 -1.0 -1.2576796107422104e-12
  outer loop
    vertex 805.1439715765642 1204.9206568112647 10.00000000000085
    vertex 805.1439715765686 1204.9206568112663 79.20000004307745
    vertex 797.343971576569 1204.920656811267 79.20000004307745
  endloop
endfacet
facet normal 6.775650719599713e-12 -1.0 -1.2576796107422104e-12
  outer loop
    vertex 796.5824492076536 1204.920656811267 81.03847767416292
    vertex 796.9956376264081 1204.920656811267 80.50000004307715
    vertex 792.7439715765729 1204.920656811268 89.20000004308383
  endloop
endfacet
facet normal 6.775650719599713e-12 -1.0 -1.2576796107422104e-12
  outer loop
    vertex 796.0439715765677 1204.920656811267 81.4516660929175
    vertex 796.5824492076536 1204.920656811267 81.03847767416292
    vertex 792.7439715765729 1204.920656811268 89.20000004308383
  endloop
endfacet
facet normal 6.775650719599713e-12 -1.0 -1.2576796107422104e-12
  outer loop
    vertex 795.4169010938352 1204.920656811267 81.7114071914286
    vertex 796.0439715765677 1204.920656811267 81.4516660929175
    vertex 792.7439715765729 1204.920656811268 89.20000004308383
  endloop
endfacet
facet normal 6.775650719599713e-12 -1.0 -1.2576796107422104e-12
  outer loop
    vertex 794.743971576568 1204.920656811267 81.8000000430783
    vertex 795.4169010938352 1204.920656811267 81.7114071914286
    vertex 792.7439715765729 1204.920656811268 89.20000004308383
  endloop
endfacet
facet normal 6.775650719599713e-12 -1.0 -1.2576796107422104e-12
  outer loop
    vertex 794.0710420593024 1204.920656811267 81.71140719143006
    vertex 794.743971576568 1204.920656811267 81.8000000430783
    vertex 792.7439715765729 1204.920656811268 89.20000004308383
  endloop
endfacet
facet normal 6.775650719599713e-12 -1.0 -1.2576796107422104e-12
  outer loop
    vertex 793.4439715765684 1204.920656811267 81.4516660929175
    vertex 794.0710420593024 1204.920656811267 81.71140719143006
    vertex 792.7439715765729 1204.920656811268 89.20000004308383
  endloop
endfacet
facet normal 6.775650719599713e-12 -1.0 -1.2576796107422104e-12
  outer loop
    vertex 792.9054939454841 1204.920656811267 81.03847767416292
    vertex 793.4439715765684 1204.920656811267 81.4516660929175
    vertex 792.7439715765729 1204.920656811268 89.20000004308383
  endloop
endfacet
facet normal 6.775650719599713e-12 -1.0 -1.2576796107422104e-12
  outer loop
    vertex 792.4923055267294 1204.920656811267 80.5000000430786
    vertex 792.9054939454841 1204.920656811267 81.03847767416292
    vertex 792.7439715765729 1204.920656811268 89.20000004308383
  endloop
endfacet
facet normal 6.775650719599713e-12 -1.0 -1.2576796107422104e-12
  outer loop
    vertex 788.7439715765723 1204.920656811268 85.20000004308764
    vertex 792.4923055267294 1204.920656811267 80.5000000430786
    vertex 792.7439715765729 1204.920656811268 89.20000004308383
  endloop
endfacet
facet normal 6.775650719599713e-12 -1.0 -1.2576796107422104e-12
  outer loop
    vertex 792.232564428217 1204.920656811267 79.87292956034457
    vertex 792.4923055267294 1204.920656811267 80.5000000430786
    vertex 788.7439715765723 1204.920656811268 85.20000004308764
  endloop
endfacet
facet normal 6.775650719599713e-12 -1.0 -1.2576796107422104e-12
  outer loop
    vertex 792.1439715765687 1204.920656811267 79.20000004307889
    vertex 792.232564428217 1204.920656811267 79.87292956034457
    vertex 788.7439715765723 1204.920656811268 85.20000004308764
  endloop
endfacet
facet normal 6.775650719599713e-12 -1.0 -1.2576796107422104e-12
  outer loop
    vertex 792.1439715765644 1204.9206568112656 10.00000000000085
    vertex 792.1439715765687 1204.920656811267 79.20000004307889
    vertex 788.7439715765723 1204.920656811268 85.20000004308764
  endloop
endfacet
facet normal 6.775650719599713e-12 -1.0 -1.2576796107422104e-12
  outer loop
    vertex 810.3439715765688 1204.920656811266 79.20000004307745
    vertex 810.2553787249205 1204.9206568112663 78.52707052581177
    vertex 810.3439715765645 1204.920656811265 10.00000000000085
  endloop
endfacet
facet normal 6.775650719599713e-12 -1.0 -1.2576796107422104e-12
  outer loop
    vertex 810.2553787249162 1204.920656811265 10.672929517266537
    vertex 810.3439715765645 1204.920656811265 10.00000000000085
    vertex 810.2553787249205 1204.9206568112663 78.52707052581177
  endloop
endfacet
facet normal 6.775650719599713e-12 -1.0 -1.2576796107422104e-12
  outer loop
    vertex 809.9956376264081 1204.9206568112663 77.90000004307774
    vertex 810.2553787249162 1204.920656811265 10.672929517266537
    vertex 810.2553787249205 1204.9206568112663 78.52707052581177
  endloop
endfacet
facet normal 6.775650719599713e-12 -1.0 -1.2576796107422104e-12
  outer loop
    vertex 809.9956376264051 1204.920656811265 11.300000000000555
    vertex 810.2553787249162 1204.920656811265 10.672929517266537
    vertex 809.9956376264081 1204.9206568112663 77.90000004307774
  endloop
endfacet
facet normal 6.775650719599713e-12 -1.0 -1.2576796107422104e-12
  outer loop
    vertex 809.5824492076534 1204.9206568112663 77.36152241199342
    vertex 809.9956376264051 1204.920656811265 11.300000000000555
    vertex 809.9956376264081 1204.9206568112663 77.90000004307774
  endloop
endfacet
facet normal 6.775650719599713e-12 -1.0 -1.2576796107422104e-12
  outer loop
    vertex 809.5824492076506 1204.920656811265 11.83847763108632
    vertex 809.9956376264051 1204.920656811265 11.300000000000555
    vertex 809.5824492076534 1204.9206568112663 77.36152241199342
  endloop
endfacet
facet normal 6.775650719599713e-12 -1.0 -1.2576796107422104e-12
  outer loop
    vertex 809.0439715765691 1204.9206568112663 76.94833399323883
    vertex 809.5824492076506 1204.920656811265 11.83847763108632
    vertex 809.5824492076534 1204.9206568112663 77.36152241199342
  endloop
endfacet
facet normal 6.775650719599713e-12 -1.0 -1.2576796107422104e-12
  outer loop
    vertex 809.0439715765648 1204.920656811265 12.251666049839466
    vertex 809.5824492076506 1204.920656811265 11.83847763108632
    vertex 809.0439715765691 1204.9206568112663 76.94833399323883
  endloop
endfacet
facet normal 6.775650719599713e-12 -1.0 -1.2576796107422104e-12
  outer loop
    vertex 808.4169010938351 1204.920656811266 76.6885928947263
    vertex 809.0439715765648 1204.920656811265 12.251666049839466
    vertex 809.0439715765691 1204.9206568112663 76.94833399323883
  endloop
endfacet
facet normal 6.775650719599713e-12 -1.0 -1.2576796107422104e-12
  outer loop
    vertex 808.4169010938323 1204.9206568112652 12.511407148352006
    vertex 809.0439715765648 1204.920656811265 12.251666049839466
    vertex 808.4169010938351 1204.920656811266 76.6885928947263
  endloop
endfacet
facet normal 6.775650719599713e-12 -1.0 -1.2576796107422104e-12
  outer loop
    vertex 807.7439715765695 1204.9206568112663 76.60000004307804
    vertex 808.4169010938323 1204.9206568112652 12.511407148352006
    vertex 808.4169010938351 1204.920656811266 76.6885928947263
  endloop
endfacet
facet normal 6.775650719599713e-12 -1.0 -1.2576796107422104e-12
  outer loop
    vertex 807.7439715765651 1204.9206568112652 12.600000000000259
    vertex 808.4169010938323 1204.9206568112652 12.511407148352006
    vertex 807.7439715765695 1204.9206568112663 76.60000004307804
  endloop
endfacet
facet normal 6.775650719599713e-12 -1.0 -1.2576796107422104e-12
  outer loop
    vertex 807.0710420593023 1204.9206568112663 76.6885928947263
    vertex 807.7439715765651 1204.9206568112652 12.600000000000259
    vertex 807.7439715765695 1204.9206568112663 76.60000004307804
  endloop
endfacet
facet normal 6.775650719599713e-12 -1.0 -1.2576796107422104e-12
  outer loop
    vertex 807.071042059298 1204.9206568112652 12.511407148352006
    vertex 807.7439715765651 1204.9206568112652 12.600000000000259
    vertex 807.0710420593023 1204.9206568112663 76.6885928947263
  endloop
endfacet
facet normal 6.775650719599713e-12 -1.0 -1.2576796107422104e-12
  outer loop
    vertex 806.4439715765683 1204.9206568112663 76.94833399323883
    vertex 807.071042059298 1204.9206568112652 12.511407148352006
    vertex 807.0710420593023 1204.9206568112663 76.6885928947263
  endloop
endfacet
facet normal 6.775650719599713e-12 -1.0 -1.2576796107422104e-12
  outer loop
    vertex 806.4439715765654 1204.920656811265 12.251666049839466
    vertex 807.071042059298 1204.9206568112652 12.511407148352006
    vertex 806.4439715765683 1204.9206568112663 76.94833399323883
  endloop
endfacet
facet normal 6.775650719599713e-12 -1.0 -1.2576796107422104e-12
  outer loop
    vertex 805.905493945484 1204.9206568112663 77.36152241199342
    vertex 806.4439715765654 1204.920656811265 12.251666049839466
    vertex 806.4439715765683 1204.9206568112663 76.94833399323883
  endloop
endfacet
facet normal 6.775650719599713e-12 -1.0 -1.2576796107422104e-12
  outer loop
    vertex 805.9054939454796 1204.920656811265 11.83847763108632
    vertex 806.4439715765654 1204.920656811265 12.251666049839466
    vertex 805.905493945484 1204.9206568112663 77.36152241199342
  endloop
endfacet
facet normal 6.775650719599713e-12 -1.0 -1.2576796107422104e-12
  outer loop
    vertex 805.4923055267294 1204.920656811266 77.90000004307774
    vertex 805.9054939454796 1204.920656811265 11.83847763108632
    vertex 805.905493945484 1204.9206568112663 77.36152241199342
  endloop
endfacet
facet normal 6.775650719599713e-12 -1.0 -1.2576796107422104e-12
  outer loop
    vertex 805.4923055267251 1204.9206568112647 11.300000000000555
    vertex 805.9054939454796 1204.920656811265 11.83847763108632
    vertex 805.4923055267294 1204.920656811266 77.90000004307774
  endloop
endfacet
facet normal 6.775650719599713e-12 -1.0 -1.2576796107422104e-12
  outer loop
    vertex 805.2325644282168 1204.920656811266 78.52707052581177
    vertex 805.4923055267251 1204.9206568112647 11.300000000000555
    vertex 805.4923055267294 1204.920656811266 77.90000004307774
  endloop
endfacet
facet normal 6.775650719599713e-12 -1.0 -1.2576796107422104e-12
  outer loop
    vertex 805.232564428214 1204.920656811265 10.67292951726798
    vertex 805.4923055267251 1204.9206568112647 11.300000000000555
    vertex 805.2325644282168 1204.920656811266 78.52707052581177
  endloop
endfacet
facet normal 6.775650719599713e-12 -1.0 -1.2576796107422104e-12
  outer loop
    vertex 805.1439715765686 1204.9206568112663 79.20000004307745
    vertex 805.232564428214 1204.920656811265 10.67292951726798
    vertex 805.2325644282168 1204.920656811266 78.52707052581177
  endloop
endfacet
facet normal 6.775650719599713e-12 -1.0 -1.2576796107422104e-12
  outer loop
    vertex 805.1439715765642 1204.9206568112647 10.00000000000085
    vertex 805.232564428214 1204.920656811265 10.67292951726798
    vertex 805.1439715765686 1204.9206568112663 79.20000004307745
  endloop
endfacet
facet normal 1.0 -5.053215498074311e-14 9.629357578064218e-28
  outer loop
    vertex 861.0439715765517 1234.4206568118584 67.20000004305363
    vertex 861.0439715765514 1229.9206568118584 67.20000004305372
    vertex 861.043971576553 1234.4206568118575 3.000000000000457
  endloop
endfacet
facet normal 1.0 -5.053215498074311e-14 9.629357578064218e-28
  outer loop
    vertex 861.0439715765528 1229.9206568118573 3.000000000000536
    vertex 861.043971576553 1234.4206568118575 3.000000000000457
    vertex 861.0439715765514 1229.9206568118584 67.20000004305372
  endloop
endfacet
facet normal 0.7071067811865422 -4.892168634983806e-14 -0.7071067811865529
  outer loop
    vertex 858.043971576552 1228.7912450920776 -2.0303758674344862e-13
    vertex 858.0439715765524 1234.4206568118575 -3.045563801151729e-13
    vertex 861.0439715765528 1229.9206568118573 3.000000000000536
  endloop
endfacet
facet normal 0.7071067811865422 -4.892168634983806e-14 -0.7071067811865529
  outer loop
    vertex 861.043971576553 1234.4206568118575 3.000000000000457
    vertex 861.0439715765528 1229.9206568118573 3.000000000000536
    vertex 858.0439715765524 1234.4206568118575 -3.045563801151729e-13
  endloop
endfacet
facet normal -4.190011725631487e-14 -1.0 1.6443415836912955e-14
  outer loop
    vertex 857.1939715765523 1229.9206568118584 60.09137237229908
    vertex 857.1326380638728 1229.9206568118584 59.62549809111469
    vertex 857.1939715765508 1229.920656811858 29.091371865693237
  endloop
endfacet
facet normal -4.190011725631487e-14 -1.0 1.6443415836912955e-14
  outer loop
    vertex 857.1326380638714 1229.920656811858 29.557246146877617
    vertex 857.1939715765508 1229.920656811858 29.091371865693237
    vertex 857.1326380638728 1229.9206568118584 59.62549809111469
  endloop
endfacet
facet normal -4.190011725631487e-14 -1.0 1.6443415836912955e-14
  outer loop
    vertex 856.9528173033643 1229.9206568118586 59.19137237229928
    vertex 857.1326380638714 1229.920656811858 29.557246146877617
    vertex 857.1326380638728 1229.9206568118584 59.62549809111469
  endloop
endfacet
facet normal -4.190011725631487e-14 -1.0 1.6443415836912955e-14
  outer loop
    vertex 856.9528173033628 1229.920656811858 29.991371865693033
    vertex 857.1326380638714 1229.920656811858 29.557246146877617
    vertex 856.9528173033643 1229.9206568118586 59.19137237229928
  endloop
endfacet
facet normal -4.190011725631487e-14 -1.0 1.6443415836912955e-14
  outer loop
    vertex 856.6667637826885 1229.9206568118584 58.818580166163315
    vertex 856.9528173033628 1229.920656811858 29.991371865693033
    vertex 856.9528173033643 1229.9206568118586 59.19137237229928
  endloop
endfacet
facet normal -4.190011725631487e-14 -1.0 1.6443415836912955e-14
  outer loop
    vertex 856.666763782687 1229.920656811858 30.364164071829
    vertex 856.9528173033628 1229.920656811858 29.991371865693033
    vertex 856.6667637826885 1229.9206568118584 58.818580166163315
  endloop
endfacet
facet normal -4.190011725631487e-14 -1.0 1.6443415836912955e-14
  outer loop
    vertex 856.2939715765524 1229.9206568118584 58.532526645487394
    vertex 856.666763782687 1229.920656811858 30.364164071829
    vertex 856.6667637826885 1229.9206568118584 58.818580166163315
  endloop
endfacet
facet normal -4.190011725631487e-14 -1.0 1.6443415836912955e-14
  outer loop
    vertex 856.293971576551 1229.920656811858 30.65021759250492
    vertex 856.666763782687 1229.920656811858 30.364164071829
    vertex 856.2939715765524 1229.9206568118584 58.532526645487394
  endloop
endfacet
facet normal -4.190011725631487e-14 -1.0 1.6443415836912955e-14
  outer loop
    vertex 855.859845857737 1229.9206568118586 58.35270588497893
    vertex 856.293971576551 1229.920656811858 30.65021759250492
    vertex 856.2939715765524 1229.9206568118584 58.532526645487394
  endloop
endfacet
facet normal -4.190011725631487e-14 -1.0 1.6443415836912955e-14
  outer loop
    vertex 855.8598458577355 1229.920656811858 30.83003835301338
    vertex 856.293971576551 1229.920656811858 30.65021759250492
    vertex 855.859845857737 1229.9206568118586 58.35270588497893
  endloop
endfacet
facet normal -4.190011725631487e-14 -1.0 1.6443415836912955e-14
  outer loop
    vertex 855.3939715765526 1229.9206568118586 58.291372372299485
    vertex 855.8598458577355 1229.920656811858 30.83003835301338
    vertex 855.859845857737 1229.9206568118586 58.35270588497893
  endloop
endfacet
facet normal -4.190011725631487e-14 -1.0 1.6443415836912955e-14
  outer loop
    vertex 855.3939715765512 1229.9206568118582 30.891371865692825
    vertex 855.8598458577355 1229.920656811858 30.83003835301338
    vertex 855.3939715765526 1229.9206568118586 58.291372372299485
  endloop
endfacet
facet normal -4.190011725631487e-14 -1.0 1.6443415836912955e-14
  outer loop
    vertex 854.9280972953683 1229.9206568118589 58.35270588497893
    vertex 855.3939715765512 1229.9206568118582 30.891371865692825
    vertex 855.3939715765526 1229.9206568118586 58.291372372299485
  endloop
endfacet
facet normal -4.190011725631487e-14 -1.0 1.6443415836912955e-14
  outer loop
    vertex 854.9280972953668 1229.9206568118582 30.83003835301338
    vertex 855.3939715765512 1229.9206568118582 30.891371865692825
    vertex 854.9280972953683 1229.9206568118589 58.35270588497893
  endloop
endfacet
facet normal -4.190011725631487e-14 -1.0 1.6443415836912955e-14
  outer loop
    vertex 854.4939715765529 1229.9206568118586 58.532526645487394
    vertex 854.9280972953668 1229.9206568118582 30.83003835301338
    vertex 854.9280972953683 1229.9206568118589 58.35270588497893
  endloop
endfacet
facet normal -4.190011725631487e-14 -1.0 1.6443415836912955e-14
  outer loop
    vertex 854.4939715765514 1229.920656811858 30.65021759250492
    vertex 854.9280972953668 1229.9206568118582 30.83003835301338
    vertex 854.4939715765529 1229.9206568118586 58.532526645487394
  endloop
endfacet
facet normal -4.190011725631487e-14 -1.0 1.6443415836912955e-14
  outer loop
    vertex 854.1211793704169 1229.9206568118586 58.818580166163315
    vertex 854.4939715765514 1229.920656811858 30.65021759250492
    vertex 854.4939715765529 1229.9206568118586 58.532526645487394
  endloop
endfacet
facet normal -4.190011725631487e-14 -1.0 1.6443415836912955e-14
  outer loop
    vertex 854.1211793704155 1229.920656811858 30.364164071829
    vertex 854.4939715765514 1229.920656811858 30.65021759250492
    vertex 854.1211793704169 1229.9206568118586 58.818580166163315
  endloop
endfacet
facet normal -4.190011725631487e-14 -1.0 1.6443415836912955e-14
  outer loop
    vertex 853.835125849741 1229.9206568118589 59.19137237229928
    vertex 854.1211793704155 1229.920656811858 30.364164071829
    vertex 854.1211793704169 1229.9206568118586 58.818580166163315
  endloop
endfacet
facet normal -4.190011725631487e-14 -1.0 1.6443415836912955e-14
  outer loop
    vertex 853.8351258497395 1229.9206568118582 29.991371865694475
    vertex 854.1211793704155 1229.920656811858 30.364164071829
    vertex 853.835125849741 1229.9206568118589 59.19137237229928
  endloop
endfacet
facet normal -4.190011725631487e-14 -1.0 1.6443415836912955e-14
  outer loop
    vertex 853.6553050892325 1229.9206568118586 59.62549809111469
    vertex 853.8351258497395 1229.9206568118582 29.991371865694475
    vertex 853.835125849741 1229.9206568118589 59.19137237229928
  endloop
endfacet
facet normal -4.190011725631487e-14 -1.0 1.6443415836912955e-14
  outer loop
    vertex 853.6553050892311 1229.920656811858 29.55724614687906
    vertex 853.8351258497395 1229.9206568118582 29.991371865694475
    vertex 853.6553050892325 1229.9206568118586 59.62549809111469
  endloop
endfacet
facet normal -4.190011725631487e-14 -1.0 1.6443415836912955e-14
  outer loop
    vertex 853.593971576553 1229.9206568118586 60.09137237229908
    vertex 853.6553050892311 1229.920656811858 29.55724614687906
    vertex 853.6553050892325 1229.9206568118586 59.62549809111469
  endloop
endfacet
facet normal -4.190011725631487e-14 -1.0 1.6443415836912955e-14
  outer loop
    vertex 853.5939715765517 1229.920656811858 29.091371865693237
    vertex 853.6553050892311 1229.920656811858 29.55724614687906
    vertex 853.593971576553 1229.9206568118586 60.09137237229908
  endloop
endfacet
facet normal -4.190011725631487e-14 -1.0 1.6443415836912955e-14
  outer loop
    vertex 855.3939715765512 1229.920656811858 27.291371865693645
    vertex 854.9280972953668 1229.920656811858 27.352705378373095
    vertex 855.2217421806216 1229.9206568120812 19.005609411703677
  endloop
endfacet
facet normal -4.190011725631487e-14 -1.0 1.6443415836912955e-14
  outer loop
    vertex 852.0217421806209 1229.9206568120192 19.005609411705077
    vertex 855.2217421806216 1229.9206568120812 19.005609411703677
    vertex 854.9280972953668 1229.920656811858 27.352705378373095
  endloop
endfacet
facet normal -4.190011725631487e-14 -1.0 1.6443415836912955e-14
  outer loop
    vertex 854.4939715765514 1229.920656811858 27.532526138881554
    vertex 852.0217421806209 1229.9206568120192 19.005609411705077
    vertex 854.9280972953668 1229.920656811858 27.352705378373095
  endloop
endfacet
facet normal -4.190011725631487e-14 -1.0 1.6443415836912955e-14
  outer loop
    vertex 854.1211793704155 1229.9206568118582 27.818579659557475
    vertex 852.0217421806209 1229.9206568120192 19.005609411705077
    vertex 854.4939715765514 1229.920656811858 27.532526138881554
  endloop
endfacet
facet normal -4.190011725631487e-14 -1.0 1.6443415836912955e-14
  outer loop
    vertex 853.8351258497395 1229.9206568118582 28.19137186569344
    vertex 852.0217421806209 1229.9206568120192 19.005609411705077
    vertex 854.1211793704155 1229.9206568118582 27.818579659557475
  endloop
endfacet
facet normal -4.190011725631487e-14 -1.0 1.6443415836912955e-14
  outer loop
    vertex 853.6553050892311 1229.9206568118582 28.625497584508857
    vertex 852.0217421806209 1229.9206568120192 19.005609411705077
    vertex 853.8351258497395 1229.9206568118582 28.19137186569344
  endloop
endfacet
facet normal -4.190011725631487e-14 -1.0 1.6443415836912955e-14
  outer loop
    vertex 853.5939715765517 1229.920656811858 29.091371865693237
    vertex 852.0217421806209 1229.9206568120192 19.005609411705077
    vertex 853.6553050892311 1229.9206568118582 28.625497584508857
  endloop
endfacet
facet normal -4.190011725631487e-14 -1.0 1.6443415836912955e-14
  outer loop
    vertex 852.0217421806209 1229.9206568120817 17.30560941170402
    vertex 855.2217421805523 1229.920656811858 11.705609411832393
    vertex 855.2217421806216 1229.9206568120815 17.305609411704065
  endloop
endfacet
facet normal -4.190011725631487e-14 -1.0 1.6443415836912955e-14
  outer loop
    vertex 855.2217421805523 1229.9206568118577 10.005609411832781
    vertex 855.2217421806216 1229.9206568120815 17.305609411704065
    vertex 855.2217421805523 1229.920656811858 11.705609411832393
  endloop
endfacet
facet normal -4.190011725631487e-14 -1.0 1.6443415836912955e-14
  outer loop
    vertex 852.021742180553 1229.920656811858 11.705609411833793
    vertex 855.2217421805523 1229.920656811858 11.705609411832393
    vertex 852.0217421806209 1229.9206568120817 17.30560941170402
  endloop
endfacet
facet normal -4.190011725631487e-14 -1.0 1.6443415836912955e-14
  outer loop
    vertex 839.043971576552 1229.92065681186 89.2000000430545
    vertex 856.9528173033643 1229.9206568118586 60.99137237229887
    vertex 861.0439715765514 1229.9206568118584 67.20000004305372
  endloop
endfacet
facet normal -4.190011725631487e-14 -1.0 1.6443415836912955e-14
  outer loop
    vertex 857.1326380638728 1229.9206568118586 60.55724665348345
    vertex 861.0439715765514 1229.9206568118584 67.20000004305372
    vertex 856.9528173033643 1229.9206568118586 60.99137237229887
  endloop
endfacet
facet normal -4.190011725631487e-14 -1.0 1.6443415836912955e-14
  outer loop
    vertex 857.1939715765523 1229.9206568118584 60.09137237229908
    vertex 861.0439715765514 1229.9206568118584 67.20000004305372
    vertex 857.1326380638728 1229.9206568118586 60.55724665348345
  endloop
endfacet
facet normal -4.190011725631487e-14 -1.0 1.6443415836912955e-14
  outer loop
    vertex 856.6667637826885 1229.9206568118586 61.36416457843484
    vertex 856.9528173033643 1229.9206568118586 60.99137237229887
    vertex 839.043971576552 1229.92065681186 89.2000000430545
  endloop
endfacet
facet normal -4.190011725631487e-14 -1.0 1.6443415836912955e-14
  outer loop
    vertex 856.2939715765524 1229.9206568118584 61.65021809911076
    vertex 856.6667637826885 1229.9206568118586 61.36416457843484
    vertex 839.043971576552 1229.92065681186 89.2000000430545
  endloop
endfacet
facet normal -4.190011725631487e-14 -1.0 1.6443415836912955e-14
  outer loop
    vertex 855.8598458577355 1229.9206568118589 61.830038859619215
    vertex 856.2939715765524 1229.9206568118584 61.65021809911076
    vertex 839.043971576552 1229.92065681186 89.2000000430545
  endloop
endfacet
facet normal -4.190011725631487e-14 -1.0 1.6443415836912955e-14
  outer loop
    vertex 855.3939715765512 1229.9206568118589 61.89137237229867
    vertex 855.8598458577355 1229.9206568118589 61.830038859619215
    vertex 839.043971576552 1229.92065681186 89.2000000430545
  endloop
endfacet
facet normal -4.190011725631487e-14 -1.0 1.6443415836912955e-14
  outer loop
    vertex 854.9280972953668 1229.9206568118589 61.830038859619215
    vertex 855.3939715765512 1229.9206568118589 61.89137237229867
    vertex 839.043971576552 1229.92065681186 89.2000000430545
  endloop
endfacet
facet normal -4.190011725631487e-14 -1.0 1.6443415836912955e-14
  outer loop
    vertex 854.4939715765529 1229.9206568118586 61.65021809911076
    vertex 854.9280972953668 1229.9206568118589 61.830038859619215
    vertex 839.043971576552 1229.92065681186 89.2000000430545
  endloop
endfacet
facet normal -4.190011725631487e-14 -1.0 1.6443415836912955e-14
  outer loop
    vertex 854.1211793704169 1229.9206568118589 61.36416457843484
    vertex 854.4939715765529 1229.9206568118586 61.65021809911076
    vertex 839.043971576552 1229.92065681186 89.2000000430545
  endloop
endfacet
facet normal -4.190011725631487e-14 -1.0 1.6443415836912955e-14
  outer loop
    vertex 853.835125849741 1229.9206568118589 60.99137237229887
    vertex 854.1211793704169 1229.9206568118589 61.36416457843484
    vertex 839.043971576552 1229.92065681186 89.2000000430545
  endloop
endfacet
facet normal -4.190011725631487e-14 -1.0 1.6443415836912955e-14
  outer loop
    vertex 853.6553050892325 1229.9206568118589 60.55724665348345
    vertex 853.835125849741 1229.9206568118589 60.99137237229887
    vertex 839.043971576552 1229.92065681186 89.2000000430545
  endloop
endfacet
facet normal -4.190011725631487e-14 -1.0 1.6443415836912955e-14
  outer loop
    vertex 853.593971576553 1229.9206568118586 60.09137237229908
    vertex 853.6553050892325 1229.9206568118589 60.55724665348345
    vertex 839.043971576552 1229.92065681186 89.2000000430545
  endloop
endfacet
facet normal -4.190011725631487e-14 -1.0 1.6443415836912955e-14
  outer loop
    vertex 851.4850814920214 1229.9206568118584 47.69720091353224
    vertex 853.593971576553 1229.9206568118586 60.09137237229908
    vertex 839.043971576552 1229.92065681186 89.2000000430545
  endloop
endfacet
facet normal -4.190011725631487e-14 -1.0 1.6443415836912955e-14
  outer loop
    vertex 851.8939715765534 1229.9206568118584 44.59137237230256
    vertex 853.593971576553 1229.9206568118586 60.09137237229908
    vertex 851.4850814920214 1229.9206568118584 47.69720091353224
  endloop
endfacet
facet normal -4.190011725631487e-14 -1.0 1.6443415836912955e-14
  outer loop
    vertex 853.5939715765517 1229.920656811858 29.091371865693237
    vertex 853.593971576553 1229.9206568118586 60.09137237229908
    vertex 851.8939715765534 1229.9206568118584 44.59137237230256
  endloop
endfacet
facet normal -4.190011725631487e-14 -1.0 1.6443415836912955e-14
  outer loop
    vertex 852.0217421806209 1229.9206568120192 19.005609411705077
    vertex 853.5939715765517 1229.920656811858 29.091371865693237
    vertex 851.8939715765534 1229.9206568118584 44.59137237230256
  endloop
endfacet
facet normal -4.190011725631487e-14 -1.0 1.6443415836912955e-14
  outer loop
    vertex 852.0217421806209 1229.9206568120817 17.30560941170402
    vertex 852.0217421806209 1229.9206568120192 19.005609411705077
    vertex 851.8939715765534 1229.9206568118584 44.59137237230256
  endloop
endfacet
facet normal -4.190011725631487e-14 -1.0 1.6443415836912955e-14
  outer loop
    vertex 852.021742180553 1229.920656811858 11.705609411833793
    vertex 852.0217421806209 1229.9206568120817 17.30560941170402
    vertex 851.8939715765534 1229.9206568118584 44.59137237230256
  endloop
endfacet
facet normal -4.190011725631487e-14 -1.0 1.6443415836912955e-14
  outer loop
    vertex 850.2862764219659 1229.9206568118586 50.59137237230268
    vertex 851.4850814920214 1229.9206568118584 47.69720091353224
    vertex 839.043971576552 1229.92065681186 89.2000000430545
  endloop
endfacet
facet normal -4.190011725631487e-14 -1.0 1.6443415836912955e-14
  outer loop
    vertex 848.3792529507917 1229.9206568118589 53.07665374653957
    vertex 850.2862764219659 1229.9206568118586 50.59137237230268
    vertex 839.043971576552 1229.92065681186 89.2000000430545
  endloop
endfacet
facet normal -4.190011725631487e-14 -1.0 1.6443415836912955e-14
  outer loop
    vertex 845.8939715765533 1229.920656811859 54.98367721771526
    vertex 848.3792529507917 1229.9206568118589 53.07665374653957
    vertex 839.043971576552 1229.92065681186 89.2000000430545
  endloop
endfacet
facet normal -4.190011725631487e-14 -1.0 1.6443415836912955e-14
  outer loop
    vertex 842.999800117783 1229.9206568118593 56.182482287770696
    vertex 845.8939715765533 1229.920656811859 54.98367721771526
    vertex 839.043971576552 1229.92065681186 89.2000000430545
  endloop
endfacet
facet normal -4.190011725631487e-14 -1.0 1.6443415836912955e-14
  outer loop
    vertex 839.8939715765533 1229.9206568118595 56.591372372301315
    vertex 842.999800117783 1229.9206568118593 56.182482287770696
    vertex 839.043971576552 1229.92065681186 89.2000000430545
  endloop
endfacet
facet normal -4.190011725631487e-14 -1.0 1.6443415836912955e-14
  outer loop
    vertex 836.7881430353222 1229.9206568118595 56.182482287770696
    vertex 839.8939715765533 1229.9206568118595 56.591372372301315
    vertex 839.043971576552 1229.92065681186 89.2000000430545
  endloop
endfacet
facet normal -4.190011725631487e-14 -1.0 1.6443415836912955e-14
  outer loop
    vertex 823.5439715765584 1229.9206568118598 81.69137123840089
    vertex 836.7881430353222 1229.9206568118595 56.182482287770696
    vertex 839.043971576552 1229.92065681186 89.2000000430545
  endloop
endfacet
facet normal -4.190011725631487e-14 -1.0 1.6443415836912955e-14
  outer loop
    vertex 818.5439715765527 1229.9206568118611 89.20000004305305
    vertex 823.5439715765584 1229.9206568118598 81.69137123840089
    vertex 839.043971576552 1229.92065681186 89.2000000430545
  endloop
endfacet
facet normal -4.190011725631487e-14 -1.0 1.6443415836912955e-14
  outer loop
    vertex 833.8939715765532 1229.9206568118598 54.98367721771526
    vertex 836.7881430353222 1229.9206568118595 56.182482287770696
    vertex 823.5439715765584 1229.9206568118598 81.69137123840089
  endloop
endfacet
facet normal -4.190011725631487e-14 -1.0 1.6443415836912955e-14
  outer loop
    vertex 831.4086902023149 1229.9206568118598 53.07665374654101
    vertex 833.8939715765532 1229.9206568118598 54.98367721771526
    vertex 823.5439715765584 1229.9206568118598 81.69137123840089
  endloop
endfacet
facet normal -4.190011725631487e-14 -1.0 1.6443415836912955e-14
  outer loop
    vertex 829.5016667311392 1229.9206568118598 50.59137237230268
    vertex 831.4086902023149 1229.9206568118598 53.07665374654101
    vertex 823.5439715765584 1229.9206568118598 81.69137123840089
  endloop
endfacet
facet normal -4.190011725631487e-14 -1.0 1.6443415836912955e-14
  outer loop
    vertex 828.3028616610837 1229.9206568118598 47.697200913532285
    vertex 829.5016667311392 1229.9206568118598 50.59137237230268
    vertex 823.5439715765584 1229.9206568118598 81.69137123840089
  endloop
endfacet
facet normal -4.190011725631487e-14 -1.0 1.6443415836912955e-14
  outer loop
    vertex 826.193971576552 1229.92065681186 60.091371865694846
    vertex 828.3028616610837 1229.9206568118598 47.697200913532285
    vertex 823.5439715765584 1229.9206568118598 81.69137123840089
  endloop
endfacet
facet normal -4.190011725631487e-14 -1.0 1.6443415836912955e-14
  outer loop
    vertex 827.8939715765531 1229.9206568118598 44.5913723723026
    vertex 828.3028616610837 1229.9206568118598 47.697200913532285
    vertex 826.193971576552 1229.92065681186 60.091371865694846
  endloop
endfacet
facet normal -4.190011725631487e-14 -1.0 1.6443415836912955e-14
  outer loop
    vertex 826.1326380638726 1229.9206568118602 60.55724614687923
    vertex 826.193971576552 1229.92065681186 60.091371865694846
    vertex 823.5439715765584 1229.9206568118598 81.69137123840089
  endloop
endfacet
facet normal -4.190011725631487e-14 -1.0 1.6443415836912955e-14
  outer loop
    vertex 825.9528173033642 1229.9206568118602 60.991371865694646
    vertex 826.1326380638726 1229.9206568118602 60.55724614687923
    vertex 823.5439715765584 1229.9206568118598 81.69137123840089
  endloop
endfacet
facet normal -4.190011725631487e-14 -1.0 1.6443415836912955e-14
  outer loop
    vertex 825.6667637826882 1229.9206568118602 61.36416407183061
    vertex 825.9528173033642 1229.9206568118602 60.991371865694646
    vertex 823.5439715765584 1229.9206568118598 81.69137123840089
  endloop
endfacet
facet normal -4.190011725631487e-14 -1.0 1.6443415836912955e-14
  outer loop
    vertex 825.2939715765523 1229.92065681186 61.65021759250653
    vertex 825.6667637826882 1229.9206568118602 61.36416407183061
    vertex 823.5439715765584 1229.9206568118598 81.69137123840089
  endloop
endfacet
facet normal -4.190011725631487e-14 -1.0 1.6443415836912955e-14
  outer loop
    vertex 824.8598458577354 1229.9206568118602 61.83003835301499
    vertex 825.2939715765523 1229.92065681186 61.65021759250653
    vertex 823.5439715765584 1229.9206568118598 81.69137123840089
  endloop
endfacet
facet normal -4.190011725631487e-14 -1.0 1.6443415836912955e-14
  outer loop
    vertex 824.393971576551 1229.9206568118602 61.89137186569444
    vertex 824.8598458577354 1229.9206568118602 61.83003835301499
    vertex 823.5439715765584 1229.9206568118598 81.69137123840089
  endloop
endfacet
facet normal -4.190011725631487e-14 -1.0 1.6443415836912955e-14
  outer loop
    vertex 823.9280972953667 1229.9206568118605 61.83003835301499
    vertex 824.393971576551 1229.9206568118602 61.89137186569444
    vertex 823.5439715765584 1229.9206568118598 81.69137123840089
  endloop
endfacet
facet normal -4.190011725631487e-14 -1.0 1.6443415836912955e-14
  outer loop
    vertex 818.5439715765542 1229.9206568118602 83.39137123840051
    vertex 823.5439715765584 1229.9206568118598 81.69137123840089
    vertex 818.5439715765527 1229.9206568118611 89.20000004305305
  endloop
endfacet
facet normal -4.190011725631487e-14 -1.0 1.6443415836912955e-14
  outer loop
    vertex 818.5439715765542 1229.9206568118598 81.69137123840089
    vertex 823.5439715765584 1229.9206568118598 81.69137123840089
    vertex 818.5439715765542 1229.9206568118602 83.39137123840051
  endloop
endfacet
facet normal -4.190011725631487e-14 -1.0 1.6443415836912955e-14
  outer loop
    vertex 861.0439715765514 1229.9206568118584 67.20000004305372
    vertex 857.1939715765508 1229.920656811858 29.091371865693237
    vertex 861.0439715765528 1229.9206568118573 3.000000000000536
  endloop
endfacet
facet normal -4.190011725631487e-14 -1.0 1.6443415836912955e-14
  outer loop
    vertex 855.2217421805523 1229.9206568118577 10.005609411832781
    vertex 861.0439715765528 1229.9206568118573 3.000000000000536
    vertex 857.1939715765508 1229.920656811858 29.091371865693237
  endloop
endfacet
facet normal -4.190011725631487e-14 -1.0 1.6443415836912955e-14
  outer loop
    vertex 818.5439715765527 1229.9206568118595 2.9999999999990923
    vertex 861.0439715765528 1229.9206568118573 3.000000000000536
    vertex 855.2217421805523 1229.9206568118577 10.005609411832781
  endloop
endfacet
facet normal -4.190011725631487e-14 -1.0 1.6443415836912955e-14
  outer loop
    vertex 857.1939715765523 1229.9206568118584 60.09137237229908
    vertex 857.1939715765508 1229.920656811858 29.091371865693237
    vertex 861.0439715765514 1229.9206568118584 67.20000004305372
  endloop
endfacet
facet normal -4.190011725631487e-14 -1.0 1.6443415836912955e-14
  outer loop
    vertex 857.1326380638714 1229.920656811858 28.625497584508857
    vertex 855.2217421805523 1229.9206568118577 10.005609411832781
    vertex 857.1939715765508 1229.920656811858 29.091371865693237
  endloop
endfacet
facet normal -4.190011725631487e-14 -1.0 1.6443415836912955e-14
  outer loop
    vertex 856.9528173033628 1229.920656811858 28.19137186569344
    vertex 855.2217421805523 1229.9206568118577 10.005609411832781
    vertex 857.1326380638714 1229.920656811858 28.625497584508857
  endloop
endfacet
facet normal -4.190011725631487e-14 -1.0 1.6443415836912955e-14
  outer loop
    vertex 856.666763782687 1229.920656811858 27.818579659557475
    vertex 855.2217421805523 1229.9206568118577 10.005609411832781
    vertex 856.9528173033628 1229.920656811858 28.19137186569344
  endloop
endfacet
facet normal -4.190011725631487e-14 -1.0 1.6443415836912955e-14
  outer loop
    vertex 856.293971576551 1229.920656811858 27.532526138881554
    vertex 855.2217421805523 1229.9206568118577 10.005609411832781
    vertex 856.666763782687 1229.920656811858 27.818579659557475
  endloop
endfacet
facet normal -4.190011725631487e-14 -1.0 1.6443415836912955e-14
  outer loop
    vertex 855.8598458577355 1229.920656811858 27.352705378373095
    vertex 855.2217421805523 1229.9206568118577 10.005609411832781
    vertex 856.293971576551 1229.920656811858 27.532526138881554
  endloop
endfacet
facet normal -4.190011725631487e-14 -1.0 1.6443415836912955e-14
  outer loop
    vertex 855.3939715765512 1229.920656811858 27.291371865693645
    vertex 855.2217421805523 1229.9206568118577 10.005609411832781
    vertex 855.8598458577355 1229.920656811858 27.352705378373095
  endloop
endfacet
facet normal -4.190011725631487e-14 -1.0 1.6443415836912955e-14
  outer loop
    vertex 855.2217421806216 1229.9206568120815 17.305609411704065
    vertex 855.2217421805523 1229.9206568118577 10.005609411832781
    vertex 855.3939715765512 1229.920656811858 27.291371865693645
  endloop
endfacet
facet normal -4.190011725631487e-14 -1.0 1.6443415836912955e-14
  outer loop
    vertex 855.2217421806216 1229.9206568120812 19.005609411703677
    vertex 855.2217421806216 1229.9206568120815 17.305609411704065
    vertex 855.3939715765512 1229.920656811858 27.291371865693645
  endloop
endfacet
facet normal -4.190011725631487e-14 -1.0 1.6443415836912955e-14
  outer loop
    vertex 852.021742180553 1229.920656811858 10.005609411832735
    vertex 818.5439715765527 1229.9206568118595 2.9999999999990923
    vertex 855.2217421805523 1229.9206568118577 10.005609411832781
  endloop
endfacet
facet normal -4.190011725631487e-14 -1.0 1.6443415836912955e-14
  outer loop
    vertex 852.021742180553 1229.920656811858 11.705609411833793
    vertex 818.5439715765527 1229.9206568118595 2.9999999999990923
    vertex 852.021742180553 1229.920656811858 10.005609411832735
  endloop
endfacet
facet normal -4.190011725631487e-14 -1.0 1.6443415836912955e-14
  outer loop
    vertex 823.5439715765526 1229.9206568118593 7.49137123840044
    vertex 818.5439715765527 1229.9206568118595 2.9999999999990923
    vertex 852.021742180553 1229.920656811858 11.705609411833793
  endloop
endfacet
facet normal -4.190011725631487e-14 -1.0 1.6443415836912955e-14
  outer loop
    vertex 848.3792529507917 1229.9206568118584 36.10609099806275
    vertex 823.5439715765526 1229.9206568118593 7.49137123840044
    vertex 852.021742180553 1229.920656811858 11.705609411833793
  endloop
endfacet
facet normal -4.190011725631487e-14 -1.0 1.6443415836912955e-14
  outer loop
    vertex 850.2862764219659 1229.9206568118584 38.59137237230252
    vertex 848.3792529507917 1229.9206568118584 36.10609099806275
    vertex 852.021742180553 1229.920656811858 11.705609411833793
  endloop
endfacet
facet normal -4.190011725631487e-14 -1.0 1.6443415836912955e-14
  outer loop
    vertex 851.4850814920214 1229.9206568118584 41.485543831071425
    vertex 850.2862764219659 1229.9206568118584 38.59137237230252
    vertex 852.021742180553 1229.920656811858 11.705609411833793
  endloop
endfacet
facet normal -4.190011725631487e-14 -1.0 1.6443415836912955e-14
  outer loop
    vertex 851.8939715765534 1229.9206568118584 44.59137237230256
    vertex 851.4850814920214 1229.9206568118584 41.485543831071425
    vertex 852.021742180553 1229.920656811858 11.705609411833793
  endloop
endfacet
facet normal -4.190011725631487e-14 -1.0 1.6443415836912955e-14
  outer loop
    vertex 845.8939715765533 1229.9206568118586 34.1990675268885
    vertex 823.5439715765526 1229.9206568118593 7.49137123840044
    vertex 848.3792529507917 1229.9206568118584 36.10609099806275
  endloop
endfacet
facet normal -4.190011725631487e-14 -1.0 1.6443415836912955e-14
  outer loop
    vertex 842.999800117783 1229.9206568118586 33.000262456833056
    vertex 823.5439715765526 1229.9206568118593 7.49137123840044
    vertex 845.8939715765533 1229.9206568118586 34.1990675268885
  endloop
endfacet
facet normal -4.190011725631487e-14 -1.0 1.6443415836912955e-14
  outer loop
    vertex 839.8939715765533 1229.9206568118589 32.591372372300995
    vertex 823.5439715765526 1229.9206568118593 7.49137123840044
    vertex 842.999800117783 1229.9206568118586 33.000262456833056
  endloop
endfacet
facet normal -4.190011725631487e-14 -1.0 1.6443415836912955e-14
  outer loop
    vertex 836.7881430353222 1229.9206568118589 33.000262456833056
    vertex 823.5439715765526 1229.9206568118593 7.49137123840044
    vertex 839.8939715765533 1229.9206568118589 32.591372372300995
  endloop
endfacet
facet normal -4.190011725631487e-14 -1.0 1.6443415836912955e-14
  outer loop
    vertex 833.8939715765532 1229.920656811859 34.19906752688854
    vertex 823.5439715765526 1229.9206568118593 7.49137123840044
    vertex 836.7881430353222 1229.9206568118589 33.000262456833056
  endloop
endfacet
facet normal -4.190011725631487e-14 -1.0 1.6443415836912955e-14
  outer loop
    vertex 831.4086902023149 1229.9206568118593 36.10609099806419
    vertex 823.5439715765526 1229.9206568118593 7.49137123840044
    vertex 833.8939715765532 1229.920656811859 34.19906752688854
  endloop
endfacet
facet normal -4.190011725631487e-14 -1.0 1.6443415836912955e-14
  outer loop
    vertex 829.5016667311392 1229.9206568118595 38.59137237230252
    vertex 823.5439715765526 1229.9206568118593 7.49137123840044
    vertex 831.4086902023149 1229.9206568118593 36.10609099806419
  endloop
endfacet
facet normal -4.190011725631487e-14 -1.0 1.6443415836912955e-14
  outer loop
    vertex 828.3028616610837 1229.9206568118595 41.48554383107147
    vertex 823.5439715765526 1229.9206568118593 7.49137123840044
    vertex 829.5016667311392 1229.9206568118595 38.59137237230252
  endloop
endfacet
facet normal -4.190011725631487e-14 -1.0 1.6443415836912955e-14
  outer loop
    vertex 826.1939715765507 1229.9206568118595 29.09137186569468
    vertex 823.5439715765526 1229.9206568118593 7.49137123840044
    vertex 828.3028616610837 1229.9206568118595 41.48554383107147
  endloop
endfacet
facet normal -4.190011725631487e-14 -1.0 1.6443415836912955e-14
  outer loop
    vertex 827.8939715765531 1229.9206568118598 44.5913723723026
    vertex 826.1939715765507 1229.9206568118595 29.09137186569468
    vertex 828.3028616610837 1229.9206568118595 41.48554383107147
  endloop
endfacet
facet normal -4.190011725631487e-14 -1.0 1.6443415836912955e-14
  outer loop
    vertex 826.193971576552 1229.92065681186 60.091371865694846
    vertex 826.1939715765507 1229.9206568118595 29.09137186569468
    vertex 827.8939715765531 1229.9206568118598 44.5913723723026
  endloop
endfacet
facet normal -4.190011725631487e-14 -1.0 1.6443415836912955e-14
  outer loop
    vertex 826.1326380638711 1229.9206568118598 28.625497584508857
    vertex 823.5439715765526 1229.9206568118593 7.49137123840044
    vertex 826.1939715765507 1229.9206568118595 29.09137186569468
  endloop
endfacet
facet normal -4.190011725631487e-14 -1.0 1.6443415836912955e-14
  outer loop
    vertex 825.9528173033627 1229.9206568118598 28.19137186569344
    vertex 823.5439715765526 1229.9206568118593 7.49137123840044
    vertex 826.1326380638711 1229.9206568118598 28.625497584508857
  endloop
endfacet
facet normal -4.190011725631487e-14 -1.0 1.6443415836912955e-14
  outer loop
    vertex 825.6667637826868 1229.9206568118598 27.818579659558917
    vertex 823.5439715765526 1229.9206568118593 7.49137123840044
    vertex 825.9528173033627 1229.9206568118598 28.19137186569344
  endloop
endfacet
facet normal -4.190011725631487e-14 -1.0 1.6443415836912955e-14
  outer loop
    vertex 825.2939715765508 1229.9206568118595 27.532526138881554
    vertex 823.5439715765526 1229.9206568118593 7.49137123840044
    vertex 825.6667637826868 1229.9206568118598 27.818579659558917
  endloop
endfacet
facet normal -4.190011725631487e-14 -1.0 1.6443415836912955e-14
  outer loop
    vertex 824.8598458577354 1229.9206568118598 27.352705378373095
    vertex 823.5439715765526 1229.9206568118593 7.49137123840044
    vertex 825.2939715765508 1229.9206568118595 27.532526138881554
  endloop
endfacet
facet normal -4.190011725631487e-14 -1.0 1.6443415836912955e-14
  outer loop
    vertex 824.393971576551 1229.9206568118598 27.291371865693645
    vertex 823.5439715765526 1229.9206568118593 7.49137123840044
    vertex 824.8598458577354 1229.9206568118598 27.352705378373095
  endloop
endfacet
facet normal -4.190011725631487e-14 -1.0 1.6443415836912955e-14
  outer loop
    vertex 823.9280972953667 1229.9206568118598 27.352705378373095
    vertex 823.5439715765526 1229.9206568118593 7.49137123840044
    vertex 824.393971576551 1229.9206568118598 27.291371865693645
  endloop
endfacet
facet normal -4.190011725631487e-14 -1.0 1.6443415836912955e-14
  outer loop
    vertex 823.5439715765526 1229.9206568118589 21.691371238402986
    vertex 823.5439715765526 1229.9206568118593 7.49137123840044
    vertex 823.9280972953667 1229.9206568118598 27.352705378373095
  endloop
endfacet
facet normal -4.190011725631487e-14 -1.0 1.6443415836912955e-14
  outer loop
    vertex 818.5439715765527 1229.9206568118602 7.491371238397552
    vertex 818.5439715765527 1229.9206568118595 2.9999999999990923
    vertex 823.5439715765526 1229.9206568118593 7.49137123840044
  endloop
endfacet
facet normal -4.190011725631487e-14 -1.0 1.6443415836912955e-14
  outer loop
    vertex 818.5439715765527 1229.9206568118589 5.791371238399383
    vertex 818.5439715765527 1229.9206568118595 2.9999999999990923
    vertex 818.5439715765527 1229.9206568118602 7.491371238397552
  endloop
endfacet
facet normal -4.190011725631487e-14 -1.0 1.6443415836912955e-14
  outer loop
    vertex 826.193971576552 1229.92065681186 60.091371865694846
    vertex 826.1326380638726 1229.9206568118602 59.62549758450903
    vertex 826.1939715765507 1229.9206568118595 29.09137186569468
  endloop
endfacet
facet normal -4.190011725631487e-14 -1.0 1.6443415836912955e-14
  outer loop
    vertex 826.1326380638711 1229.9206568118595 29.55724614687906
    vertex 826.1939715765507 1229.9206568118595 29.09137186569468
    vertex 826.1326380638726 1229.9206568118602 59.62549758450903
  endloop
endfacet
facet normal -4.190011725631487e-14 -1.0 1.6443415836912955e-14
  outer loop
    vertex 825.9528173033642 1229.9206568118602 59.19137186569361
    vertex 826.1326380638711 1229.9206568118595 29.55724614687906
    vertex 826.1326380638726 1229.9206568118602 59.62549758450903
  endloop
endfacet
facet normal -4.190011725631487e-14 -1.0 1.6443415836912955e-14
  outer loop
    vertex 825.9528173033627 1229.9206568118598 29.991371865694475
    vertex 826.1326380638711 1229.9206568118595 29.55724614687906
    vertex 825.9528173033642 1229.9206568118602 59.19137186569361
  endloop
endfacet
facet normal -4.190011725631487e-14 -1.0 1.6443415836912955e-14
  outer loop
    vertex 825.6667637826882 1229.9206568118602 58.818579659559084
    vertex 825.9528173033627 1229.9206568118598 29.991371865694475
    vertex 825.9528173033642 1229.9206568118602 59.19137186569361
  endloop
endfacet
facet normal -4.190011725631487e-14 -1.0 1.6443415836912955e-14
  outer loop
    vertex 825.6667637826868 1229.9206568118595 30.36416407183044
    vertex 825.9528173033627 1229.9206568118598 29.991371865694475
    vertex 825.6667637826882 1229.9206568118602 58.818579659559084
  endloop
endfacet
facet normal -4.190011725631487e-14 -1.0 1.6443415836912955e-14
  outer loop
    vertex 825.2939715765523 1229.92065681186 58.53252613888172
    vertex 825.6667637826868 1229.9206568118595 30.36416407183044
    vertex 825.6667637826882 1229.9206568118602 58.818579659559084
  endloop
endfacet
facet normal -4.190011725631487e-14 -1.0 1.6443415836912955e-14
  outer loop
    vertex 825.2939715765508 1229.9206568118595 30.650217592506362
    vertex 825.6667637826868 1229.9206568118595 30.36416407183044
    vertex 825.2939715765523 1229.92065681186 58.53252613888172
  endloop
endfacet
facet normal -4.190011725631487e-14 -1.0 1.6443415836912955e-14
  outer loop
    vertex 824.8598458577369 1229.9206568118602 58.352705378373265
    vertex 825.2939715765508 1229.9206568118595 30.650217592506362
    vertex 825.2939715765523 1229.92065681186 58.53252613888172
  endloop
endfacet
facet normal -4.190011725631487e-14 -1.0 1.6443415836912955e-14
  outer loop
    vertex 824.8598458577354 1229.9206568118598 30.83003835301482
    vertex 825.2939715765508 1229.9206568118595 30.650217592506362
    vertex 824.8598458577369 1229.9206568118602 58.352705378373265
  endloop
endfacet
facet normal -4.190011725631487e-14 -1.0 1.6443415836912955e-14
  outer loop
    vertex 824.3939715765525 1229.9206568118602 58.29137186569381
    vertex 824.8598458577354 1229.9206568118598 30.83003835301482
    vertex 824.8598458577369 1229.9206568118602 58.352705378373265
  endloop
endfacet
facet normal -4.190011725631487e-14 -1.0 1.6443415836912955e-14
  outer loop
    vertex 824.393971576551 1229.9206568118598 30.89137186569427
    vertex 824.8598458577354 1229.9206568118598 30.83003835301482
    vertex 824.3939715765525 1229.9206568118602 58.29137186569381
  endloop
endfacet
facet normal -4.190011725631487e-14 -1.0 1.6443415836912955e-14
  outer loop
    vertex 823.928097295368 1229.9206568118602 58.352705378373265
    vertex 824.393971576551 1229.9206568118598 30.89137186569427
    vertex 824.3939715765525 1229.9206568118602 58.29137186569381
  endloop
endfacet
facet normal -4.190011725631487e-14 -1.0 1.6443415836912955e-14
  outer loop
    vertex 823.9280972953667 1229.9206568118598 30.83003835301482
    vertex 824.393971576551 1229.9206568118598 30.89137186569427
    vertex 823.928097295368 1229.9206568118602 58.352705378373265
  endloop
endfacet
facet normal -4.190011725631487e-14 -1.0 1.6443415836912955e-14
  outer loop
    vertex 823.4939715765527 1229.92065681186 58.53252613888172
    vertex 823.9280972953667 1229.9206568118598 30.83003835301482
    vertex 823.928097295368 1229.9206568118602 58.352705378373265
  endloop
endfacet
facet normal -4.190011725631487e-14 -1.0 1.6443415836912955e-14
  outer loop
    vertex 823.4939715765512 1229.9206568118595 30.650217592506362
    vertex 823.9280972953667 1229.9206568118598 30.83003835301482
    vertex 823.4939715765527 1229.92065681186 58.53252613888172
  endloop
endfacet
facet normal -4.190011725631487e-14 -1.0 1.6443415836912955e-14
  outer loop
    vertex 823.1211793704167 1229.9206568118602 58.818579659559084
    vertex 823.4939715765512 1229.9206568118595 30.650217592506362
    vertex 823.4939715765527 1229.92065681186 58.53252613888172
  endloop
endfacet
facet normal -4.190011725631487e-14 -1.0 1.6443415836912955e-14
  outer loop
    vertex 823.1211793704152 1229.9206568118598 30.36416407183044
    vertex 823.4939715765512 1229.9206568118595 30.650217592506362
    vertex 823.1211793704167 1229.9206568118602 58.818579659559084
  endloop
endfacet
facet normal -4.190011725631487e-14 -1.0 1.6443415836912955e-14
  outer loop
    vertex 822.8351258497408 1229.9206568118605 59.19137186569361
    vertex 823.1211793704152 1229.9206568118598 30.36416407183044
    vertex 823.1211793704167 1229.9206568118602 58.818579659559084
  endloop
endfacet
facet normal -4.190011725631487e-14 -1.0 1.6443415836912955e-14
  outer loop
    vertex 822.8351258497394 1229.9206568118598 29.991371865694475
    vertex 823.1211793704152 1229.9206568118598 30.36416407183044
    vertex 822.8351258497408 1229.9206568118605 59.19137186569361
  endloop
endfacet
facet normal -4.190011725631487e-14 -1.0 1.6443415836912955e-14
  outer loop
    vertex 822.6553050892323 1229.9206568118605 59.62549758450903
    vertex 822.8351258497394 1229.9206568118598 29.991371865694475
    vertex 822.8351258497408 1229.9206568118605 59.19137186569361
  endloop
endfacet
facet normal -4.190011725631487e-14 -1.0 1.6443415836912955e-14
  outer loop
    vertex 822.6553050892309 1229.9206568118598 29.55724614687906
    vertex 822.8351258497394 1229.9206568118598 29.991371865694475
    vertex 822.6553050892323 1229.9206568118605 59.62549758450903
  endloop
endfacet
facet normal -4.190011725631487e-14 -1.0 1.6443415836912955e-14
  outer loop
    vertex 822.5939715765529 1229.9206568118602 60.091371865694846
    vertex 822.6553050892309 1229.9206568118598 29.55724614687906
    vertex 822.6553050892323 1229.9206568118605 59.62549758450903
  endloop
endfacet
facet normal -4.190011725631487e-14 -1.0 1.6443415836912955e-14
  outer loop
    vertex 822.5939715765514 1229.9206568118598 29.09137186569468
    vertex 822.6553050892309 1229.9206568118598 29.55724614687906
    vertex 822.5939715765529 1229.9206568118602 60.091371865694846
  endloop
endfacet
facet normal -4.190011725631487e-14 -1.0 1.6443415836912955e-14
  outer loop
    vertex 823.9280972953667 1229.9206568118598 27.352705378373095
    vertex 823.4939715765512 1229.9206568118595 27.532526138881554
    vertex 823.5439715765526 1229.9206568118589 21.691371238402986
  endloop
endfacet
facet normal -4.190011725631487e-14 -1.0 1.6443415836912955e-14
  outer loop
    vertex 818.5439715765542 1229.9206568118589 21.69137123840154
    vertex 823.5439715765526 1229.9206568118589 21.691371238402986
    vertex 823.4939715765512 1229.9206568118595 27.532526138881554
  endloop
endfacet
facet normal -4.190011725631487e-14 -1.0 1.6443415836912955e-14
  outer loop
    vertex 823.1211793704152 1229.9206568118598 27.818579659558917
    vertex 818.5439715765542 1229.9206568118589 21.69137123840154
    vertex 823.4939715765512 1229.9206568118595 27.532526138881554
  endloop
endfacet
facet normal -4.190011725631487e-14 -1.0 1.6443415836912955e-14
  outer loop
    vertex 822.8351258497394 1229.9206568118598 28.19137186569344
    vertex 818.5439715765542 1229.9206568118589 21.69137123840154
    vertex 823.1211793704152 1229.9206568118598 27.818579659558917
  endloop
endfacet
facet normal -4.190011725631487e-14 -1.0 1.6443415836912955e-14
  outer loop
    vertex 822.6553050892309 1229.9206568118598 28.625497584508857
    vertex 818.5439715765542 1229.9206568118589 21.69137123840154
    vertex 822.8351258497394 1229.9206568118598 28.19137186569344
  endloop
endfacet
facet normal -4.190011725631487e-14 -1.0 1.6443415836912955e-14
  outer loop
    vertex 822.5939715765514 1229.9206568118598 29.09137186569468
    vertex 818.5439715765542 1229.9206568118589 21.69137123840154
    vertex 822.6553050892309 1229.9206568118598 28.625497584508857
  endloop
endfacet
facet normal -4.190011725631487e-14 -1.0 1.6443415836912955e-14
  outer loop
    vertex 823.5439715765584 1229.9206568118598 81.69137123840089
    vertex 823.5439715765556 1229.9206568118605 67.49137123839834
    vertex 823.9280972953667 1229.9206568118605 61.83003835301499
  endloop
endfacet
facet normal -4.190011725631487e-14 -1.0 1.6443415836912955e-14
  outer loop
    vertex 823.4939715765527 1229.9206568118602 61.65021759250653
    vertex 823.9280972953667 1229.9206568118605 61.83003835301499
    vertex 823.5439715765556 1229.9206568118605 67.49137123839834
  endloop
endfacet
facet normal -4.190011725631487e-14 -1.0 1.6443415836912955e-14
  outer loop
    vertex 818.5439715765513 1229.9206568118614 67.49137123839546
    vertex 823.4939715765527 1229.9206568118602 61.65021759250653
    vertex 823.5439715765556 1229.9206568118605 67.49137123839834
  endloop
endfacet
facet normal -4.190011725631487e-14 -1.0 1.6443415836912955e-14
  outer loop
    vertex 823.1211793704167 1229.9206568118605 61.36416407183061
    vertex 823.4939715765527 1229.9206568118602 61.65021759250653
    vertex 818.5439715765513 1229.9206568118614 67.49137123839546
  endloop
endfacet
facet normal -4.190011725631487e-14 -1.0 1.6443415836912955e-14
  outer loop
    vertex 822.8351258497408 1229.9206568118605 60.991371865694646
    vertex 823.1211793704167 1229.9206568118605 61.36416407183061
    vertex 818.5439715765513 1229.9206568118614 67.49137123839546
  endloop
endfacet
facet normal -4.190011725631487e-14 -1.0 1.6443415836912955e-14
  outer loop
    vertex 822.6553050892323 1229.9206568118605 60.55724614687923
    vertex 822.8351258497408 1229.9206568118605 60.991371865694646
    vertex 818.5439715765513 1229.9206568118614 67.49137123839546
  endloop
endfacet
facet normal -4.190011725631487e-14 -1.0 1.6443415836912955e-14
  outer loop
    vertex 822.5939715765529 1229.9206568118602 60.091371865694846
    vertex 822.6553050892323 1229.9206568118605 60.55724614687923
    vertex 818.5439715765513 1229.9206568118614 67.49137123839546
  endloop
endfacet
facet normal -4.190011725631487e-14 -1.0 1.6443415836912955e-14
  outer loop
    vertex 822.5939715765514 1229.9206568118598 29.09137186569468
    vertex 822.5939715765529 1229.9206568118602 60.091371865694846
    vertex 818.5439715765513 1229.9206568118614 67.49137123839546
  endloop
endfacet
facet normal -4.190011725631487e-14 -1.0 1.6443415836912955e-14
  outer loop
    vertex 818.5439715765542 1229.920656811859 23.3913712384026
    vertex 822.5939715765514 1229.9206568118598 29.09137186569468
    vertex 818.5439715765513 1229.9206568118614 67.49137123839546
  endloop
endfacet
facet normal -4.190011725631487e-14 -1.0 1.6443415836912955e-14
  outer loop
    vertex 818.5439715765542 1229.9206568118589 21.69137123840154
    vertex 822.5939715765514 1229.9206568118598 29.09137186569468
    vertex 818.5439715765542 1229.920656811859 23.3913712384026
  endloop
endfacet
facet normal -4.190011725631487e-14 -1.0 1.6443415836912955e-14
  outer loop
    vertex 818.5439715765513 1229.9206568118598 65.79137123839729
    vertex 818.5439715765542 1229.920656811859 23.3913712384026
    vertex 818.5439715765513 1229.9206568118614 67.49137123839546
  endloop
endfacet
facet normal 1.0 -1.518871183110273e-14 -8.450381342246086e-14
  outer loop
    vertex 823.5439715765526 1229.9206568118589 21.691371238402986
    vertex 823.5439715765526 1228.9842591954318 20.737788339058557
    vertex 823.5439715765526 1229.9206568118593 7.49137123840044
  endloop
endfacet
facet normal 1.0 -1.518871183110273e-14 -8.450381342246086e-14
  outer loop
    vertex 823.5439715765526 1228.1913221094972 19.661957674074177
    vertex 823.5439715765526 1229.9206568118593 7.49137123840044
    vertex 823.5439715765526 1228.9842591954318 20.737788339058557
  endloop
endfacet
facet normal 1.0 -1.518871183110273e-14 -8.450381342246086e-14
  outer loop
    vertex 823.5439715765525 1227.5576164959648 18.485276732888405
    vertex 823.5439715765526 1229.9206568118593 7.49137123840044
    vertex 823.5439715765526 1228.1913221094972 19.661957674074177
  endloop
endfacet
facet normal 1.0 -1.518871183110273e-14 -8.450381342246086e-14
  outer loop
    vertex 823.5439715765525 1227.0957462985725 17.231148843583846
    vertex 823.5439715765526 1229.9206568118593 7.49137123840044
    vertex 823.5439715765525 1227.5576164959648 18.485276732888405
  endloop
endfacet
facet normal 1.0 -1.518871183110273e-14 -8.450381342246086e-14
  outer loop
    vertex 823.5439715765525 1226.8148977796134 15.924517697710087
    vertex 823.5439715765526 1229.9206568118593 7.49137123840044
    vertex 823.5439715765525 1227.0957462985725 17.231148843583846
  endloop
endfacet
facet normal 1.0 -1.518871183110273e-14 -8.450381342246086e-14
  outer loop
    vertex 823.5439715765525 1226.720656811859 14.591371238400326
    vertex 823.5439715765526 1229.9206568118593 7.49137123840044
    vertex 823.5439715765525 1226.8148977796134 15.924517697710087
  endloop
endfacet
facet normal 1.0 -1.518871183110273e-14 -8.450381342246086e-14
  outer loop
    vertex 823.5439715765525 1226.8148977796134 13.258224779092007
    vertex 823.5439715765526 1229.9206568118593 7.49137123840044
    vertex 823.5439715765525 1226.720656811859 14.591371238400326
  endloop
endfacet
facet normal 1.0 -1.518871183110273e-14 -8.450381342246086e-14
  outer loop
    vertex 823.5439715765525 1227.0957462985727 11.95159363321825
    vertex 823.5439715765526 1229.9206568118593 7.49137123840044
    vertex 823.5439715765525 1226.8148977796134 13.258224779092007
  endloop
endfacet
facet normal 1.0 -1.518871183110273e-14 -8.450381342246086e-14
  outer loop
    vertex 823.5439715765526 1227.557616495965 10.697465743912222
    vertex 823.5439715765526 1229.9206568118593 7.49137123840044
    vertex 823.5439715765525 1227.0957462985727 11.95159363321825
  endloop
endfacet
facet normal 1.0 -1.518871183110273e-14 -8.450381342246086e-14
  outer loop
    vertex 823.5439715765526 1228.1913221094976 9.520784802727873
    vertex 823.5439715765526 1229.9206568118593 7.49137123840044
    vertex 823.5439715765526 1227.557616495965 10.697465743912222
  endloop
endfacet
facet normal 1.0 -1.518871183110273e-14 -8.450381342246086e-14
  outer loop
    vertex 823.5439715765526 1228.9842591954323 8.44495413774347
    vertex 823.5439715765526 1229.9206568118593 7.49137123840044
    vertex 823.5439715765526 1228.1913221094976 9.520784802727873
  endloop
endfacet
facet normal 1.2025202960291836e-13 -0.7135068915523942 0.7006482110925855
  outer loop
    vertex 823.5439715765526 1228.9842591954318 20.737788339058557
    vertex 823.5439715765526 1229.9206568118589 21.691371238402986
    vertex 818.5439715765542 1228.984259195432 20.737788339058557
  endloop
endfacet
facet normal 1.2025202960291836e-13 -0.7135068915523942 0.7006482110925855
  outer loop
    vertex 818.5439715765542 1229.9206568118589 21.69137123840154
    vertex 818.5439715765542 1228.984259195432 20.737788339058557
    vertex 823.5439715765526 1229.9206568118589 21.691371238402986
  endloop
endfacet
facet normal 3.791001749028492e-14 -0.8049773062602052 0.593305601192222
  outer loop
    vertex 823.5439715765526 1228.1913221094972 19.661957674074177
    vertex 823.5439715765526 1228.9842591954318 20.737788339058557
    vertex 818.543971576554 1228.1913221094974 19.661957674074177
  endloop
endfacet
facet normal 3.791001749028492e-14 -0.8049773062602052 0.593305601192222
  outer loop
    vertex 818.5439715765542 1228.984259195432 20.737788339058557
    vertex 818.543971576554 1228.1913221094974 19.661957674074177
    vertex 823.5439715765526 1228.9842591954318 20.737788339058557
  endloop
endfacet
facet normal 2.6695837166238206e-14 -0.8804373078330354 0.4741625744148485
  outer loop
    vertex 823.5439715765526 1228.1913221094972 19.661957674074177
    vertex 818.543971576554 1228.1913221094974 19.661957674074177
    vertex 823.5439715765525 1227.5576164959648 18.485276732888405
  endloop
endfacet
facet normal 2.6695837166238206e-14 -0.8804373078330354 0.4741625744148485
  outer loop
    vertex 818.543971576554 1227.5576164959648 18.485276732888405
    vertex 823.5439715765525 1227.5576164959648 18.485276732888405
    vertex 818.543971576554 1228.1913221094974 19.661957674074177
  endloop
endfacet
facet normal 1.4950696057719075e-14 -0.9383860517241273 0.34558879890645144
  outer loop
    vertex 823.5439715765525 1227.0957462985725 17.231148843583846
    vertex 823.5439715765525 1227.5576164959648 18.485276732888405
    vertex 818.543971576554 1227.0957462985725 17.231148843583846
  endloop
endfacet
facet normal 1.4950696057719075e-14 -0.9383860517241273 0.34558879890645144
  outer loop
    vertex 818.543971576554 1227.5576164959648 18.485276732888405
    vertex 818.543971576554 1227.0957462985725 17.231148843583846
    vertex 823.5439715765525 1227.5576164959648 18.485276732888405
  endloop
endfacet
facet normal 2.9081964787441335e-15 -0.9776709795655362 0.21014151354590854
  outer loop
    vertex 823.5439715765525 1226.8148977796134 15.924517697710087
    vertex 823.5439715765525 1227.0957462985725 17.231148843583846
    vertex 818.543971576554 1226.8148977796134 15.924517697710087
  endloop
endfacet
facet normal 2.9081964787441335e-15 -0.9776709795655362 0.21014151354590854
  outer loop
    vertex 818.543971576554 1227.0957462985725 17.231148843583846
    vertex 818.543971576554 1226.8148977796134 15.924517697710087
    vertex 823.5439715765525 1227.0957462985725 17.231148843583846
  endloop
endfacet
facet normal -9.192145012965896e-15 -0.9975107427157089 0.07051466632378564
  outer loop
    vertex 823.5439715765525 1226.720656811859 14.591371238400326
    vertex 823.5439715765525 1226.8148977796134 15.924517697710087
    vertex 818.543971576554 1226.720656811859 14.591371238400326
  endloop
endfacet
facet normal -9.192145012965896e-15 -0.9975107427157089 0.07051466632378564
  outer loop
    vertex 818.543971576554 1226.8148977796134 15.924517697710087
    vertex 818.543971576554 1226.720656811859 14.591371238400326
    vertex 823.5439715765525 1226.8148977796134 15.924517697710087
  endloop
endfacet
facet normal -2.1109661426117126e-14 -0.9975107427157032 -0.07051466632386595
  outer loop
    vertex 823.5439715765525 1226.8148977796134 13.258224779092007
    vertex 823.5439715765525 1226.720656811859 14.591371238400326
    vertex 818.543971576554 1226.8148977796134 13.258224779092007
  endloop
endfacet
facet normal -2.1109661426117126e-14 -0.9975107427157032 -0.07051466632386595
  outer loop
    vertex 818.543971576554 1226.720656811859 14.591371238400326
    vertex 818.543971576554 1226.8148977796134 13.258224779092007
    vertex 823.5439715765525 1226.720656811859 14.591371238400326
  endloop
endfacet
facet normal -3.260732202725596e-14 -0.9776709795655198 -0.21014151354598387
  outer loop
    vertex 823.5439715765525 1227.0957462985727 11.95159363321825
    vertex 823.5439715765525 1226.8148977796134 13.258224779092007
    vertex 818.5439715765525 1227.0957462985727 11.951593633216806
  endloop
endfacet
facet normal -3.260732202725596e-14 -0.9776709795655198 -0.21014151354598387
  outer loop
    vertex 818.543971576554 1226.8148977796134 13.258224779092007
    vertex 818.5439715765525 1227.0957462985727 11.951593633216806
    vertex 823.5439715765525 1226.8148977796134 13.258224779092007
  endloop
endfacet
facet normal -4.345644670965228e-14 -0.9383860517241032 -0.3455887989065165
  outer loop
    vertex 823.5439715765526 1227.557616495965 10.697465743912222
    vertex 823.5439715765525 1227.0957462985727 11.95159363321825
    vertex 818.5439715765525 1227.5576164959652 10.697465743912222
  endloop
endfacet
facet normal -4.345644670965228e-14 -0.9383860517241032 -0.3455887989065165
  outer loop
    vertex 818.5439715765525 1227.0957462985727 11.951593633216806
    vertex 818.5439715765525 1227.5576164959652 10.697465743912222
    vertex 823.5439715765525 1227.0957462985727 11.95159363321825
  endloop
endfacet
facet normal -5.344125427429957e-14 -0.8804373078329957 -0.4741625744149223
  outer loop
    vertex 823.5439715765526 1227.557616495965 10.697465743912222
    vertex 818.5439715765525 1227.5576164959652 10.697465743912222
    vertex 823.5439715765526 1228.1913221094976 9.520784802727873
  endloop
endfacet
facet normal -5.344125427429957e-14 -0.8804373078329957 -0.4741625744149223
  outer loop
    vertex 818.5439715765525 1228.1913221094978 9.520784802727873
    vertex 823.5439715765526 1228.1913221094976 9.520784802727873
    vertex 818.5439715765525 1227.5576164959652 10.697465743912222
  endloop
endfacet
facet normal -6.236315416101705e-14 -0.8049773062601552 -0.5933056011922898
  outer loop
    vertex 823.5439715765526 1228.9842591954323 8.44495413774347
    vertex 823.5439715765526 1228.1913221094976 9.520784802727873
    vertex 818.5439715765525 1228.9842591954323 8.44495413774347
  endloop
endfacet
facet normal -6.236315416101705e-14 -0.8049773062601552 -0.5933056011922898
  outer loop
    vertex 818.5439715765525 1228.1913221094978 9.520784802727873
    vertex 818.5439715765525 1228.9842591954323 8.44495413774347
    vertex 823.5439715765526 1228.1913221094976 9.520784802727873
  endloop
endfacet
facet normal 1.1800746249770079e-13 -0.713506891552545 -0.7006482110924318
  outer loop
    vertex 823.5439715765526 1229.9206568118593 7.49137123840044
    vertex 823.5439715765526 1228.9842591954323 8.44495413774347
    vertex 818.5439715765527 1229.9206568118602 7.491371238397552
  endloop
endfacet
facet normal 1.1800746249770079e-13 -0.713506891552545 -0.7006482110924318
  outer loop
    vertex 818.5439715765525 1228.9842591954323 8.44495413774347
    vertex 818.5439715765527 1229.9206568118602 7.491371238397552
    vertex 823.5439715765526 1228.9842591954323 8.44495413774347
  endloop
endfacet
facet normal 1.0 -1.5188711831103663e-14 -8.450381342246106e-14
  outer loop
    vertex 823.5439715765584 1229.9206568118598 81.69137123840089
    vertex 823.5439715765584 1228.984259195433 80.73778833905646
    vertex 823.5439715765556 1229.9206568118605 67.49137123839834
  endloop
endfacet
facet normal 1.0 -1.5188711831103663e-14 -8.450381342246106e-14
  outer loop
    vertex 823.5439715765584 1228.1913221094985 79.66195767407208
    vertex 823.5439715765556 1229.9206568118605 67.49137123839834
    vertex 823.5439715765584 1228.984259195433 80.73778833905646
  endloop
endfacet
facet normal 1.0 -1.5188711831103663e-14 -8.450381342246106e-14
  outer loop
    vertex 823.5439715765584 1227.557616495966 78.48527673288775
    vertex 823.5439715765556 1229.9206568118605 67.49137123839834
    vertex 823.5439715765584 1228.1913221094985 79.66195767407208
  endloop
endfacet
facet normal 1.0 -1.5188711831103663e-14 -8.450381342246106e-14
  outer loop
    vertex 823.5439715765583 1227.0957462985737 77.2311488435832
    vertex 823.5439715765556 1229.9206568118605 67.49137123839834
    vertex 823.5439715765584 1227.557616495966 78.48527673288775
  endloop
endfacet
facet normal 1.0 -1.5188711831103663e-14 -8.450381342246106e-14
  outer loop
    vertex 823.5439715765583 1226.8148977796143 75.924517697708
    vertex 823.5439715765556 1229.9206568118605 67.49137123839834
    vertex 823.5439715765583 1227.0957462985737 77.2311488435832
  endloop
endfacet
facet normal 1.0 -1.5188711831103663e-14 -8.450381342246106e-14
  outer loop
    vertex 823.5439715765583 1226.7206568118602 74.59137123839967
    vertex 823.5439715765556 1229.9206568118605 67.49137123839834
    vertex 823.5439715765583 1226.8148977796143 75.924517697708
  endloop
endfacet
facet normal 1.0 -1.5188711831103663e-14 -8.450381342246106e-14
  outer loop
    vertex 823.5439715765583 1226.8148977796147 73.25822477908991
    vertex 823.5439715765556 1229.9206568118605 67.49137123839834
    vertex 823.5439715765583 1226.7206568118602 74.59137123839967
  endloop
endfacet
facet normal 1.0 -1.5188711831103663e-14 -8.450381342246106e-14
  outer loop
    vertex 823.5439715765583 1227.0957462985737 71.95159363321615
    vertex 823.5439715765556 1229.9206568118605 67.49137123839834
    vertex 823.5439715765583 1226.8148977796147 73.25822477908991
  endloop
endfacet
facet normal 1.0 -1.5188711831103663e-14 -8.450381342246106e-14
  outer loop
    vertex 823.5439715765583 1227.5576164959662 70.69746574391156
    vertex 823.5439715765556 1229.9206568118605 67.49137123839834
    vertex 823.5439715765583 1227.0957462985737 71.95159363321615
  endloop
endfacet
facet normal 1.0 -1.5188711831103663e-14 -8.450381342246106e-14
  outer loop
    vertex 823.5439715765584 1228.1913221094985 69.52078480272577
    vertex 823.5439715765556 1229.9206568118605 67.49137123839834
    vertex 823.5439715765583 1227.5576164959662 70.69746574391156
  endloop
endfacet
facet normal 1.0 -1.5188711831103663e-14 -8.450381342246106e-14
  outer loop
    vertex 823.5439715765556 1228.9842591954332 68.44495413774138
    vertex 823.5439715765556 1229.9206568118605 67.49137123839834
    vertex 823.5439715765584 1228.1913221094985 69.52078480272577
  endloop
endfacet
facet normal 1.2026522844141887e-13 -0.7135068915524616 0.7006482110925167
  outer loop
    vertex 823.5439715765584 1228.984259195433 80.73778833905646
    vertex 823.5439715765584 1229.9206568118598 81.69137123840089
    vertex 818.543971576554 1228.984259195433 80.73778833905646
  endloop
endfacet
facet normal 1.2026522844141887e-13 -0.7135068915524616 0.7006482110925167
  outer loop
    vertex 818.5439715765542 1229.9206568118598 81.69137123840089
    vertex 818.543971576554 1228.984259195433 80.73778833905646
    vertex 823.5439715765584 1229.9206568118598 81.69137123840089
  endloop
endfacet
facet normal 3.7910017490284275e-14 -0.8049773062602052 0.593305601192222
  outer loop
    vertex 823.5439715765584 1228.1913221094985 79.66195767407208
    vertex 823.5439715765584 1228.984259195433 80.73778833905646
    vertex 818.543971576554 1228.1913221094985 79.66195767407208
  endloop
endfacet
facet normal 3.7910017490284275e-14 -0.8049773062602052 0.593305601192222
  outer loop
    vertex 818.543971576554 1228.984259195433 80.73778833905646
    vertex 818.543971576554 1228.1913221094985 79.66195767407208
    vertex 823.5439715765584 1228.984259195433 80.73778833905646
  endloop
endfacet
facet normal 2.6695837166237486e-14 -0.8804373078330354 0.4741625744148485
  outer loop
    vertex 823.5439715765584 1227.557616495966 78.48527673288775
    vertex 823.5439715765584 1228.1913221094985 79.66195767407208
    vertex 818.543971576554 1227.5576164959662 78.48527673288775
  endloop
endfacet
facet normal 2.6695837166237486e-14 -0.8804373078330354 0.4741625744148485
  outer loop
    vertex 818.543971576554 1228.1913221094985 79.66195767407208
    vertex 818.543971576554 1227.5576164959662 78.48527673288775
    vertex 823.5439715765584 1228.1913221094985 79.66195767407208
  endloop
endfacet
facet normal 1.4950696057718267e-14 -0.9383860517241273 0.34558879890645144
  outer loop
    vertex 823.5439715765583 1227.0957462985737 77.2311488435832
    vertex 823.5439715765584 1227.557616495966 78.48527673288775
    vertex 818.543971576554 1227.0957462985737 77.2311488435832
  endloop
endfacet
facet normal 1.4950696057718267e-14 -0.9383860517241273 0.34558879890645144
  outer loop
    vertex 818.543971576554 1227.5576164959662 78.48527673288775
    vertex 818.543971576554 1227.0957462985737 77.2311488435832
    vertex 823.5439715765584 1227.557616495966 78.48527673288775
  endloop
endfacet
facet normal 2.9081964787432626e-15 -0.9776709795655362 0.21014151354590854
  outer loop
    vertex 823.5439715765583 1227.0957462985737 77.2311488435832
    vertex 818.543971576554 1227.0957462985737 77.2311488435832
    vertex 823.5439715765583 1226.8148977796143 75.924517697708
  endloop
endfacet
facet normal 2.9081964787432626e-15 -0.9776709795655362 0.21014151354590854
  outer loop
    vertex 818.543971576554 1226.8148977796143 75.924517697708
    vertex 823.5439715765583 1226.8148977796143 75.924517697708
    vertex 818.543971576554 1227.0957462985737 77.2311488435832
  endloop
endfacet
facet normal -9.192145012966811e-15 -0.9975107427157089 0.07051466632378564
  outer loop
    vertex 823.5439715765583 1226.7206568118602 74.59137123839967
    vertex 823.5439715765583 1226.8148977796143 75.924517697708
    vertex 818.543971576554 1226.7206568118602 74.59137123839967
  endloop
endfacet
facet normal -9.192145012966811e-15 -0.9975107427157089 0.07051466632378564
  outer loop
    vertex 818.543971576554 1226.8148977796143 75.924517697708
    vertex 818.543971576554 1226.7206568118602 74.59137123839967
    vertex 823.5439715765583 1226.8148977796143 75.924517697708
  endloop
endfacet
facet normal -2.1109661426118073e-14 -0.9975107427157032 -0.07051466632386595
  outer loop
    vertex 823.5439715765583 1226.8148977796147 73.25822477908991
    vertex 823.5439715765583 1226.7206568118602 74.59137123839967
    vertex 818.543971576554 1226.8148977796147 73.25822477908991
  endloop
endfacet
facet normal -2.1109661426118073e-14 -0.9975107427157032 -0.07051466632386595
  outer loop
    vertex 818.543971576554 1226.7206568118602 74.59137123839967
    vertex 818.543971576554 1226.8148977796147 73.25822477908991
    vertex 823.5439715765583 1226.7206568118602 74.59137123839967
  endloop
endfacet
facet normal -3.2607322027256913e-14 -0.9776709795655198 -0.21014151354598387
  outer loop
    vertex 823.5439715765583 1227.0957462985737 71.95159363321615
    vertex 823.5439715765583 1226.8148977796147 73.25822477908991
    vertex 818.543971576554 1227.0957462985737 71.95159363321615
  endloop
endfacet
facet normal -3.2607322027256913e-14 -0.9776709795655198 -0.21014151354598387
  outer loop
    vertex 818.543971576554 1226.8148977796147 73.25822477908991
    vertex 818.543971576554 1227.0957462985737 71.95159363321615
    vertex 823.5439715765583 1226.8148977796147 73.25822477908991
  endloop
endfacet
facet normal -4.3456446709653226e-14 -0.9383860517241032 -0.3455887989065165
  outer loop
    vertex 823.5439715765583 1227.5576164959662 70.69746574391156
    vertex 823.5439715765583 1227.0957462985737 71.95159363321615
    vertex 818.5439715765525 1227.5576164959662 70.69746574391156
  endloop
endfacet
facet normal -4.3456446709653226e-14 -0.9383860517241032 -0.3455887989065165
  outer loop
    vertex 818.543971576554 1227.0957462985737 71.95159363321615
    vertex 818.5439715765525 1227.5576164959662 70.69746574391156
    vertex 823.5439715765583 1227.0957462985737 71.95159363321615
  endloop
endfacet
facet normal -5.3441254274300485e-14 -0.8804373078329957 -0.4741625744149223
  outer loop
    vertex 823.5439715765584 1228.1913221094985 69.52078480272577
    vertex 823.5439715765583 1227.5576164959662 70.69746574391156
    vertex 818.5439715765525 1228.1913221094987 69.52078480272577
  endloop
endfacet
facet normal -5.3441254274300485e-14 -0.8804373078329957 -0.4741625744149223
  outer loop
    vertex 818.5439715765525 1227.5576164959662 70.69746574391156
    vertex 818.5439715765525 1228.1913221094987 69.52078480272577
    vertex 823.5439715765583 1227.5576164959662 70.69746574391156
  endloop
endfacet
facet normal -6.236315416101792e-14 -0.8049773062601552 -0.5933056011922898
  outer loop
    vertex 823.5439715765584 1228.1913221094985 69.52078480272577
    vertex 818.5439715765525 1228.1913221094987 69.52078480272577
    vertex 823.5439715765556 1228.9842591954332 68.44495413774138
  endloop
endfacet
facet normal -6.236315416101792e-14 -0.8049773062601552 -0.5933056011922898
  outer loop
    vertex 818.5439715765513 1228.9842591954334 68.44495413774138
    vertex 823.5439715765556 1228.9842591954332 68.44495413774138
    vertex 818.5439715765525 1228.1913221094987 69.52078480272577
  endloop
endfacet
facet normal 1.4291372939656964e-13 -0.7135068915525127 -0.7006482110924647
  outer loop
    vertex 823.5439715765556 1229.9206568118605 67.49137123839834
    vertex 823.5439715765556 1228.9842591954332 68.44495413774138
    vertex 818.5439715765513 1229.9206568118614 67.49137123839546
  endloop
endfacet
facet normal 1.4291372939656964e-13 -0.7135068915525127 -0.7006482110924647
  outer loop
    vertex 818.5439715765513 1228.9842591954334 68.44495413774138
    vertex 818.5439715765513 1229.9206568118614 67.49137123839546
    vertex 823.5439715765556 1228.9842591954332 68.44495413774138
  endloop
endfacet
facet normal 1.0 9.695272009052534e-12 2.373102072942954e-15
  outer loop
    vertex 852.0217421805779 1234.4206568118586 19.005609411787294
    vertex 852.0217421806209 1229.9206568120192 19.005609411705077
    vertex 852.0217421805778 1234.4206568119212 17.30560941178768
  endloop
endfacet
facet normal 1.0 9.695272009052534e-12 2.373102072942954e-15
  outer loop
    vertex 852.0217421806209 1229.9206568120817 17.30560941170402
    vertex 852.0217421805778 1234.4206568119212 17.30560941178768
    vertex 852.0217421806209 1229.9206568120192 19.005609411705077
  endloop
endfacet
facet normal 3.057276618257463e-14 1.8430181764103734e-11 -1.0
  outer loop
    vertex 852.0217421806209 1229.9206568120192 19.005609411705077
    vertex 852.0217421805779 1234.4206568118586 19.005609411787294
    vertex 855.2217421806216 1229.9206568120812 19.005609411703677
  endloop
endfacet
facet normal 3.057276618257463e-14 1.8430181764103734e-11 -1.0
  outer loop
    vertex 855.2217421805772 1234.4206568119207 19.00560941178734
    vertex 855.2217421806216 1229.9206568120812 19.005609411703677
    vertex 852.0217421805779 1234.4206568118586 19.005609411787294
  endloop
endfacet
facet normal -1.0 -9.695272009052534e-12 -2.373101715988961e-15
  outer loop
    vertex 855.2217421805772 1234.4206568119207 19.00560941178734
    vertex 855.221742180577 1234.420656811921 17.305609411786282
    vertex 855.2217421806216 1229.9206568120812 19.005609411703677
  endloop
endfacet
facet normal -1.0 -9.695272009052534e-12 -2.373101715988961e-15
  outer loop
    vertex 855.2217421806216 1229.9206568120815 17.305609411704065
    vertex 855.2217421806216 1229.9206568120812 19.005609411703677
    vertex 855.221742180577 1234.420656811921 17.305609411786282
  endloop
endfacet
facet normal 2.5826563109409743e-14 -1.843018176410318e-11 1.0
  outer loop
    vertex 852.0217421806209 1229.9206568120817 17.30560941170402
    vertex 855.2217421806216 1229.9206568120815 17.305609411704065
    vertex 852.0217421805778 1234.4206568119212 17.30560941178768
  endloop
endfacet
facet normal 2.5826563109409743e-14 -1.843018176410318e-11 1.0
  outer loop
    vertex 855.221742180577 1234.420656811921 17.305609411786282
    vertex 852.0217421805778 1234.4206568119212 17.30560941178768
    vertex 855.2217421806216 1229.9206568120815 17.305609411704065
  endloop
endfacet
facet normal 1.0 -5.0532154980743063e-14 2.373101715137235e-15
  outer loop
    vertex 852.0217421805534 1234.4206568119073 11.705609411833713
    vertex 852.021742180553 1229.920656811858 11.705609411833793
    vertex 852.0217421805534 1234.4206568119073 10.005609411832657
  endloop
endfacet
facet normal 1.0 -5.0532154980743063e-14 2.373101715137235e-15
  outer loop
    vertex 852.021742180553 1229.920656811858 10.005609411832735
    vertex 852.0217421805534 1234.4206568119073 10.005609411832657
    vertex 852.021742180553 1229.920656811858 11.705609411833793
  endloop
endfacet
facet normal 2.373101715136292e-15 -1.866562460151055e-14 -1.0
  outer loop
    vertex 855.2217421805523 1229.920656811858 11.705609411832393
    vertex 852.021742180553 1229.920656811858 11.705609411833793
    vertex 855.2217421805527 1234.4206568119073 11.705609411832315
  endloop
endfacet
facet normal 2.373101715136292e-15 -1.866562460151055e-14 -1.0
  outer loop
    vertex 852.0217421805534 1234.4206568119073 11.705609411833713
    vertex 855.2217421805527 1234.4206568119073 11.705609411832315
    vertex 852.021742180553 1229.920656811858 11.705609411833793
  endloop
endfacet
facet normal -1.0 5.0532154980743063e-14 -2.373101715137235e-15
  outer loop
    vertex 855.2217421805523 1229.920656811858 11.705609411832393
    vertex 855.2217421805527 1234.4206568119073 11.705609411832315
    vertex 855.2217421805523 1229.9206568118577 10.005609411832781
  endloop
endfacet
facet normal -1.0 5.0532154980743063e-14 -2.373101715137235e-15
  outer loop
    vertex 855.2217421805527 1234.4206568119073 10.005609411832701
    vertex 855.2217421805523 1229.9206568118577 10.005609411832781
    vertex 855.2217421805527 1234.4206568119073 11.705609411832315
  endloop
endfacet
facet normal -3.057276654061532e-14 1.8665624601511975e-14 1.0
  outer loop
    vertex 852.021742180553 1229.920656811858 10.005609411832735
    vertex 855.2217421805523 1229.9206568118577 10.005609411832781
    vertex 852.0217421805534 1234.4206568119073 10.005609411832657
  endloop
endfacet
facet normal -3.057276654061532e-14 1.8665624601511975e-14 1.0
  outer loop
    vertex 855.2217421805527 1234.4206568119073 10.005609411832701
    vertex 852.0217421805534 1234.4206568119073 10.005609411832657
    vertex 855.2217421805523 1229.9206568118577 10.005609411832781
  endloop
endfacet
facet normal -1.0 5.412691260026465e-15 8.653224547073435e-14
  outer loop
    vertex 788.7439715765723 1204.920656811268 85.20000004308764
    vertex 788.7439715765696 1208.920656811268 85.20000004308324
    vertex 788.7439715765622 1204.9206568112663 4.000000000006546
  endloop
endfacet
facet normal -1.0 5.412691260026465e-15 8.653224547073435e-14
  outer loop
    vertex 788.7439715765653 1208.9206568112663 4.000000000006478
    vertex 788.7439715765622 1204.9206568112663 4.000000000006546
    vertex 788.7439715765696 1208.920656811268 85.20000004308324
  endloop
endfacet
facet normal -0.70710678118629 -7.87038372147305e-14 0.7071067811868051
  outer loop
    vertex 788.7439715765723 1204.920656811268 85.20000004308764
    vertex 792.7439715765729 1204.920656811268 89.20000004308383
    vertex 788.7439715765696 1208.920656811268 85.20000004308324
  endloop
endfacet
facet normal -0.70710678118629 -7.87038372147305e-14 0.7071067811868051
  outer loop
    vertex 792.7439715765702 1208.9206568112675 89.20000004308233
    vertex 788.7439715765696 1208.920656811268 85.20000004308324
    vertex 792.7439715765729 1204.920656811268 89.20000004308383
  endloop
endfacet
facet normal -1.899332731907396e-12 4.7051310366510566e-12 -1.0
  outer loop
    vertex 823.5439715765384 1204.9206568118645 -2.293309542267252e-10
    vertex 812.2439715765657 1208.9206568112634 1.567901364296631e-12
    vertex 858.043971576552 1228.7912450920776 -2.0303758674344862e-13
  endloop
endfacet
facet normal -1.899332731907396e-12 4.7051310366510566e-12 -1.0
  outer loop
    vertex 813.7439715765641 1210.4206568112631 9.023892744153272e-14
    vertex 858.043971576552 1228.7912450920776 -2.0303758674344862e-13
    vertex 812.2439715765657 1208.9206568112634 1.567901364296631e-12
  endloop
endfacet
facet normal -1.899332731907396e-12 4.7051310366510566e-12 -1.0
  outer loop
    vertex 813.7439715765522 1234.4206568118577 -3.496758438359393e-13
    vertex 858.043971576552 1228.7912450920776 -2.0303758674344862e-13
    vertex 813.7439715765641 1210.4206568112631 9.023892744153272e-14
  endloop
endfacet
facet normal -1.899332731907396e-12 4.7051310366510566e-12 -1.0
  outer loop
    vertex 858.0439715765524 1234.4206568118575 -3.045563801151729e-13
    vertex 858.043971576552 1228.7912450920776 -2.0303758674344862e-13
    vertex 813.7439715765522 1234.4206568118577 -3.496758438359393e-13
  endloop
endfacet
facet normal -1.899332731907396e-12 4.7051310366510566e-12 -1.0
  outer loop
    vertex 792.7439715765628 1204.9206568112663 6.012168540792117e-12
    vertex 792.7439715765659 1208.9206568112659 5.944489345210968e-12
    vertex 823.5439715765384 1204.9206568118645 -2.293309542267252e-10
  endloop
endfacet
facet normal -1.899332731907396e-12 4.7051310366510566e-12 -1.0
  outer loop
    vertex 812.2439715765657 1208.9206568112634 1.567901364296631e-12
    vertex 823.5439715765384 1204.9206568118645 -2.293309542267252e-10
    vertex 792.7439715765659 1208.9206568112659 5.944489345210968e-12
  endloop
endfacet
facet normal -0.7071067811866016 5.330445348377471e-13 -0.7071067811864934
  outer loop
    vertex 788.7439715765622 1204.9206568112663 4.000000000006546
    vertex 788.7439715765653 1208.9206568112663 4.000000000006478
    vertex 792.7439715765628 1204.9206568112663 6.012168540792117e-12
  endloop
endfacet
facet normal -0.7071067811866016 5.330445348377471e-13 -0.7071067811864934
  outer loop
    vertex 792.7439715765659 1208.9206568112659 5.944489345210968e-12
    vertex 792.7439715765628 1204.9206568112663 6.012168540792117e-12
    vertex 788.7439715765653 1208.9206568112663 4.000000000006478
  endloop
endfacet
facet normal -0.9914448613738045 1.371303707318205e-13 -0.13052619222009662
  outer loop
    vertex 797.2553787249207 1204.920656811267 79.87292956034457
    vertex 797.2553787249209 1208.9206568112666 79.87292956034452
    vertex 797.343971576569 1204.920656811267 79.20000004307745
  endloop
endfacet
facet normal -0.9914448613738045 1.371303707318205e-13 -0.13052619222009662
  outer loop
    vertex 797.3439715765691 1208.9206568112666 79.20000004307738
    vertex 797.343971576569 1204.920656811267 79.20000004307745
    vertex 797.2553787249209 1208.9206568112666 79.87292956034452
  endloop
endfacet
facet normal -0.3826834323650284 7.111718675678523e-14 0.9238795325113122
  outer loop
    vertex 795.4169010938352 1204.920656811267 76.6885928947263
    vertex 796.0439715765692 1204.920656811267 76.94833399323738
    vertex 795.4169010938353 1208.9206568112666 76.68859289472623
  endloop
endfacet
facet normal -0.3826834323650284 7.111718675678523e-14 0.9238795325113122
  outer loop
    vertex 796.0439715765694 1208.9206568112666 76.94833399323733
    vertex 795.4169010938353 1208.9206568112666 76.68859289472623
    vertex 796.0439715765692 1204.920656811267 76.94833399323738
  endloop
endfacet
facet normal 0.608761429008775 -1.0050108802078465e-13 -0.7933533402911936
  outer loop
    vertex 793.4439715765684 1204.920656811267 81.4516660929175
    vertex 792.9054939454841 1204.920656811267 81.03847767416292
    vertex 793.4439715765685 1208.9206568112666 81.45166609291743
  endloop
endfacet
facet normal 0.608761429008775 -1.0050108802078465e-13 -0.7933533402911936
  outer loop
    vertex 792.9054939454842 1208.9206568112666 81.03847767416285
    vertex 793.4439715765685 1208.9206568112666 81.45166609291743
    vertex 792.9054939454841 1204.920656811267 81.03847767416292
  endloop
endfacet
facet normal -0.6087614290087712 7.088421676832484e-14 -0.7933533402911965
  outer loop
    vertex 796.5824492076536 1204.920656811267 81.03847767416292
    vertex 796.0439715765677 1204.920656811267 81.4516660929175
    vertex 796.5824492076537 1208.9206568112666 81.03847767416285
  endloop
endfacet
facet normal -0.6087614290087712 7.088421676832484e-14 -0.7933533402911965
  outer loop
    vertex 796.0439715765694 1208.9206568112666 81.45166609291743
    vertex 796.5824492076537 1208.9206568112666 81.03847767416285
    vertex 796.0439715765677 1204.920656811267 81.4516660929175
  endloop
endfacet
facet normal 0.3826834323650284 -7.111678781756101e-14 -0.9238795325113122
  outer loop
    vertex 794.0710420593024 1204.920656811267 81.71140719143006
    vertex 793.4439715765684 1204.920656811267 81.4516660929175
    vertex 794.0710420593026 1208.9206568112666 81.71140719142998
  endloop
endfacet
facet normal 0.3826834323650284 -7.111678781756101e-14 -0.9238795325113122
  outer loop
    vertex 793.4439715765685 1208.9206568112666 81.45166609291743
    vertex 794.0710420593026 1208.9206568112666 81.71140719142998
    vertex 793.4439715765684 1204.920656811267 81.4516660929175
  endloop
endfacet
facet normal 0.7933533402911963 -1.2304668789573206e-13 -0.6087614290087712
  outer loop
    vertex 792.9054939454842 1208.9206568112666 81.03847767416285
    vertex 792.9054939454841 1204.920656811267 81.03847767416292
    vertex 792.4923055267296 1208.9206568112666 80.50000004307853
  endloop
endfacet
facet normal 0.7933533402911963 -1.2304668789573206e-13 -0.6087614290087712
  outer loop
    vertex 792.4923055267294 1204.920656811267 80.5000000430786
    vertex 792.4923055267296 1208.9206568112666 80.50000004307853
    vertex 792.9054939454841 1204.920656811267 81.03847767416292
  endloop
endfacet
facet normal 0.1305261922199969 -3.687855407984724e-14 -0.9914448613738176
  outer loop
    vertex 794.743971576568 1204.920656811267 81.8000000430783
    vertex 794.0710420593024 1204.920656811267 81.71140719143006
    vertex 794.7439715765697 1208.9206568112668 81.80000004307823
  endloop
endfacet
facet normal 0.1305261922199969 -3.687855407984724e-14 -0.9914448613738176
  outer loop
    vertex 794.0710420593026 1208.9206568112666 81.71140719142998
    vertex 794.7439715765697 1208.9206568112668 81.80000004307823
    vertex 794.0710420593024 1204.920656811267 81.71140719143006
  endloop
endfacet
facet normal -0.6087614290089033 1.1840150927019532e-13 0.7933533402910949
  outer loop
    vertex 796.0439715765649 1204.9206568112659 7.748333950160836
    vertex 796.5824492076492 1204.9206568112659 8.161522368915424
    vertex 796.043971576565 1208.9206568112652 7.748333950160768
  endloop
endfacet
facet normal -0.6087614290089033 1.1840150927019532e-13 0.7933533402910949
  outer loop
    vertex 796.5824492076508 1208.9206568112654 8.161522368915357
    vertex 796.043971576565 1208.9206568112652 7.748333950160768
    vertex 796.5824492076492 1204.9206568112659 8.161522368915424
  endloop
endfacet
facet normal 0.6087614290087712 -5.299114555744984e-14 0.7933533402911963
  outer loop
    vertex 792.9054939454797 1204.9206568112659 8.16152236891538
    vertex 793.4439715765654 1204.9206568112656 7.748333950160791
    vertex 792.9054939454799 1208.9206568112652 8.161522368915312
  endloop
endfacet
facet normal 0.6087614290087712 -5.299114555744984e-14 0.7933533402911963
  outer loop
    vertex 793.4439715765657 1208.9206568112652 7.748333950160723
    vertex 792.9054939454799 1208.9206568112652 8.161522368915312
    vertex 793.4439715765654 1204.9206568112656 7.748333950160791
  endloop
endfacet
facet normal 0.991444861373809 -1.3418602018048288e-13 0.13052619222006223
  outer loop
    vertex 792.143971576566 1208.9206568112652 10.000000000000783
    vertex 792.1439715765644 1204.9206568112656 10.00000000000085
    vertex 792.2325644282142 1208.9206568112652 9.327070482733653
  endloop
endfacet
facet normal 0.991444861373809 -1.3418602018048288e-13 0.13052619222006223
  outer loop
    vertex 792.2325644282125 1204.9206568112654 9.32707048273372
    vertex 792.2325644282142 1208.9206568112652 9.327070482733653
    vertex 792.1439715765644 1204.9206568112656 10.00000000000085
  endloop
endfacet
facet normal 0.1305261922200623 -5.924706431014531e-14 -0.991444861373809
  outer loop
    vertex 794.7439715765652 1204.9206568112659 12.600000000000259
    vertex 794.0710420592981 1204.9206568112659 12.511407148352006
    vertex 794.7439715765654 1208.9206568112654 12.600000000000191
  endloop
endfacet
facet normal 0.1305261922200623 -5.924706431014531e-14 -0.991444861373809
  outer loop
    vertex 794.0710420592997 1208.9206568112654 12.511407148351939
    vertex 794.7439715765654 1208.9206568112654 12.600000000000191
    vertex 794.0710420592981 1204.9206568112659 12.511407148352006
  endloop
endfacet
facet normal -0.13052619222006226 5.92470643101453e-14 0.991444861373809
  outer loop
    vertex 794.7439715765652 1204.9206568112656 7.400000000001442
    vertex 795.4169010938309 1204.9206568112656 7.488592851649739
    vertex 794.7439715765654 1208.9206568112652 7.4000000000013735
  endloop
endfacet
facet normal -0.13052619222006226 5.92470643101453e-14 0.991444861373809
  outer loop
    vertex 795.4169010938325 1208.9206568112652 7.488592851649671
    vertex 794.7439715765654 1208.9206568112652 7.4000000000013735
    vertex 795.4169010938309 1204.9206568112656 7.488592851649739
  endloop
endfacet
facet normal 0.9238795325113139 -1.3719669972867398e-13 -0.38268343236502406
  outer loop
    vertex 792.4923055267296 1208.9206568112666 80.50000004307853
    vertex 792.4923055267294 1204.920656811267 80.5000000430786
    vertex 792.2325644282171 1208.9206568112663 79.87292956034452
  endloop
endfacet
facet normal 0.9238795325113139 -1.3719669972867398e-13 -0.38268343236502406
  outer loop
    vertex 792.232564428217 1204.920656811267 79.87292956034457
    vertex 792.2325644282171 1208.9206568112663 79.87292956034452
    vertex 792.4923055267294 1204.920656811267 80.5000000430786
  endloop
endfacet
facet normal 0.9914448613738137 -1.3713124308590203e-13 0.13052619222002781
  outer loop
    vertex 792.1439715765688 1208.9206568112663 79.20000004307883
    vertex 792.1439715765687 1204.920656811267 79.20000004307889
    vertex 792.2325644282172 1208.9206568112666 78.5270705258117
  endloop
endfacet
facet normal 0.9914448613738137 -1.3713124308590203e-13 0.13052619222002781
  outer loop
    vertex 792.232564428217 1204.920656811267 78.52707052581177
    vertex 792.2325644282172 1208.9206568112666 78.5270705258117
    vertex 792.1439715765687 1204.920656811267 79.20000004307889
  endloop
endfacet
facet normal -0.7933533402911717 1.2991402973717186e-13 0.6087614290088035
  outer loop
    vertex 796.9956376264038 1204.9206568112656 8.699999999999703
    vertex 796.9956376264054 1208.9206568112652 8.699999999999635
    vertex 796.5824492076492 1204.9206568112659 8.161522368915424
  endloop
endfacet
facet normal -0.7933533402911717 1.2991402973717186e-13 0.6087614290088035
  outer loop
    vertex 796.5824492076508 1208.9206568112654 8.161522368915357
    vertex 796.5824492076492 1204.9206568112659 8.161522368915424
    vertex 796.9956376264054 1208.9206568112652 8.699999999999635
  endloop
endfacet
facet normal -0.13052619222005754 -1.3332111114384532e-16 -0.9914448613738097
  outer loop
    vertex 794.743971576568 1204.920656811267 81.8000000430783
    vertex 794.7439715765697 1208.9206568112668 81.80000004307823
    vertex 795.4169010938352 1204.920656811267 81.7114071914286
  endloop
endfacet
facet normal -0.13052619222005754 -1.3332111114384532e-16 -0.9914448613738097
  outer loop
    vertex 795.4169010938353 1208.9206568112668 81.71140719142853
    vertex 795.4169010938352 1204.920656811267 81.7114071914286
    vertex 794.7439715765697 1208.9206568112668 81.80000004307823
  endloop
endfacet
facet normal 0.38268343236502406 -3.6627210755810557e-14 0.9238795325113139
  outer loop
    vertex 793.4439715765684 1204.920656811267 76.94833399323883
    vertex 794.0710420593024 1204.920656811267 76.6885928947263
    vertex 793.4439715765685 1208.9206568112666 76.94833399323876
  endloop
endfacet
facet normal 0.38268343236502406 -3.6627210755810557e-14 0.9238795325113139
  outer loop
    vertex 794.0710420593026 1208.9206568112663 76.68859289472623
    vertex 793.4439715765685 1208.9206568112666 76.94833399323876
    vertex 794.0710420593024 1204.920656811267 76.6885928947263
  endloop
endfacet
facet normal -0.9238795325113122 1.2291266864553687e-13 -0.3826834323650284
  outer loop
    vertex 796.9956376264038 1204.9206568112656 11.300000000000555
    vertex 796.9956376264055 1208.9206568112652 11.300000000000487
    vertex 797.2553787249163 1204.9206568112659 10.672929517266537
  endloop
endfacet
facet normal -0.9238795325113122 1.2291266864553687e-13 -0.3826834323650284
  outer loop
    vertex 797.2553787249166 1208.9206568112654 10.67292951726647
    vertex 797.2553787249163 1204.9206568112659 10.672929517266537
    vertex 796.9956376264055 1208.9206568112652 11.300000000000487
  endloop
endfacet
facet normal -0.13052619222005757 -2.2499875394086076e-14 -0.9914448613738097
  outer loop
    vertex 795.4169010938309 1204.9206568112656 12.511407148352053
    vertex 794.7439715765652 1204.9206568112659 12.600000000000259
    vertex 795.4169010938325 1208.9206568112652 12.511407148351983
  endloop
endfacet
facet normal -0.13052619222005757 -2.2499875394086076e-14 -0.9914448613738097
  outer loop
    vertex 794.7439715765654 1208.9206568112654 12.600000000000191
    vertex 795.4169010938325 1208.9206568112652 12.511407148351983
    vertex 794.7439715765652 1204.9206568112659 12.600000000000259
  endloop
endfacet
facet normal 0.7933533402911965 -1.367809919908922e-13 -0.6087614290087712
  outer loop
    vertex 792.90549394548 1208.9206568112652 11.838477631086253
    vertex 792.9054939454797 1204.9206568112656 11.83847763108632
    vertex 792.4923055267254 1208.9206568112652 11.300000000000487
  endloop
endfacet
facet normal 0.7933533402911965 -1.367809919908922e-13 -0.6087614290087712
  outer loop
    vertex 792.4923055267251 1204.9206568112656 11.300000000000555
    vertex 792.4923055267254 1208.9206568112652 11.300000000000487
    vertex 792.9054939454797 1204.9206568112656 11.83847763108632
  endloop
endfacet
facet normal 0.3826834323650284 -9.195671615229184e-14 -0.9238795325113122
  outer loop
    vertex 794.0710420592981 1204.9206568112659 12.511407148352006
    vertex 793.4439715765654 1204.9206568112659 12.25166604984091
    vertex 794.0710420592997 1208.9206568112654 12.511407148351939
  endloop
endfacet
facet normal 0.3826834323650284 -9.195671615229184e-14 -0.9238795325113122
  outer loop
    vertex 793.4439715765658 1208.9206568112652 12.251666049840843
    vertex 794.0710420592997 1208.9206568112654 12.511407148351939
    vertex 793.4439715765654 1204.9206568112659 12.25166604984091
  endloop
endfacet
facet normal -0.6087614290087712 5.299114555744984e-14 -0.7933533402911965
  outer loop
    vertex 796.0439715765649 1204.9206568112656 12.251666049840955
    vertex 796.0439715765651 1208.9206568112652 12.251666049840887
    vertex 796.5824492076492 1204.9206568112659 11.838477631086366
  endloop
endfacet
facet normal -0.6087614290087712 5.299114555744984e-14 -0.7933533402911965
  outer loop
    vertex 796.5824492076509 1208.9206568112652 11.838477631086297
    vertex 796.5824492076492 1204.9206568112659 11.838477631086366
    vertex 796.0439715765651 1208.9206568112652 12.251666049840887
  endloop
endfacet
facet normal -0.7933533402912181 9.344861202292416e-14 -0.608761429008743
  outer loop
    vertex 796.5824492076492 1204.9206568112659 11.838477631086366
    vertex 796.5824492076509 1208.9206568112652 11.838477631086297
    vertex 796.9956376264038 1204.9206568112656 11.300000000000555
  endloop
endfacet
facet normal -0.7933533402912181 9.344861202292416e-14 -0.608761429008743
  outer loop
    vertex 796.9956376264055 1208.9206568112652 11.300000000000487
    vertex 796.9956376264038 1204.9206568112656 11.300000000000555
    vertex 796.5824492076509 1208.9206568112652 11.838477631086297
  endloop
endfacet
facet normal -0.9914448613738097 1.4200318216070134e-13 0.13052619222005749
  outer loop
    vertex 797.343971576569 1204.920656811267 79.20000004307745
    vertex 797.3439715765691 1208.9206568112666 79.20000004307738
    vertex 797.2553787249207 1204.920656811267 78.52707052581177
  endloop
endfacet
facet normal -0.9914448613738097 1.4200318216070134e-13 0.13052619222005749
  outer loop
    vertex 797.2553787249209 1208.9206568112668 78.5270705258117
    vertex 797.2553787249207 1204.920656811267 78.52707052581177
    vertex 797.3439715765691 1208.9206568112666 79.20000004307738
  endloop
endfacet
facet normal 0.38268343236502406 -1.5783936409956202e-14 0.9238795325113139
  outer loop
    vertex 793.4439715765654 1204.9206568112656 7.748333950160791
    vertex 794.0710420592981 1204.9206568112656 7.488592851649694
    vertex 793.4439715765657 1208.9206568112652 7.748333950160723
  endloop
endfacet
facet normal 0.38268343236502406 -1.5783936409956202e-14 0.9238795325113139
  outer loop
    vertex 794.0710420592982 1208.9206568112652 7.488592851649626
    vertex 793.4439715765657 1208.9206568112652 7.748333950160723
    vertex 794.0710420592981 1204.9206568112656 7.488592851649694
  endloop
endfacet
facet normal -0.3826834323651181 3.662386474470409e-14 -0.9238795325112751
  outer loop
    vertex 796.0439715765677 1204.920656811267 81.4516660929175
    vertex 795.4169010938352 1204.920656811267 81.7114071914286
    vertex 796.0439715765694 1208.9206568112666 81.45166609291743
  endloop
endfacet
facet normal -0.3826834323651181 3.662386474470409e-14 -0.9238795325112751
  outer loop
    vertex 795.4169010938353 1208.9206568112668 81.71140719142853
    vertex 796.0439715765694 1208.9206568112666 81.45166609291743
    vertex 795.4169010938352 1204.920656811267 81.7114071914286
  endloop
endfacet
facet normal 0.6087614290087712 -7.088421676832486e-14 0.7933533402911963
  outer loop
    vertex 792.9054939454841 1204.920656811267 77.36152241199342
    vertex 793.4439715765684 1204.920656811267 76.94833399323883
    vertex 792.9054939454843 1208.9206568112666 77.36152241199335
  endloop
endfacet
facet normal 0.6087614290087712 -7.088421676832486e-14 0.7933533402911963
  outer loop
    vertex 793.4439715765685 1208.9206568112666 76.94833399323876
    vertex 792.9054939454843 1208.9206568112666 77.36152241199335
    vertex 793.4439715765684 1204.920656811267 76.94833399323883
  endloop
endfacet
facet normal -0.3826834323651181 1.5786008354756423e-14 -0.9238795325112751
  outer loop
    vertex 796.0439715765649 1204.9206568112656 12.251666049840955
    vertex 795.4169010938309 1204.9206568112656 12.511407148352053
    vertex 796.0439715765651 1208.9206568112652 12.251666049840887
  endloop
endfacet
facet normal -0.3826834323651181 1.5786008354756423e-14 -0.9238795325112751
  outer loop
    vertex 795.4169010938325 1208.9206568112652 12.511407148351983
    vertex 796.0439715765651 1208.9206568112652 12.251666049840887
    vertex 795.4169010938309 1204.9206568112656 12.511407148352053
  endloop
endfacet
facet normal 0.7933533402911934 -1.0031984963246747e-13 0.6087614290087751
  outer loop
    vertex 792.4923055267298 1208.9206568112666 77.90000004307768
    vertex 792.4923055267294 1204.920656811267 77.90000004307774
    vertex 792.9054939454843 1208.9206568112666 77.36152241199335
  endloop
endfacet
facet normal 0.7933533402911934 -1.0031984963246747e-13 0.6087614290087751
  outer loop
    vertex 792.9054939454841 1204.920656811267 77.36152241199342
    vertex 792.9054939454843 1208.9206568112666 77.36152241199335
    vertex 792.4923055267294 1204.920656811267 77.90000004307774
  endloop
endfacet
facet normal 0.7933533402911934 -8.658453188555649e-14 0.608761429008775
  outer loop
    vertex 792.4923055267253 1208.9206568112652 8.700000000001078
    vertex 792.4923055267251 1204.9206568112656 8.700000000001145
    vertex 792.9054939454799 1208.9206568112652 8.161522368915312
  endloop
endfacet
facet normal 0.7933533402911934 -8.658453188555649e-14 0.608761429008775
  outer loop
    vertex 792.9054939454797 1204.9206568112659 8.16152236891538
    vertex 792.9054939454799 1208.9206568112652 8.161522368915312
    vertex 792.4923055267251 1204.9206568112656 8.700000000001145
  endloop
endfacet
facet normal 0.9238795325113122 -1.1427794045849768e-13 0.3826834323650283
  outer loop
    vertex 792.2325644282142 1208.9206568112652 9.327070482733653
    vertex 792.2325644282125 1204.9206568112654 9.32707048273372
    vertex 792.4923055267253 1208.9206568112652 8.700000000001078
  endloop
endfacet
facet normal 0.9238795325113122 -1.1427794045849768e-13 0.3826834323650283
  outer loop
    vertex 792.4923055267251 1204.9206568112656 8.700000000001145
    vertex 792.4923055267253 1208.9206568112652 8.700000000001078
    vertex 792.2325644282125 1204.9206568112654 9.32707048273372
  endloop
endfacet
facet normal 0.9914448613738052 -1.420041601343792e-13 -0.1305261922200919
  outer loop
    vertex 792.2325644282171 1208.9206568112663 79.87292956034452
    vertex 792.232564428217 1204.920656811267 79.87292956034457
    vertex 792.1439715765688 1208.9206568112663 79.20000004307883
  endloop
endfacet
facet normal 0.9914448613738052 -1.420041601343792e-13 -0.1305261922200919
  outer loop
    vertex 792.1439715765687 1204.920656811267 79.20000004307889
    vertex 792.1439715765688 1208.9206568112663 79.20000004307883
    vertex 792.232564428217 1204.920656811267 79.87292956034457
  endloop
endfacet
facet normal 0.9238795325113139 -1.458322782425907e-13 -0.38268343236502406
  outer loop
    vertex 792.4923055267254 1208.9206568112652 11.300000000000487
    vertex 792.4923055267251 1204.9206568112656 11.300000000000555
    vertex 792.2325644282142 1208.9206568112652 10.672929517267912
  endloop
endfacet
facet normal 0.9238795325113139 -1.458322782425907e-13 -0.38268343236502406
  outer loop
    vertex 792.2325644282125 1204.9206568112656 10.67292951726798
    vertex 792.2325644282142 1208.9206568112652 10.672929517267912
    vertex 792.4923055267251 1204.9206568112656 11.300000000000555
  endloop
endfacet
facet normal -0.7933533402911934 1.0031984963246747e-13 -0.608761429008775
  outer loop
    vertex 796.5824492076536 1204.920656811267 81.03847767416292
    vertex 796.5824492076537 1208.9206568112666 81.03847767416285
    vertex 796.9956376264081 1204.920656811267 80.50000004307715
  endloop
endfacet
facet normal -0.7933533402911934 1.0031984963246747e-13 -0.608761429008775
  outer loop
    vertex 796.9956376264083 1208.9206568112668 80.50000004307708
    vertex 796.9956376264081 1204.920656811267 80.50000004307715
    vertex 796.5824492076537 1208.9206568112666 81.03847767416285
  endloop
endfacet
facet normal -0.6087614290089033 1.0050641075583165e-13 0.7933533402910949
  outer loop
    vertex 796.0439715765692 1204.920656811267 76.94833399323738
    vertex 796.5824492076536 1204.920656811267 77.36152241199198
    vertex 796.0439715765694 1208.9206568112666 76.94833399323733
  endloop
endfacet
facet normal -0.6087614290089033 1.0050641075583165e-13 0.7933533402910949
  outer loop
    vertex 796.5824492076538 1208.9206568112666 77.36152241199191
    vertex 796.0439715765694 1208.9206568112666 76.94833399323733
    vertex 796.5824492076536 1204.920656811267 77.36152241199198
  endloop
endfacet
facet normal -0.9914448613738045 1.3713058197100291e-13 -0.13052619222009665
  outer loop
    vertex 797.2553787249163 1204.9206568112659 10.672929517266537
    vertex 797.2553787249166 1208.9206568112654 10.67292951726647
    vertex 797.3439715765646 1204.9206568112656 10.00000000000085
  endloop
endfacet
facet normal -0.9914448613738045 1.3713058197100291e-13 -0.13052619222009665
  outer loop
    vertex 797.3439715765647 1208.9206568112652 10.000000000000783
    vertex 797.3439715765646 1204.9206568112656 10.00000000000085
    vertex 797.2553787249166 1208.9206568112654 10.67292951726647
  endloop
endfacet
facet normal -0.9238795325113139 1.3719709866789598e-13 0.38268343236502406
  outer loop
    vertex 797.2553787249207 1204.920656811267 78.52707052581177
    vertex 797.2553787249209 1208.9206568112668 78.5270705258117
    vertex 796.9956376264081 1204.920656811267 77.90000004307774
  endloop
endfacet
facet normal -0.9238795325113139 1.3719709866789598e-13 0.38268343236502406
  outer loop
    vertex 796.9956376264084 1208.9206568112666 77.90000004307768
    vertex 796.9956376264081 1204.920656811267 77.90000004307774
    vertex 797.2553787249209 1208.9206568112668 78.5270705258117
  endloop
endfacet
facet normal -0.9238795325113122 1.2291184596686132e-13 -0.3826834323650284
  outer loop
    vertex 796.9956376264081 1204.920656811267 80.50000004307715
    vertex 796.9956376264083 1208.9206568112668 80.50000004307708
    vertex 797.2553787249207 1204.920656811267 79.87292956034457
  endloop
endfacet
facet normal -0.9238795325113122 1.2291184596686132e-13 -0.3826834323650284
  outer loop
    vertex 797.2553787249209 1208.9206568112666 79.87292956034452
    vertex 797.2553787249207 1204.920656811267 79.87292956034457
    vertex 796.9956376264083 1208.9206568112668 80.50000004307708
  endloop
endfacet
facet normal -0.7933533402911963 1.2304321953405955e-13 0.6087614290087712
  outer loop
    vertex 796.9956376264081 1204.920656811267 77.90000004307774
    vertex 796.9956376264084 1208.9206568112666 77.90000004307768
    vertex 796.5824492076536 1204.920656811267 77.36152241199198
  endloop
endfacet
facet normal -0.7933533402911963 1.2304321953405955e-13 0.6087614290087712
  outer loop
    vertex 796.5824492076538 1208.9206568112666 77.36152241199191
    vertex 796.5824492076536 1204.920656811267 77.36152241199198
    vertex 796.9956376264084 1208.9206568112666 77.90000004307768
  endloop
endfacet
facet normal -0.9914448613738097 1.4200307654110221e-13 0.1305261922200575
  outer loop
    vertex 797.3439715765646 1204.9206568112656 10.00000000000085
    vertex 797.3439715765647 1208.9206568112652 10.000000000000783
    vertex 797.2553787249163 1204.9206568112654 9.32707048273372
  endloop
endfacet
facet normal -0.9914448613738097 1.4200307654110221e-13 0.1305261922200575
  outer loop
    vertex 797.2553787249166 1208.9206568112652 9.327070482733653
    vertex 797.2553787249163 1204.9206568112654 9.32707048273372
    vertex 797.3439715765647 1208.9206568112652 10.000000000000783
  endloop
endfacet
facet normal -0.3826834323650284 9.195838915785203e-14 0.9238795325113122
  outer loop
    vertex 795.4169010938309 1204.9206568112656 7.488592851649739
    vertex 796.0439715765649 1204.9206568112659 7.748333950160836
    vertex 795.4169010938325 1208.9206568112652 7.488592851649671
  endloop
endfacet
facet normal -0.3826834323650284 9.195838915785203e-14 0.9238795325113122
  outer loop
    vertex 796.043971576565 1208.9206568112652 7.748333950160768
    vertex 795.4169010938325 1208.9206568112652 7.488592851649671
    vertex 796.0439715765649 1204.9206568112659 7.748333950160836
  endloop
endfacet
facet normal 0.9914448613738052 -1.4494742709244174e-13 -0.13052619222009193
  outer loop
    vertex 792.2325644282142 1208.9206568112652 10.672929517267912
    vertex 792.2325644282125 1204.9206568112656 10.67292951726798
    vertex 792.143971576566 1208.9206568112652 10.000000000000783
  endloop
endfacet
facet normal 0.9914448613738052 -1.4494742709244174e-13 -0.13052619222009193
  outer loop
    vertex 792.1439715765644 1204.9206568112656 10.00000000000085
    vertex 792.143971576566 1208.9206568112652 10.000000000000783
    vertex 792.2325644282125 1204.9206568112656 10.67292951726798
  endloop
endfacet
facet normal 0.9238795325112733 -1.229118459668545e-13 0.3826834323651224
  outer loop
    vertex 792.2325644282172 1208.9206568112666 78.5270705258117
    vertex 792.232564428217 1204.920656811267 78.52707052581177
    vertex 792.4923055267298 1208.9206568112666 77.90000004307768
  endloop
endfacet
facet normal 0.9238795325112733 -1.229118459668545e-13 0.3826834323651224
  outer loop
    vertex 792.4923055267294 1204.920656811267 77.90000004307774
    vertex 792.4923055267298 1208.9206568112666 77.90000004307768
    vertex 792.232564428217 1204.920656811267 78.52707052581177
  endloop
endfacet
facet normal -0.9238795325113139 1.3719789654634758e-13 0.38268343236502406
  outer loop
    vertex 797.2553787249163 1204.9206568112654 9.32707048273372
    vertex 797.2553787249166 1208.9206568112652 9.327070482733653
    vertex 796.9956376264038 1204.9206568112656 8.699999999999703
  endloop
endfacet
facet normal -0.9238795325113139 1.3719789654634758e-13 0.38268343236502406
  outer loop
    vertex 796.9956376264054 1208.9206568112652 8.699999999999635
    vertex 796.9956376264038 1204.9206568112656 8.699999999999703
    vertex 797.2553787249166 1208.9206568112652 9.327070482733653
  endloop
endfacet
facet normal 0.13052619222012282 1.3332111113424488e-16 0.9914448613738011
  outer loop
    vertex 794.0710420593024 1204.920656811267 76.6885928947263
    vertex 794.743971576568 1204.920656811267 76.60000004307804
    vertex 794.0710420593026 1208.9206568112663 76.68859289472623
  endloop
endfacet
facet normal 0.13052619222012282 1.3332111113424488e-16 0.9914448613738011
  outer loop
    vertex 794.7439715765697 1208.9206568112666 76.60000004307797
    vertex 794.0710420593026 1208.9206568112663 76.68859289472623
    vertex 794.743971576568 1204.920656811267 76.60000004307804
  endloop
endfacet
facet normal -0.13052619222006226 3.68795320535298e-14 0.991444861373809
  outer loop
    vertex 794.743971576568 1204.920656811267 76.60000004307804
    vertex 795.4169010938352 1204.920656811267 76.6885928947263
    vertex 794.7439715765697 1208.9206568112666 76.60000004307797
  endloop
endfacet
facet normal -0.13052619222006226 3.68795320535298e-14 0.991444861373809
  outer loop
    vertex 795.4169010938353 1208.9206568112666 76.68859289472623
    vertex 794.7439715765697 1208.9206568112666 76.60000004307797
    vertex 795.4169010938352 1204.920656811267 76.6885928947263
  endloop
endfacet
facet normal 0.1305261922200575 2.2498686181222556e-14 0.9914448613738097
  outer loop
    vertex 794.0710420592981 1204.9206568112656 7.488592851649694
    vertex 794.7439715765652 1204.9206568112656 7.400000000001442
    vertex 794.0710420592982 1208.9206568112652 7.488592851649626
  endloop
endfacet
facet normal 0.1305261922200575 2.2498686181222556e-14 0.9914448613738097
  outer loop
    vertex 794.7439715765654 1208.9206568112652 7.4000000000013735
    vertex 794.0710420592982 1208.9206568112652 7.488592851649626
    vertex 794.7439715765652 1204.9206568112656 7.400000000001442
  endloop
endfacet
facet normal 0.608761429008775 -1.184015092701807e-13 -0.7933533402911936
  outer loop
    vertex 792.9054939454797 1204.9206568112656 11.83847763108632
    vertex 792.90549394548 1208.9206568112652 11.838477631086253
    vertex 793.4439715765654 1204.9206568112659 12.25166604984091
  endloop
endfacet
facet normal 0.608761429008775 -1.184015092701807e-13 -0.7933533402911936
  outer loop
    vertex 793.4439715765658 1208.9206568112652 12.251666049840843
    vertex 793.4439715765654 1204.9206568112659 12.25166604984091
    vertex 792.90549394548 1208.9206568112652 11.838477631086253
  endloop
endfacet
facet normal 0.1305261922200575 1.3006061330600746e-16 0.9914448613738097
  outer loop
    vertex 807.0710420593023 1204.9206568112663 76.6885928947263
    vertex 807.7439715765695 1204.9206568112663 76.60000004307804
    vertex 807.0710420593025 1208.9206568112659 76.68859289472623
  endloop
endfacet
facet normal 0.1305261922200575 1.3006061330600746e-16 0.9914448613738097
  outer loop
    vertex 807.7439715765696 1208.9206568112659 76.60000004307797
    vertex 807.0710420593025 1208.9206568112659 76.68859289472623
    vertex 807.7439715765695 1204.9206568112663 76.60000004307804
  endloop
endfacet
facet normal -0.13052619222005754 -1.3332111114384374e-16 -0.9914448613738097
  outer loop
    vertex 808.4169010938351 1204.9206568112663 81.71140719143006
    vertex 807.743971576568 1204.9206568112663 81.8000000430783
    vertex 808.4169010938353 1208.920656811266 81.71140719142998
  endloop
endfacet
facet normal -0.13052619222005754 -1.3332111114384374e-16 -0.9914448613738097
  outer loop
    vertex 807.7439715765696 1208.9206568112659 81.80000004307823
    vertex 808.4169010938353 1208.920656811266 81.71140719142998
    vertex 807.743971576568 1204.9206568112663 81.8000000430783
  endloop
endfacet
facet normal -0.6087614290089033 1.0050641075583165e-13 0.7933533402910949
  outer loop
    vertex 809.0439715765691 1204.9206568112663 76.94833399323883
    vertex 809.5824492076534 1204.9206568112663 77.36152241199342
    vertex 809.0439715765693 1208.9206568112659 76.94833399323876
  endloop
endfacet
facet normal -0.6087614290089033 1.0050641075583165e-13 0.7933533402910949
  outer loop
    vertex 809.5824492076538 1208.9206568112659 77.36152241199335
    vertex 809.0439715765693 1208.9206568112659 76.94833399323876
    vertex 809.5824492076534 1204.9206568112663 77.36152241199342
  endloop
endfacet
facet normal 0.608761429008775 -1.0050641075581044e-13 -0.7933533402911934
  outer loop
    vertex 806.4439715765683 1204.920656811266 81.4516660929175
    vertex 805.905493945484 1204.920656811266 81.03847767416292
    vertex 806.4439715765685 1208.9206568112659 81.45166609291743
  endloop
endfacet
facet normal 0.608761429008775 -1.0050641075581044e-13 -0.7933533402911934
  outer loop
    vertex 805.9054939454842 1208.920656811266 81.03847767416285
    vertex 806.4439715765685 1208.9206568112659 81.45166609291743
    vertex 805.905493945484 1204.920656811266 81.03847767416292
  endloop
endfacet
facet normal -0.9238795325113139 1.3719749760712555e-13 0.38268343236502406
  outer loop
    vertex 810.2553787249205 1204.9206568112663 78.52707052581177
    vertex 810.2553787249209 1208.9206568112659 78.5270705258117
    vertex 809.9956376264081 1204.9206568112663 77.90000004307774
  endloop
endfacet
facet normal -0.9238795325113139 1.3719749760712555e-13 0.38268343236502406
  outer loop
    vertex 809.9956376264083 1208.9206568112659 77.90000004307768
    vertex 809.9956376264081 1204.9206568112663 77.90000004307774
    vertex 810.2553787249209 1208.9206568112659 78.5270705258117
  endloop
endfacet
facet normal 0.6087614290087712 -7.088421676832486e-14 0.7933533402911963
  outer loop
    vertex 805.905493945484 1204.9206568112663 77.36152241199342
    vertex 806.4439715765683 1204.9206568112663 76.94833399323883
    vertex 805.9054939454843 1208.9206568112659 77.36152241199335
  endloop
endfacet
facet normal 0.6087614290087712 -7.088421676832486e-14 0.7933533402911963
  outer loop
    vertex 806.4439715765699 1208.9206568112659 76.94833399323876
    vertex 805.9054939454843 1208.9206568112659 77.36152241199335
    vertex 806.4439715765683 1204.9206568112663 76.94833399323883
  endloop
endfacet
facet normal -0.13052619222006223 3.688181457769438e-14 0.991444861373809
  outer loop
    vertex 807.7439715765695 1204.9206568112663 76.60000004307804
    vertex 808.4169010938351 1204.920656811266 76.6885928947263
    vertex 807.7439715765696 1208.9206568112659 76.60000004307797
  endloop
endfacet
facet normal -0.13052619222006223 3.688181457769438e-14 0.991444861373809
  outer loop
    vertex 808.4169010938353 1208.9206568112656 76.68859289472623
    vertex 807.7439715765696 1208.9206568112659 76.60000004307797
    vertex 808.4169010938351 1204.920656811266 76.6885928947263
  endloop
endfacet
facet normal 0.3826834323650284 -7.111551375122502e-14 -0.9238795325113122
  outer loop
    vertex 806.4439715765683 1204.920656811266 81.4516660929175
    vertex 806.4439715765685 1208.9206568112659 81.45166609291743
    vertex 807.0710420593023 1204.9206568112663 81.71140719143006
  endloop
endfacet
facet normal 0.3826834323650284 -7.111551375122502e-14 -0.9238795325113122
  outer loop
    vertex 807.0710420593025 1208.9206568112659 81.71140719142998
    vertex 807.0710420593023 1204.9206568112663 81.71140719143006
    vertex 806.4439715765685 1208.9206568112659 81.45166609291743
  endloop
endfacet
facet normal 0.13052619222006226 -3.688181457769438e-14 -0.991444861373809
  outer loop
    vertex 807.743971576568 1204.9206568112663 81.8000000430783
    vertex 807.0710420593023 1204.9206568112663 81.71140719143006
    vertex 807.7439715765696 1208.9206568112659 81.80000004307823
  endloop
endfacet
facet normal 0.13052619222006226 -3.688181457769438e-14 -0.991444861373809
  outer loop
    vertex 807.0710420593025 1208.9206568112659 81.71140719142998
    vertex 807.7439715765696 1208.9206568112659 81.80000004307823
    vertex 807.0710420593023 1204.9206568112663 81.71140719143006
  endloop
endfacet
facet normal -0.38268343236497154 7.111389319408769e-14 0.9238795325113357
  outer loop
    vertex 808.4169010938351 1204.920656811266 76.6885928947263
    vertex 809.0439715765691 1204.9206568112663 76.94833399323883
    vertex 808.4169010938353 1208.9206568112656 76.68859289472623
  endloop
endfacet
facet normal -0.38268343236497154 7.111389319408769e-14 0.9238795325113357
  outer loop
    vertex 809.0439715765693 1208.9206568112659 76.94833399323876
    vertex 808.4169010938353 1208.9206568112656 76.68859289472623
    vertex 809.0439715765691 1204.9206568112663 76.94833399323883
  endloop
endfacet
facet normal -0.7933533402911963 1.2304321953405955e-13 0.6087614290087712
  outer loop
    vertex 809.9956376264081 1204.9206568112663 77.90000004307774
    vertex 809.9956376264083 1208.9206568112659 77.90000004307768
    vertex 809.5824492076534 1204.9206568112663 77.36152241199342
  endloop
endfacet
facet normal -0.7933533402911963 1.2304321953405955e-13 0.6087614290087712
  outer loop
    vertex 809.5824492076538 1208.9206568112659 77.36152241199335
    vertex 809.5824492076534 1204.9206568112663 77.36152241199342
    vertex 809.9956376264083 1208.9206568112659 77.90000004307768
  endloop
endfacet
facet normal -0.9914448613738097 1.4200318216070134e-13 0.13052619222005749
  outer loop
    vertex 810.3439715765688 1204.920656811266 79.20000004307745
    vertex 810.3439715765691 1208.9206568112659 79.20000004307738
    vertex 810.2553787249205 1204.9206568112663 78.52707052581177
  endloop
endfacet
facet normal -0.9914448613738097 1.4200318216070134e-13 0.13052619222005749
  outer loop
    vertex 810.2553787249209 1208.9206568112659 78.5270705258117
    vertex 810.2553787249205 1204.9206568112663 78.52707052581177
    vertex 810.3439715765691 1208.9206568112659 79.20000004307738
  endloop
endfacet
facet normal -0.9914448613738045 1.371304763514117e-13 -0.13052619222009665
  outer loop
    vertex 810.2553787249205 1204.9206568112663 79.87292956034457
    vertex 810.2553787249208 1208.9206568112659 79.87292956034452
    vertex 810.3439715765688 1204.920656811266 79.20000004307745
  endloop
endfacet
facet normal -0.9914448613738045 1.371304763514117e-13 -0.13052619222009665
  outer loop
    vertex 810.3439715765691 1208.9206568112659 79.20000004307738
    vertex 810.3439715765688 1204.920656811266 79.20000004307745
    vertex 810.2553787249208 1208.9206568112659 79.87292956034452
  endloop
endfacet
facet normal -0.9238795325113122 1.229114470276393e-13 -0.3826834323650284
  outer loop
    vertex 809.9956376264081 1204.9206568112663 80.50000004307715
    vertex 809.9956376264082 1208.9206568112659 80.50000004307708
    vertex 810.2553787249205 1204.9206568112663 79.87292956034457
  endloop
endfacet
facet normal -0.9238795325113122 1.229114470276393e-13 -0.3826834323650284
  outer loop
    vertex 810.2553787249208 1208.9206568112659 79.87292956034452
    vertex 810.2553787249205 1204.9206568112663 79.87292956034457
    vertex 809.9956376264082 1208.9206568112659 80.50000004307708
  endloop
endfacet
facet normal 0.7933533402911963 -1.2304770154747646e-13 -0.6087614290087713
  outer loop
    vertex 805.9054939454842 1208.920656811266 81.03847767416285
    vertex 805.905493945484 1204.920656811266 81.03847767416292
    vertex 805.4923055267295 1208.920656811266 80.50000004307708
  endloop
endfacet
facet normal 0.7933533402911963 -1.2304770154747646e-13 -0.6087614290087713
  outer loop
    vertex 805.4923055267294 1204.9206568112666 80.50000004307715
    vertex 805.4923055267295 1208.920656811266 80.50000004307708
    vertex 805.905493945484 1204.920656811266 81.03847767416292
  endloop
endfacet
facet normal 0.9238795325113139 -1.3719669972867398e-13 -0.38268343236502406
  outer loop
    vertex 805.4923055267295 1208.920656811266 80.50000004307708
    vertex 805.4923055267294 1204.9206568112666 80.50000004307715
    vertex 805.2325644282171 1208.9206568112659 79.87292956034452
  endloop
endfacet
facet normal 0.9238795325113139 -1.3719669972867398e-13 -0.38268343236502406
  outer loop
    vertex 805.2325644282168 1204.9206568112663 79.87292956034457
    vertex 805.2325644282171 1208.9206568112659 79.87292956034452
    vertex 805.4923055267294 1204.9206568112666 80.50000004307715
  endloop
endfacet
facet normal 0.9914448613738137 -1.371302651122241e-13 0.13052619222002784
  outer loop
    vertex 805.1439715765688 1208.9206568112659 79.20000004307738
    vertex 805.1439715765686 1204.9206568112663 79.20000004307745
    vertex 805.2325644282171 1208.9206568112659 78.5270705258117
  endloop
endfacet
facet normal 0.9914448613738137 -1.371302651122241e-13 0.13052619222002784
  outer loop
    vertex 805.2325644282168 1204.920656811266 78.52707052581177
    vertex 805.2325644282171 1208.9206568112659 78.5270705258117
    vertex 805.1439715765686 1204.9206568112663 79.20000004307745
  endloop
endfacet
facet normal 0.9238795325112733 -1.229118459668545e-13 0.3826834323651224
  outer loop
    vertex 805.2325644282171 1208.9206568112659 78.5270705258117
    vertex 805.2325644282168 1204.920656811266 78.52707052581177
    vertex 805.4923055267296 1208.9206568112656 77.90000004307768
  endloop
endfacet
facet normal 0.9238795325112733 -1.229118459668545e-13 0.3826834323651224
  outer loop
    vertex 805.4923055267294 1204.920656811266 77.90000004307774
    vertex 805.4923055267296 1208.9206568112656 77.90000004307768
    vertex 805.2325644282168 1204.920656811266 78.52707052581177
  endloop
endfacet
facet normal 0.9914448613738052 -1.420041601343792e-13 -0.1305261922200919
  outer loop
    vertex 805.2325644282171 1208.9206568112659 79.87292956034452
    vertex 805.2325644282168 1204.9206568112663 79.87292956034457
    vertex 805.1439715765688 1208.9206568112659 79.20000004307738
  endloop
endfacet
facet normal 0.9914448613738052 -1.420041601343792e-13 -0.1305261922200919
  outer loop
    vertex 805.1439715765686 1204.9206568112663 79.20000004307745
    vertex 805.1439715765688 1208.9206568112659 79.20000004307738
    vertex 805.2325644282168 1204.9206568112663 79.87292956034457
  endloop
endfacet
facet normal 0.7933533402911934 -1.0031722199240884e-13 0.608761429008775
  outer loop
    vertex 805.4923055267296 1208.9206568112656 77.90000004307768
    vertex 805.4923055267294 1204.920656811266 77.90000004307774
    vertex 805.9054939454843 1208.9206568112659 77.36152241199335
  endloop
endfacet
facet normal 0.7933533402911934 -1.0031722199240884e-13 0.608761429008775
  outer loop
    vertex 805.905493945484 1204.9206568112663 77.36152241199342
    vertex 805.9054939454843 1208.9206568112659 77.36152241199335
    vertex 805.4923055267294 1204.920656811266 77.90000004307774
  endloop
endfacet
facet normal 0.38268343236502406 -3.6627210755810557e-14 0.9238795325113139
  outer loop
    vertex 806.4439715765683 1204.9206568112663 76.94833399323883
    vertex 807.0710420593023 1204.9206568112663 76.6885928947263
    vertex 806.4439715765699 1208.9206568112659 76.94833399323876
  endloop
endfacet
facet normal 0.38268343236502406 -3.6627210755810557e-14 0.9238795325113139
  outer loop
    vertex 807.0710420593025 1208.9206568112659 76.68859289472623
    vertex 806.4439715765699 1208.9206568112659 76.94833399323876
    vertex 807.0710420593023 1204.9206568112663 76.6885928947263
  endloop
endfacet
facet normal 0.9914448613738052 -1.4200394889518065e-13 -0.1305261922200919
  outer loop
    vertex 805.2325644282141 1208.9206568112645 10.672929517267912
    vertex 805.232564428214 1204.920656811265 10.67292951726798
    vertex 805.1439715765658 1208.9206568112643 10.000000000000783
  endloop
endfacet
facet normal 0.9914448613738052 -1.4200394889518065e-13 -0.1305261922200919
  outer loop
    vertex 805.1439715765642 1204.9206568112647 10.00000000000085
    vertex 805.1439715765658 1208.9206568112643 10.000000000000783
    vertex 805.232564428214 1204.920656811265 10.67292951726798
  endloop
endfacet
facet normal -0.3826834323651749 3.6627210755829836e-14 -0.9238795325112517
  outer loop
    vertex 809.0439715765691 1204.9206568112663 81.4516660929175
    vertex 808.4169010938351 1204.9206568112663 81.71140719143006
    vertex 809.0439715765693 1208.920656811266 81.45166609291743
  endloop
endfacet
facet normal -0.3826834323651749 3.6627210755829836e-14 -0.9238795325112517
  outer loop
    vertex 808.4169010938353 1208.920656811266 81.71140719142998
    vertex 809.0439715765693 1208.920656811266 81.45166609291743
    vertex 808.4169010938351 1204.9206568112663 81.71140719143006
  endloop
endfacet
facet normal 0.9238795325113139 -1.371982954855696e-13 -0.38268343236502406
  outer loop
    vertex 805.4923055267268 1208.9206568112643 11.300000000000487
    vertex 805.4923055267251 1204.9206568112647 11.300000000000555
    vertex 805.2325644282141 1208.9206568112645 10.672929517267912
  endloop
endfacet
facet normal 0.9238795325113139 -1.371982954855696e-13 -0.38268343236502406
  outer loop
    vertex 805.232564428214 1204.920656811265 10.67292951726798
    vertex 805.2325644282141 1208.9206568112645 10.672929517267912
    vertex 805.4923055267251 1204.9206568112647 11.300000000000555
  endloop
endfacet
facet normal -0.7933533402911934 1.0031739492254579e-13 -0.608761429008775
  outer loop
    vertex 809.5824492076534 1204.9206568112663 81.03847767416292
    vertex 809.5824492076537 1208.9206568112659 81.03847767416285
    vertex 809.9956376264081 1204.9206568112663 80.50000004307715
  endloop
endfacet
facet normal -0.7933533402911934 1.0031739492254579e-13 -0.608761429008775
  outer loop
    vertex 809.9956376264082 1208.9206568112659 80.50000004307708
    vertex 809.9956376264081 1204.9206568112663 80.50000004307715
    vertex 809.5824492076537 1208.9206568112659 81.03847767416285
  endloop
endfacet
facet normal 0.991444861373809 -1.371314543250826e-13 0.13052619222006223
  outer loop
    vertex 805.1439715765658 1208.9206568112643 10.000000000000783
    vertex 805.1439715765642 1204.9206568112647 10.00000000000085
    vertex 805.2325644282141 1208.9206568112643 9.327070482733653
  endloop
endfacet
facet normal 0.991444861373809 -1.371314543250826e-13 0.13052619222006223
  outer loop
    vertex 805.232564428214 1204.9206568112647 9.32707048273372
    vertex 805.2325644282141 1208.9206568112643 9.327070482733653
    vertex 805.1439715765642 1204.9206568112647 10.00000000000085
  endloop
endfacet
facet normal -0.6087614290087712 7.088789178758537e-14 -0.7933533402911965
  outer loop
    vertex 809.0439715765691 1204.9206568112663 81.4516660929175
    vertex 809.0439715765693 1208.920656811266 81.45166609291743
    vertex 809.5824492076534 1204.9206568112663 81.03847767416292
  endloop
endfacet
facet normal -0.6087614290087712 7.088789178758537e-14 -0.7933533402911965
  outer loop
    vertex 809.5824492076537 1208.9206568112659 81.03847767416285
    vertex 809.5824492076534 1204.9206568112663 81.03847767416292
    vertex 809.0439715765693 1208.920656811266 81.45166609291743
  endloop
endfacet
facet normal 0.9238795325113122 -1.229106491491802e-13 0.3826834323650284
  outer loop
    vertex 805.2325644282141 1208.9206568112643 9.327070482733653
    vertex 805.232564428214 1204.9206568112647 9.32707048273372
    vertex 805.4923055267252 1208.9206568112645 8.700000000001078
  endloop
endfacet
facet normal 0.9238795325113122 -1.229106491491802e-13 0.3826834323650284
  outer loop
    vertex 805.4923055267251 1204.920656811265 8.700000000001145
    vertex 805.4923055267252 1208.9206568112645 8.700000000001078
    vertex 805.232564428214 1204.9206568112647 9.32707048273372
  endloop
endfacet
facet normal 0.7933533402911934 -1.0031392656086683e-13 0.6087614290087751
  outer loop
    vertex 805.4923055267252 1208.9206568112645 8.700000000001078
    vertex 805.4923055267251 1204.920656811265 8.700000000001145
    vertex 805.9054939454799 1208.9206568112645 8.161522368915312
  endloop
endfacet
facet normal 0.7933533402911934 -1.0031392656086683e-13 0.6087614290087751
  outer loop
    vertex 805.9054939454796 1204.920656811265 8.16152236891538
    vertex 805.9054939454799 1208.9206568112645 8.161522368915312
    vertex 805.4923055267251 1204.920656811265 8.700000000001145
  endloop
endfacet
facet normal -0.13052619222005757 -1.1316109265778327e-14 -0.9914448613738097
  outer loop
    vertex 808.4169010938323 1204.9206568112652 12.511407148352006
    vertex 807.7439715765651 1204.9206568112652 12.600000000000259
    vertex 808.4169010938324 1208.9206568112647 12.511407148351939
  endloop
endfacet
facet normal -0.13052619222005757 -1.1316109265778327e-14 -0.9914448613738097
  outer loop
    vertex 807.7439715765653 1208.9206568112647 12.600000000000191
    vertex 808.4169010938324 1208.9206568112647 12.511407148351939
    vertex 807.7439715765651 1204.9206568112652 12.600000000000259
  endloop
endfacet
facet normal -0.9238795325113122 1.1859509268229054e-13 -0.3826834323650284
  outer loop
    vertex 809.9956376264051 1204.920656811265 11.300000000000555
    vertex 809.9956376264055 1208.9206568112645 11.300000000000487
    vertex 810.2553787249162 1204.920656811265 10.672929517266537
  endloop
endfacet
facet normal -0.9238795325113122 1.1859509268229054e-13 -0.3826834323650284
  outer loop
    vertex 810.2553787249166 1208.9206568112645 10.67292951726647
    vertex 810.2553787249162 1204.920656811265 10.672929517266537
    vertex 809.9956376264055 1208.9206568112645 11.300000000000487
  endloop
endfacet
facet normal -0.7933533402911963 1.2990709301382918e-13 0.6087614290087712
  outer loop
    vertex 809.9956376264051 1204.920656811265 8.700000000001145
    vertex 809.9956376264054 1208.9206568112645 8.700000000001078
    vertex 809.5824492076506 1204.9206568112652 8.16152236891538
  endloop
endfacet
facet normal -0.7933533402911963 1.2990709301382918e-13 0.6087614290087712
  outer loop
    vertex 809.5824492076507 1208.9206568112645 8.161522368915312
    vertex 809.5824492076506 1204.9206568112652 8.16152236891538
    vertex 809.9956376264054 1208.9206568112645 8.700000000001078
  endloop
endfacet
facet normal -0.7933533402911934 9.345453509451439e-14 -0.6087614290087751
  outer loop
    vertex 809.5824492076506 1204.920656811265 11.83847763108632
    vertex 809.5824492076508 1208.9206568112645 11.838477631086253
    vertex 809.9956376264051 1204.920656811265 11.300000000000555
  endloop
endfacet
facet normal -0.7933533402911934 9.345453509451439e-14 -0.6087614290087751
  outer loop
    vertex 809.9956376264055 1208.9206568112645 11.300000000000487
    vertex 809.9956376264051 1204.920656811265 11.300000000000555
    vertex 809.5824492076508 1208.9206568112645 11.838477631086253
  endloop
endfacet
facet normal 0.7933533402911963 -1.2304466059223036e-13 -0.6087614290087713
  outer loop
    vertex 805.9054939454813 1208.9206568112645 11.838477631086253
    vertex 805.9054939454796 1204.920656811265 11.83847763108632
    vertex 805.4923055267268 1208.9206568112643 11.300000000000487
  endloop
endfacet
facet normal 0.7933533402911963 -1.2304466059223036e-13 -0.6087614290087713
  outer loop
    vertex 805.4923055267251 1204.9206568112647 11.300000000000555
    vertex 805.4923055267268 1208.9206568112643 11.300000000000487
    vertex 805.9054939454796 1204.920656811265 11.83847763108632
  endloop
endfacet
facet normal -0.6087614290089033 1.0945579752264402e-13 0.7933533402910949
  outer loop
    vertex 809.0439715765648 1204.920656811265 7.748333950160791
    vertex 809.5824492076506 1204.9206568112652 8.16152236891538
    vertex 809.043971576565 1208.9206568112645 7.748333950160723
  endloop
endfacet
facet normal -0.6087614290089033 1.0945579752264402e-13 0.7933533402910949
  outer loop
    vertex 809.5824492076507 1208.9206568112645 8.161522368915312
    vertex 809.043971576565 1208.9206568112645 7.748333950160723
    vertex 809.5824492076506 1204.9206568112652 8.16152236891538
  endloop
endfacet
facet normal -0.9914448613738045 1.3565814264634713e-13 -0.13052619222009665
  outer loop
    vertex 810.2553787249162 1204.920656811265 10.672929517266537
    vertex 810.2553787249166 1208.9206568112645 10.67292951726647
    vertex 810.3439715765645 1204.920656811265 10.00000000000085
  endloop
endfacet
facet normal -0.9914448613738045 1.3565814264634713e-13 -0.13052619222009665
  outer loop
    vertex 810.3439715765662 1208.9206568112645 10.000000000000783
    vertex 810.3439715765645 1204.920656811265 10.00000000000085
    vertex 810.2553787249166 1208.9206568112645 10.67292951726647
  endloop
endfacet
facet normal 0.6087614290087922 -6.641104386253952e-14 0.7933533402911804
  outer loop
    vertex 805.9054939454796 1204.920656811265 8.16152236891538
    vertex 806.4439715765654 1204.9206568112652 7.748333950160791
    vertex 805.9054939454799 1208.9206568112645 8.161522368915312
  endloop
endfacet
facet normal 0.6087614290087922 -6.641104386253952e-14 0.7933533402911804
  outer loop
    vertex 806.4439715765656 1208.9206568112645 7.748333950160723
    vertex 805.9054939454799 1208.9206568112645 8.161522368915312
    vertex 806.4439715765654 1204.9206568112652 7.748333950160791
  endloop
endfacet
facet normal -0.13052619222006226 4.8063298181837555e-14 0.991444861373809
  outer loop
    vertex 807.7439715765651 1204.920656811265 7.399999999999998
    vertex 808.4169010938323 1204.920656811265 7.488592851649694
    vertex 807.7439715765653 1208.9206568112645 7.39999999999993
  endloop
endfacet
facet normal -0.13052619222006226 4.8063298181837555e-14 0.991444861373809
  outer loop
    vertex 808.4169010938324 1208.9206568112645 7.488592851649626
    vertex 807.7439715765653 1208.9206568112645 7.39999999999993
    vertex 808.4169010938323 1204.920656811265 7.488592851649694
  endloop
endfacet
facet normal 0.6087614290087541 -1.0498059731334161e-13 -0.7933533402912096
  outer loop
    vertex 806.4439715765654 1204.920656811265 12.251666049839466
    vertex 805.9054939454796 1204.920656811265 11.83847763108632
    vertex 806.4439715765657 1208.9206568112645 12.251666049839399
  endloop
endfacet
facet normal 0.6087614290087541 -1.0498059731334161e-13 -0.7933533402912096
  outer loop
    vertex 805.9054939454813 1208.9206568112645 11.838477631086253
    vertex 806.4439715765657 1208.9206568112645 12.251666049839399
    vertex 805.9054939454796 1204.920656811265 11.83847763108632
  endloop
endfacet
facet normal -0.9238795325113142 1.415138519524593e-13 0.38268343236502406
  outer loop
    vertex 810.2553787249162 1204.920656811265 9.32707048273372
    vertex 810.2553787249165 1208.9206568112645 9.327070482733653
    vertex 809.9956376264051 1204.920656811265 8.700000000001145
  endloop
endfacet
facet normal -0.9238795325113142 1.415138519524593e-13 0.38268343236502406
  outer loop
    vertex 809.9956376264054 1208.9206568112645 8.700000000001078
    vertex 809.9956376264051 1204.920656811265 8.700000000001145
    vertex 810.2553787249165 1208.9206568112645 9.327070482733653
  endloop
endfacet
facet normal -0.3826834323651181 2.6206609555288908e-14 -0.9238795325112751
  outer loop
    vertex 809.0439715765648 1204.920656811265 12.251666049839466
    vertex 808.4169010938323 1204.9206568112652 12.511407148352006
    vertex 809.0439715765651 1208.9206568112647 12.251666049839399
  endloop
endfacet
facet normal -0.3826834323651181 2.6206609555288908e-14 -0.9238795325112751
  outer loop
    vertex 808.4169010938324 1208.9206568112647 12.511407148351939
    vertex 809.0439715765651 1208.9206568112647 12.251666049839399
    vertex 808.4169010938323 1204.9206568112652 12.511407148352006
  endloop
endfacet
facet normal -0.9914448613738097 1.434753046265671e-13 0.13052619222005754
  outer loop
    vertex 810.3439715765645 1204.920656811265 10.00000000000085
    vertex 810.3439715765662 1208.9206568112645 10.000000000000783
    vertex 810.2553787249162 1204.920656811265 9.32707048273372
  endloop
endfacet
facet normal -0.9914448613738097 1.434753046265671e-13 0.13052619222005754
  outer loop
    vertex 810.2553787249165 1208.9206568112645 9.327070482733653
    vertex 810.2553787249162 1204.920656811265 9.32707048273372
    vertex 810.3439715765662 1208.9206568112645 10.000000000000783
  endloop
endfacet
facet normal 0.13052619222005754 1.1315898026588097e-14 0.9914448613738097
  outer loop
    vertex 807.071042059298 1204.920656811265 7.488592851649694
    vertex 807.7439715765651 1204.920656811265 7.399999999999998
    vertex 807.0710420592997 1208.9206568112645 7.488592851649626
  endloop
endfacet
facet normal 0.13052619222005754 1.1315898026588097e-14 0.9914448613738097
  outer loop
    vertex 807.7439715765653 1208.9206568112645 7.39999999999993
    vertex 807.0710420592997 1208.9206568112645 7.488592851649626
    vertex 807.7439715765651 1204.920656811265 7.399999999999998
  endloop
endfacet
facet normal 0.1305261922200623 -4.806329818183756e-14 -0.991444861373809
  outer loop
    vertex 807.7439715765651 1204.9206568112652 12.600000000000259
    vertex 807.071042059298 1204.9206568112652 12.511407148352006
    vertex 807.7439715765653 1208.9206568112647 12.600000000000191
  endloop
endfacet
facet normal 0.1305261922200623 -4.806329818183756e-14 -0.991444861373809
  outer loop
    vertex 807.0710420592997 1208.9206568112647 12.511407148351939
    vertex 807.7439715765653 1208.9206568112647 12.600000000000191
    vertex 807.071042059298 1204.9206568112652 12.511407148352006
  endloop
endfacet
facet normal 0.3826834323650283 -8.153818689654241e-14 -0.9238795325113122
  outer loop
    vertex 806.4439715765654 1204.920656811265 12.251666049839466
    vertex 806.4439715765657 1208.9206568112645 12.251666049839399
    vertex 807.071042059298 1204.9206568112652 12.511407148352006
  endloop
endfacet
facet normal 0.3826834323650283 -8.153818689654241e-14 -0.9238795325113122
  outer loop
    vertex 807.0710420592997 1208.9206568112647 12.511407148351939
    vertex 807.071042059298 1204.9206568112652 12.511407148352006
    vertex 806.4439715765657 1208.9206568112645 12.251666049839399
  endloop
endfacet
facet normal -0.3826834323650283 8.153738901809082e-14 0.9238795325113122
  outer loop
    vertex 808.4169010938323 1204.920656811265 7.488592851649694
    vertex 809.0439715765648 1204.920656811265 7.748333950160791
    vertex 808.4169010938324 1208.9206568112645 7.488592851649626
  endloop
endfacet
facet normal -0.3826834323650283 8.153738901809082e-14 0.9238795325113122
  outer loop
    vertex 809.043971576565 1208.9206568112645 7.748333950160723
    vertex 808.4169010938324 1208.9206568112645 7.488592851649626
    vertex 809.0439715765648 1204.920656811265 7.748333950160791
  endloop
endfacet
facet normal 0.38268343236502406 -2.6204537610489586e-14 0.9238795325113142
  outer loop
    vertex 807.071042059298 1204.920656811265 7.488592851649694
    vertex 807.0710420592997 1208.9206568112645 7.488592851649626
    vertex 806.4439715765654 1204.9206568112652 7.748333950160791
  endloop
endfacet
facet normal 0.38268343236502406 -2.6204537610489586e-14 0.9238795325113142
  outer loop
    vertex 806.4439715765656 1208.9206568112645 7.748333950160723
    vertex 806.4439715765654 1204.9206568112652 7.748333950160791
    vertex 807.0710420592997 1208.9206568112645 7.488592851649626
  endloop
endfacet
facet normal -0.6087614290087712 6.194116638828331e-14 -0.7933533402911963
  outer loop
    vertex 809.5824492076506 1204.920656811265 11.83847763108632
    vertex 809.0439715765648 1204.920656811265 12.251666049839466
    vertex 809.5824492076508 1208.9206568112645 11.838477631086253
  endloop
endfacet
facet normal -0.6087614290087712 6.194116638828331e-14 -0.7933533402911963
  outer loop
    vertex 809.0439715765651 1208.9206568112647 12.251666049839399
    vertex 809.5824492076508 1208.9206568112645 11.838477631086253
    vertex 809.0439715765648 1204.920656811265 12.251666049839466
  endloop
endfacet
facet normal 4.0807268610536837e-13 4.23605690252474e-13 1.0
  outer loop
    vertex 792.7439715765729 1204.920656811268 89.20000004308383
    vertex 812.2439715765701 1208.9206568112652 89.20000004307799
    vertex 792.7439715765702 1208.9206568112675 89.20000004308233
  endloop
endfacet
facet normal 4.0807268610536837e-13 4.23605690252474e-13 1.0
  outer loop
    vertex 818.5439715765527 1229.9206568118611 89.20000004305305
    vertex 813.7439715765685 1210.4206568112647 89.20000004307498
    vertex 818.5439715765513 1204.9206568112668 89.20000004305352
  endloop
endfacet
facet normal 4.0807268610536837e-13 4.23605690252474e-13 1.0
  outer loop
    vertex 812.2439715765701 1208.9206568112652 89.20000004307799
    vertex 818.5439715765513 1204.9206568112668 89.20000004305352
    vertex 813.7439715765685 1210.4206568112647 89.20000004307498
  endloop
endfacet
facet normal 4.0807268610536837e-13 4.23605690252474e-13 1.0
  outer loop
    vertex 792.7439715765729 1204.920656811268 89.20000004308383
    vertex 818.5439715765513 1204.9206568112668 89.20000004305352
    vertex 812.2439715765701 1208.9206568112652 89.20000004307799
  endloop
endfacet
facet normal 4.0807268610536837e-13 4.23605690252474e-13 1.0
  outer loop
    vertex 813.7439715765522 1234.4206568118593 89.20000004305288
    vertex 813.7439715765685 1210.4206568112647 89.20000004307498
    vertex 818.5439715765527 1229.9206568118611 89.20000004305305
  endloop
endfacet
facet normal 4.0807268610536837e-13 4.23605690252474e-13 1.0
  outer loop
    vertex 839.043971576552 1229.92065681186 89.2000000430545
    vertex 813.7439715765522 1234.4206568118593 89.20000004305288
    vertex 818.5439715765527 1229.9206568118611 89.20000004305305
  endloop
endfacet
facet normal 4.0807268610536837e-13 4.23605690252474e-13 1.0
  outer loop
    vertex 839.0439715765522 1234.420656811859 89.20000004305442
    vertex 813.7439715765522 1234.4206568118593 89.20000004305288
    vertex 839.043971576552 1229.92065681186 89.2000000430545
  endloop
endfacet
facet normal 0.568983934856905 -0.8223486376682054 -1.2655850731548898e-10
  outer loop
    vertex 858.0439715766906 1228.791245091711 2.9999999997406706
    vertex 823.5439715766756 1204.920656811498 2.9999999988849235
    vertex 858.043971576552 1228.7912450920776 -2.0303758674344862e-13
  endloop
endfacet
facet normal 0.568983934856905 -0.8223486376682054 -1.2655850731548898e-10
  outer loop
    vertex 823.5439715765384 1204.9206568118645 -2.293309542267252e-10
    vertex 858.043971576552 1228.7912450920776 -2.0303758674344862e-13
    vertex 823.5439715766756 1204.920656811498 2.9999999988849235
  endloop
endfacet
facet normal 3.5089586505577803e-12 -3.556838303828151e-11 1.0
  outer loop
    vertex 818.5439715765515 1204.920656811265 2.9999999993729354
    vertex 823.5439715766756 1204.920656811498 2.9999999988849235
    vertex 818.5439715765527 1229.9206568118595 2.9999999999990923
  endloop
endfacet
facet normal 3.5089586505577803e-12 -3.556838303828151e-11 1.0
  outer loop
    vertex 858.0439715766906 1228.791245091711 2.9999999997406706
    vertex 818.5439715765527 1229.9206568118595 2.9999999999990923
    vertex 823.5439715766756 1204.920656811498 2.9999999988849235
  endloop
endfacet
facet normal 3.5089586505577803e-12 -3.556838303828151e-11 1.0
  outer loop
    vertex 861.0439715765528 1229.9206568118573 3.000000000000536
    vertex 818.5439715765527 1229.9206568118595 2.9999999999990923
    vertex 858.0439715766906 1228.791245091711 2.9999999997406706
  endloop
endfacet
facet normal 1.0 -7.173091635169127e-14 -7.045270399488711e-16
  outer loop
    vertex 818.5439715765527 1229.9206568118611 89.20000004305305
    vertex 818.5439715765513 1204.9206568112668 89.20000004305352
    vertex 818.5439715765542 1229.9206568118602 83.39137123840051
  endloop
endfacet
facet normal 1.0 -7.173091635169127e-14 -7.045270399488711e-16
  outer loop
    vertex 818.543971576554 1227.5576164959662 78.48527673288775
    vertex 818.5439715765542 1229.9206568118602 83.39137123840051
    vertex 818.5439715765513 1204.9206568112668 89.20000004305352
  endloop
endfacet
facet normal 1.0 -7.173091635169127e-14 -7.045270399488711e-16
  outer loop
    vertex 818.543971576554 1227.0957462985737 77.2311488435832
    vertex 818.543971576554 1227.5576164959662 78.48527673288775
    vertex 818.5439715765513 1204.9206568112668 89.20000004305352
  endloop
endfacet
facet normal 1.0 -7.173091635169127e-14 -7.045270399488711e-16
  outer loop
    vertex 818.5439715765515 1204.920656811265 2.9999999993729354
    vertex 818.543971576554 1227.0957462985737 77.2311488435832
    vertex 818.5439715765513 1204.9206568112668 89.20000004305352
  endloop
endfacet
facet normal 1.0 -7.173091635169127e-14 -7.045270399488711e-16
  outer loop
    vertex 818.543971576554 1228.1913221094985 79.66195767407208
    vertex 818.5439715765542 1229.9206568118602 83.39137123840051
    vertex 818.543971576554 1227.5576164959662 78.48527673288775
  endloop
endfacet
facet normal 1.0 -7.173091635169127e-14 -7.045270399488711e-16
  outer loop
    vertex 818.543971576554 1228.984259195433 80.73778833905646
    vertex 818.5439715765542 1229.9206568118602 83.39137123840051
    vertex 818.543971576554 1228.1913221094985 79.66195767407208
  endloop
endfacet
facet normal 1.0 -7.173091635169127e-14 -7.045270399488711e-16
  outer loop
    vertex 818.5439715765542 1229.9206568118598 81.69137123840089
    vertex 818.5439715765542 1229.9206568118602 83.39137123840051
    vertex 818.543971576554 1228.984259195433 80.73778833905646
  endloop
endfacet
facet normal 1.0 -7.173091635169127e-14 -7.045270399488711e-16
  outer loop
    vertex 818.543971576554 1226.8148977796143 75.924517697708
    vertex 818.543971576554 1227.0957462985737 77.2311488435832
    vertex 818.5439715765515 1204.920656811265 2.9999999993729354
  endloop
endfacet
facet normal 1.0 -7.173091635169127e-14 -7.045270399488711e-16
  outer loop
    vertex 818.543971576554 1226.7206568118602 74.59137123839967
    vertex 818.543971576554 1226.8148977796143 75.924517697708
    vertex 818.5439715765515 1204.920656811265 2.9999999993729354
  endloop
endfacet
facet normal 1.0 -7.173091635169127e-14 -7.045270399488711e-16
  outer loop
    vertex 818.543971576554 1226.8148977796147 73.25822477908991
    vertex 818.543971576554 1226.7206568118602 74.59137123839967
    vertex 818.5439715765515 1204.920656811265 2.9999999993729354
  endloop
endfacet
facet normal 1.0 -7.173091635169127e-14 -7.045270399488711e-16
  outer loop
    vertex 818.543971576554 1227.0957462985737 71.95159363321615
    vertex 818.543971576554 1226.8148977796147 73.25822477908991
    vertex 818.5439715765515 1204.920656811265 2.9999999993729354
  endloop
endfacet
facet normal 1.0 -7.173091635169127e-14 -7.045270399488711e-16
  outer loop
    vertex 818.5439715765525 1227.5576164959662 70.69746574391156
    vertex 818.543971576554 1227.0957462985737 71.95159363321615
    vertex 818.5439715765515 1204.920656811265 2.9999999993729354
  endloop
endfacet
facet normal 1.0 -7.173091635169127e-14 -7.045270399488711e-16
  outer loop
    vertex 818.5439715765525 1228.1913221094987 69.52078480272577
    vertex 818.5439715765525 1227.5576164959662 70.69746574391156
    vertex 818.5439715765515 1204.920656811265 2.9999999993729354
  endloop
endfacet
facet normal 1.0 -7.173091635169127e-14 -7.045270399488711e-16
  outer loop
    vertex 818.5439715765513 1228.9842591954334 68.44495413774138
    vertex 818.5439715765525 1228.1913221094987 69.52078480272577
    vertex 818.5439715765515 1204.920656811265 2.9999999993729354
  endloop
endfacet
facet normal 1.0 -7.173091635169127e-14 -7.045270399488711e-16
  outer loop
    vertex 818.5439715765513 1229.9206568118614 67.49137123839546
    vertex 818.5439715765513 1228.9842591954334 68.44495413774138
    vertex 818.5439715765515 1204.920656811265 2.9999999993729354
  endloop
endfacet
facet normal 1.0 -7.173091635169127e-14 -7.045270399488711e-16
  outer loop
    vertex 818.5439715765513 1229.9206568118598 65.79137123839729
    vertex 818.5439715765513 1229.9206568118614 67.49137123839546
    vertex 818.5439715765515 1204.920656811265 2.9999999993729354
  endloop
endfacet
facet normal 1.0 -7.173091635169127e-14 -7.045270399488711e-16
  outer loop
    vertex 818.5439715765542 1229.920656811859 23.3913712384026
    vertex 818.5439715765513 1229.9206568118598 65.79137123839729
    vertex 818.5439715765515 1204.920656811265 2.9999999993729354
  endloop
endfacet
facet normal 1.0 -7.173091635169127e-14 -7.045270399488711e-16
  outer loop
    vertex 818.5439715765542 1229.9206568118589 21.69137123840154
    vertex 818.5439715765542 1229.920656811859 23.3913712384026
    vertex 818.5439715765515 1204.920656811265 2.9999999993729354
  endloop
endfacet
facet normal 1.0 -7.173091635169127e-14 -7.045270399488711e-16
  outer loop
    vertex 818.5439715765542 1228.984259195432 20.737788339058557
    vertex 818.5439715765542 1229.9206568118589 21.69137123840154
    vertex 818.5439715765515 1204.920656811265 2.9999999993729354
  endloop
endfacet
facet normal 1.0 -7.173091635169127e-14 -7.045270399488711e-16
  outer loop
    vertex 818.543971576554 1228.1913221094974 19.661957674074177
    vertex 818.5439715765542 1228.984259195432 20.737788339058557
    vertex 818.5439715765515 1204.920656811265 2.9999999993729354
  endloop
endfacet
facet normal 1.0 -7.173091635169127e-14 -7.045270399488711e-16
  outer loop
    vertex 818.543971576554 1227.5576164959648 18.485276732888405
    vertex 818.543971576554 1228.1913221094974 19.661957674074177
    vertex 818.5439715765515 1204.920656811265 2.9999999993729354
  endloop
endfacet
facet normal 1.0 -7.173091635169127e-14 -7.045270399488711e-16
  outer loop
    vertex 818.543971576554 1227.0957462985725 17.231148843583846
    vertex 818.543971576554 1227.5576164959648 18.485276732888405
    vertex 818.5439715765515 1204.920656811265 2.9999999993729354
  endloop
endfacet
facet normal 1.0 -7.173091635169127e-14 -7.045270399488711e-16
  outer loop
    vertex 818.543971576554 1226.8148977796134 15.924517697710087
    vertex 818.543971576554 1227.0957462985725 17.231148843583846
    vertex 818.5439715765515 1204.920656811265 2.9999999993729354
  endloop
endfacet
facet normal 1.0 -7.173091635169127e-14 -7.045270399488711e-16
  outer loop
    vertex 818.543971576554 1226.720656811859 14.591371238400326
    vertex 818.543971576554 1226.8148977796134 15.924517697710087
    vertex 818.5439715765515 1204.920656811265 2.9999999993729354
  endloop
endfacet
facet normal 1.0 -7.173091635169127e-14 -7.045270399488711e-16
  outer loop
    vertex 818.543971576554 1226.8148977796134 13.258224779092007
    vertex 818.543971576554 1226.720656811859 14.591371238400326
    vertex 818.5439715765515 1204.920656811265 2.9999999993729354
  endloop
endfacet
facet normal 1.0 -7.173091635169127e-14 -7.045270399488711e-16
  outer loop
    vertex 818.5439715765525 1227.0957462985727 11.951593633216806
    vertex 818.543971576554 1226.8148977796134 13.258224779092007
    vertex 818.5439715765515 1204.920656811265 2.9999999993729354
  endloop
endfacet
facet normal 1.0 -7.173091635169127e-14 -7.045270399488711e-16
  outer loop
    vertex 818.5439715765525 1227.5576164959652 10.697465743912222
    vertex 818.5439715765525 1227.0957462985727 11.951593633216806
    vertex 818.5439715765515 1204.920656811265 2.9999999993729354
  endloop
endfacet
facet normal 1.0 -7.173091635169127e-14 -7.045270399488711e-16
  outer loop
    vertex 818.5439715765525 1228.1913221094978 9.520784802727873
    vertex 818.5439715765525 1227.5576164959652 10.697465743912222
    vertex 818.5439715765515 1204.920656811265 2.9999999993729354
  endloop
endfacet
facet normal 1.0 -7.173091635169127e-14 -7.045270399488711e-16
  outer loop
    vertex 818.5439715765525 1228.9842591954323 8.44495413774347
    vertex 818.5439715765525 1228.1913221094978 9.520784802727873
    vertex 818.5439715765515 1204.920656811265 2.9999999993729354
  endloop
endfacet
facet normal 1.0 -7.173091635169127e-14 -7.045270399488711e-16
  outer loop
    vertex 818.5439715765527 1229.9206568118602 7.491371238397552
    vertex 818.5439715765525 1228.9842591954323 8.44495413774347
    vertex 818.5439715765515 1204.920656811265 2.9999999993729354
  endloop
endfacet
facet normal 1.0 -7.173091635169127e-14 -7.045270399488711e-16
  outer loop
    vertex 818.5439715765527 1229.9206568118589 5.791371238399383
    vertex 818.5439715765527 1229.9206568118602 7.491371238397552
    vertex 818.5439715765515 1204.920656811265 2.9999999993729354
  endloop
endfacet
facet normal 1.0 -7.173091635169127e-14 -7.045270399488711e-16
  outer loop
    vertex 818.5439715765527 1229.9206568118595 2.9999999999990923
    vertex 818.5439715765527 1229.9206568118589 5.791371238399383
    vertex 818.5439715765515 1204.920656811265 2.9999999993729354
  endloop
endfacet
facet normal -8.416053939591266e-13 0.9238795325112534 -0.3826834323651704
  outer loop
    vertex 823.7439715765543 1233.9833516904805 16.69137123839971
    vertex 823.7439715765543 1233.5637699159608 15.678411227829942
    vertex 813.7439715765537 1233.9833516904714 16.691371238399668
  endloop
endfacet
facet normal -8.416053939591266e-13 0.9238795325112534 -0.3826834323651704
  outer loop
    vertex 813.743971576555 1233.563769915952 15.67841122783134
    vertex 813.7439715765537 1233.9833516904714 16.691371238399668
    vertex 823.7439715765543 1233.5637699159608 15.678411227829942
  endloop
endfacet
facet normal -8.938470813429691e-13 0.9914448613738202 0.13052619221997916
  outer loop
    vertex 823.7439715765543 1233.4206583863752 14.591371238400201
    vertex 823.7439715765543 1233.563769915961 13.504331248969017
    vertex 813.743971576555 1233.420658386366 14.591371238400155
  endloop
endfacet
facet normal -8.938470813429691e-13 0.9914448613738202 0.13052619221997916
  outer loop
    vertex 813.7439715765537 1233.563769915952 13.504331248968972
    vertex 813.743971576555 1233.420658386366 14.591371238400155
    vertex 823.7439715765543 1233.563769915961 13.504331248969017
  endloop
endfacet
facet normal 5.516644009677558e-14 0.38268343236506563 -0.9238795325112968
  outer loop
    vertex 813.7439715765523 1235.5206583863662 18.228677934294048
    vertex 813.7439715765523 1236.5336183969355 18.648259708814727
    vertex 823.74397157655 1235.520658386373 18.228677934298425
  endloop
endfacet
facet normal 5.516644009677558e-14 0.38268343236506563 -0.9238795325112968
  outer loop
    vertex 823.7439715765487 1236.5336183969425 18.648259708817662
    vertex 823.74397157655 1235.520658386373 18.228677934298425
    vertex 813.7439715765523 1236.5336183969355 18.648259708814727
  endloop
endfacet
facet normal -8.937039498807305e-13 0.9914448613738257 -0.13052619221993525
  outer loop
    vertex 823.7439715765543 1233.5637699159608 15.678411227829942
    vertex 823.7439715765543 1233.4206583863752 14.591371238400201
    vertex 813.743971576555 1233.563769915952 15.67841122783134
  endloop
endfacet
facet normal -8.937039498807305e-13 0.9914448613738257 -0.13052619221993525
  outer loop
    vertex 813.743971576555 1233.420658386366 14.591371238400155
    vertex 813.743971576555 1233.563769915952 15.67841122783134
    vertex 823.7439715765543 1233.4206583863752 14.591371238400201
  endloop
endfacet
facet normal 6.479032595882823e-13 0.13052619222003742 0.9914448613738123
  outer loop
    vertex 813.743971576551 1236.5336183969355 10.534482767985471
    vertex 823.7439715765515 1236.5336183969391 10.534482767978297
    vertex 813.743971576551 1237.620658386366 10.39137123839959
  endloop
endfacet
facet normal 6.479032595882823e-13 0.13052619222003742 0.9914448613738123
  outer loop
    vertex 823.74397157655 1237.6206583863698 10.391371238392415
    vertex 813.743971576551 1237.620658386366 10.39137123839959
    vertex 823.7439715765515 1236.5336183969391 10.534482767978297
  endloop
endfacet
facet normal -7.321455472108402e-13 0.7933533402911961 -0.6087614290087715
  outer loop
    vertex 823.7439715765543 1233.9833516904805 16.69137123839971
    vertex 813.7439715765537 1233.9833516904714 16.691371238399668
    vertex 823.7439715765528 1234.6508099053915 17.561219719383622
  endloop
endfacet
facet normal -7.321455472108402e-13 0.7933533402911961 -0.6087614290087715
  outer loop
    vertex 813.7439715765537 1234.6508099053826 17.561219719383576
    vertex 823.7439715765528 1234.6508099053915 17.561219719383622
    vertex 813.7439715765537 1233.9833516904714 16.691371238399668
  endloop
endfacet
facet normal -8.157914441964917e-13 0.923879532511326 0.38268343236499547
  outer loop
    vertex 823.7439715765543 1233.563769915961 13.504331248969017
    vertex 823.7439715765543 1233.9833516904803 12.491371238399223
    vertex 813.7439715765537 1233.563769915952 13.504331248968972
  endloop
endfacet
facet normal -8.157914441964917e-13 0.923879532511326 0.38268343236499547
  outer loop
    vertex 813.7439715765537 1233.9833516904714 12.491371238400623
    vertex 813.7439715765537 1233.563769915952 13.504331248968972
    vertex 823.7439715765543 1233.9833516904803 12.491371238399223
  endloop
endfacet
facet normal 2.5233816980640316e-13 0.1305261922200004 -0.9914448613738172
  outer loop
    vertex 813.7439715765523 1236.5336183969355 18.648259708814727
    vertex 813.743971576551 1237.6206583863661 18.791371238400565
    vertex 823.7439715765487 1236.5336183969425 18.648259708817662
  endloop
endfacet
facet normal 2.5233816980640316e-13 0.1305261922200004 -0.9914448613738172
  outer loop
    vertex 823.7439715765472 1237.620658386373 18.7913712384035
    vertex 823.7439715765487 1236.5336183969425 18.648259708817662
    vertex 813.743971576551 1237.6206583863661 18.791371238400565
  endloop
endfacet
facet normal -4.2679162798216117e-13 0.6087614290096711 -0.7933533402905059
  outer loop
    vertex 813.7439715765537 1234.6508099053826 17.561219719383576
    vertex 813.7439715765523 1235.4206568118582 18.151944027334903
    vertex 823.7439715765528 1234.6508099053915 17.561219719383622
  endloop
endfacet
facet normal -4.2679162798216117e-13 0.6087614290096711 -0.7933533402905059
  outer loop
    vertex 823.743971576553 1235.4206568118668 18.151944027333503
    vertex 823.7439715765528 1234.6508099053915 17.561219719383622
    vertex 813.7439715765523 1235.4206568118582 18.151944027334903
  endloop
endfacet
facet normal -4.2679162798216117e-13 0.6087614290096711 -0.7933533402905059
  outer loop
    vertex 813.7439715765523 1235.5206583863662 18.228677934294048
    vertex 823.743971576553 1235.4206568118668 18.151944027333503
    vertex 813.7439715765523 1235.4206568118582 18.151944027334903
  endloop
endfacet
facet normal -4.2679162798216117e-13 0.6087614290096711 -0.7933533402905059
  outer loop
    vertex 823.74397157655 1235.520658386373 18.228677934298425
    vertex 823.743971576553 1235.4206568118668 18.151944027333503
    vertex 813.7439715765523 1235.5206583863662 18.228677934294048
  endloop
endfacet
facet normal 5.085797164066977e-13 0.3826834323651001 0.9238795325112824
  outer loop
    vertex 813.7439715765523 1235.520658386366 10.954064542504753
    vertex 823.743971576553 1235.5206583863699 10.954064542499022
    vertex 813.743971576551 1236.5336183969355 10.534482767985471
  endloop
endfacet
facet normal 5.085797164066977e-13 0.3826834323651001 0.9238795325112824
  outer loop
    vertex 823.7439715765515 1236.5336183969391 10.534482767978297
    vertex 813.743971576551 1236.5336183969355 10.534482767985471
    vertex 823.743971576553 1235.5206583863699 10.954064542499022
  endloop
endfacet
facet normal -6.839313243799081e-13 0.7933533402911792 0.6087614290087938
  outer loop
    vertex 823.7439715765543 1233.9833516904803 12.491371238399223
    vertex 823.743971576553 1234.6508099053915 11.621522757416734
    vertex 813.7439715765537 1233.9833516904714 12.491371238400623
  endloop
endfacet
facet normal -6.839313243799081e-13 0.7933533402911792 0.6087614290087938
  outer loop
    vertex 813.7439715765538 1234.6508099053824 11.62152275741669
    vertex 813.7439715765537 1233.9833516904714 12.491371238400623
    vertex 823.743971576553 1234.6508099053915 11.621522757416734
  endloop
endfacet
facet normal -2.310007072129745e-13 0.6087614290106591 0.7933533402897478
  outer loop
    vertex 813.7439715765538 1234.6508099053824 11.62152275741669
    vertex 823.743971576553 1234.6508099053915 11.621522757416734
    vertex 813.7439715765523 1235.420656811858 11.030798449465342
  endloop
endfacet
facet normal -2.310007072129745e-13 0.6087614290106591 0.7933533402897478
  outer loop
    vertex 823.743971576553 1235.4206568118668 11.030798449465387
    vertex 813.7439715765523 1235.420656811858 11.030798449465342
    vertex 823.743971576553 1234.6508099053915 11.621522757416734
  endloop
endfacet
facet normal -2.310007072129745e-13 0.6087614290106591 0.7933533402897478
  outer loop
    vertex 813.7439715765523 1235.520658386366 10.954064542504753
    vertex 813.7439715765523 1235.420656811858 11.030798449465342
    vertex 823.743971576553 1235.4206568118668 11.030798449465387
  endloop
endfacet
facet normal -2.310007072129745e-13 0.6087614290106591 0.7933533402897478
  outer loop
    vertex 823.743971576553 1235.5206583863699 10.954064542499022
    vertex 813.7439715765523 1235.520658386366 10.954064542504753
    vertex 823.743971576553 1235.4206568118668 11.030798449465387
  endloop
endfacet
facet normal -7.321472504861014e-13 0.7933533402912573 -0.608761429008692
  outer loop
    vertex 823.7439715765545 1234.6508099053926 77.56121971938153
    vertex 823.7439715765543 1233.9833516904814 76.69137123839762
    vertex 813.7439715765538 1234.6508099053838 77.56121971938148
  endloop
endfacet
facet normal -7.321472504861014e-13 0.7933533402912573 -0.608761429008692
  outer loop
    vertex 813.7439715765537 1233.9833516904725 76.69137123839901
    vertex 813.7439715765538 1234.6508099053838 77.56121971938148
    vertex 823.7439715765543 1233.9833516904814 76.69137123839762
  endloop
endfacet
facet normal 6.300109675322235e-13 0.13052619222003742 0.9914448613738123
  outer loop
    vertex 813.743971576551 1236.5336183969366 70.53448276798483
    vertex 823.7439715765515 1236.5336183969403 70.53448276797765
    vertex 813.743971576551 1237.620658386367 70.39137123839893
  endloop
endfacet
facet normal 6.300109675322235e-13 0.13052619222003742 0.9914448613738123
  outer loop
    vertex 823.74397157655 1237.6206583863707 70.39137123839177
    vertex 813.743971576551 1237.620658386367 70.39137123839893
    vertex 823.7439715765515 1236.5336183969403 70.53448276797765
  endloop
endfacet
facet normal -2.4054307419955257e-13 0.6087614290106048 0.7933533402897894
  outer loop
    vertex 813.7439715765537 1234.6508099053838 71.6215227574146
    vertex 823.7439715765528 1234.6508099053926 71.62152275741464
    vertex 813.7439715765523 1235.420656811859 71.0307984494647
  endloop
endfacet
facet normal -2.4054307419955257e-13 0.6087614290106048 0.7933533402897894
  outer loop
    vertex 823.743971576553 1235.420656811868 71.03079844946329
    vertex 813.7439715765523 1235.420656811859 71.0307984494647
    vertex 823.7439715765528 1234.6508099053926 71.62152275741464
  endloop
endfacet
facet normal -2.4054307419955257e-13 0.6087614290106048 0.7933533402897894
  outer loop
    vertex 813.7439715765523 1235.5206583863674 70.9540645425041
    vertex 813.7439715765523 1235.420656811859 71.0307984494647
    vertex 823.743971576553 1235.420656811868 71.03079844946329
  endloop
endfacet
facet normal -2.4054307419955257e-13 0.6087614290106048 0.7933533402897894
  outer loop
    vertex 823.743971576553 1235.5206583863708 70.95406454249692
    vertex 813.7439715765523 1235.5206583863674 70.9540645425041
    vertex 823.743971576553 1235.420656811868 71.03079844946329
  endloop
endfacet
facet normal -8.962026462797115e-13 0.9914448613738202 0.13052619221997916
  outer loop
    vertex 823.7439715765543 1233.4206583863763 74.59137123839811
    vertex 823.7439715765543 1233.563769915962 73.50433124896692
    vertex 813.743971576555 1233.4206583863672 74.59137123839805
  endloop
endfacet
facet normal -8.962026462797115e-13 0.9914448613738202 0.13052619221997916
  outer loop
    vertex 813.743971576555 1233.5637699159531 73.50433124896831
    vertex 813.743971576555 1233.4206583863672 74.59137123839805
    vertex 823.7439715765543 1233.563769915962 73.50433124896692
  endloop
endfacet
facet normal -6.894243869317656e-13 0.7933533402912891 0.6087614290086506
  outer loop
    vertex 823.7439715765543 1233.9833516904814 72.49137123839857
    vertex 823.7439715765528 1234.6508099053926 71.62152275741464
    vertex 813.7439715765537 1233.9833516904728 72.49137123839853
  endloop
endfacet
facet normal -6.894243869317656e-13 0.7933533402912891 0.6087614290086506
  outer loop
    vertex 813.7439715765537 1234.6508099053838 71.6215227574146
    vertex 813.7439715765537 1233.9833516904728 72.49137123839853
    vertex 823.7439715765528 1234.6508099053926 71.62152275741464
  endloop
endfacet
facet normal -8.227010450737677e-13 0.9238795325112676 0.38268343236513586
  outer loop
    vertex 823.7439715765543 1233.563769915962 73.50433124896692
    vertex 823.7439715765543 1233.9833516904814 72.49137123839857
    vertex 813.743971576555 1233.5637699159531 73.50433124896831
  endloop
endfacet
facet normal -8.227010450737677e-13 0.9238795325112676 0.38268343236513586
  outer loop
    vertex 813.7439715765537 1233.9833516904728 72.49137123839853
    vertex 813.743971576555 1233.5637699159531 73.50433124896831
    vertex 823.7439715765543 1233.9833516904814 72.49137123839857
  endloop
endfacet
facet normal 4.919067544858483e-13 0.3826834323651001 0.9238795325112824
  outer loop
    vertex 813.7439715765523 1235.5206583863674 70.9540645425041
    vertex 823.743971576553 1235.5206583863708 70.95406454249692
    vertex 813.743971576551 1236.5336183969366 70.53448276798483
  endloop
endfacet
facet normal 4.919067544858483e-13 0.3826834323651001 0.9238795325112824
  outer loop
    vertex 823.7439715765515 1236.5336183969403 70.53448276797765
    vertex 813.743971576551 1236.5336183969366 70.53448276798483
    vertex 823.743971576553 1235.5206583863708 70.95406454249692
  endloop
endfacet
facet normal -8.416041014815051e-13 0.9238795325113116 -0.38268343236502983
  outer loop
    vertex 823.7439715765543 1233.9833516904814 76.69137123839762
    vertex 823.7439715765543 1233.563769915962 75.67841122782929
    vertex 813.7439715765537 1233.9833516904725 76.69137123839901
  endloop
endfacet
facet normal -8.416041014815051e-13 0.9238795325113116 -0.38268343236502983
  outer loop
    vertex 813.743971576555 1233.5637699159531 75.67841122782924
    vertex 813.7439715765537 1233.9833516904725 76.69137123839901
    vertex 823.7439715765543 1233.563769915962 75.67841122782929
  endloop
endfacet
facet normal -8.925272630239426e-13 0.991444861373803 -0.1305261922201077
  outer loop
    vertex 823.7439715765543 1233.563769915962 75.67841122782929
    vertex 823.7439715765543 1233.4206583863763 74.59137123839811
    vertex 813.743971576555 1233.5637699159531 75.67841122782924
  endloop
endfacet
facet normal -8.925272630239426e-13 0.991444861373803 -0.1305261922201077
  outer loop
    vertex 813.743971576555 1233.4206583863672 74.59137123839805
    vertex 813.743971576555 1233.5637699159531 75.67841122782924
    vertex 823.7439715765543 1233.4206583863763 74.59137123839811
  endloop
endfacet
facet normal 2.5233816980640316e-13 0.1305261922200004 -0.9914448613738172
  outer loop
    vertex 813.7439715765523 1236.5336183969366 78.64825970881263
    vertex 813.743971576551 1237.620658386367 78.79137123839847
    vertex 823.7439715765487 1236.5336183969437 78.64825970881556
  endloop
endfacet
facet normal 2.5233816980640316e-13 0.1305261922200004 -0.9914448613738172
  outer loop
    vertex 823.7439715765487 1237.620658386374 78.7913712384014
    vertex 823.7439715765487 1236.5336183969437 78.64825970881556
    vertex 813.743971576551 1237.620658386367 78.79137123839847
  endloop
endfacet
facet normal -4.267916279820662e-13 0.6087614290095624 -0.7933533402905893
  outer loop
    vertex 813.7439715765538 1234.6508099053838 77.56121971938148
    vertex 813.7439715765523 1235.420656811859 78.1519440273328
    vertex 823.7439715765545 1234.6508099053926 77.56121971938153
  endloop
endfacet
facet normal -4.267916279820662e-13 0.6087614290095624 -0.7933533402905893
  outer loop
    vertex 823.743971576553 1235.4206568118682 78.15194402733285
    vertex 823.7439715765545 1234.6508099053926 77.56121971938153
    vertex 813.7439715765523 1235.420656811859 78.1519440273328
  endloop
endfacet
facet normal -4.267916279820662e-13 0.6087614290095624 -0.7933533402905893
  outer loop
    vertex 813.7439715765523 1235.5206583863674 78.2286779342934
    vertex 823.743971576553 1235.4206568118682 78.15194402733285
    vertex 813.7439715765523 1235.420656811859 78.1519440273328
  endloop
endfacet
facet normal -4.267916279820662e-13 0.6087614290095624 -0.7933533402905893
  outer loop
    vertex 823.74397157655 1235.5206583863742 78.22867793429633
    vertex 823.743971576553 1235.4206568118682 78.15194402733285
    vertex 813.7439715765523 1235.5206583863674 78.2286779342934
  endloop
endfacet
facet normal 5.516644009677558e-14 0.38268343236506563 -0.9238795325112968
  outer loop
    vertex 813.7439715765523 1235.5206583863674 78.2286779342934
    vertex 813.7439715765523 1236.5336183969366 78.64825970881263
    vertex 823.74397157655 1235.5206583863742 78.22867793429633
  endloop
endfacet
facet normal 5.516644009677558e-14 0.38268343236506563 -0.9238795325112968
  outer loop
    vertex 823.7439715765487 1236.5336183969437 78.64825970881556
    vertex 823.74397157655 1235.5206583863742 78.22867793429633
    vertex 813.7439715765523 1236.5336183969366 78.64825970881263
  endloop
endfacet
facet normal -1.8326616686725648e-14 -0.9914448613738017 0.1305261922201189
  outer loop
    vertex 825.743971576547 1241.678175978864 13.504331248968871
    vertex 825.743971576547 1241.8212875084498 14.591371238400043
    vertex 813.7439715765526 1241.6781759788641 13.504331248970269
  endloop
endfacet
facet normal -1.8326616686725648e-14 -0.9914448613738017 0.1305261922201189
  outer loop
    vertex 813.7439715765526 1241.82128750845 14.591371238399999
    vertex 813.7439715765526 1241.6781759788641 13.504331248970269
    vertex 825.743971576547 1241.8212875084498 14.591371238400043
  endloop
endfacet
facet normal -7.74948622694462e-15 -0.9238795325112752 0.38268343236511776
  outer loop
    vertex 825.743971576547 1241.2585942043445 12.491371238400532
    vertex 825.743971576547 1241.678175978864 13.504331248968871
    vertex 813.7439715765526 1241.2585942043447 12.491371238400488
  endloop
endfacet
facet normal -7.74948622694462e-15 -0.9238795325112752 0.38268343236511776
  outer loop
    vertex 813.7439715765526 1241.6781759788641 13.504331248970269
    vertex 813.7439715765526 1241.2585942043447 12.491371238400488
    vertex 825.743971576547 1241.678175978864 13.504331248968871
  endloop
endfacet
facet normal 7.365565766152621e-14 0.6087614290087214 0.7933533402912347
  outer loop
    vertex 813.7439715765526 1241.2212875084501 20.826754145648184
    vertex 825.743971576547 1241.22128750845 20.826754145648227
    vertex 813.7439715765513 1242.7124563329933 19.682540062944476
  endloop
endfacet
facet normal 7.365565766152621e-14 0.6087614290087214 0.7933533402912347
  outer loop
    vertex 825.7439715765471 1242.712456332993 19.68254006294308
    vertex 813.7439715765513 1242.7124563329933 19.682540062944476
    vertex 825.743971576547 1241.22128750845 20.826754145648227
  endloop
endfacet
facet normal -7.366295229371426e-14 -0.6087614290087736 -0.7933533402911945
  outer loop
    vertex 813.7439715765526 1239.7212875084501 18.228677934295412
    vertex 813.7439715765526 1240.5911359894337 17.561219719383466
    vertex 825.743971576547 1239.72128750845 18.228677934294016
  endloop
endfacet
facet normal -7.366295229371426e-14 -0.6087614290087736 -0.7933533402911945
  outer loop
    vertex 825.743971576547 1240.5911359894335 17.56121971938351
    vertex 825.743971576547 1239.72128750845 18.228677934294016
    vertex 813.7439715765526 1240.5911359894337 17.561219719383466
  endloop
endfacet
facet normal -5.1977280056663336e-14 -0.9238795325113005 -0.3826834323650569
  outer loop
    vertex 825.743971576547 1241.678175978864 15.678411227829795
    vertex 825.743971576547 1241.2585942043445 16.691371238399576
    vertex 813.7439715765526 1241.6781759788641 15.678411227831194
  endloop
endfacet
facet normal -5.1977280056663336e-14 -0.9238795325113005 -0.3826834323650569
  outer loop
    vertex 813.7439715765526 1241.2585942043447 16.691371238400976
    vertex 813.7439715765526 1241.6781759788641 15.678411227831194
    vertex 825.743971576547 1241.2585942043445 16.691371238399576
  endloop
endfacet
facet normal 2.4768843443476053e-06 -0.13047370364579305 -0.9914517702091287
  outer loop
    vertex 813.743971576551 1237.6206583863661 18.791371238400565
    vertex 813.7439715765523 1238.7083274978809 18.64825970881468
    vertex 823.7439715765472 1237.620658386373 18.7913712384035
  endloop
endfacet
facet normal 2.4768843443476053e-06 -0.13047370364579305 -0.9914517702091287
  outer loop
    vertex 825.7439715765453 1237.6212875084493 18.79137123839917
    vertex 823.7439715765472 1237.620658386373 18.7913712384035
    vertex 813.7439715765523 1238.7083274978809 18.64825970881468
  endloop
endfacet
facet normal 2.4768843443476053e-06 -0.13047370364579305 -0.9914517702091287
  outer loop
    vertex 825.7439715765468 1238.7083274978806 18.648259708813285
    vertex 825.7439715765453 1237.6212875084493 18.79137123839917
    vertex 813.7439715765523 1238.7083274978809 18.64825970881468
  endloop
endfacet
facet normal -6.503654124313698e-14 -0.7933533402912395 -0.6087614290087152
  outer loop
    vertex 825.743971576547 1241.2585942043445 16.691371238399576
    vertex 825.743971576547 1240.5911359894335 17.56121971938351
    vertex 813.7439715765526 1241.2585942043447 16.691371238400976
  endloop
endfacet
facet normal -6.503654124313698e-14 -0.7933533402912395 -0.6087614290087152
  outer loop
    vertex 813.7439715765526 1240.5911359894337 17.561219719383466
    vertex 813.7439715765526 1241.2585942043447 16.691371238400976
    vertex 825.743971576547 1240.5911359894335 17.56121971938351
  endloop
endfacet
facet normal 7.560852734353168e-14 0.1305261922200636 0.9914448613738089
  outer loop
    vertex 813.7439715765523 1237.6212875084502 21.79137123840133
    vertex 825.7439715765482 1237.62128750845 21.79137123839993
    vertex 813.7439715765526 1239.4847846331884 21.546037187682057
  endloop
endfacet
facet normal 7.560852734353168e-14 0.1305261922200636 0.9914448613738089
  outer loop
    vertex 825.743971576547 1239.484784633188 21.546037187680657
    vertex 813.7439715765526 1239.4847846331884 21.546037187682057
    vertex 825.7439715765482 1237.62128750845 21.79137123839993
  endloop
endfacet
facet normal -7.726566331901534e-14 -0.38268343236510377 -0.9238795325112811
  outer loop
    vertex 813.7439715765523 1238.7083274978809 18.64825970881468
    vertex 813.7439715765526 1239.7212875084501 18.228677934295412
    vertex 825.7439715765468 1238.7083274978806 18.648259708813285
  endloop
endfacet
facet normal -7.726566331901534e-14 -0.38268343236510377 -0.9238795325112811
  outer loop
    vertex 825.743971576547 1239.72128750845 18.228677934294016
    vertex 825.7439715765468 1238.7083274978806 18.648259708813285
    vertex 813.7439715765526 1239.7212875084501 18.228677934295412
  endloop
endfacet
facet normal -3.5374357078653266e-14 -0.991444861373816 -0.1305261922200094
  outer loop
    vertex 825.743971576547 1241.8212875084498 14.591371238400043
    vertex 825.743971576547 1241.678175978864 15.678411227829795
    vertex 813.7439715765526 1241.82128750845 14.591371238399999
  endloop
endfacet
facet normal -3.5374357078653266e-14 -0.991444861373816 -0.1305261922200094
  outer loop
    vertex 813.7439715765526 1241.6781759788641 15.678411227831194
    vertex 813.7439715765526 1241.82128750845 14.591371238399999
    vertex 825.743971576547 1241.678175978864 15.678411227829795
  endloop
endfacet
facet normal 6.502797851389126e-14 0.793353340291245 0.6087614290087079
  outer loop
    vertex 825.7439715765471 1242.712456332993 19.68254006294308
    vertex 825.7439715765471 1243.8566704156979 18.191371238399192
    vertex 813.7439715765513 1242.7124563329933 19.682540062944476
  endloop
endfacet
facet normal 6.502797851389126e-14 0.793353340291245 0.6087614290087079
  outer loop
    vertex 813.7439715765513 1243.856670415698 18.19137123840059
    vertex 813.7439715765513 1242.7124563329933 19.682540062944476
    vertex 825.7439715765471 1243.8566704156979 18.191371238399192
  endloop
endfacet
facet normal 5.19714041239114e-14 0.9238795325112933 0.38268343236507407
  outer loop
    vertex 825.7439715765471 1243.8566704156979 18.191371238399192
    vertex 825.7439715765471 1244.575953457731 16.45486836313752
    vertex 813.7439715765513 1243.856670415698 18.19137123840059
  endloop
endfacet
facet normal 5.19714041239114e-14 0.9238795325112933 0.38268343236507407
  outer loop
    vertex 813.7439715765513 1244.5759534577314 16.45486836313892
    vertex 813.7439715765513 1243.856670415698 18.19137123840059
    vertex 825.7439715765471 1244.575953457731 16.45486836313752
  endloop
endfacet
facet normal 7.726537319316886e-14 0.38268343236513214 0.9238795325112692
  outer loop
    vertex 813.7439715765526 1239.4847846331884 21.546037187682057
    vertex 825.743971576547 1239.484784633188 21.546037187680657
    vertex 813.7439715765526 1241.2212875084501 20.826754145648184
  endloop
endfacet
facet normal 7.726537319316886e-14 0.38268343236513214 0.9238795325112692
  outer loop
    vertex 825.743971576547 1241.22128750845 20.826754145648227
    vertex 813.7439715765526 1241.2212875084501 20.826754145648184
    vertex 825.743971576547 1239.484784633188 21.546037187680657
  endloop
endfacet
facet normal 1.8031841884965276e-14 -0.6087614290086824 0.7933533402912646
  outer loop
    vertex 813.7439715765526 1239.72128750845 10.954064542506117
    vertex 825.743971576547 1239.7212875084497 10.954064542506162
    vertex 813.7439715765526 1240.5911359894335 11.621522757416576
  endloop
endfacet
facet normal 1.8031841884965276e-14 -0.6087614290086824 0.7933533402912646
  outer loop
    vertex 825.743971576547 1240.5911359894333 11.621522757416622
    vertex 813.7439715765526 1240.5911359894335 11.621522757416576
    vertex 825.743971576547 1239.7212875084497 10.954064542506162
  endloop
endfacet
facet normal 3.537585313084742e-14 0.9914448613738132 0.1305261922200317
  outer loop
    vertex 825.7439715765471 1244.575953457731 16.45486836313752
    vertex 825.7439715765471 1244.8212875084498 14.591371238399987
    vertex 813.7439715765513 1244.5759534577314 16.45486836313892
  endloop
endfacet
facet normal 3.537585313084742e-14 0.9914448613738132 0.1305261922200317
  outer loop
    vertex 813.7439715765513 1244.82128750845 14.591371238399942
    vertex 813.7439715765513 1244.5759534577314 16.45486836313892
    vertex 825.7439715765471 1244.8212875084498 14.591371238399987
  endloop
endfacet
facet normal 1.8327605511329215e-14 0.9914448613738067 -0.13052619222008116
  outer loop
    vertex 825.7439715765471 1244.8212875084498 14.591371238399987
    vertex 825.7439715765471 1244.575953457731 12.727874113662475
    vertex 813.7439715765513 1244.82128750845 14.591371238399942
  endloop
endfacet
facet normal 1.8327605511329215e-14 0.9914448613738067 -0.13052619222008116
  outer loop
    vertex 813.7439715765513 1244.5759534577314 12.72787411366243
    vertex 813.7439715765513 1244.82128750845 14.591371238399942
    vertex 825.7439715765471 1244.575953457731 12.727874113662475
  endloop
endfacet
facet normal 2.4768844557003484e-06 -0.1304737036473747 0.9914517702089205
  outer loop
    vertex 813.743971576551 1237.620658386366 10.39137123839959
    vertex 823.74397157655 1237.6206583863698 10.391371238392415
    vertex 813.7439715765526 1238.7083274978806 10.53448276798687
  endloop
endfacet
facet normal 2.4768844557003484e-06 -0.1304737036473747 0.9914517702089205
  outer loop
    vertex 825.7439715765453 1237.6212875084493 10.391371238399634
    vertex 813.7439715765526 1238.7083274978806 10.53448276798687
    vertex 823.74397157655 1237.6206583863698 10.391371238392415
  endloop
endfacet
facet normal 2.4768844557003484e-06 -0.1304737036473747 0.9914517702089205
  outer loop
    vertex 825.743971576547 1238.7083274978802 10.534482767985471
    vertex 813.7439715765526 1238.7083274978806 10.53448276798687
    vertex 825.7439715765453 1237.6212875084493 10.391371238399634
  endloop
endfacet
facet normal -5.322832598871529e-15 0.7933533402912254 -0.6087614290087336
  outer loop
    vertex 825.7439715765471 1243.8566704156976 10.991371238400829
    vertex 825.7439715765471 1242.7124563329928 9.500202413856986
    vertex 813.7439715765513 1243.8566704156979 10.991371238400783
  endloop
endfacet
facet normal -5.322832598871529e-15 0.7933533402912254 -0.6087614290087336
  outer loop
    vertex 813.7439715765513 1242.7124563329933 9.50020241385694
    vertex 813.7439715765513 1243.8566704156979 10.991371238400783
    vertex 825.7439715765471 1242.7124563329928 9.500202413856986
  endloop
endfacet
facet normal 5.319718517793723e-15 -0.7933533402912323 0.6087614290087243
  outer loop
    vertex 825.743971576547 1240.5911359894333 11.621522757416622
    vertex 825.743971576547 1241.2585942043445 12.491371238400532
    vertex 813.7439715765526 1240.5911359894335 11.621522757416576
  endloop
endfacet
facet normal 5.319718517793723e-15 -0.7933533402912323 0.6087614290087243
  outer loop
    vertex 813.7439715765526 1241.2585942043447 12.491371238400488
    vertex 813.7439715765526 1240.5911359894335 11.621522757416576
    vertex 825.743971576547 1241.2585942043445 12.491371238400532
  endloop
endfacet
facet normal 2.950818926248063e-14 -0.3826834323650621 0.9238795325112984
  outer loop
    vertex 813.7439715765526 1238.7083274978806 10.53448276798687
    vertex 825.743971576547 1238.7083274978802 10.534482767985471
    vertex 813.7439715765526 1239.72128750845 10.954064542506117
  endloop
endfacet
facet normal 2.950818926248063e-14 -0.3826834323650621 0.9238795325112984
  outer loop
    vertex 825.743971576547 1239.7212875084497 10.954064542506162
    vertex 813.7439715765526 1239.72128750845 10.954064542506117
    vertex 825.743971576547 1238.7083274978802 10.534482767985471
  endloop
endfacet
facet normal -2.831812857945199e-14 -0.9238795325112752 0.3826834323651177
  outer loop
    vertex 825.7439715765483 1241.258594204345 72.49137123839844
    vertex 825.7439715765483 1241.6781759788646 73.50433124896821
    vertex 813.7439715765526 1241.2585942043456 72.49137123839839
  endloop
endfacet
facet normal -2.831812857945199e-14 -0.9238795325112752 0.3826834323651177
  outer loop
    vertex 813.7439715765526 1241.678175978865 73.50433124896816
    vertex 813.7439715765526 1241.2585942043456 72.49137123839839
    vertex 825.7439715765483 1241.6781759788646 73.50433124896821
  endloop
endfacet
facet normal 7.746584526299832e-15 0.9238795325112791 -0.3826834323651086
  outer loop
    vertex 825.7439715765471 1243.8566704156976 10.991371238400829
    vertex 813.7439715765513 1243.8566704156979 10.991371238400783
    vertex 825.7439715765471 1244.575953457731 12.727874113662475
  endloop
endfacet
facet normal 7.746584526299832e-15 0.9238795325112791 -0.3826834323651086
  outer loop
    vertex 813.7439715765513 1244.5759534577314 12.72787411366243
    vertex 825.7439715765471 1244.575953457731 12.727874113662475
    vertex 813.7439715765513 1243.8566704156979 10.991371238400783
  endloop
endfacet
facet normal 2.4768843662282447e-06 -0.13047370364581445 -0.991451770209126
  outer loop
    vertex 813.743971576551 1237.620658386367 78.79137123839847
    vertex 813.7439715765526 1238.7083274978818 78.6482597088126
    vertex 823.7439715765487 1237.620658386374 78.7913712384014
  endloop
endfacet
facet normal 2.4768843662282447e-06 -0.13047370364581445 -0.991451770209126
  outer loop
    vertex 825.7439715765468 1237.6212875084505 78.79137123839851
    vertex 823.7439715765487 1237.620658386374 78.7913712384014
    vertex 813.7439715765526 1238.7083274978818 78.6482597088126
  endloop
endfacet
facet normal 2.4768843662282447e-06 -0.13047370364581445 -0.991451770209126
  outer loop
    vertex 825.7439715765483 1238.708327497881 78.64825970881265
    vertex 825.7439715765468 1237.6212875084505 78.79137123839851
    vertex 813.7439715765526 1238.7083274978818 78.6482597088126
  endloop
endfacet
facet normal -7.143651483318361e-14 -0.7933533402912393 -0.6087614290087152
  outer loop
    vertex 825.7439715765483 1241.2585942043452 76.69137123839893
    vertex 825.7439715765483 1240.5911359894342 77.56121971938141
    vertex 813.7439715765526 1241.2585942043459 76.69137123839889
  endloop
endfacet
facet normal -7.143651483318361e-14 -0.7933533402912393 -0.6087614290087152
  outer loop
    vertex 813.7439715765526 1240.5911359894346 77.56121971938282
    vertex 813.7439715765526 1241.2585942043459 76.69137123839889
    vertex 825.7439715765483 1240.5911359894342 77.56121971938141
  endloop
endfacet
facet normal 5.655444651562856e-14 0.1305261922200636 0.9914448613738089
  outer loop
    vertex 825.7439715765496 1237.6212875084505 81.79137123839783
    vertex 825.7439715765498 1239.4847846331888 81.54603718768001
    vertex 813.7439715765523 1237.6212875084511 81.79137123839924
  endloop
endfacet
facet normal 5.655444651562856e-14 0.1305261922200636 0.9914448613738089
  outer loop
    vertex 813.7439715765526 1239.4847846331893 81.54603718767996
    vertex 813.7439715765523 1237.6212875084511 81.79137123839924
    vertex 825.7439715765498 1239.4847846331888 81.54603718768001
  endloop
endfacet
facet normal 8.541392115030482e-15 -0.6087614290086824 0.7933533402912646
  outer loop
    vertex 825.7439715765483 1239.7212875084504 70.95406454250407
    vertex 825.7439715765483 1240.5911359894337 71.62152275741452
    vertex 813.7439715765526 1239.7212875084508 70.95406454250403
  endloop
endfacet
facet normal 8.541392115030482e-15 -0.6087614290086824 0.7933533402912646
  outer loop
    vertex 813.7439715765526 1240.5911359894344 71.62152275741593
    vertex 813.7439715765526 1239.7212875084508 70.95406454250403
    vertex 825.7439715765483 1240.5911359894337 71.62152275741452
  endloop
endfacet
facet normal 2.8313286708012132e-14 0.9238795325112791 -0.3826834323651086
  outer loop
    vertex 825.7439715765486 1244.5759534577317 72.72787411366038
    vertex 825.7439715765486 1243.8566704156983 70.99137123839873
    vertex 813.7439715765513 1244.5759534577323 72.72787411366033
  endloop
endfacet
facet normal 2.8313286708012132e-14 0.9238795325112791 -0.3826834323651086
  outer loop
    vertex 813.7439715765513 1243.8566704156988 70.99137123839868
    vertex 813.7439715765513 1244.5759534577323 72.72787411366033
    vertex 825.7439715765486 1243.8566704156983 70.99137123839873
  endloop
endfacet
facet normal 7.14334007521051e-14 0.7933533402912449 0.6087614290087079
  outer loop
    vertex 825.7439715765486 1243.8566704156985 78.19137123839855
    vertex 813.7439715765513 1243.856670415699 78.19137123839849
    vertex 825.7439715765486 1242.7124563329937 79.68254006294099
  endloop
endfacet
facet normal 7.14334007521051e-14 0.7933533402912449 0.6087614290087079
  outer loop
    vertex 813.7439715765513 1242.7124563329942 79.68254006294238
    vertex 825.7439715765486 1242.7124563329937 79.68254006294099
    vertex 813.7439715765513 1243.856670415699 78.19137123839849
  endloop
endfacet
facet normal -6.61374054255845e-14 -0.38268343236510366 -0.9238795325112811
  outer loop
    vertex 825.7439715765483 1238.708327497881 78.64825970881265
    vertex 813.7439715765526 1238.7083274978818 78.6482597088126
    vertex 825.7439715765483 1239.7212875084506 78.22867793429336
  endloop
endfacet
facet normal -6.61374054255845e-14 -0.38268343236510366 -0.9238795325112811
  outer loop
    vertex 813.7439715765526 1239.721287508451 78.22867793429332
    vertex 825.7439715765483 1239.7212875084506 78.22867793429336
    vertex 813.7439715765526 1238.7083274978818 78.6482597088126
  endloop
endfacet
facet normal 2.6741106676074197e-14 -0.3826834323650621 0.9238795325112984
  outer loop
    vertex 825.7439715765482 1238.7083274978809 70.53448276798483
    vertex 825.7439715765483 1239.7212875084504 70.95406454250407
    vertex 813.7439715765523 1238.7083274978816 70.53448276798478
  endloop
endfacet
facet normal 2.6741106676074197e-14 -0.3826834323650621 0.9238795325112984
  outer loop
    vertex 813.7439715765526 1239.7212875084508 70.95406454250403
    vertex 813.7439715765523 1238.7083274978816 70.53448276798478
    vertex 825.7439715765483 1239.7212875084504 70.95406454250407
  endloop
endfacet
facet normal 7.120958774961648e-14 0.6087614290087214 0.7933533402912347
  outer loop
    vertex 825.7439715765498 1241.2212875084506 80.82675414564613
    vertex 825.7439715765486 1242.7124563329937 79.68254006294099
    vertex 813.7439715765526 1241.221287508451 80.82675414564753
  endloop
endfacet
facet normal 7.120958774961648e-14 0.6087614290087214 0.7933533402912347
  outer loop
    vertex 813.7439715765513 1242.7124563329942 79.68254006294238
    vertex 813.7439715765526 1241.221287508451 80.82675414564753
    vertex 825.7439715765486 1242.7124563329937 79.68254006294099
  endloop
endfacet
facet normal -6.678601394205319e-14 -0.9238795325113005 -0.3826834323650569
  outer loop
    vertex 825.7439715765483 1241.2585942043452 76.69137123839893
    vertex 813.7439715765526 1241.2585942043459 76.69137123839889
    vertex 825.7439715765483 1241.6781759788646 75.67841122782913
  endloop
endfacet
facet normal -6.678601394205319e-14 -0.9238795325113005 -0.3826834323650569
  outer loop
    vertex 813.7439715765526 1241.678175978865 75.67841122782909
    vertex 825.7439715765483 1241.6781759788646 75.67841122782913
    vertex 813.7439715765526 1241.2585942043459 76.69137123839889
  endloop
endfacet
facet normal 5.759042938398301e-14 0.9914448613738132 0.1305261922200317
  outer loop
    vertex 825.7439715765486 1244.5759534577319 76.45486836313687
    vertex 825.7439715765486 1244.8212875084505 74.5913712383979
    vertex 813.7439715765513 1244.5759534577323 76.45486836313682
  endloop
endfacet
facet normal 5.759042938398301e-14 0.9914448613738132 0.1305261922200317
  outer loop
    vertex 813.7439715765513 1244.821287508451 74.59137123839929
    vertex 813.7439715765513 1244.5759534577323 76.45486836313682
    vertex 825.7439715765486 1244.8212875084505 74.5913712383979
  endloop
endfacet
facet normal 1.0232245244129893e-14 0.7933533402912252 -0.6087614290087336
  outer loop
    vertex 825.7439715765486 1242.7124563329935 69.5002024138549
    vertex 813.7439715765513 1242.7124563329942 69.50020241385629
    vertex 825.7439715765486 1243.8566704156983 70.99137123839873
  endloop
endfacet
facet normal 1.0232245244129893e-14 0.7933533402912252 -0.6087614290087336
  outer loop
    vertex 813.7439715765513 1243.8566704156988 70.99137123839868
    vertex 825.7439715765486 1243.8566704156983 70.99137123839873
    vertex 813.7439715765513 1242.7124563329942 69.50020241385629
  endloop
endfacet
facet normal -5.759240703318286e-14 -0.991444861373816 -0.13052619222000947
  outer loop
    vertex 825.7439715765483 1241.8212875084505 74.59137123839795
    vertex 825.7439715765483 1241.6781759788646 75.67841122782913
    vertex 813.7439715765526 1241.821287508451 74.59137123839935
  endloop
endfacet
facet normal -5.759240703318286e-14 -0.991444861373816 -0.13052619222000947
  outer loop
    vertex 813.7439715765526 1241.678175978865 75.67841122782909
    vertex 813.7439715765526 1241.821287508451 74.59137123839935
    vertex 825.7439715765483 1241.6781759788646 75.67841122782913
  endloop
endfacet
facet normal -4.4470100974910424e-14 -0.9914448613738044 0.13052619222009756
  outer loop
    vertex 825.7439715765483 1241.6781759788646 73.50433124896821
    vertex 825.7439715765483 1241.8212875084505 74.59137123839795
    vertex 813.7439715765526 1241.678175978865 73.50433124896816
  endloop
endfacet
facet normal -4.4470100974910424e-14 -0.9914448613738044 0.13052619222009756
  outer loop
    vertex 813.7439715765526 1241.821287508451 74.59137123839935
    vertex 813.7439715765526 1241.678175978865 73.50433124896816
    vertex 825.7439715765483 1241.8212875084505 74.59137123839795
  endloop
endfacet
facet normal -1.0235359325208172e-14 -0.7933533402912323 0.6087614290087244
  outer loop
    vertex 825.7439715765483 1240.5911359894337 71.62152275741452
    vertex 825.7439715765483 1241.258594204345 72.49137123839844
    vertex 813.7439715765526 1240.5911359894344 71.62152275741593
  endloop
endfacet
facet normal -1.0235359325208172e-14 -0.7933533402912323 0.6087614290087244
  outer loop
    vertex 813.7439715765526 1241.2585942043456 72.49137123839839
    vertex 813.7439715765526 1240.5911359894344 71.62152275741593
    vertex 825.7439715765483 1241.258594204345 72.49137123839844
  endloop
endfacet
facet normal 6.67920349377286e-14 0.9238795325112933 0.38268343236507407
  outer loop
    vertex 825.7439715765486 1243.8566704156985 78.19137123839855
    vertex 825.7439715765486 1244.5759534577319 76.45486836313687
    vertex 813.7439715765513 1243.856670415699 78.19137123839849
  endloop
endfacet
facet normal 6.67920349377286e-14 0.9238795325112933 0.38268343236507407
  outer loop
    vertex 813.7439715765513 1244.5759534577323 76.45486836313682
    vertex 813.7439715765513 1243.856670415699 78.19137123839849
    vertex 825.7439715765486 1244.5759534577319 76.45486836313687
  endloop
endfacet
facet normal 6.613518368449236e-14 0.38268343236513214 0.9238795325112692
  outer loop
    vertex 825.7439715765498 1239.4847846331888 81.54603718768001
    vertex 825.7439715765498 1241.2212875084506 80.82675414564613
    vertex 813.7439715765526 1239.4847846331893 81.54603718767996
  endloop
endfacet
facet normal 6.613518368449236e-14 0.38268343236513214 0.9238795325112692
  outer loop
    vertex 813.7439715765526 1241.221287508451 80.82675414564753
    vertex 813.7439715765526 1239.4847846331893 81.54603718767996
    vertex 825.7439715765498 1241.2212875084506 80.82675414564613
  endloop
endfacet
facet normal 2.4768844533441527e-06 -0.13047370364731048 0.991451770208929
  outer loop
    vertex 813.743971576551 1237.620658386367 70.39137123839893
    vertex 823.74397157655 1237.6206583863707 70.39137123839177
    vertex 813.7439715765523 1238.7083274978816 70.53448276798478
  endloop
endfacet
facet normal 2.4768844533441527e-06 -0.13047370364731048 0.991451770208929
  outer loop
    vertex 825.7439715765468 1237.6212875084502 70.39137123839899
    vertex 813.7439715765523 1238.7083274978816 70.53448276798478
    vertex 823.74397157655 1237.6206583863707 70.39137123839177
  endloop
endfacet
facet normal 2.4768844533441527e-06 -0.13047370364731048 0.991451770208929
  outer loop
    vertex 825.7439715765482 1238.7083274978809 70.53448276798483
    vertex 813.7439715765523 1238.7083274978816 70.53448276798478
    vertex 825.7439715765468 1237.6212875084502 70.39137123839899
  endloop
endfacet
facet normal -7.121396595287533e-14 -0.6087614290087736 -0.7933533402911945
  outer loop
    vertex 825.7439715765483 1239.7212875084506 78.22867793429336
    vertex 813.7439715765526 1239.721287508451 78.22867793429332
    vertex 825.7439715765483 1240.5911359894342 77.56121971938141
  endloop
endfacet
facet normal -7.121396595287533e-14 -0.6087614290087736 -0.7933533402911945
  outer loop
    vertex 813.7439715765526 1240.5911359894346 77.56121971938282
    vertex 825.7439715765483 1240.5911359894342 77.56121971938141
    vertex 813.7439715765526 1239.721287508451 78.22867793429332
  endloop
endfacet
facet normal 4.447207862411283e-14 0.9914448613738083 -0.13052619222006875
  outer loop
    vertex 825.7439715765486 1244.8212875084505 74.5913712383979
    vertex 825.7439715765486 1244.5759534577317 72.72787411366038
    vertex 813.7439715765513 1244.821287508451 74.59137123839929
  endloop
endfacet
facet normal 4.447207862411283e-14 0.9914448613738083 -0.13052619222006875
  outer loop
    vertex 813.7439715765513 1244.5759534577323 72.72787411366033
    vertex 813.7439715765513 1244.821287508451 74.59137123839929
    vertex 825.7439715765486 1244.5759534577317 72.72787411366038
  endloop
endfacet
facet normal 6.736241654568253e-06 0.9999999999710267 3.545365448362223e-06
  outer loop
    vertex 855.221742180577 1234.420656811921 17.305609411786282
    vertex 855.2217421805527 1234.4206568119073 11.705609411832315
    vertex 852.0217421805778 1234.4206568119212 17.30560941178768
  endloop
endfacet
facet normal 6.736241654568253e-06 0.9999999999710267 3.545365448362223e-06
  outer loop
    vertex 852.0217421805534 1234.4206568119073 11.705609411833713
    vertex 852.0217421805778 1234.4206568119212 17.30560941178768
    vertex 855.2217421805527 1234.4206568119073 11.705609411832315
  endloop
endfacet
facet normal 6.736241654568253e-06 0.9999999999710267 3.545365448362223e-06
  outer loop
    vertex 855.3939715765514 1234.4206568118582 27.291371865693566
    vertex 855.2217421805772 1234.4206568119207 19.00560941178734
    vertex 854.928097295367 1234.420656811858 27.352705378373013
  endloop
endfacet
facet normal 6.736241654568253e-06 0.9999999999710267 3.545365448362223e-06
  outer loop
    vertex 852.0217421805779 1234.4206568118586 19.005609411787294
    vertex 854.928097295367 1234.420656811858 27.352705378373013
    vertex 855.2217421805772 1234.4206568119207 19.00560941178734
  endloop
endfacet
facet normal 6.736241654568253e-06 0.9999999999710267 3.545365448362223e-06
  outer loop
    vertex 854.4939715765516 1234.420656811858 27.532526138881476
    vertex 854.928097295367 1234.420656811858 27.352705378373013
    vertex 852.0217421805779 1234.4206568118586 19.005609411787294
  endloop
endfacet
facet normal 6.736241654568253e-06 0.9999999999710267 3.545365448362223e-06
  outer loop
    vertex 854.1211793704158 1234.4206568118582 27.818579659557397
    vertex 854.4939715765516 1234.420656811858 27.532526138881476
    vertex 852.0217421805779 1234.4206568118586 19.005609411787294
  endloop
endfacet
facet normal 6.736241654568253e-06 0.9999999999710267 3.545365448362223e-06
  outer loop
    vertex 853.8351258497399 1234.4206568118582 28.191371865693363
    vertex 854.1211793704158 1234.4206568118582 27.818579659557397
    vertex 852.0217421805779 1234.4206568118586 19.005609411787294
  endloop
endfacet
facet normal 6.736241654568253e-06 0.9999999999710267 3.545365448362223e-06
  outer loop
    vertex 853.6553050892314 1234.4206568118582 28.625497584508775
    vertex 853.8351258497399 1234.4206568118582 28.191371865693363
    vertex 852.0217421805779 1234.4206568118586 19.005609411787294
  endloop
endfacet
facet normal 6.736241654568253e-06 0.9999999999710267 3.545365448362223e-06
  outer loop
    vertex 853.593971576552 1234.4206568118582 29.09137186569316
    vertex 853.6553050892314 1234.4206568118582 28.625497584508775
    vertex 852.0217421805779 1234.4206568118586 19.005609411787294
  endloop
endfacet
facet normal 6.736241654568253e-06 0.9999999999710267 3.545365448362223e-06
  outer loop
    vertex 857.1939715765524 1234.4206568118584 60.091372372298984
    vertex 857.1939715765511 1234.420656811858 29.09137186569316
    vertex 857.1326380638732 1234.4206568118584 59.6254980911146
  endloop
endfacet
facet normal 6.736241654568253e-06 0.9999999999710267 3.545365448362223e-06
  outer loop
    vertex 857.1326380638717 1234.420656811858 29.55724614687754
    vertex 857.1326380638732 1234.4206568118584 59.6254980911146
    vertex 857.1939715765511 1234.420656811858 29.09137186569316
  endloop
endfacet
facet normal 6.736241654568253e-06 0.9999999999710267 3.545365448362223e-06
  outer loop
    vertex 856.9528173033647 1234.4206568118584 59.19137237229919
    vertex 857.1326380638732 1234.4206568118584 59.6254980911146
    vertex 857.1326380638717 1234.420656811858 29.55724614687754
  endloop
endfacet
facet normal 6.736241654568253e-06 0.9999999999710267 3.545365448362223e-06
  outer loop
    vertex 856.9528173033633 1234.4206568118582 29.99137186569295
    vertex 856.9528173033647 1234.4206568118584 59.19137237229919
    vertex 857.1326380638717 1234.420656811858 29.55724614687754
  endloop
endfacet
facet normal 6.736241654568253e-06 0.9999999999710267 3.545365448362223e-06
  outer loop
    vertex 856.6667637826888 1234.4206568118584 58.81858016616322
    vertex 856.9528173033647 1234.4206568118584 59.19137237229919
    vertex 856.9528173033633 1234.4206568118582 29.99137186569295
  endloop
endfacet
facet normal 6.736241654568253e-06 0.9999999999710267 3.545365448362223e-06
  outer loop
    vertex 856.6667637826873 1234.420656811858 30.36416407182892
    vertex 856.6667637826888 1234.4206568118584 58.81858016616322
    vertex 856.9528173033633 1234.4206568118582 29.99137186569295
  endloop
endfacet
facet normal 6.736241654568253e-06 0.9999999999710267 3.545365448362223e-06
  outer loop
    vertex 856.2939715765528 1234.4206568118584 58.5325266454873
    vertex 856.6667637826888 1234.4206568118584 58.81858016616322
    vertex 856.6667637826873 1234.420656811858 30.36416407182892
  endloop
endfacet
facet normal 6.736241654568253e-06 0.9999999999710267 3.545365448362223e-06
  outer loop
    vertex 856.2939715765514 1234.420656811858 30.65021759250484
    vertex 856.2939715765528 1234.4206568118584 58.5325266454873
    vertex 856.6667637826873 1234.420656811858 30.36416407182892
  endloop
endfacet
facet normal 6.736241654568253e-06 0.9999999999710267 3.545365448362223e-06
  outer loop
    vertex 855.8598458577374 1234.4206568118584 58.35270588497884
    vertex 856.2939715765528 1234.4206568118584 58.5325266454873
    vertex 856.2939715765514 1234.420656811858 30.65021759250484
  endloop
endfacet
facet normal 6.736241654568253e-06 0.9999999999710267 3.545365448362223e-06
  outer loop
    vertex 855.859845857736 1234.4206568118582 30.8300383530133
    vertex 855.8598458577374 1234.4206568118584 58.35270588497884
    vertex 856.2939715765514 1234.420656811858 30.65021759250484
  endloop
endfacet
facet normal 6.736241654568253e-06 0.9999999999710267 3.545365448362223e-06
  outer loop
    vertex 855.393971576553 1234.4206568118584 58.29137237229939
    vertex 855.8598458577374 1234.4206568118584 58.35270588497884
    vertex 855.859845857736 1234.4206568118582 30.8300383530133
  endloop
endfacet
facet normal 6.736241654568253e-06 0.9999999999710267 3.545365448362223e-06
  outer loop
    vertex 855.3939715765516 1234.4206568118582 30.891371865692747
    vertex 855.393971576553 1234.4206568118584 58.29137237229939
    vertex 855.859845857736 1234.4206568118582 30.8300383530133
  endloop
endfacet
facet normal 6.736241654568253e-06 0.9999999999710267 3.545365448362223e-06
  outer loop
    vertex 854.9280972953686 1234.4206568118586 58.35270588497884
    vertex 855.393971576553 1234.4206568118584 58.29137237229939
    vertex 855.3939715765516 1234.4206568118582 30.891371865692747
  endloop
endfacet
facet normal 6.736241654568253e-06 0.9999999999710267 3.545365448362223e-06
  outer loop
    vertex 854.9280972953671 1234.4206568118584 30.8300383530133
    vertex 854.9280972953686 1234.4206568118586 58.35270588497884
    vertex 855.3939715765516 1234.4206568118582 30.891371865692747
  endloop
endfacet
facet normal 6.736241654568253e-06 0.9999999999710267 3.545365448362223e-06
  outer loop
    vertex 854.4939715765532 1234.4206568118586 58.5325266454873
    vertex 854.9280972953686 1234.4206568118586 58.35270588497884
    vertex 854.9280972953671 1234.4206568118584 30.8300383530133
  endloop
endfacet
facet normal 6.736241654568253e-06 0.9999999999710267 3.545365448362223e-06
  outer loop
    vertex 854.4939715765518 1234.4206568118582 30.65021759250484
    vertex 854.4939715765532 1234.4206568118586 58.5325266454873
    vertex 854.9280972953671 1234.4206568118584 30.8300383530133
  endloop
endfacet
facet normal 6.736241654568253e-06 0.9999999999710267 3.545365448362223e-06
  outer loop
    vertex 854.1211793704173 1234.4206568118586 58.81858016616322
    vertex 854.4939715765532 1234.4206568118586 58.5325266454873
    vertex 854.4939715765518 1234.4206568118582 30.65021759250484
  endloop
endfacet
facet normal 6.736241654568253e-06 0.9999999999710267 3.545365448362223e-06
  outer loop
    vertex 854.1211793704158 1234.4206568118582 30.36416407182892
    vertex 854.1211793704173 1234.4206568118586 58.81858016616322
    vertex 854.4939715765518 1234.4206568118582 30.65021759250484
  endloop
endfacet
facet normal 6.736241654568253e-06 0.9999999999710267 3.545365448362223e-06
  outer loop
    vertex 853.8351258497413 1234.4206568118586 59.19137237229919
    vertex 854.1211793704173 1234.4206568118586 58.81858016616322
    vertex 854.1211793704158 1234.4206568118582 30.36416407182892
  endloop
endfacet
facet normal 6.736241654568253e-06 0.9999999999710267 3.545365448362223e-06
  outer loop
    vertex 853.8351258497399 1234.4206568118584 29.991371865694397
    vertex 853.8351258497413 1234.4206568118586 59.19137237229919
    vertex 854.1211793704158 1234.4206568118582 30.36416407182892
  endloop
endfacet
facet normal 6.736241654568253e-06 0.9999999999710267 3.545365448362223e-06
  outer loop
    vertex 853.6553050892329 1234.4206568118586 59.6254980911146
    vertex 853.8351258497413 1234.4206568118586 59.19137237229919
    vertex 853.8351258497399 1234.4206568118584 29.991371865694397
  endloop
endfacet
facet normal 6.736241654568253e-06 0.9999999999710267 3.545365448362223e-06
  outer loop
    vertex 853.6553050892314 1234.4206568118582 29.55724614687898
    vertex 853.6553050892329 1234.4206568118586 59.6254980911146
    vertex 853.8351258497399 1234.4206568118584 29.991371865694397
  endloop
endfacet
facet normal 6.736241654568253e-06 0.9999999999710267 3.545365448362223e-06
  outer loop
    vertex 853.5939715765533 1234.4206568118586 60.091372372298984
    vertex 853.6553050892329 1234.4206568118586 59.6254980911146
    vertex 853.6553050892314 1234.4206568118582 29.55724614687898
  endloop
endfacet
facet normal 6.736241654568253e-06 0.9999999999710267 3.545365448362223e-06
  outer loop
    vertex 853.593971576552 1234.4206568118582 29.09137186569316
    vertex 853.5939715765533 1234.4206568118586 60.091372372298984
    vertex 853.6553050892314 1234.4206568118582 29.55724614687898
  endloop
endfacet
facet normal 6.736241654568253e-06 0.9999999999710267 3.545365448362223e-06
  outer loop
    vertex 861.043971576553 1234.4206568118575 3.000000000000457
    vertex 858.0439715765524 1234.4206568118575 -3.045563801151729e-13
    vertex 861.0439715765517 1234.4206568118584 67.20000004305363
  endloop
endfacet
facet normal 6.736241654568253e-06 0.9999999999710267 3.545365448362223e-06
  outer loop
    vertex 857.1939715765524 1234.4206568118584 60.091372372298984
    vertex 861.0439715765517 1234.4206568118584 67.20000004305363
    vertex 858.0439715765524 1234.4206568118575 -3.045563801151729e-13
  endloop
endfacet
facet normal 6.736241654568253e-06 0.9999999999710267 3.545365448362223e-06
  outer loop
    vertex 857.132638063873 1234.4206568118586 60.55724665348337
    vertex 861.0439715765517 1234.4206568118584 67.20000004305363
    vertex 857.1939715765524 1234.4206568118584 60.091372372298984
  endloop
endfacet
facet normal 6.736241654568253e-06 0.9999999999710267 3.545365448362223e-06
  outer loop
    vertex 856.9528173033646 1234.4206568118586 60.99137237229878
    vertex 861.0439715765517 1234.4206568118584 67.20000004305363
    vertex 857.132638063873 1234.4206568118586 60.55724665348337
  endloop
endfacet
facet normal 6.736241654568253e-06 0.9999999999710267 3.545365448362223e-06
  outer loop
    vertex 839.0439715765522 1234.420656811859 89.20000004305442
    vertex 861.0439715765517 1234.4206568118584 67.20000004305363
    vertex 856.9528173033646 1234.4206568118586 60.99137237229878
  endloop
endfacet
facet normal 6.736241654568253e-06 0.9999999999710267 3.545365448362223e-06
  outer loop
    vertex 856.6667637826886 1234.4206568118586 61.364164578434746
    vertex 839.0439715765522 1234.420656811859 89.20000004305442
    vertex 856.9528173033646 1234.4206568118586 60.99137237229878
  endloop
endfacet
facet normal 6.736241654568253e-06 0.9999999999710267 3.545365448362223e-06
  outer loop
    vertex 856.2939715765526 1234.4206568118584 61.65021809911067
    vertex 839.0439715765522 1234.420656811859 89.20000004305442
    vertex 856.6667637826886 1234.4206568118586 61.364164578434746
  endloop
endfacet
facet normal 6.736241654568253e-06 0.9999999999710267 3.545365448362223e-06
  outer loop
    vertex 855.8598458577358 1234.4206568118589 61.83003885961913
    vertex 839.0439715765522 1234.420656811859 89.20000004305442
    vertex 856.2939715765526 1234.4206568118584 61.65021809911067
  endloop
endfacet
facet normal 6.736241654568253e-06 0.9999999999710267 3.545365448362223e-06
  outer loop
    vertex 855.3939715765514 1234.4206568118586 61.89137237229858
    vertex 839.0439715765522 1234.420656811859 89.20000004305442
    vertex 855.8598458577358 1234.4206568118589 61.83003885961913
  endloop
endfacet
facet normal 6.736241654568253e-06 0.9999999999710267 3.545365448362223e-06
  outer loop
    vertex 854.928097295367 1234.4206568118589 61.83003885961913
    vertex 839.0439715765522 1234.420656811859 89.20000004305442
    vertex 855.3939715765514 1234.4206568118586 61.89137237229858
  endloop
endfacet
facet normal 6.736241654568253e-06 0.9999999999710267 3.545365448362223e-06
  outer loop
    vertex 854.493971576553 1234.4206568118586 61.65021809911067
    vertex 839.0439715765522 1234.420656811859 89.20000004305442
    vertex 854.928097295367 1234.4206568118589 61.83003885961913
  endloop
endfacet
facet normal 6.736241654568253e-06 0.9999999999710267 3.545365448362223e-06
  outer loop
    vertex 854.121179370417 1234.4206568118589 61.364164578434746
    vertex 839.0439715765522 1234.420656811859 89.20000004305442
    vertex 854.493971576553 1234.4206568118586 61.65021809911067
  endloop
endfacet
facet normal 6.736241654568253e-06 0.9999999999710267 3.545365448362223e-06
  outer loop
    vertex 853.8351258497412 1234.4206568118589 60.99137237229878
    vertex 839.0439715765522 1234.420656811859 89.20000004305442
    vertex 854.121179370417 1234.4206568118589 61.364164578434746
  endloop
endfacet
facet normal 6.736241654568253e-06 0.9999999999710267 3.545365448362223e-06
  outer loop
    vertex 853.6553050892327 1234.4206568118589 60.55724665348337
    vertex 839.0439715765522 1234.420656811859 89.20000004305442
    vertex 853.8351258497412 1234.4206568118589 60.99137237229878
  endloop
endfacet
facet normal 6.736241654568253e-06 0.9999999999710267 3.545365448362223e-06
  outer loop
    vertex 853.6246383328929 1234.4206568118589 60.324309512891894
    vertex 839.0439715765522 1234.420656811859 89.20000004305442
    vertex 853.6553050892327 1234.4206568118589 60.55724665348337
  endloop
endfacet
facet normal 6.736241654568253e-06 0.9999999999710267 3.545365448362223e-06
  outer loop
    vertex 853.5939715765533 1234.4206568118586 60.091372372298984
    vertex 839.0439715765522 1234.420656811859 89.20000004305442
    vertex 853.6246383328929 1234.4206568118589 60.324309512891894
  endloop
endfacet
facet normal 6.736241654568253e-06 0.9999999999710267 3.545365448362223e-06
  outer loop
    vertex 851.4850814920218 1234.4206568118584 47.69720091353216
    vertex 839.0439715765522 1234.420656811859 89.20000004305442
    vertex 853.5939715765533 1234.4206568118586 60.091372372298984
  endloop
endfacet
facet normal 6.736241654568253e-06 0.9999999999710267 3.545365448362223e-06
  outer loop
    vertex 851.8939715765537 1234.4206568118584 44.59137237230247
    vertex 851.4850814920218 1234.4206568118584 47.69720091353216
    vertex 853.5939715765533 1234.4206568118586 60.091372372298984
  endloop
endfacet
facet normal 6.736241654568253e-06 0.9999999999710267 3.545365448362223e-06
  outer loop
    vertex 853.593971576552 1234.4206568118582 29.09137186569316
    vertex 851.8939715765537 1234.4206568118584 44.59137237230247
    vertex 853.5939715765533 1234.4206568118586 60.091372372298984
  endloop
endfacet
facet normal 6.736241654568253e-06 0.9999999999710267 3.545365448362223e-06
  outer loop
    vertex 852.0217421805779 1234.4206568118586 19.005609411787294
    vertex 851.8939715765537 1234.4206568118584 44.59137237230247
    vertex 853.593971576552 1234.4206568118582 29.09137186569316
  endloop
endfacet
facet normal 6.736241654568253e-06 0.9999999999710267 3.545365448362223e-06
  outer loop
    vertex 852.0217421805778 1234.4206568119212 17.30560941178768
    vertex 851.8939715765537 1234.4206568118584 44.59137237230247
    vertex 852.0217421805779 1234.4206568118586 19.005609411787294
  endloop
endfacet
facet normal 6.736241654568253e-06 0.9999999999710267 3.545365448362223e-06
  outer loop
    vertex 852.0217421805534 1234.4206568119073 11.705609411833713
    vertex 851.8939715765537 1234.4206568118584 44.59137237230247
    vertex 852.0217421805778 1234.4206568119212 17.30560941178768
  endloop
endfacet
facet normal 6.736241654568253e-06 0.9999999999710267 3.545365448362223e-06
  outer loop
    vertex 852.0217421805534 1234.4206568119073 10.005609411832657
    vertex 851.8939715765537 1234.4206568118584 44.59137237230247
    vertex 852.0217421805534 1234.4206568119073 11.705609411833713
  endloop
endfacet
facet normal 6.736241654568253e-06 0.9999999999710267 3.545365448362223e-06
  outer loop
    vertex 850.2862764219661 1234.4206568118586 50.591372372302594
    vertex 839.0439715765522 1234.420656811859 89.20000004305442
    vertex 851.4850814920218 1234.4206568118584 47.69720091353216
  endloop
endfacet
facet normal 6.736241654568253e-06 0.9999999999710267 3.545365448362223e-06
  outer loop
    vertex 848.3792529507919 1234.420656811859 53.07665374653948
    vertex 839.0439715765522 1234.420656811859 89.20000004305442
    vertex 850.2862764219661 1234.4206568118586 50.591372372302594
  endloop
endfacet
facet normal 6.736241654568253e-06 0.9999999999710267 3.545365448362223e-06
  outer loop
    vertex 845.8939715765536 1234.420656811859 54.98367721771517
    vertex 839.0439715765522 1234.420656811859 89.20000004305442
    vertex 848.3792529507919 1234.420656811859 53.07665374653948
  endloop
endfacet
facet normal 6.736241654568253e-06 0.9999999999710267 3.545365448362223e-06
  outer loop
    vertex 842.9998001177831 1234.4206568118593 56.18248228777061
    vertex 839.0439715765522 1234.420656811859 89.20000004305442
    vertex 845.8939715765536 1234.420656811859 54.98367721771517
  endloop
endfacet
facet normal 6.736241654568253e-06 0.9999999999710267 3.545365448362223e-06
  outer loop
    vertex 839.8939715765537 1234.4206568118595 56.59137237230122
    vertex 839.0439715765522 1234.420656811859 89.20000004305442
    vertex 842.9998001177831 1234.4206568118593 56.18248228777061
  endloop
endfacet
facet normal 6.736241654568253e-06 0.9999999999710267 3.545365448362223e-06
  outer loop
    vertex 836.7881430353224 1234.4206568118595 56.18248228777061
    vertex 839.0439715765522 1234.420656811859 89.20000004305442
    vertex 839.8939715765537 1234.4206568118595 56.59137237230122
  endloop
endfacet
facet normal 6.736241654568253e-06 0.9999999999710267 3.545365448362223e-06
  outer loop
    vertex 825.7439715765495 1234.4206568118598 81.79137123839789
    vertex 839.0439715765522 1234.420656811859 89.20000004305442
    vertex 836.7881430353224 1234.4206568118595 56.18248228777061
  endloop
endfacet
facet normal 6.736241654568253e-06 0.9999999999710267 3.545365448362223e-06
  outer loop
    vertex 813.7439715765522 1234.4206568118593 89.20000004305288
    vertex 839.0439715765522 1234.420656811859 89.20000004305442
    vertex 825.7439715765495 1234.4206568118598 81.79137123839789
  endloop
endfacet
facet normal 6.736241654568253e-06 0.9999999999710267 3.545365448362223e-06
  outer loop
    vertex 833.8939715765534 1234.4206568118598 54.98367721771517
    vertex 825.7439715765495 1234.4206568118598 81.79137123839789
    vertex 836.7881430353224 1234.4206568118595 56.18248228777061
  endloop
endfacet
facet normal 6.736241654568253e-06 0.9999999999710267 3.545365448362223e-06
  outer loop
    vertex 831.408690202315 1234.42065681186 53.07665374654092
    vertex 825.7439715765495 1234.4206568118598 81.79137123839789
    vertex 833.8939715765534 1234.4206568118598 54.98367721771517
  endloop
endfacet
facet normal 6.736241654568253e-06 0.9999999999710267 3.545365448362223e-06
  outer loop
    vertex 829.5016667311394 1234.4206568118598 50.591372372302594
    vertex 825.7439715765495 1234.4206568118598 81.79137123839789
    vertex 831.408690202315 1234.42065681186 53.07665374654092
  endloop
endfacet
facet normal 6.736241654568253e-06 0.9999999999710267 3.545365448362223e-06
  outer loop
    vertex 828.3028616610841 1234.4206568118598 47.6972009135322
    vertex 825.7439715765495 1234.4206568118598 81.79137123839789
    vertex 829.5016667311394 1234.4206568118598 50.591372372302594
  endloop
endfacet
facet normal 6.736241654568253e-06 0.9999999999710267 3.545365448362223e-06
  outer loop
    vertex 827.8939715765533 1234.4206568118598 44.591372372302516
    vertex 825.7439715765495 1234.4206568118598 81.79137123839789
    vertex 828.3028616610841 1234.4206568118598 47.6972009135322
  endloop
endfacet
facet normal 6.736241654568253e-06 0.9999999999710267 3.545365448362223e-06
  outer loop
    vertex 826.1939715765523 1234.42065681186 60.09137186569476
    vertex 825.7439715765495 1234.4206568118598 81.79137123839789
    vertex 827.8939715765533 1234.4206568118598 44.591372372302516
  endloop
endfacet
facet normal 6.736241654568253e-06 0.9999999999710267 3.545365448362223e-06
  outer loop
    vertex 826.1326380638728 1234.4206568118602 60.55724614687914
    vertex 825.7439715765495 1234.4206568118598 81.79137123839789
    vertex 826.1939715765523 1234.42065681186 60.09137186569476
  endloop
endfacet
facet normal 6.736241654568253e-06 0.9999999999710267 3.545365448362223e-06
  outer loop
    vertex 825.9528173033643 1234.4206568118602 60.99137186569455
    vertex 825.7439715765495 1234.4206568118598 81.79137123839789
    vertex 826.1326380638728 1234.4206568118602 60.55724614687914
  endloop
endfacet
facet normal 6.736241654568253e-06 0.9999999999710267 3.545365448362223e-06
  outer loop
    vertex 813.7439715765522 1234.4206568118602 81.7913712383993
    vertex 813.7439715765522 1234.4206568118593 89.20000004305288
    vertex 825.7439715765495 1234.4206568118598 81.79137123839789
  endloop
endfacet
facet normal 6.736241654568253e-06 0.9999999999710267 3.545365448362223e-06
  outer loop
    vertex 825.6667637826885 1234.4206568118602 61.36416407183052
    vertex 825.743971576548 1234.4206568118602 63.89959726697566
    vertex 825.9528173033643 1234.4206568118602 60.99137186569455
  endloop
endfacet
facet normal 6.736241654568253e-06 0.9999999999710267 3.545365448362223e-06
  outer loop
    vertex 825.7439715765495 1234.4206568118598 81.79137123839789
    vertex 825.9528173033643 1234.4206568118602 60.99137186569455
    vertex 825.743971576548 1234.4206568118602 63.89959726697566
  endloop
endfacet
facet normal 6.736241654568253e-06 0.9999999999710267 3.545365448362223e-06
  outer loop
    vertex 825.2939715765525 1234.42065681186 61.65021759250644
    vertex 825.743971576548 1234.4206568118602 63.89959726697566
    vertex 825.6667637826885 1234.4206568118602 61.36416407183052
  endloop
endfacet
facet normal 6.736241654568253e-06 0.9999999999710267 3.545365448362223e-06
  outer loop
    vertex 824.8598458577356 1234.4206568118602 61.8300383530149
    vertex 825.743971576548 1234.4206568118602 63.89959726697566
    vertex 825.2939715765525 1234.42065681186 61.65021759250644
  endloop
endfacet
facet normal 6.736241654568253e-06 0.9999999999710267 3.545365448362223e-06
  outer loop
    vertex 813.7439715765507 1234.4208838514164 63.89959726697561
    vertex 825.743971576548 1234.4206568118602 63.89959726697566
    vertex 824.8598458577356 1234.4206568118602 61.8300383530149
  endloop
endfacet
facet normal 6.736241654568253e-06 0.9999999999710267 3.545365448362223e-06
  outer loop
    vertex 824.3939715765512 1234.42065681186 61.891371865694346
    vertex 813.7439715765507 1234.4208838514164 63.89959726697561
    vertex 824.8598458577356 1234.4206568118602 61.8300383530149
  endloop
endfacet
facet normal 6.736241654568253e-06 0.9999999999710267 3.545365448362223e-06
  outer loop
    vertex 823.9280972953668 1234.4206568118605 61.8300383530149
    vertex 813.7439715765507 1234.4208838514164 63.89959726697561
    vertex 824.3939715765512 1234.42065681186 61.891371865694346
  endloop
endfacet
facet normal 6.736241654568253e-06 0.9999999999710267 3.545365448362223e-06
  outer loop
    vertex 823.4939715765529 1234.4206568118602 61.65021759250644
    vertex 813.7439715765507 1234.4208838514164 63.89959726697561
    vertex 823.9280972953668 1234.4206568118605 61.8300383530149
  endloop
endfacet
facet normal 6.736241654568253e-06 0.9999999999710267 3.545365448362223e-06
  outer loop
    vertex 823.1211793704169 1234.4206568118605 61.36416407183052
    vertex 813.7439715765507 1234.4208838514164 63.89959726697561
    vertex 823.4939715765529 1234.4206568118602 61.65021759250644
  endloop
endfacet
facet normal 6.736241654568253e-06 0.9999999999710267 3.545365448362223e-06
  outer loop
    vertex 822.835125849741 1234.4206568118605 60.99137186569455
    vertex 813.7439715765507 1234.4208838514164 63.89959726697561
    vertex 823.1211793704169 1234.4206568118605 61.36416407183052
  endloop
endfacet
facet normal 6.736241654568253e-06 0.9999999999710267 3.545365448362223e-06
  outer loop
    vertex 822.6553050892326 1234.4206568118605 60.55724614687914
    vertex 813.7439715765507 1234.4208838514164 63.89959726697561
    vertex 822.835125849741 1234.4206568118605 60.99137186569455
  endloop
endfacet
facet normal 6.736241654568253e-06 0.9999999999710267 3.545365448362223e-06
  outer loop
    vertex 822.593971576553 1234.4206568118602 60.09137186569476
    vertex 813.7439715765507 1234.4208838514164 63.89959726697561
    vertex 822.6553050892326 1234.4206568118605 60.55724614687914
  endloop
endfacet
facet normal 6.736241654568253e-06 0.9999999999710267 3.545365448362223e-06
  outer loop
    vertex 822.5939715765518 1234.4206568118598 29.0913718656946
    vertex 813.7439715765507 1234.4208838514164 63.89959726697561
    vertex 822.593971576553 1234.4206568118602 60.09137186569476
  endloop
endfacet
facet normal 6.736241654568253e-06 0.9999999999710267 3.545365448362223e-06
  outer loop
    vertex 813.7439715765523 1234.4212859339436 21.791371238401396
    vertex 813.7439715765507 1234.4208838514164 63.89959726697561
    vertex 822.5939715765518 1234.4206568118598 29.0913718656946
  endloop
endfacet
facet normal 6.736241654568253e-06 0.9999999999710267 3.545365448362223e-06
  outer loop
    vertex 825.9528173033628 1234.4206568118595 28.191371865693363
    vertex 825.7439715765482 1234.4212859339511 21.791371238399996
    vertex 825.666763782687 1234.4206568118595 27.81857965955884
  endloop
endfacet
facet normal 6.736241654568253e-06 0.9999999999710267 3.545365448362223e-06
  outer loop
    vertex 825.293971576551 1234.4206568118595 27.532526138881476
    vertex 825.666763782687 1234.4206568118595 27.81857965955884
    vertex 825.7439715765482 1234.4212859339511 21.791371238399996
  endloop
endfacet
facet normal 6.736241654568253e-06 0.9999999999710267 3.545365448362223e-06
  outer loop
    vertex 813.7439715765523 1234.4212859339436 21.791371238401396
    vertex 825.293971576551 1234.4206568118595 27.532526138881476
    vertex 825.7439715765482 1234.4212859339511 21.791371238399996
  endloop
endfacet
facet normal 6.736241654568253e-06 0.9999999999710267 3.545365448362223e-06
  outer loop
    vertex 824.8598458577356 1234.4206568118595 27.352705378373013
    vertex 825.293971576551 1234.4206568118595 27.532526138881476
    vertex 813.7439715765523 1234.4212859339436 21.791371238401396
  endloop
endfacet
facet normal 6.736241654568253e-06 0.9999999999710267 3.545365448362223e-06
  outer loop
    vertex 824.3939715765512 1234.4206568118598 27.291371865693566
    vertex 824.8598458577356 1234.4206568118595 27.352705378373013
    vertex 813.7439715765523 1234.4212859339436 21.791371238401396
  endloop
endfacet
facet normal 6.736241654568253e-06 0.9999999999710267 3.545365448362223e-06
  outer loop
    vertex 823.9280972953668 1234.4206568118595 27.352705378373013
    vertex 824.3939715765512 1234.4206568118598 27.291371865693566
    vertex 813.7439715765523 1234.4212859339436 21.791371238401396
  endloop
endfacet
facet normal 6.736241654568253e-06 0.9999999999710267 3.545365448362223e-06
  outer loop
    vertex 823.4939715765514 1234.4206568118595 27.532526138881476
    vertex 823.9280972953668 1234.4206568118595 27.352705378373013
    vertex 813.7439715765523 1234.4212859339436 21.791371238401396
  endloop
endfacet
facet normal 6.736241654568253e-06 0.9999999999710267 3.545365448362223e-06
  outer loop
    vertex 823.1211793704155 1234.4206568118595 27.81857965955884
    vertex 823.4939715765514 1234.4206568118595 27.532526138881476
    vertex 813.7439715765523 1234.4212859339436 21.791371238401396
  endloop
endfacet
facet normal 6.736241654568253e-06 0.9999999999710267 3.545365448362223e-06
  outer loop
    vertex 822.8351258497395 1234.4206568118595 28.191371865693363
    vertex 823.1211793704155 1234.4206568118595 27.81857965955884
    vertex 813.7439715765523 1234.4212859339436 21.791371238401396
  endloop
endfacet
facet normal 6.736241654568253e-06 0.9999999999710267 3.545365448362223e-06
  outer loop
    vertex 822.6553050892312 1234.4206568118595 28.625497584508775
    vertex 822.8351258497395 1234.4206568118595 28.191371865693363
    vertex 813.7439715765523 1234.4212859339436 21.791371238401396
  endloop
endfacet
facet normal 6.736241654568253e-06 0.9999999999710267 3.545365448362223e-06
  outer loop
    vertex 822.5939715765518 1234.4206568118598 29.0913718656946
    vertex 822.6553050892312 1234.4206568118595 28.625497584508775
    vertex 813.7439715765523 1234.4212859339436 21.791371238401396
  endloop
endfacet
facet normal 6.736241654568253e-06 0.9999999999710267 3.545365448362223e-06
  outer loop
    vertex 826.1939715765523 1234.42065681186 60.09137186569476
    vertex 826.193971576551 1234.4206568118595 29.0913718656946
    vertex 826.132638063873 1234.42065681186 59.625497584508935
  endloop
endfacet
facet normal 6.736241654568253e-06 0.9999999999710267 3.545365448362223e-06
  outer loop
    vertex 826.1326380638716 1234.4206568118595 29.55724614687898
    vertex 826.132638063873 1234.42065681186 59.625497584508935
    vertex 826.193971576551 1234.4206568118595 29.0913718656946
  endloop
endfacet
facet normal 6.736241654568253e-06 0.9999999999710267 3.545365448362223e-06
  outer loop
    vertex 825.9528173033646 1234.42065681186 59.19137186569352
    vertex 826.132638063873 1234.42065681186 59.625497584508935
    vertex 826.1326380638716 1234.4206568118595 29.55724614687898
  endloop
endfacet
facet normal 6.736241654568253e-06 0.9999999999710267 3.545365448362223e-06
  outer loop
    vertex 825.9528173033631 1234.4206568118598 29.991371865694397
    vertex 825.9528173033646 1234.42065681186 59.19137186569352
    vertex 826.1326380638716 1234.4206568118595 29.55724614687898
  endloop
endfacet
facet normal 6.736241654568253e-06 0.9999999999710267 3.545365448362223e-06
  outer loop
    vertex 825.6667637826886 1234.42065681186 58.818579659559
    vertex 825.9528173033646 1234.42065681186 59.19137186569352
    vertex 825.9528173033631 1234.4206568118598 29.991371865694397
  endloop
endfacet
facet normal 6.736241654568253e-06 0.9999999999710267 3.545365448362223e-06
  outer loop
    vertex 825.6667637826872 1234.4206568118595 30.364164071830363
    vertex 825.6667637826886 1234.42065681186 58.818579659559
    vertex 825.9528173033631 1234.4206568118598 29.991371865694397
  endloop
endfacet
facet normal 6.736241654568253e-06 0.9999999999710267 3.545365448362223e-06
  outer loop
    vertex 825.2939715765526 1234.42065681186 58.53252613888163
    vertex 825.6667637826886 1234.42065681186 58.818579659559
    vertex 825.6667637826872 1234.4206568118595 30.364164071830363
  endloop
endfacet
facet normal 6.736241654568253e-06 0.9999999999710267 3.545365448362223e-06
  outer loop
    vertex 825.2939715765511 1234.4206568118595 30.650217592506284
    vertex 825.2939715765526 1234.42065681186 58.53252613888163
    vertex 825.6667637826872 1234.4206568118595 30.364164071830363
  endloop
endfacet
facet normal 6.736241654568253e-06 0.9999999999710267 3.545365448362223e-06
  outer loop
    vertex 824.8598458577372 1234.42065681186 58.35270537837317
    vertex 825.2939715765526 1234.42065681186 58.53252613888163
    vertex 825.2939715765511 1234.4206568118595 30.650217592506284
  endloop
endfacet
facet normal 6.736241654568253e-06 0.9999999999710267 3.545365448362223e-06
  outer loop
    vertex 824.8598458577358 1234.4206568118598 30.830038353014743
    vertex 824.8598458577372 1234.42065681186 58.35270537837317
    vertex 825.2939715765511 1234.4206568118595 30.650217592506284
  endloop
endfacet
facet normal 6.736241654568253e-06 0.9999999999710267 3.545365448362223e-06
  outer loop
    vertex 824.3939715765529 1234.42065681186 58.291371865693726
    vertex 824.8598458577372 1234.42065681186 58.35270537837317
    vertex 824.8598458577358 1234.4206568118598 30.830038353014743
  endloop
endfacet
facet normal 6.736241654568253e-06 0.9999999999710267 3.545365448362223e-06
  outer loop
    vertex 824.3939715765514 1234.4206568118595 30.891371865694193
    vertex 824.3939715765529 1234.42065681186 58.291371865693726
    vertex 824.8598458577358 1234.4206568118598 30.830038353014743
  endloop
endfacet
facet normal 6.736241654568253e-06 0.9999999999710267 3.545365448362223e-06
  outer loop
    vertex 823.9280972953685 1234.42065681186 58.35270537837317
    vertex 824.3939715765529 1234.42065681186 58.291371865693726
    vertex 824.3939715765514 1234.4206568118595 30.891371865694193
  endloop
endfacet
facet normal 6.736241654568253e-06 0.9999999999710267 3.545365448362223e-06
  outer loop
    vertex 823.928097295367 1234.4206568118598 30.830038353014743
    vertex 823.9280972953685 1234.42065681186 58.35270537837317
    vertex 824.3939715765514 1234.4206568118595 30.891371865694193
  endloop
endfacet
facet normal 6.736241654568253e-06 0.9999999999710267 3.545365448362223e-06
  outer loop
    vertex 823.493971576553 1234.42065681186 58.53252613888163
    vertex 823.9280972953685 1234.42065681186 58.35270537837317
    vertex 823.928097295367 1234.4206568118598 30.830038353014743
  endloop
endfacet
facet normal 6.736241654568253e-06 0.9999999999710267 3.545365448362223e-06
  outer loop
    vertex 823.4939715765516 1234.4206568118595 30.650217592506284
    vertex 823.493971576553 1234.42065681186 58.53252613888163
    vertex 823.928097295367 1234.4206568118598 30.830038353014743
  endloop
endfacet
facet normal 6.736241654568253e-06 0.9999999999710267 3.545365448362223e-06
  outer loop
    vertex 823.121179370417 1234.42065681186 58.818579659559
    vertex 823.493971576553 1234.42065681186 58.53252613888163
    vertex 823.4939715765516 1234.4206568118595 30.650217592506284
  endloop
endfacet
facet normal 6.736241654568253e-06 0.9999999999710267 3.545365448362223e-06
  outer loop
    vertex 823.1211793704157 1234.4206568118598 30.364164071830363
    vertex 823.121179370417 1234.42065681186 58.818579659559
    vertex 823.4939715765516 1234.4206568118595 30.650217592506284
  endloop
endfacet
facet normal 6.736241654568253e-06 0.9999999999710267 3.545365448362223e-06
  outer loop
    vertex 822.8351258497412 1234.4206568118602 59.19137186569352
    vertex 823.121179370417 1234.42065681186 58.818579659559
    vertex 823.1211793704157 1234.4206568118598 30.364164071830363
  endloop
endfacet
facet normal 6.736241654568253e-06 0.9999999999710267 3.545365448362223e-06
  outer loop
    vertex 822.8351258497397 1234.42065681186 29.991371865694397
    vertex 822.8351258497412 1234.4206568118602 59.19137186569352
    vertex 823.1211793704157 1234.4206568118598 30.364164071830363
  endloop
endfacet
facet normal 6.736241654568253e-06 0.9999999999710267 3.545365448362223e-06
  outer loop
    vertex 822.6553050892327 1234.4206568118602 59.625497584508935
    vertex 822.8351258497412 1234.4206568118602 59.19137186569352
    vertex 822.8351258497397 1234.42065681186 29.991371865694397
  endloop
endfacet
facet normal 6.736241654568253e-06 0.9999999999710267 3.545365448362223e-06
  outer loop
    vertex 822.6553050892312 1234.4206568118598 29.55724614687898
    vertex 822.6553050892327 1234.4206568118602 59.625497584508935
    vertex 822.8351258497397 1234.42065681186 29.991371865694397
  endloop
endfacet
facet normal 6.736241654568253e-06 0.9999999999710267 3.545365448362223e-06
  outer loop
    vertex 822.593971576553 1234.4206568118602 60.09137186569476
    vertex 822.6553050892327 1234.4206568118602 59.625497584508935
    vertex 822.6553050892312 1234.4206568118598 29.55724614687898
  endloop
endfacet
facet normal 6.736241654568253e-06 0.9999999999710267 3.545365448362223e-06
  outer loop
    vertex 822.5939715765518 1234.4206568118598 29.0913718656946
    vertex 822.593971576553 1234.4206568118602 60.09137186569476
    vertex 822.6553050892312 1234.4206568118598 29.55724614687898
  endloop
endfacet
facet normal 6.736241654568253e-06 0.9999999999710267 3.545365448362223e-06
  outer loop
    vertex 813.7439715765522 1234.4206568118577 -3.496758438359393e-13
    vertex 855.2217421805527 1234.4206568119073 10.005609411832701
    vertex 858.0439715765524 1234.4206568118575 -3.045563801151729e-13
  endloop
endfacet
facet normal 6.736241654568253e-06 0.9999999999710267 3.545365448362223e-06
  outer loop
    vertex 857.1939715765511 1234.420656811858 29.09137186569316
    vertex 858.0439715765524 1234.4206568118575 -3.045563801151729e-13
    vertex 855.2217421805527 1234.4206568119073 10.005609411832701
  endloop
endfacet
facet normal 6.736241654568253e-06 0.9999999999710267 3.545365448362223e-06
  outer loop
    vertex 857.1939715765524 1234.4206568118584 60.091372372298984
    vertex 858.0439715765524 1234.4206568118575 -3.045563801151729e-13
    vertex 857.1939715765511 1234.420656811858 29.09137186569316
  endloop
endfacet
facet normal 6.736241654568253e-06 0.9999999999710267 3.545365448362223e-06
  outer loop
    vertex 857.1326380638717 1234.420656811858 28.625497584508775
    vertex 857.1939715765511 1234.420656811858 29.09137186569316
    vertex 855.2217421805527 1234.4206568119073 10.005609411832701
  endloop
endfacet
facet normal 6.736241654568253e-06 0.9999999999710267 3.545365448362223e-06
  outer loop
    vertex 856.9528173033633 1234.420656811858 28.191371865693363
    vertex 857.1326380638717 1234.420656811858 28.625497584508775
    vertex 855.2217421805527 1234.4206568119073 10.005609411832701
  endloop
endfacet
facet normal 6.736241654568253e-06 0.9999999999710267 3.545365448362223e-06
  outer loop
    vertex 856.6667637826873 1234.420656811858 27.818579659557397
    vertex 856.9528173033633 1234.420656811858 28.191371865693363
    vertex 855.2217421805527 1234.4206568119073 10.005609411832701
  endloop
endfacet
facet normal 6.736241654568253e-06 0.9999999999710267 3.545365448362223e-06
  outer loop
    vertex 856.2939715765511 1234.420656811858 27.532526138881476
    vertex 856.6667637826873 1234.420656811858 27.818579659557397
    vertex 855.2217421805527 1234.4206568119073 10.005609411832701
  endloop
endfacet
facet normal 6.736241654568253e-06 0.9999999999710267 3.545365448362223e-06
  outer loop
    vertex 855.8598458577358 1234.420656811858 27.352705378373013
    vertex 856.2939715765511 1234.420656811858 27.532526138881476
    vertex 855.2217421805527 1234.4206568119073 10.005609411832701
  endloop
endfacet
facet normal 6.736241654568253e-06 0.9999999999710267 3.545365448362223e-06
  outer loop
    vertex 855.3939715765514 1234.4206568118582 27.291371865693566
    vertex 855.8598458577358 1234.420656811858 27.352705378373013
    vertex 855.2217421805527 1234.4206568119073 10.005609411832701
  endloop
endfacet
facet normal 6.736241654568253e-06 0.9999999999710267 3.545365448362223e-06
  outer loop
    vertex 855.221742180577 1234.420656811921 17.305609411786282
    vertex 855.3939715765514 1234.4206568118582 27.291371865693566
    vertex 855.2217421805527 1234.4206568119073 10.005609411832701
  endloop
endfacet
facet normal 6.736241654568253e-06 0.9999999999710267 3.545365448362223e-06
  outer loop
    vertex 855.2217421805772 1234.4206568119207 19.00560941178734
    vertex 855.3939715765514 1234.4206568118582 27.291371865693566
    vertex 855.221742180577 1234.420656811921 17.305609411786282
  endloop
endfacet
facet normal 6.736241654568253e-06 0.9999999999710267 3.545365448362223e-06
  outer loop
    vertex 855.2217421805527 1234.4206568119073 11.705609411832315
    vertex 855.221742180577 1234.420656811921 17.305609411786282
    vertex 855.2217421805527 1234.4206568119073 10.005609411832701
  endloop
endfacet
facet normal 6.736241654568253e-06 0.9999999999710267 3.545365448362223e-06
  outer loop
    vertex 852.0217421805534 1234.4206568119073 10.005609411832657
    vertex 855.2217421805527 1234.4206568119073 10.005609411832701
    vertex 813.7439715765522 1234.4206568118577 -3.496758438359393e-13
  endloop
endfacet
facet normal 6.736241654568253e-06 0.9999999999710267 3.545365448362223e-06
  outer loop
    vertex 825.7439715525676 1234.4215825746758 3.899597287869883
    vertex 852.0217421805534 1234.4206568119073 10.005609411832657
    vertex 813.7439715765522 1234.4206568118577 -3.496758438359393e-13
  endloop
endfacet
facet normal 6.736241654568253e-06 0.9999999999710267 3.545365448362223e-06
  outer loop
    vertex 850.2862764219664 1234.4206568118584 38.59137237230244
    vertex 852.0217421805534 1234.4206568119073 10.005609411832657
    vertex 825.7439715525676 1234.4215825746758 3.899597287869883
  endloop
endfacet
facet normal 6.736241654568253e-06 0.9999999999710267 3.545365448362223e-06
  outer loop
    vertex 851.4850814920215 1234.4206568118584 41.48554383107134
    vertex 852.0217421805534 1234.4206568119073 10.005609411832657
    vertex 850.2862764219664 1234.4206568118584 38.59137237230244
  endloop
endfacet
facet normal 6.736241654568253e-06 0.9999999999710267 3.545365448362223e-06
  outer loop
    vertex 851.8939715765537 1234.4206568118584 44.59137237230247
    vertex 852.0217421805534 1234.4206568119073 10.005609411832657
    vertex 851.4850814920215 1234.4206568118584 41.48554383107134
  endloop
endfacet
facet normal 6.736241654568253e-06 0.9999999999710267 3.545365448362223e-06
  outer loop
    vertex 848.3792529507919 1234.4206568118584 36.10609099806267
    vertex 850.2862764219664 1234.4206568118584 38.59137237230244
    vertex 825.7439715525676 1234.4215825746758 3.899597287869883
  endloop
endfacet
facet normal 6.736241654568253e-06 0.9999999999710267 3.545365448362223e-06
  outer loop
    vertex 845.8939715765536 1234.4206568118586 34.19906752688841
    vertex 848.3792529507919 1234.4206568118584 36.10609099806267
    vertex 825.7439715525676 1234.4215825746758 3.899597287869883
  endloop
endfacet
facet normal 6.736241654568253e-06 0.9999999999710267 3.545365448362223e-06
  outer loop
    vertex 842.9998001177831 1234.4206568118586 33.00026245683298
    vertex 845.8939715765536 1234.4206568118586 34.19906752688841
    vertex 825.7439715525676 1234.4215825746758 3.899597287869883
  endloop
endfacet
facet normal 6.736241654568253e-06 0.9999999999710267 3.545365448362223e-06
  outer loop
    vertex 839.8939715765534 1234.4206568118589 32.59137237230092
    vertex 842.9998001177831 1234.4206568118586 33.00026245683298
    vertex 825.7439715525676 1234.4215825746758 3.899597287869883
  endloop
endfacet
facet normal 6.736241654568253e-06 0.9999999999710267 3.545365448362223e-06
  outer loop
    vertex 836.7881430353224 1234.420656811859 33.00026245683298
    vertex 839.8939715765534 1234.4206568118589 32.59137237230092
    vertex 825.7439715525676 1234.4215825746758 3.899597287869883
  endloop
endfacet
facet normal 6.736241654568253e-06 0.9999999999710267 3.545365448362223e-06
  outer loop
    vertex 833.8939715765534 1234.420656811859 34.19906752688846
    vertex 836.7881430353224 1234.420656811859 33.00026245683298
    vertex 825.7439715525676 1234.4215825746758 3.899597287869883
  endloop
endfacet
facet normal 6.736241654568253e-06 0.9999999999710267 3.545365448362223e-06
  outer loop
    vertex 831.408690202315 1234.4206568118593 36.10609099806267
    vertex 833.8939715765534 1234.420656811859 34.19906752688846
    vertex 825.7439715525676 1234.4215825746758 3.899597287869883
  endloop
endfacet
facet normal 6.736241654568253e-06 0.9999999999710267 3.545365448362223e-06
  outer loop
    vertex 829.5016667311395 1234.4206568118595 38.59137237230244
    vertex 831.408690202315 1234.4206568118593 36.10609099806267
    vertex 825.7439715525676 1234.4215825746758 3.899597287869883
  endloop
endfacet
facet normal 6.736241654568253e-06 0.9999999999710267 3.545365448362223e-06
  outer loop
    vertex 828.302861661084 1234.4206568118595 41.48554383107138
    vertex 829.5016667311395 1234.4206568118595 38.59137237230244
    vertex 825.7439715525676 1234.4215825746758 3.899597287869883
  endloop
endfacet
facet normal 6.736241654568253e-06 0.9999999999710267 3.545365448362223e-06
  outer loop
    vertex 827.8939715765533 1234.4206568118598 44.591372372302516
    vertex 828.302861661084 1234.4206568118595 41.48554383107138
    vertex 825.7439715525676 1234.4215825746758 3.899597287869883
  endloop
endfacet
facet normal 6.736241654568253e-06 0.9999999999710267 3.545365448362223e-06
  outer loop
    vertex 826.193971576551 1234.4206568118595 29.0913718656946
    vertex 827.8939715765533 1234.4206568118598 44.591372372302516
    vertex 825.7439715525676 1234.4215825746758 3.899597287869883
  endloop
endfacet
facet normal 6.736241654568253e-06 0.9999999999710267 3.545365448362223e-06
  outer loop
    vertex 826.1939715765523 1234.42065681186 60.09137186569476
    vertex 827.8939715765533 1234.4206568118598 44.591372372302516
    vertex 826.193971576551 1234.4206568118595 29.0913718656946
  endloop
endfacet
facet normal 6.736241654568253e-06 0.9999999999710267 3.545365448362223e-06
  outer loop
    vertex 826.1326380638716 1234.4206568118595 28.625497584508775
    vertex 826.193971576551 1234.4206568118595 29.0913718656946
    vertex 825.7439715525676 1234.4215825746758 3.899597287869883
  endloop
endfacet
facet normal 6.736241654568253e-06 0.9999999999710267 3.545365448362223e-06
  outer loop
    vertex 825.9528173033628 1234.4206568118595 28.191371865693363
    vertex 826.1326380638716 1234.4206568118595 28.625497584508775
    vertex 825.7439715525676 1234.4215825746758 3.899597287869883
  endloop
endfacet
facet normal 6.736241654568253e-06 0.9999999999710267 3.545365448362223e-06
  outer loop
    vertex 825.7439715765482 1234.4212859339511 21.791371238399996
    vertex 825.9528173033628 1234.4206568118595 28.191371865693363
    vertex 825.7439715525676 1234.4215825746758 3.899597287869883
  endloop
endfacet
facet normal 6.736241654568253e-06 0.9999999999710267 3.545365448362223e-06
  outer loop
    vertex 813.7439715765507 1234.4212859339434 3.8995972669777212
    vertex 825.7439715525676 1234.4215825746758 3.899597287869883
    vertex 813.7439715765522 1234.4206568118577 -3.496758438359393e-13
  endloop
endfacet
facet normal -1.0 -1.324127428225654e-12 -1.8095640523783069e-13
  outer loop
    vertex 823.7439715765487 1237.620658386374 78.7913712384014
    vertex 823.74397157655 1237.6206583863707 70.39137123839177
    vertex 823.7439715765487 1236.5336183969437 78.64825970881556
  endloop
endfacet
facet normal -1.0 -1.324127428225654e-12 -1.8095640523783069e-13
  outer loop
    vertex 823.74397157655 1235.5206583863742 78.22867793429633
    vertex 823.7439715765487 1236.5336183969437 78.64825970881556
    vertex 823.74397157655 1237.6206583863707 70.39137123839177
  endloop
endfacet
facet normal -1.0 -1.324127428225654e-12 -1.8095640523783069e-13
  outer loop
    vertex 823.743971576553 1235.4206568118682 78.15194402733285
    vertex 823.74397157655 1235.5206583863742 78.22867793429633
    vertex 823.74397157655 1237.6206583863707 70.39137123839177
  endloop
endfacet
facet normal -1.0 -1.324127428225654e-12 -1.8095640523783069e-13
  outer loop
    vertex 823.7439715765545 1234.6508099053926 77.56121971938153
    vertex 823.743971576553 1235.4206568118682 78.15194402733285
    vertex 823.74397157655 1237.6206583863707 70.39137123839177
  endloop
endfacet
facet normal -1.0 -1.324127428225654e-12 -1.8095640523783069e-13
  outer loop
    vertex 823.7439715765543 1233.9833516904814 76.69137123839762
    vertex 823.7439715765545 1234.6508099053926 77.56121971938153
    vertex 823.74397157655 1237.6206583863707 70.39137123839177
  endloop
endfacet
facet normal -1.0 -1.324127428225654e-12 -1.8095640523783069e-13
  outer loop
    vertex 823.7439715765543 1233.563769915962 75.67841122782929
    vertex 823.7439715765543 1233.9833516904814 76.69137123839762
    vertex 823.74397157655 1237.6206583863707 70.39137123839177
  endloop
endfacet
facet normal -1.0 -1.324127428225654e-12 -1.8095640523783069e-13
  outer loop
    vertex 823.7439715765543 1233.4206583863763 74.59137123839811
    vertex 823.7439715765543 1233.563769915962 75.67841122782929
    vertex 823.74397157655 1237.6206583863707 70.39137123839177
  endloop
endfacet
facet normal -1.0 -1.324127428225654e-12 -1.8095640523783069e-13
  outer loop
    vertex 823.7439715765543 1233.563769915962 73.50433124896692
    vertex 823.7439715765543 1233.4206583863763 74.59137123839811
    vertex 823.74397157655 1237.6206583863707 70.39137123839177
  endloop
endfacet
facet normal -1.0 -1.324127428225654e-12 -1.8095640523783069e-13
  outer loop
    vertex 823.7439715765543 1233.9833516904814 72.49137123839857
    vertex 823.7439715765543 1233.563769915962 73.50433124896692
    vertex 823.74397157655 1237.6206583863707 70.39137123839177
  endloop
endfacet
facet normal -1.0 -1.324127428225654e-12 -1.8095640523783069e-13
  outer loop
    vertex 823.7439715765528 1234.6508099053926 71.62152275741464
    vertex 823.7439715765543 1233.9833516904814 72.49137123839857
    vertex 823.74397157655 1237.6206583863707 70.39137123839177
  endloop
endfacet
facet normal -1.0 -1.324127428225654e-12 -1.8095640523783069e-13
  outer loop
    vertex 823.743971576553 1235.420656811868 71.03079844946329
    vertex 823.7439715765528 1234.6508099053926 71.62152275741464
    vertex 823.74397157655 1237.6206583863707 70.39137123839177
  endloop
endfacet
facet normal -1.0 -1.324127428225654e-12 -1.8095640523783069e-13
  outer loop
    vertex 823.743971576553 1235.5206583863708 70.95406454249692
    vertex 823.743971576553 1235.420656811868 71.03079844946329
    vertex 823.74397157655 1237.6206583863707 70.39137123839177
  endloop
endfacet
facet normal -1.0 -1.324127428225654e-12 -1.8095640523783069e-13
  outer loop
    vertex 823.7439715765515 1236.5336183969403 70.53448276797765
    vertex 823.743971576553 1235.5206583863708 70.95406454249692
    vertex 823.74397157655 1237.6206583863707 70.39137123839177
  endloop
endfacet
facet normal -1.0 -1.2961162169587026e-12 -1.9969686732493704e-13
  outer loop
    vertex 823.7439715765472 1237.620658386373 18.7913712384035
    vertex 823.74397157655 1237.6206583863698 10.391371238392415
    vertex 823.7439715765487 1236.5336183969425 18.648259708817662
  endloop
endfacet
facet normal -1.0 -1.2961162169587026e-12 -1.9969686732493704e-13
  outer loop
    vertex 823.74397157655 1235.520658386373 18.228677934298425
    vertex 823.7439715765487 1236.5336183969425 18.648259708817662
    vertex 823.74397157655 1237.6206583863698 10.391371238392415
  endloop
endfacet
facet normal -1.0 -1.2961162169587026e-12 -1.9969686732493704e-13
  outer loop
    vertex 823.743971576553 1235.4206568118668 18.151944027333503
    vertex 823.74397157655 1235.520658386373 18.228677934298425
    vertex 823.74397157655 1237.6206583863698 10.391371238392415
  endloop
endfacet
facet normal -1.0 -1.2961162169587026e-12 -1.9969686732493704e-13
  outer loop
    vertex 823.7439715765528 1234.6508099053915 17.561219719383622
    vertex 823.743971576553 1235.4206568118668 18.151944027333503
    vertex 823.74397157655 1237.6206583863698 10.391371238392415
  endloop
endfacet
facet normal -1.0 -1.2961162169587026e-12 -1.9969686732493704e-13
  outer loop
    vertex 823.7439715765543 1233.9833516904805 16.69137123839971
    vertex 823.7439715765528 1234.6508099053915 17.561219719383622
    vertex 823.74397157655 1237.6206583863698 10.391371238392415
  endloop
endfacet
facet normal -1.0 -1.2961162169587026e-12 -1.9969686732493704e-13
  outer loop
    vertex 823.7439715765543 1233.5637699159608 15.678411227829942
    vertex 823.7439715765543 1233.9833516904805 16.69137123839971
    vertex 823.74397157655 1237.6206583863698 10.391371238392415
  endloop
endfacet
facet normal -1.0 -1.2961162169587026e-12 -1.9969686732493704e-13
  outer loop
    vertex 823.7439715765543 1233.4206583863752 14.591371238400201
    vertex 823.7439715765543 1233.5637699159608 15.678411227829942
    vertex 823.74397157655 1237.6206583863698 10.391371238392415
  endloop
endfacet
facet normal -1.0 -1.2961162169587026e-12 -1.9969686732493704e-13
  outer loop
    vertex 823.7439715765543 1233.563769915961 13.504331248969017
    vertex 823.7439715765543 1233.4206583863752 14.591371238400201
    vertex 823.74397157655 1237.6206583863698 10.391371238392415
  endloop
endfacet
facet normal -1.0 -1.2961162169587026e-12 -1.9969686732493704e-13
  outer loop
    vertex 823.7439715765543 1233.9833516904803 12.491371238399223
    vertex 823.7439715765543 1233.563769915961 13.504331248969017
    vertex 823.74397157655 1237.6206583863698 10.391371238392415
  endloop
endfacet
facet normal -1.0 -1.2961162169587026e-12 -1.9969686732493704e-13
  outer loop
    vertex 823.743971576553 1234.6508099053915 11.621522757416734
    vertex 823.7439715765543 1233.9833516904803 12.491371238399223
    vertex 823.74397157655 1237.6206583863698 10.391371238392415
  endloop
endfacet
facet normal -1.0 -1.2961162169587026e-12 -1.9969686732493704e-13
  outer loop
    vertex 823.743971576553 1235.4206568118668 11.030798449465387
    vertex 823.743971576553 1234.6508099053915 11.621522757416734
    vertex 823.74397157655 1237.6206583863698 10.391371238392415
  endloop
endfacet
facet normal -1.0 -1.2961162169587026e-12 -1.9969686732493704e-13
  outer loop
    vertex 823.743971576553 1235.5206583863699 10.954064542499022
    vertex 823.743971576553 1235.4206568118668 11.030798449465387
    vertex 823.74397157655 1237.6206583863698 10.391371238392415
  endloop
endfacet
facet normal -1.0 -1.2961162169587026e-12 -1.9969686732493704e-13
  outer loop
    vertex 823.7439715765515 1236.5336183969391 10.534482767978297
    vertex 823.743971576553 1235.5206583863699 10.954064542499022
    vertex 823.74397157655 1237.6206583863698 10.391371238392415
  endloop
endfacet
facet normal 1.0 2.958417338946692e-14 -5.767379282326943e-14
  outer loop
    vertex 825.7439715765486 1242.7124563329937 79.68254006294099
    vertex 825.7439715765468 1237.6212875084505 78.79137123839851
    vertex 825.7439715765486 1243.8566704156985 78.19137123839855
  endloop
endfacet
facet normal 1.0 2.958417338946692e-14 -5.767379282326943e-14
  outer loop
    vertex 825.7439715765483 1238.708327497881 78.64825970881265
    vertex 825.7439715765486 1243.8566704156985 78.19137123839855
    vertex 825.7439715765468 1237.6212875084505 78.79137123839851
  endloop
endfacet
facet normal 1.0 2.958417338946692e-14 -5.767379282326943e-14
  outer loop
    vertex 825.7439715765483 1239.7212875084506 78.22867793429336
    vertex 825.7439715765486 1243.8566704156985 78.19137123839855
    vertex 825.7439715765483 1238.708327497881 78.64825970881265
  endloop
endfacet
facet normal 1.0 2.958417338946692e-14 -5.767379282326943e-14
  outer loop
    vertex 825.7439715765483 1240.5911359894342 77.56121971938141
    vertex 825.7439715765486 1243.8566704156985 78.19137123839855
    vertex 825.7439715765483 1239.7212875084506 78.22867793429336
  endloop
endfacet
facet normal 1.0 2.958417338946692e-14 -5.767379282326943e-14
  outer loop
    vertex 825.7439715765486 1244.5759534577319 76.45486836313687
    vertex 825.7439715765486 1243.8566704156985 78.19137123839855
    vertex 825.7439715765483 1240.5911359894342 77.56121971938141
  endloop
endfacet
facet normal 1.0 2.958417338946692e-14 -5.767379282326943e-14
  outer loop
    vertex 825.7439715765483 1241.2585942043452 76.69137123839893
    vertex 825.7439715765486 1244.5759534577319 76.45486836313687
    vertex 825.7439715765483 1240.5911359894342 77.56121971938141
  endloop
endfacet
facet normal 1.0 2.958417338946692e-14 -5.767379282326943e-14
  outer loop
    vertex 825.7439715765483 1241.6781759788646 75.67841122782913
    vertex 825.7439715765486 1244.5759534577319 76.45486836313687
    vertex 825.7439715765483 1241.2585942043452 76.69137123839893
  endloop
endfacet
facet normal 1.0 2.958417338946692e-14 -5.767379282326943e-14
  outer loop
    vertex 825.7439715765486 1244.8212875084505 74.5913712383979
    vertex 825.7439715765486 1244.5759534577319 76.45486836313687
    vertex 825.7439715765483 1241.6781759788646 75.67841122782913
  endloop
endfacet
facet normal 1.0 2.958417338946692e-14 -5.767379282326943e-14
  outer loop
    vertex 825.7439715765483 1241.8212875084505 74.59137123839795
    vertex 825.7439715765486 1244.8212875084505 74.5913712383979
    vertex 825.7439715765483 1241.6781759788646 75.67841122782913
  endloop
endfacet
facet normal 1.0 2.958417338946692e-14 -5.767379282326943e-14
  outer loop
    vertex 825.7439715765486 1244.5759534577317 72.72787411366038
    vertex 825.7439715765486 1244.8212875084505 74.5913712383979
    vertex 825.7439715765483 1241.8212875084505 74.59137123839795
  endloop
endfacet
facet normal 1.0 2.958417338946692e-14 -5.767379282326943e-14
  outer loop
    vertex 825.7439715765483 1241.6781759788646 73.50433124896821
    vertex 825.7439715765486 1244.5759534577317 72.72787411366038
    vertex 825.7439715765483 1241.8212875084505 74.59137123839795
  endloop
endfacet
facet normal 1.0 2.958417338946692e-14 -5.767379282326943e-14
  outer loop
    vertex 825.7439715765483 1241.258594204345 72.49137123839844
    vertex 825.7439715765486 1244.5759534577317 72.72787411366038
    vertex 825.7439715765483 1241.6781759788646 73.50433124896821
  endloop
endfacet
facet normal 1.0 2.958417338946692e-14 -5.767379282326943e-14
  outer loop
    vertex 825.7439715765486 1243.8566704156983 70.99137123839873
    vertex 825.7439715765486 1244.5759534577317 72.72787411366038
    vertex 825.7439715765483 1241.258594204345 72.49137123839844
  endloop
endfacet
facet normal 1.0 2.958417338946692e-14 -5.767379282326943e-14
  outer loop
    vertex 825.7439715765483 1240.5911359894337 71.62152275741452
    vertex 825.7439715765486 1243.8566704156983 70.99137123839873
    vertex 825.7439715765483 1241.258594204345 72.49137123839844
  endloop
endfacet
facet normal 1.0 2.958417338946692e-14 -5.767379282326943e-14
  outer loop
    vertex 825.7439715765483 1239.7212875084504 70.95406454250407
    vertex 825.7439715765486 1243.8566704156983 70.99137123839873
    vertex 825.7439715765483 1240.5911359894337 71.62152275741452
  endloop
endfacet
facet normal 1.0 2.958417338946692e-14 -5.767379282326943e-14
  outer loop
    vertex 825.7439715765486 1242.7124563329935 69.5002024138549
    vertex 825.7439715765486 1243.8566704156983 70.99137123839873
    vertex 825.7439715765483 1239.7212875084504 70.95406454250407
  endloop
endfacet
facet normal 1.0 2.958417338946692e-14 -5.767379282326943e-14
  outer loop
    vertex 825.7439715765482 1238.7083274978809 70.53448276798483
    vertex 825.7439715765486 1242.7124563329935 69.5002024138549
    vertex 825.7439715765483 1239.7212875084504 70.95406454250407
  endloop
endfacet
facet normal 1.0 2.958417338946692e-14 -5.767379282326943e-14
  outer loop
    vertex 825.7439715765468 1237.6212875084502 70.39137123839899
    vertex 825.7439715765486 1242.7124563329935 69.5002024138549
    vertex 825.7439715765482 1238.7083274978809 70.53448276798483
  endloop
endfacet
facet normal 1.0 2.958417338946692e-14 -5.767379282326943e-14
  outer loop
    vertex 825.7439715765496 1237.6212875084505 81.79137123839783
    vertex 825.7439715765495 1234.4206568118598 81.79137123839789
    vertex 825.7439715765498 1239.4847846331888 81.54603718768001
  endloop
endfacet
facet normal 1.0 2.958417338946692e-14 -5.767379282326943e-14
  outer loop
    vertex 825.7439715765468 1237.6212875084505 78.79137123839851
    vertex 825.7439715765498 1239.4847846331888 81.54603718768001
    vertex 825.7439715765495 1234.4206568118598 81.79137123839789
  endloop
endfacet
facet normal 1.0 2.958417338946692e-14 -5.767379282326943e-14
  outer loop
    vertex 825.743971576548 1234.4206568118602 63.89959726697566
    vertex 825.7439715765468 1237.6212875084505 78.79137123839851
    vertex 825.7439715765495 1234.4206568118598 81.79137123839789
  endloop
endfacet
facet normal 1.0 2.958417338946692e-14 -5.767379282326943e-14
  outer loop
    vertex 825.7439715765498 1241.2212875084506 80.82675414564613
    vertex 825.7439715765498 1239.4847846331888 81.54603718768001
    vertex 825.7439715765468 1237.6212875084505 78.79137123839851
  endloop
endfacet
facet normal 1.0 2.958417338946692e-14 -5.767379282326943e-14
  outer loop
    vertex 825.7439715765486 1242.7124563329937 79.68254006294099
    vertex 825.7439715765498 1241.2212875084506 80.82675414564613
    vertex 825.7439715765468 1237.6212875084505 78.79137123839851
  endloop
endfacet
facet normal 1.0 2.958417338946692e-14 -5.767379282326943e-14
  outer loop
    vertex 825.7439715765468 1237.6212875084502 70.39137123839899
    vertex 825.7439715765468 1237.6212875084505 78.79137123839851
    vertex 825.743971576548 1234.4206568118602 63.89959726697566
  endloop
endfacet
facet normal 1.0 2.958417338946692e-14 -5.767379282326943e-14
  outer loop
    vertex 825.7439715765486 1242.7124563329935 69.5002024138549
    vertex 825.7439715765468 1237.6212875084502 70.39137123839899
    vertex 825.743971576548 1234.4206568118602 63.89959726697566
  endloop
endfacet
facet normal 1.0 -7.137162997825606e-10 -5.429253957469068e-10
  outer loop
    vertex 825.7439715765471 1242.712456332993 19.68254006294308
    vertex 825.7439715765453 1237.6212875084493 18.79137123839917
    vertex 825.7439715765471 1243.8566704156979 18.191371238399192
  endloop
endfacet
facet normal 1.0 -7.137162997825606e-10 -5.429253957469068e-10
  outer loop
    vertex 825.7439715765468 1238.7083274978806 18.648259708813285
    vertex 825.7439715765471 1243.8566704156979 18.191371238399192
    vertex 825.7439715765453 1237.6212875084493 18.79137123839917
  endloop
endfacet
facet normal 1.0 -7.137162997825606e-10 -5.429253957469068e-10
  outer loop
    vertex 825.743971576547 1239.72128750845 18.228677934294016
    vertex 825.7439715765471 1243.8566704156979 18.191371238399192
    vertex 825.7439715765468 1238.7083274978806 18.648259708813285
  endloop
endfacet
facet normal 1.0 -7.137162997825606e-10 -5.429253957469068e-10
  outer loop
    vertex 825.743971576547 1240.5911359894335 17.56121971938351
    vertex 825.7439715765471 1243.8566704156979 18.191371238399192
    vertex 825.743971576547 1239.72128750845 18.228677934294016
  endloop
endfacet
facet normal 1.0 -7.137162997825606e-10 -5.429253957469068e-10
  outer loop
    vertex 825.7439715765471 1244.575953457731 16.45486836313752
    vertex 825.7439715765471 1243.8566704156979 18.191371238399192
    vertex 825.743971576547 1240.5911359894335 17.56121971938351
  endloop
endfacet
facet normal 1.0 -7.137162997825606e-10 -5.429253957469068e-10
  outer loop
    vertex 825.743971576547 1241.2585942043445 16.691371238399576
    vertex 825.7439715765471 1244.575953457731 16.45486836313752
    vertex 825.743971576547 1240.5911359894335 17.56121971938351
  endloop
endfacet
facet normal 1.0 -7.137162997825606e-10 -5.429253957469068e-10
  outer loop
    vertex 825.743971576547 1241.678175978864 15.678411227829795
    vertex 825.7439715765471 1244.575953457731 16.45486836313752
    vertex 825.743971576547 1241.2585942043445 16.691371238399576
  endloop
endfacet
facet normal 1.0 -7.137162997825606e-10 -5.429253957469068e-10
  outer loop
    vertex 825.7439715765471 1244.8212875084498 14.591371238399987
    vertex 825.7439715765471 1244.575953457731 16.45486836313752
    vertex 825.743971576547 1241.678175978864 15.678411227829795
  endloop
endfacet
facet normal 1.0 -7.137162997825606e-10 -5.429253957469068e-10
  outer loop
    vertex 825.743971576547 1241.8212875084498 14.591371238400043
    vertex 825.7439715765471 1244.8212875084498 14.591371238399987
    vertex 825.743971576547 1241.678175978864 15.678411227829795
  endloop
endfacet
facet normal 1.0 -7.137162997825606e-10 -5.429253957469068e-10
  outer loop
    vertex 825.7439715765471 1244.575953457731 12.727874113662475
    vertex 825.7439715765471 1244.8212875084498 14.591371238399987
    vertex 825.743971576547 1241.8212875084498 14.591371238400043
  endloop
endfacet
facet normal 1.0 -7.137162997825606e-10 -5.429253957469068e-10
  outer loop
    vertex 825.743971576547 1241.678175978864 13.504331248968871
    vertex 825.7439715765471 1244.575953457731 12.727874113662475
    vertex 825.743971576547 1241.8212875084498 14.591371238400043
  endloop
endfacet
facet normal 1.0 -7.137162997825606e-10 -5.429253957469068e-10
  outer loop
    vertex 825.743971576547 1241.2585942043445 12.491371238400532
    vertex 825.7439715765471 1244.575953457731 12.727874113662475
    vertex 825.743971576547 1241.678175978864 13.504331248968871
  endloop
endfacet
facet normal 1.0 -7.137162997825606e-10 -5.429253957469068e-10
  outer loop
    vertex 825.7439715765471 1243.8566704156976 10.991371238400829
    vertex 825.7439715765471 1244.575953457731 12.727874113662475
    vertex 825.743971576547 1241.2585942043445 12.491371238400532
  endloop
endfacet
facet normal 1.0 -7.137162997825606e-10 -5.429253957469068e-10
  outer loop
    vertex 825.743971576547 1240.5911359894333 11.621522757416622
    vertex 825.7439715765471 1243.8566704156976 10.991371238400829
    vertex 825.743971576547 1241.2585942043445 12.491371238400532
  endloop
endfacet
facet normal 1.0 -7.137162997825606e-10 -5.429253957469068e-10
  outer loop
    vertex 825.743971576547 1239.7212875084497 10.954064542506162
    vertex 825.7439715765471 1243.8566704156976 10.991371238400829
    vertex 825.743971576547 1240.5911359894333 11.621522757416622
  endloop
endfacet
facet normal 1.0 -7.137162997825606e-10 -5.429253957469068e-10
  outer loop
    vertex 825.7439715765471 1242.7124563329928 9.500202413856986
    vertex 825.7439715765471 1243.8566704156976 10.991371238400829
    vertex 825.743971576547 1239.7212875084497 10.954064542506162
  endloop
endfacet
facet normal 1.0 -7.137162997825606e-10 -5.429253957469068e-10
  outer loop
    vertex 825.743971576547 1238.7083274978802 10.534482767985471
    vertex 825.7439715765471 1242.7124563329928 9.500202413856986
    vertex 825.743971576547 1239.7212875084497 10.954064542506162
  endloop
endfacet
facet normal 1.0 -7.137162997825606e-10 -5.429253957469068e-10
  outer loop
    vertex 825.7439715765453 1237.6212875084493 10.391371238399634
    vertex 825.7439715765471 1242.7124563329928 9.500202413856986
    vertex 825.743971576547 1238.7083274978802 10.534482767985471
  endloop
endfacet
facet normal 1.0 -7.137162997825606e-10 -5.429253957469068e-10
  outer loop
    vertex 825.7439715765482 1237.62128750845 21.79137123839993
    vertex 825.7439715765482 1234.4212859339511 21.791371238399996
    vertex 825.743971576547 1239.484784633188 21.546037187680657
  endloop
endfacet
facet normal 1.0 -7.137162997825606e-10 -5.429253957469068e-10
  outer loop
    vertex 825.7439715765453 1237.6212875084493 18.79137123839917
    vertex 825.743971576547 1239.484784633188 21.546037187680657
    vertex 825.7439715765482 1234.4212859339511 21.791371238399996
  endloop
endfacet
facet normal 1.0 -7.137162997825606e-10 -5.429253957469068e-10
  outer loop
    vertex 825.7439715525676 1234.4215825746758 3.899597287869883
    vertex 825.7439715765453 1237.6212875084493 18.79137123839917
    vertex 825.7439715765482 1234.4212859339511 21.791371238399996
  endloop
endfacet
facet normal 1.0 -7.137162997825606e-10 -5.429253957469068e-10
  outer loop
    vertex 825.743971576547 1241.22128750845 20.826754145648227
    vertex 825.743971576547 1239.484784633188 21.546037187680657
    vertex 825.7439715765453 1237.6212875084493 18.79137123839917
  endloop
endfacet
facet normal 1.0 -7.137162997825606e-10 -5.429253957469068e-10
  outer loop
    vertex 825.7439715765471 1242.712456332993 19.68254006294308
    vertex 825.743971576547 1241.22128750845 20.826754145648227
    vertex 825.7439715765453 1237.6212875084493 18.79137123839917
  endloop
endfacet
facet normal 1.0 -7.137162997825606e-10 -5.429253957469068e-10
  outer loop
    vertex 825.7439715765453 1237.6212875084493 10.391371238399634
    vertex 825.7439715765453 1237.6212875084493 18.79137123839917
    vertex 825.7439715525676 1234.4215825746758 3.899597287869883
  endloop
endfacet
facet normal 1.0 -7.137162997825606e-10 -5.429253957469068e-10
  outer loop
    vertex 825.7439715765471 1242.7124563329928 9.500202413856986
    vertex 825.7439715765453 1237.6212875084493 10.391371238399634
    vertex 825.7439715525676 1234.4215825746758 3.899597287869883
  endloop
endfacet
facet normal -6.91791469340342e-06 0.5597588148309076 -0.8286555793399571
  outer loop
    vertex 813.7439715765507 1234.4212859339434 3.8995972669777212
    vertex 813.7439715765513 1242.7124563329933 9.50020241385694
    vertex 825.7439715525676 1234.4215825746758 3.899597287869883
  endloop
endfacet
facet normal -6.91791469340342e-06 0.5597588148309076 -0.8286555793399571
  outer loop
    vertex 825.7439715765471 1242.7124563329928 9.500202413856986
    vertex 825.7439715525676 1234.4215825746758 3.899597287869883
    vertex 813.7439715765513 1242.7124563329933 9.50020241385694
  endloop
endfacet
facet normal 5.026627262577214e-14 1.8665624601507885e-14 1.0
  outer loop
    vertex 813.7439715765522 1234.4206568118602 81.7913712383993
    vertex 825.7439715765495 1234.4206568118598 81.79137123839789
    vertex 813.7439715765523 1237.6212875084511 81.79137123839924
  endloop
endfacet
facet normal 5.026627262577214e-14 1.8665624601507885e-14 1.0
  outer loop
    vertex 825.7439715765496 1237.6212875084505 81.79137123839783
    vertex 813.7439715765523 1237.6212875084511 81.79137123839924
    vertex 825.7439715765495 1234.4206568118598 81.79137123839789
  endloop
endfacet
facet normal 5.295016860236289e-06 0.5597280376284623 -0.8286763685930434
  outer loop
    vertex 825.743971576548 1234.4206568118602 63.89959726697566
    vertex 813.7439715765507 1234.4208838514164 63.89959726697561
    vertex 825.7439715765486 1242.7124563329935 69.5002024138549
  endloop
endfacet
facet normal 5.295016860236289e-06 0.5597280376284623 -0.8286763685930434
  outer loop
    vertex 813.7439715765513 1242.7124563329942 69.50020241385629
    vertex 825.7439715765486 1242.7124563329935 69.5002024138549
    vertex 813.7439715765507 1234.4208838514164 63.89959726697561
  endloop
endfacet
facet normal -0.0003145610235132713 0.99999995052568 -2.0134683043216032e-13
  outer loop
    vertex 825.7439715765453 1237.6212875084493 10.391371238399634
    vertex 823.74397157655 1237.6206583863698 10.391371238392415
    vertex 825.7439715765453 1237.6212875084493 18.79137123839917
  endloop
endfacet
facet normal -0.0003145610235132713 0.99999995052568 -2.0134683043216032e-13
  outer loop
    vertex 823.7439715765472 1237.620658386373 18.7913712384035
    vertex 825.7439715765453 1237.6212875084493 18.79137123839917
    vertex 823.74397157655 1237.6206583863698 10.391371238392415
  endloop
endfacet
facet normal -0.0003145610234059706 0.9999999505256802 -2.1208280079536752e-13
  outer loop
    vertex 825.7439715765468 1237.6212875084505 78.79137123839851
    vertex 825.7439715765468 1237.6212875084502 70.39137123839899
    vertex 823.7439715765487 1237.620658386374 78.7913712384014
  endloop
endfacet
facet normal -0.0003145610234059706 0.9999999505256802 -2.1208280079536752e-13
  outer loop
    vertex 823.74397157655 1237.6206583863707 70.39137123839177
    vertex 823.7439715765487 1237.620658386374 78.7913712384014
    vertex 825.7439715765468 1237.6212875084502 70.39137123839899
  endloop
endfacet
facet normal 7.282600448617163e-14 1.8665624601506756e-14 1.0
  outer loop
    vertex 813.7439715765523 1234.4212859339436 21.791371238401396
    vertex 825.7439715765482 1234.4212859339511 21.791371238399996
    vertex 813.7439715765523 1237.6212875084502 21.79137123840133
  endloop
endfacet
facet normal 7.282600448617163e-14 1.8665624601506756e-14 1.0
  outer loop
    vertex 825.7439715765482 1237.62128750845 21.79137123839993
    vertex 813.7439715765523 1237.6212875084502 21.79137123840133
    vertex 825.7439715765482 1234.4212859339511 21.791371238399996
  endloop
endfacet
facet normal -0.7071067811867777 0.7071067811863174 4.689241651743726e-14
  outer loop
    vertex 812.2439715765671 1208.9206568112638 26.600000021544574
    vertex 813.7439715765655 1210.4206568112636 26.600000021544542
    vertex 812.2439715765657 1208.9206568112634 1.567901364296631e-12
  endloop
endfacet
facet normal -0.7071067811867777 0.7071067811863174 4.689241651743726e-14
  outer loop
    vertex 813.7439715765641 1210.4206568112631 9.023892744153272e-14
    vertex 812.2439715765657 1208.9206568112634 1.567901364296631e-12
    vertex 813.7439715765655 1210.4206568112636 26.600000021544542
  endloop
endfacet
facet normal 1.2765711071666078e-13 1.0 -1.8510132509894493e-14
  outer loop
    vertex 812.2439715765657 1208.9206568112634 1.567901364296631e-12
    vertex 810.2553787249166 1208.9206568112645 10.67292951726647
    vertex 812.2439715765671 1208.9206568112638 26.600000021544574
  endloop
endfacet
facet normal 1.2765711071666078e-13 1.0 -1.8510132509894493e-14
  outer loop
    vertex 802.243971576568 1208.9206568112645 36.600000021545235
    vertex 812.2439715765671 1208.9206568112638 26.600000021544574
    vertex 810.2553787249166 1208.9206568112645 10.67292951726647
  endloop
endfacet
facet normal 1.2765711071666078e-13 1.0 -1.8510132509894493e-14
  outer loop
    vertex 810.3439715765662 1208.9206568112645 10.000000000000783
    vertex 810.2553787249166 1208.9206568112645 10.67292951726647
    vertex 812.2439715765657 1208.9206568112634 1.567901364296631e-12
  endloop
endfacet
facet normal 1.2765711071666078e-13 1.0 -1.8510132509894493e-14
  outer loop
    vertex 809.9956376264055 1208.9206568112645 11.300000000000487
    vertex 802.243971576568 1208.9206568112645 36.600000021545235
    vertex 810.2553787249166 1208.9206568112645 10.67292951726647
  endloop
endfacet
facet normal 1.2765711071666078e-13 1.0 -1.8510132509894493e-14
  outer loop
    vertex 809.5824492076508 1208.9206568112645 11.838477631086253
    vertex 802.243971576568 1208.9206568112645 36.600000021545235
    vertex 809.9956376264055 1208.9206568112645 11.300000000000487
  endloop
endfacet
facet normal 1.2765711071666078e-13 1.0 -1.8510132509894493e-14
  outer loop
    vertex 809.0439715765651 1208.9206568112647 12.251666049839399
    vertex 802.243971576568 1208.9206568112645 36.600000021545235
    vertex 809.5824492076508 1208.9206568112645 11.838477631086253
  endloop
endfacet
facet normal 1.2765711071666078e-13 1.0 -1.8510132509894493e-14
  outer loop
    vertex 808.4169010938324 1208.9206568112647 12.511407148351939
    vertex 802.243971576568 1208.9206568112645 36.600000021545235
    vertex 809.0439715765651 1208.9206568112647 12.251666049839399
  endloop
endfacet
facet normal 1.2765711071666078e-13 1.0 -1.8510132509894493e-14
  outer loop
    vertex 807.7439715765653 1208.9206568112647 12.600000000000191
    vertex 802.243971576568 1208.9206568112645 36.600000021545235
    vertex 808.4169010938324 1208.9206568112647 12.511407148351939
  endloop
endfacet
facet normal 1.2765711071666078e-13 1.0 -1.8510132509894493e-14
  outer loop
    vertex 807.0710420592997 1208.9206568112647 12.511407148351939
    vertex 802.243971576568 1208.9206568112645 36.600000021545235
    vertex 807.7439715765653 1208.9206568112647 12.600000000000191
  endloop
endfacet
facet normal 1.2765711071666078e-13 1.0 -1.8510132509894493e-14
  outer loop
    vertex 806.4439715765657 1208.9206568112645 12.251666049839399
    vertex 802.243971576568 1208.9206568112645 36.600000021545235
    vertex 807.0710420592997 1208.9206568112647 12.511407148351939
  endloop
endfacet
facet normal 1.2765711071666078e-13 1.0 -1.8510132509894493e-14
  outer loop
    vertex 805.9054939454813 1208.9206568112645 11.838477631086253
    vertex 802.243971576568 1208.9206568112645 36.600000021545235
    vertex 806.4439715765657 1208.9206568112645 12.251666049839399
  endloop
endfacet
facet normal 1.2765711071666078e-13 1.0 -1.8510132509894493e-14
  outer loop
    vertex 805.4923055267268 1208.9206568112643 11.300000000000487
    vertex 802.243971576568 1208.9206568112645 36.600000021545235
    vertex 805.9054939454813 1208.9206568112645 11.838477631086253
  endloop
endfacet
facet normal 1.2765711071666078e-13 1.0 -1.8510132509894493e-14
  outer loop
    vertex 805.2325644282141 1208.9206568112645 10.672929517267912
    vertex 802.243971576568 1208.9206568112645 36.600000021545235
    vertex 805.4923055267268 1208.9206568112643 11.300000000000487
  endloop
endfacet
facet normal 1.2765711071666078e-13 1.0 -1.8510132509894493e-14
  outer loop
    vertex 805.1439715765658 1208.9206568112643 10.000000000000783
    vertex 802.243971576568 1208.9206568112645 36.600000021545235
    vertex 805.2325644282141 1208.9206568112645 10.672929517267912
  endloop
endfacet
facet normal 1.2765711071666078e-13 1.0 -1.8510132509894493e-14
  outer loop
    vertex 812.2439715765671 1208.9206568112643 54.60000002154547
    vertex 810.3439715765691 1208.9206568112659 79.20000004307738
    vertex 812.2439715765701 1208.9206568112652 89.20000004307799
  endloop
endfacet
facet normal 1.2765711071666078e-13 1.0 -1.8510132509894493e-14
  outer loop
    vertex 810.2553787249208 1208.9206568112659 79.87292956034452
    vertex 812.2439715765701 1208.9206568112652 89.20000004307799
    vertex 810.3439715765691 1208.9206568112659 79.20000004307738
  endloop
endfacet
facet normal 1.2765711071666078e-13 1.0 -1.8510132509894493e-14
  outer loop
    vertex 809.9956376264082 1208.9206568112659 80.50000004307708
    vertex 812.2439715765701 1208.9206568112652 89.20000004307799
    vertex 810.2553787249208 1208.9206568112659 79.87292956034452
  endloop
endfacet
facet normal 1.2765711071666078e-13 1.0 -1.8510132509894493e-14
  outer loop
    vertex 809.5824492076537 1208.9206568112659 81.03847767416285
    vertex 812.2439715765701 1208.9206568112652 89.20000004307799
    vertex 809.9956376264082 1208.9206568112659 80.50000004307708
  endloop
endfacet
facet normal 1.2765711071666078e-13 1.0 -1.8510132509894493e-14
  outer loop
    vertex 809.0439715765693 1208.920656811266 81.45166609291743
    vertex 812.2439715765701 1208.9206568112652 89.20000004307799
    vertex 809.5824492076537 1208.9206568112659 81.03847767416285
  endloop
endfacet
facet normal 1.2765711071666078e-13 1.0 -1.8510132509894493e-14
  outer loop
    vertex 792.7439715765702 1208.9206568112675 89.20000004308233
    vertex 812.2439715765701 1208.9206568112652 89.20000004307799
    vertex 809.0439715765693 1208.920656811266 81.45166609291743
  endloop
endfacet
facet normal 1.2765711071666078e-13 1.0 -1.8510132509894493e-14
  outer loop
    vertex 808.4169010938353 1208.920656811266 81.71140719142998
    vertex 792.7439715765702 1208.9206568112675 89.20000004308233
    vertex 809.0439715765693 1208.920656811266 81.45166609291743
  endloop
endfacet
facet normal 1.2765711071666078e-13 1.0 -1.8510132509894493e-14
  outer loop
    vertex 807.7439715765696 1208.9206568112659 81.80000004307823
    vertex 792.7439715765702 1208.9206568112675 89.20000004308233
    vertex 808.4169010938353 1208.920656811266 81.71140719142998
  endloop
endfacet
facet normal 1.2765711071666078e-13 1.0 -1.8510132509894493e-14
  outer loop
    vertex 807.0710420593025 1208.9206568112659 81.71140719142998
    vertex 792.7439715765702 1208.9206568112675 89.20000004308233
    vertex 807.7439715765696 1208.9206568112659 81.80000004307823
  endloop
endfacet
facet normal 1.2765711071666078e-13 1.0 -1.8510132509894493e-14
  outer loop
    vertex 806.4439715765685 1208.9206568112659 81.45166609291743
    vertex 792.7439715765702 1208.9206568112675 89.20000004308233
    vertex 807.0710420593025 1208.9206568112659 81.71140719142998
  endloop
endfacet
facet normal 1.2765711071666078e-13 1.0 -1.8510132509894493e-14
  outer loop
    vertex 805.9054939454842 1208.920656811266 81.03847767416285
    vertex 792.7439715765702 1208.9206568112675 89.20000004308233
    vertex 806.4439715765685 1208.9206568112659 81.45166609291743
  endloop
endfacet
facet normal 1.2765711071666078e-13 1.0 -1.8510132509894493e-14
  outer loop
    vertex 805.4923055267295 1208.920656811266 80.50000004307708
    vertex 792.7439715765702 1208.9206568112675 89.20000004308233
    vertex 805.9054939454842 1208.920656811266 81.03847767416285
  endloop
endfacet
facet normal 1.2765711071666078e-13 1.0 -1.8510132509894493e-14
  outer loop
    vertex 805.2325644282171 1208.9206568112659 79.87292956034452
    vertex 792.7439715765702 1208.9206568112675 89.20000004308233
    vertex 805.4923055267295 1208.920656811266 80.50000004307708
  endloop
endfacet
facet normal 1.2765711071666078e-13 1.0 -1.8510132509894493e-14
  outer loop
    vertex 805.1439715765688 1208.9206568112659 79.20000004307738
    vertex 792.7439715765702 1208.9206568112675 89.20000004308233
    vertex 805.2325644282171 1208.9206568112659 79.87292956034452
  endloop
endfacet
facet normal 1.2765711071666078e-13 1.0 -1.8510132509894493e-14
  outer loop
    vertex 796.9956376264083 1208.9206568112668 80.50000004307708
    vertex 792.7439715765702 1208.9206568112675 89.20000004308233
    vertex 805.1439715765688 1208.9206568112659 79.20000004307738
  endloop
endfacet
facet normal 1.2765711071666078e-13 1.0 -1.8510132509894493e-14
  outer loop
    vertex 797.2553787249209 1208.9206568112666 79.87292956034452
    vertex 796.9956376264083 1208.9206568112668 80.50000004307708
    vertex 805.1439715765688 1208.9206568112659 79.20000004307738
  endloop
endfacet
facet normal 1.2765711071666078e-13 1.0 -1.8510132509894493e-14
  outer loop
    vertex 802.243971576568 1208.920656811265 54.60000002154547
    vertex 797.2553787249209 1208.9206568112666 79.87292956034452
    vertex 805.1439715765688 1208.9206568112659 79.20000004307738
  endloop
endfacet
facet normal 1.2765711071666078e-13 1.0 -1.8510132509894493e-14
  outer loop
    vertex 797.3439715765691 1208.9206568112666 79.20000004307738
    vertex 797.2553787249209 1208.9206568112666 79.87292956034452
    vertex 802.243971576568 1208.920656811265 54.60000002154547
  endloop
endfacet
facet normal 1.2765711071666078e-13 1.0 -1.8510132509894493e-14
  outer loop
    vertex 802.243971576568 1208.9206568112645 36.600000021545235
    vertex 797.3439715765691 1208.9206568112666 79.20000004307738
    vertex 802.243971576568 1208.920656811265 54.60000002154547
  endloop
endfacet
facet normal 1.2765711071666078e-13 1.0 -1.8510132509894493e-14
  outer loop
    vertex 796.5824492076537 1208.9206568112666 81.03847767416285
    vertex 792.7439715765702 1208.9206568112675 89.20000004308233
    vertex 796.9956376264083 1208.9206568112668 80.50000004307708
  endloop
endfacet
facet normal 1.2765711071666078e-13 1.0 -1.8510132509894493e-14
  outer loop
    vertex 796.0439715765694 1208.9206568112666 81.45166609291743
    vertex 792.7439715765702 1208.9206568112675 89.20000004308233
    vertex 796.5824492076537 1208.9206568112666 81.03847767416285
  endloop
endfacet
facet normal 1.2765711071666078e-13 1.0 -1.8510132509894493e-14
  outer loop
    vertex 795.4169010938353 1208.9206568112668 81.71140719142853
    vertex 792.7439715765702 1208.9206568112675 89.20000004308233
    vertex 796.0439715765694 1208.9206568112666 81.45166609291743
  endloop
endfacet
facet normal 1.2765711071666078e-13 1.0 -1.8510132509894493e-14
  outer loop
    vertex 794.7439715765697 1208.9206568112668 81.80000004307823
    vertex 792.7439715765702 1208.9206568112675 89.20000004308233
    vertex 795.4169010938353 1208.9206568112668 81.71140719142853
  endloop
endfacet
facet normal 1.2765711071666078e-13 1.0 -1.8510132509894493e-14
  outer loop
    vertex 794.0710420593026 1208.9206568112666 81.71140719142998
    vertex 792.7439715765702 1208.9206568112675 89.20000004308233
    vertex 794.7439715765697 1208.9206568112668 81.80000004307823
  endloop
endfacet
facet normal 1.2765711071666078e-13 1.0 -1.8510132509894493e-14
  outer loop
    vertex 793.4439715765685 1208.9206568112666 81.45166609291743
    vertex 792.7439715765702 1208.9206568112675 89.20000004308233
    vertex 794.0710420593026 1208.9206568112666 81.71140719142998
  endloop
endfacet
facet normal 1.2765711071666078e-13 1.0 -1.8510132509894493e-14
  outer loop
    vertex 792.9054939454842 1208.9206568112666 81.03847767416285
    vertex 792.7439715765702 1208.9206568112675 89.20000004308233
    vertex 793.4439715765685 1208.9206568112666 81.45166609291743
  endloop
endfacet
facet normal 1.2765711071666078e-13 1.0 -1.8510132509894493e-14
  outer loop
    vertex 792.4923055267296 1208.9206568112666 80.50000004307853
    vertex 792.7439715765702 1208.9206568112675 89.20000004308233
    vertex 792.9054939454842 1208.9206568112666 81.03847767416285
  endloop
endfacet
facet normal 1.2765711071666078e-13 1.0 -1.8510132509894493e-14
  outer loop
    vertex 788.7439715765696 1208.920656811268 85.20000004308324
    vertex 792.7439715765702 1208.9206568112675 89.20000004308233
    vertex 792.4923055267296 1208.9206568112666 80.50000004307853
  endloop
endfacet
facet normal 1.2765711071666078e-13 1.0 -1.8510132509894493e-14
  outer loop
    vertex 792.2325644282171 1208.9206568112663 79.87292956034452
    vertex 788.7439715765696 1208.920656811268 85.20000004308324
    vertex 792.4923055267296 1208.9206568112666 80.50000004307853
  endloop
endfacet
facet normal 1.2765711071666078e-13 1.0 -1.8510132509894493e-14
  outer loop
    vertex 792.1439715765688 1208.9206568112663 79.20000004307883
    vertex 788.7439715765696 1208.920656811268 85.20000004308324
    vertex 792.2325644282171 1208.9206568112663 79.87292956034452
  endloop
endfacet
facet normal 1.2765711071666078e-13 1.0 -1.8510132509894493e-14
  outer loop
    vertex 792.143971576566 1208.9206568112652 10.000000000000783
    vertex 788.7439715765696 1208.920656811268 85.20000004308324
    vertex 792.1439715765688 1208.9206568112663 79.20000004307883
  endloop
endfacet
facet normal 1.2765711071666078e-13 1.0 -1.8510132509894493e-14
  outer loop
    vertex 792.7439715765659 1208.9206568112659 5.944489345210968e-12
    vertex 809.043971576565 1208.9206568112645 7.748333950160723
    vertex 812.2439715765657 1208.9206568112634 1.567901364296631e-12
  endloop
endfacet
facet normal 1.2765711071666078e-13 1.0 -1.8510132509894493e-14
  outer loop
    vertex 809.5824492076507 1208.9206568112645 8.161522368915312
    vertex 812.2439715765657 1208.9206568112634 1.567901364296631e-12
    vertex 809.043971576565 1208.9206568112645 7.748333950160723
  endloop
endfacet
facet normal 1.2765711071666078e-13 1.0 -1.8510132509894493e-14
  outer loop
    vertex 809.9956376264054 1208.9206568112645 8.700000000001078
    vertex 812.2439715765657 1208.9206568112634 1.567901364296631e-12
    vertex 809.5824492076507 1208.9206568112645 8.161522368915312
  endloop
endfacet
facet normal 1.2765711071666078e-13 1.0 -1.8510132509894493e-14
  outer loop
    vertex 810.2553787249165 1208.9206568112645 9.327070482733653
    vertex 812.2439715765657 1208.9206568112634 1.567901364296631e-12
    vertex 809.9956376264054 1208.9206568112645 8.700000000001078
  endloop
endfacet
facet normal 1.2765711071666078e-13 1.0 -1.8510132509894493e-14
  outer loop
    vertex 810.3439715765662 1208.9206568112645 10.000000000000783
    vertex 812.2439715765657 1208.9206568112634 1.567901364296631e-12
    vertex 810.2553787249165 1208.9206568112645 9.327070482733653
  endloop
endfacet
facet normal 1.2765711071666078e-13 1.0 -1.8510132509894493e-14
  outer loop
    vertex 808.4169010938324 1208.9206568112645 7.488592851649626
    vertex 809.043971576565 1208.9206568112645 7.748333950160723
    vertex 792.7439715765659 1208.9206568112659 5.944489345210968e-12
  endloop
endfacet
facet normal 1.2765711071666078e-13 1.0 -1.8510132509894493e-14
  outer loop
    vertex 807.7439715765653 1208.9206568112645 7.39999999999993
    vertex 808.4169010938324 1208.9206568112645 7.488592851649626
    vertex 792.7439715765659 1208.9206568112659 5.944489345210968e-12
  endloop
endfacet
facet normal 1.2765711071666078e-13 1.0 -1.8510132509894493e-14
  outer loop
    vertex 807.0710420592997 1208.9206568112645 7.488592851649626
    vertex 807.7439715765653 1208.9206568112645 7.39999999999993
    vertex 792.7439715765659 1208.9206568112659 5.944489345210968e-12
  endloop
endfacet
facet normal 1.2765711071666078e-13 1.0 -1.8510132509894493e-14
  outer loop
    vertex 806.4439715765656 1208.9206568112645 7.748333950160723
    vertex 807.0710420592997 1208.9206568112645 7.488592851649626
    vertex 792.7439715765659 1208.9206568112659 5.944489345210968e-12
  endloop
endfacet
facet normal 1.2765711071666078e-13 1.0 -1.8510132509894493e-14
  outer loop
    vertex 805.9054939454799 1208.9206568112645 8.161522368915312
    vertex 806.4439715765656 1208.9206568112645 7.748333950160723
    vertex 792.7439715765659 1208.9206568112659 5.944489345210968e-12
  endloop
endfacet
facet normal 1.2765711071666078e-13 1.0 -1.8510132509894493e-14
  outer loop
    vertex 805.4923055267252 1208.9206568112645 8.700000000001078
    vertex 805.9054939454799 1208.9206568112645 8.161522368915312
    vertex 792.7439715765659 1208.9206568112659 5.944489345210968e-12
  endloop
endfacet
facet normal 1.2765711071666078e-13 1.0 -1.8510132509894493e-14
  outer loop
    vertex 805.2325644282141 1208.9206568112643 9.327070482733653
    vertex 805.4923055267252 1208.9206568112645 8.700000000001078
    vertex 792.7439715765659 1208.9206568112659 5.944489345210968e-12
  endloop
endfacet
facet normal 1.2765711071666078e-13 1.0 -1.8510132509894493e-14
  outer loop
    vertex 805.1439715765658 1208.9206568112643 10.000000000000783
    vertex 805.2325644282141 1208.9206568112643 9.327070482733653
    vertex 792.7439715765659 1208.9206568112659 5.944489345210968e-12
  endloop
endfacet
facet normal 1.2765711071666078e-13 1.0 -1.8510132509894493e-14
  outer loop
    vertex 796.9956376264054 1208.9206568112652 8.699999999999635
    vertex 805.1439715765658 1208.9206568112643 10.000000000000783
    vertex 792.7439715765659 1208.9206568112659 5.944489345210968e-12
  endloop
endfacet
facet normal 1.2765711071666078e-13 1.0 -1.8510132509894493e-14
  outer loop
    vertex 797.2553787249166 1208.9206568112652 9.327070482733653
    vertex 805.1439715765658 1208.9206568112643 10.000000000000783
    vertex 796.9956376264054 1208.9206568112652 8.699999999999635
  endloop
endfacet
facet normal 1.2765711071666078e-13 1.0 -1.8510132509894493e-14
  outer loop
    vertex 802.243971576568 1208.9206568112645 36.600000021545235
    vertex 805.1439715765658 1208.9206568112643 10.000000000000783
    vertex 797.2553787249166 1208.9206568112652 9.327070482733653
  endloop
endfacet
facet normal 1.2765711071666078e-13 1.0 -1.8510132509894493e-14
  outer loop
    vertex 797.3439715765647 1208.9206568112652 10.000000000000783
    vertex 802.243971576568 1208.9206568112645 36.600000021545235
    vertex 797.2553787249166 1208.9206568112652 9.327070482733653
  endloop
endfacet
facet normal 1.2765711071666078e-13 1.0 -1.8510132509894493e-14
  outer loop
    vertex 797.3439715765691 1208.9206568112666 79.20000004307738
    vertex 802.243971576568 1208.9206568112645 36.600000021545235
    vertex 797.3439715765647 1208.9206568112652 10.000000000000783
  endloop
endfacet
facet normal 1.2765711071666078e-13 1.0 -1.8510132509894493e-14
  outer loop
    vertex 796.5824492076508 1208.9206568112654 8.161522368915357
    vertex 796.9956376264054 1208.9206568112652 8.699999999999635
    vertex 792.7439715765659 1208.9206568112659 5.944489345210968e-12
  endloop
endfacet
facet normal 1.2765711071666078e-13 1.0 -1.8510132509894493e-14
  outer loop
    vertex 796.043971576565 1208.9206568112652 7.748333950160768
    vertex 796.5824492076508 1208.9206568112654 8.161522368915357
    vertex 792.7439715765659 1208.9206568112659 5.944489345210968e-12
  endloop
endfacet
facet normal 1.2765711071666078e-13 1.0 -1.8510132509894493e-14
  outer loop
    vertex 795.4169010938325 1208.9206568112652 7.488592851649671
    vertex 796.043971576565 1208.9206568112652 7.748333950160768
    vertex 792.7439715765659 1208.9206568112659 5.944489345210968e-12
  endloop
endfacet
facet normal 1.2765711071666078e-13 1.0 -1.8510132509894493e-14
  outer loop
    vertex 794.7439715765654 1208.9206568112652 7.4000000000013735
    vertex 795.4169010938325 1208.9206568112652 7.488592851649671
    vertex 792.7439715765659 1208.9206568112659 5.944489345210968e-12
  endloop
endfacet
facet normal 1.2765711071666078e-13 1.0 -1.8510132509894493e-14
  outer loop
    vertex 794.0710420592982 1208.9206568112652 7.488592851649626
    vertex 794.7439715765654 1208.9206568112652 7.4000000000013735
    vertex 792.7439715765659 1208.9206568112659 5.944489345210968e-12
  endloop
endfacet
facet normal 1.2765711071666078e-13 1.0 -1.8510132509894493e-14
  outer loop
    vertex 793.4439715765657 1208.9206568112652 7.748333950160723
    vertex 794.0710420592982 1208.9206568112652 7.488592851649626
    vertex 792.7439715765659 1208.9206568112659 5.944489345210968e-12
  endloop
endfacet
facet normal 1.2765711071666078e-13 1.0 -1.8510132509894493e-14
  outer loop
    vertex 792.9054939454799 1208.9206568112652 8.161522368915312
    vertex 793.4439715765657 1208.9206568112652 7.748333950160723
    vertex 792.7439715765659 1208.9206568112659 5.944489345210968e-12
  endloop
endfacet
facet normal 1.2765711071666078e-13 1.0 -1.8510132509894493e-14
  outer loop
    vertex 792.4923055267253 1208.9206568112652 8.700000000001078
    vertex 792.9054939454799 1208.9206568112652 8.161522368915312
    vertex 792.7439715765659 1208.9206568112659 5.944489345210968e-12
  endloop
endfacet
facet normal 1.2765711071666078e-13 1.0 -1.8510132509894493e-14
  outer loop
    vertex 788.7439715765653 1208.9206568112663 4.000000000006478
    vertex 792.4923055267253 1208.9206568112652 8.700000000001078
    vertex 792.7439715765659 1208.9206568112659 5.944489345210968e-12
  endloop
endfacet
facet normal 1.2765711071666078e-13 1.0 -1.8510132509894493e-14
  outer loop
    vertex 792.2325644282142 1208.9206568112652 9.327070482733653
    vertex 792.4923055267253 1208.9206568112652 8.700000000001078
    vertex 788.7439715765653 1208.9206568112663 4.000000000006478
  endloop
endfacet
facet normal 1.2765711071666078e-13 1.0 -1.8510132509894493e-14
  outer loop
    vertex 792.143971576566 1208.9206568112652 10.000000000000783
    vertex 792.2325644282142 1208.9206568112652 9.327070482733653
    vertex 788.7439715765653 1208.9206568112663 4.000000000006478
  endloop
endfacet
facet normal 1.2765711071666078e-13 1.0 -1.8510132509894493e-14
  outer loop
    vertex 788.7439715765696 1208.920656811268 85.20000004308324
    vertex 792.143971576566 1208.9206568112652 10.000000000000783
    vertex 788.7439715765653 1208.9206568112663 4.000000000006478
  endloop
endfacet
facet normal 1.2765711071666078e-13 1.0 -1.8510132509894493e-14
  outer loop
    vertex 797.3439715765691 1208.9206568112666 79.20000004307738
    vertex 797.3439715765647 1208.9206568112652 10.000000000000783
    vertex 797.2553787249209 1208.9206568112668 78.5270705258117
  endloop
endfacet
facet normal 1.2765711071666078e-13 1.0 -1.8510132509894493e-14
  outer loop
    vertex 797.2553787249166 1208.9206568112654 10.67292951726647
    vertex 797.2553787249209 1208.9206568112668 78.5270705258117
    vertex 797.3439715765647 1208.9206568112652 10.000000000000783
  endloop
endfacet
facet normal 1.2765711071666078e-13 1.0 -1.8510132509894493e-14
  outer loop
    vertex 796.9956376264084 1208.9206568112666 77.90000004307768
    vertex 797.2553787249209 1208.9206568112668 78.5270705258117
    vertex 797.2553787249166 1208.9206568112654 10.67292951726647
  endloop
endfacet
facet normal 1.2765711071666078e-13 1.0 -1.8510132509894493e-14
  outer loop
    vertex 796.9956376264055 1208.9206568112652 11.300000000000487
    vertex 796.9956376264084 1208.9206568112666 77.90000004307768
    vertex 797.2553787249166 1208.9206568112654 10.67292951726647
  endloop
endfacet
facet normal 1.2765711071666078e-13 1.0 -1.8510132509894493e-14
  outer loop
    vertex 796.5824492076538 1208.9206568112666 77.36152241199191
    vertex 796.9956376264084 1208.9206568112666 77.90000004307768
    vertex 796.9956376264055 1208.9206568112652 11.300000000000487
  endloop
endfacet
facet normal 1.2765711071666078e-13 1.0 -1.8510132509894493e-14
  outer loop
    vertex 796.5824492076509 1208.9206568112652 11.838477631086297
    vertex 796.5824492076538 1208.9206568112666 77.36152241199191
    vertex 796.9956376264055 1208.9206568112652 11.300000000000487
  endloop
endfacet
facet normal 1.2765711071666078e-13 1.0 -1.8510132509894493e-14
  outer loop
    vertex 796.0439715765694 1208.9206568112666 76.94833399323733
    vertex 796.5824492076538 1208.9206568112666 77.36152241199191
    vertex 796.5824492076509 1208.9206568112652 11.838477631086297
  endloop
endfacet
facet normal 1.2765711071666078e-13 1.0 -1.8510132509894493e-14
  outer loop
    vertex 796.0439715765651 1208.9206568112652 12.251666049840887
    vertex 796.0439715765694 1208.9206568112666 76.94833399323733
    vertex 796.5824492076509 1208.9206568112652 11.838477631086297
  endloop
endfacet
facet normal 1.2765711071666078e-13 1.0 -1.8510132509894493e-14
  outer loop
    vertex 795.4169010938353 1208.9206568112666 76.68859289472623
    vertex 796.0439715765694 1208.9206568112666 76.94833399323733
    vertex 796.0439715765651 1208.9206568112652 12.251666049840887
  endloop
endfacet
facet normal 1.2765711071666078e-13 1.0 -1.8510132509894493e-14
  outer loop
    vertex 795.4169010938325 1208.9206568112652 12.511407148351983
    vertex 795.4169010938353 1208.9206568112666 76.68859289472623
    vertex 796.0439715765651 1208.9206568112652 12.251666049840887
  endloop
endfacet
facet normal 1.2765711071666078e-13 1.0 -1.8510132509894493e-14
  outer loop
    vertex 794.7439715765697 1208.9206568112666 76.60000004307797
    vertex 795.4169010938353 1208.9206568112666 76.68859289472623
    vertex 795.4169010938325 1208.9206568112652 12.511407148351983
  endloop
endfacet
facet normal 1.2765711071666078e-13 1.0 -1.8510132509894493e-14
  outer loop
    vertex 794.7439715765654 1208.9206568112654 12.600000000000191
    vertex 794.7439715765697 1208.9206568112666 76.60000004307797
    vertex 795.4169010938325 1208.9206568112652 12.511407148351983
  endloop
endfacet
facet normal 1.2765711071666078e-13 1.0 -1.8510132509894493e-14
  outer loop
    vertex 794.0710420593026 1208.9206568112663 76.68859289472623
    vertex 794.7439715765697 1208.9206568112666 76.60000004307797
    vertex 794.7439715765654 1208.9206568112654 12.600000000000191
  endloop
endfacet
facet normal 1.2765711071666078e-13 1.0 -1.8510132509894493e-14
  outer loop
    vertex 794.0710420592997 1208.9206568112654 12.511407148351939
    vertex 794.0710420593026 1208.9206568112663 76.68859289472623
    vertex 794.7439715765654 1208.9206568112654 12.600000000000191
  endloop
endfacet
facet normal 1.2765711071666078e-13 1.0 -1.8510132509894493e-14
  outer loop
    vertex 793.4439715765685 1208.9206568112666 76.94833399323876
    vertex 794.0710420593026 1208.9206568112663 76.68859289472623
    vertex 794.0710420592997 1208.9206568112654 12.511407148351939
  endloop
endfacet
facet normal 1.2765711071666078e-13 1.0 -1.8510132509894493e-14
  outer loop
    vertex 793.4439715765658 1208.9206568112652 12.251666049840843
    vertex 793.4439715765685 1208.9206568112666 76.94833399323876
    vertex 794.0710420592997 1208.9206568112654 12.511407148351939
  endloop
endfacet
facet normal 1.2765711071666078e-13 1.0 -1.8510132509894493e-14
  outer loop
    vertex 792.9054939454843 1208.9206568112666 77.36152241199335
    vertex 793.4439715765685 1208.9206568112666 76.94833399323876
    vertex 793.4439715765658 1208.9206568112652 12.251666049840843
  endloop
endfacet
facet normal 1.2765711071666078e-13 1.0 -1.8510132509894493e-14
  outer loop
    vertex 792.90549394548 1208.9206568112652 11.838477631086253
    vertex 792.9054939454843 1208.9206568112666 77.36152241199335
    vertex 793.4439715765658 1208.9206568112652 12.251666049840843
  endloop
endfacet
facet normal 1.2765711071666078e-13 1.0 -1.8510132509894493e-14
  outer loop
    vertex 792.4923055267298 1208.9206568112666 77.90000004307768
    vertex 792.9054939454843 1208.9206568112666 77.36152241199335
    vertex 792.90549394548 1208.9206568112652 11.838477631086253
  endloop
endfacet
facet normal 1.2765711071666078e-13 1.0 -1.8510132509894493e-14
  outer loop
    vertex 792.4923055267254 1208.9206568112652 11.300000000000487
    vertex 792.4923055267298 1208.9206568112666 77.90000004307768
    vertex 792.90549394548 1208.9206568112652 11.838477631086253
  endloop
endfacet
facet normal 1.2765711071666078e-13 1.0 -1.8510132509894493e-14
  outer loop
    vertex 792.2325644282172 1208.9206568112666 78.5270705258117
    vertex 792.4923055267298 1208.9206568112666 77.90000004307768
    vertex 792.4923055267254 1208.9206568112652 11.300000000000487
  endloop
endfacet
facet normal 1.2765711071666078e-13 1.0 -1.8510132509894493e-14
  outer loop
    vertex 792.2325644282142 1208.9206568112652 10.672929517267912
    vertex 792.2325644282172 1208.9206568112666 78.5270705258117
    vertex 792.4923055267254 1208.9206568112652 11.300000000000487
  endloop
endfacet
facet normal 1.2765711071666078e-13 1.0 -1.8510132509894493e-14
  outer loop
    vertex 792.1439715765688 1208.9206568112663 79.20000004307883
    vertex 792.2325644282172 1208.9206568112666 78.5270705258117
    vertex 792.2325644282142 1208.9206568112652 10.672929517267912
  endloop
endfacet
facet normal 1.2765711071666078e-13 1.0 -1.8510132509894493e-14
  outer loop
    vertex 792.143971576566 1208.9206568112652 10.000000000000783
    vertex 792.1439715765688 1208.9206568112663 79.20000004307883
    vertex 792.2325644282142 1208.9206568112652 10.672929517267912
  endloop
endfacet
facet normal 1.2765711071666078e-13 1.0 -1.8510132509894493e-14
  outer loop
    vertex 802.243971576568 1208.920656811265 54.60000002154547
    vertex 810.2553787249209 1208.9206568112659 78.5270705258117
    vertex 812.2439715765671 1208.9206568112643 54.60000002154547
  endloop
endfacet
facet normal 1.2765711071666078e-13 1.0 -1.8510132509894493e-14
  outer loop
    vertex 810.3439715765691 1208.9206568112659 79.20000004307738
    vertex 812.2439715765671 1208.9206568112643 54.60000002154547
    vertex 810.2553787249209 1208.9206568112659 78.5270705258117
  endloop
endfacet
facet normal 1.2765711071666078e-13 1.0 -1.8510132509894493e-14
  outer loop
    vertex 809.9956376264083 1208.9206568112659 77.90000004307768
    vertex 810.2553787249209 1208.9206568112659 78.5270705258117
    vertex 802.243971576568 1208.920656811265 54.60000002154547
  endloop
endfacet
facet normal 1.2765711071666078e-13 1.0 -1.8510132509894493e-14
  outer loop
    vertex 809.5824492076538 1208.9206568112659 77.36152241199335
    vertex 809.9956376264083 1208.9206568112659 77.90000004307768
    vertex 802.243971576568 1208.920656811265 54.60000002154547
  endloop
endfacet
facet normal 1.2765711071666078e-13 1.0 -1.8510132509894493e-14
  outer loop
    vertex 809.0439715765693 1208.9206568112659 76.94833399323876
    vertex 809.5824492076538 1208.9206568112659 77.36152241199335
    vertex 802.243971576568 1208.920656811265 54.60000002154547
  endloop
endfacet
facet normal 1.2765711071666078e-13 1.0 -1.8510132509894493e-14
  outer loop
    vertex 808.4169010938353 1208.9206568112656 76.68859289472623
    vertex 809.0439715765693 1208.9206568112659 76.94833399323876
    vertex 802.243971576568 1208.920656811265 54.60000002154547
  endloop
endfacet
facet normal 1.2765711071666078e-13 1.0 -1.8510132509894493e-14
  outer loop
    vertex 807.7439715765696 1208.9206568112659 76.60000004307797
    vertex 808.4169010938353 1208.9206568112656 76.68859289472623
    vertex 802.243971576568 1208.920656811265 54.60000002154547
  endloop
endfacet
facet normal 1.2765711071666078e-13 1.0 -1.8510132509894493e-14
  outer loop
    vertex 807.0710420593025 1208.9206568112659 76.68859289472623
    vertex 807.7439715765696 1208.9206568112659 76.60000004307797
    vertex 802.243971576568 1208.920656811265 54.60000002154547
  endloop
endfacet
facet normal 1.2765711071666078e-13 1.0 -1.8510132509894493e-14
  outer loop
    vertex 806.4439715765699 1208.9206568112659 76.94833399323876
    vertex 807.0710420593025 1208.9206568112659 76.68859289472623
    vertex 802.243971576568 1208.920656811265 54.60000002154547
  endloop
endfacet
facet normal 1.2765711071666078e-13 1.0 -1.8510132509894493e-14
  outer loop
    vertex 805.9054939454843 1208.9206568112659 77.36152241199335
    vertex 806.4439715765699 1208.9206568112659 76.94833399323876
    vertex 802.243971576568 1208.920656811265 54.60000002154547
  endloop
endfacet
facet normal 1.2765711071666078e-13 1.0 -1.8510132509894493e-14
  outer loop
    vertex 805.4923055267296 1208.9206568112656 77.90000004307768
    vertex 805.9054939454843 1208.9206568112659 77.36152241199335
    vertex 802.243971576568 1208.920656811265 54.60000002154547
  endloop
endfacet
facet normal 1.2765711071666078e-13 1.0 -1.8510132509894493e-14
  outer loop
    vertex 805.2325644282171 1208.9206568112659 78.5270705258117
    vertex 805.4923055267296 1208.9206568112656 77.90000004307768
    vertex 802.243971576568 1208.920656811265 54.60000002154547
  endloop
endfacet
facet normal 1.2765711071666078e-13 1.0 -1.8510132509894493e-14
  outer loop
    vertex 805.1439715765688 1208.9206568112659 79.20000004307738
    vertex 805.2325644282171 1208.9206568112659 78.5270705258117
    vertex 802.243971576568 1208.920656811265 54.60000002154547
  endloop
endfacet
facet normal -1.0 -4.925591245840825e-13 5.19403009533362e-15
  outer loop
    vertex 813.7439715765513 1242.7124563329942 79.68254006294238
    vertex 813.7439715765513 1243.856670415699 78.19137123839849
    vertex 813.743971576551 1237.620658386367 78.79137123839847
  endloop
endfacet
facet normal -1.0 -4.925591245840825e-13 5.19403009533362e-15
  outer loop
    vertex 813.7439715765526 1238.7083274978818 78.6482597088126
    vertex 813.743971576551 1237.620658386367 78.79137123839847
    vertex 813.7439715765513 1243.856670415699 78.19137123839849
  endloop
endfacet
facet normal -1.0 -4.925591245840825e-13 5.19403009533362e-15
  outer loop
    vertex 813.7439715765526 1239.721287508451 78.22867793429332
    vertex 813.7439715765526 1238.7083274978818 78.6482597088126
    vertex 813.7439715765513 1243.856670415699 78.19137123839849
  endloop
endfacet
facet normal -1.0 -4.925591245840825e-13 5.19403009533362e-15
  outer loop
    vertex 813.7439715765526 1240.5911359894346 77.56121971938282
    vertex 813.7439715765526 1239.721287508451 78.22867793429332
    vertex 813.7439715765513 1243.856670415699 78.19137123839849
  endloop
endfacet
facet normal -1.0 -4.925591245840825e-13 5.19403009533362e-15
  outer loop
    vertex 813.7439715765513 1244.5759534577323 76.45486836313682
    vertex 813.7439715765526 1240.5911359894346 77.56121971938282
    vertex 813.7439715765513 1243.856670415699 78.19137123839849
  endloop
endfacet
facet normal -1.0 -4.925591245840825e-13 5.19403009533362e-15
  outer loop
    vertex 813.7439715765526 1241.2585942043459 76.69137123839889
    vertex 813.7439715765526 1240.5911359894346 77.56121971938282
    vertex 813.7439715765513 1244.5759534577323 76.45486836313682
  endloop
endfacet
facet normal -1.0 -4.925591245840825e-13 5.19403009533362e-15
  outer loop
    vertex 813.7439715765526 1241.678175978865 75.67841122782909
    vertex 813.7439715765526 1241.2585942043459 76.69137123839889
    vertex 813.7439715765513 1244.5759534577323 76.45486836313682
  endloop
endfacet
facet normal -1.0 -4.925591245840825e-13 5.19403009533362e-15
  outer loop
    vertex 813.7439715765513 1244.821287508451 74.59137123839929
    vertex 813.7439715765526 1241.678175978865 75.67841122782909
    vertex 813.7439715765513 1244.5759534577323 76.45486836313682
  endloop
endfacet
facet normal -1.0 -4.925591245840825e-13 5.19403009533362e-15
  outer loop
    vertex 813.7439715765526 1241.821287508451 74.59137123839935
    vertex 813.7439715765526 1241.678175978865 75.67841122782909
    vertex 813.7439715765513 1244.821287508451 74.59137123839929
  endloop
endfacet
facet normal -1.0 -4.925591245840825e-13 5.19403009533362e-15
  outer loop
    vertex 813.7439715765526 1241.678175978865 73.50433124896816
    vertex 813.7439715765526 1241.821287508451 74.59137123839935
    vertex 813.7439715765513 1244.821287508451 74.59137123839929
  endloop
endfacet
facet normal -1.0 -4.925591245840825e-13 5.19403009533362e-15
  outer loop
    vertex 813.7439715765513 1244.5759534577323 72.72787411366033
    vertex 813.7439715765526 1241.678175978865 73.50433124896816
    vertex 813.7439715765513 1244.821287508451 74.59137123839929
  endloop
endfacet
facet normal -1.0 -4.925591245840825e-13 5.19403009533362e-15
  outer loop
    vertex 813.7439715765526 1241.2585942043456 72.49137123839839
    vertex 813.7439715765526 1241.678175978865 73.50433124896816
    vertex 813.7439715765513 1244.5759534577323 72.72787411366033
  endloop
endfacet
facet normal -1.0 -4.925591245840825e-13 5.19403009533362e-15
  outer loop
    vertex 813.7439715765513 1243.8566704156988 70.99137123839868
    vertex 813.7439715765526 1241.2585942043456 72.49137123839839
    vertex 813.7439715765513 1244.5759534577323 72.72787411366033
  endloop
endfacet
facet normal -1.0 -4.925591245840825e-13 5.19403009533362e-15
  outer loop
    vertex 813.7439715765526 1240.5911359894344 71.62152275741593
    vertex 813.7439715765526 1241.2585942043456 72.49137123839839
    vertex 813.7439715765513 1243.8566704156988 70.99137123839868
  endloop
endfacet
facet normal -1.0 -4.925591245840825e-13 5.19403009533362e-15
  outer loop
    vertex 813.7439715765526 1239.7212875084508 70.95406454250403
    vertex 813.7439715765526 1240.5911359894344 71.62152275741593
    vertex 813.7439715765513 1243.8566704156988 70.99137123839868
  endloop
endfacet
facet normal -1.0 -4.925591245840825e-13 5.19403009533362e-15
  outer loop
    vertex 813.7439715765513 1242.7124563329942 69.50020241385629
    vertex 813.7439715765526 1239.7212875084508 70.95406454250403
    vertex 813.7439715765513 1243.8566704156988 70.99137123839868
  endloop
endfacet
facet normal -1.0 -4.925591245840825e-13 5.19403009533362e-15
  outer loop
    vertex 813.7439715765523 1238.7083274978816 70.53448276798478
    vertex 813.7439715765526 1239.7212875084508 70.95406454250403
    vertex 813.7439715765513 1242.7124563329942 69.50020241385629
  endloop
endfacet
facet normal -1.0 -4.925591245840825e-13 5.19403009533362e-15
  outer loop
    vertex 813.743971576551 1237.620658386367 70.39137123839893
    vertex 813.7439715765523 1238.7083274978816 70.53448276798478
    vertex 813.7439715765513 1242.7124563329942 69.50020241385629
  endloop
endfacet
facet normal -1.0 -4.925591245840825e-13 5.19403009533362e-15
  outer loop
    vertex 813.7439715765685 1210.4206568112647 89.20000004307498
    vertex 813.7439715765522 1234.4206568118593 89.20000004305288
    vertex 813.743971576567 1210.4206568112643 54.60000002154539
  endloop
endfacet
facet normal -1.0 -4.925591245840825e-13 5.19403009533362e-15
  outer loop
    vertex 813.7439715765522 1234.4206568118602 81.7913712383993
    vertex 813.743971576567 1210.4206568112643 54.60000002154539
    vertex 813.7439715765522 1234.4206568118593 89.20000004305288
  endloop
endfacet
facet normal -1.0 -4.925591245840825e-13 5.19403009533362e-15
  outer loop
    vertex 813.7439715765523 1237.6212875084511 81.79137123839924
    vertex 813.743971576567 1210.4206568112643 54.60000002154539
    vertex 813.7439715765522 1234.4206568118602 81.7913712383993
  endloop
endfacet
facet normal -1.0 -4.925591245840825e-13 5.19403009533362e-15
  outer loop
    vertex 813.7439715765538 1234.6508099053838 77.56121971938148
    vertex 813.743971576567 1210.4206568112643 54.60000002154539
    vertex 813.7439715765523 1237.6212875084511 81.79137123839924
  endloop
endfacet
facet normal -1.0 -4.925591245840825e-13 5.19403009533362e-15
  outer loop
    vertex 813.7439715765526 1239.4847846331893 81.54603718767996
    vertex 813.7439715765538 1234.6508099053838 77.56121971938148
    vertex 813.7439715765523 1237.6212875084511 81.79137123839924
  endloop
endfacet
facet normal -1.0 -4.925591245840825e-13 5.19403009533362e-15
  outer loop
    vertex 813.7439715765523 1235.5206583863674 78.2286779342934
    vertex 813.7439715765538 1234.6508099053838 77.56121971938148
    vertex 813.7439715765526 1239.4847846331893 81.54603718767996
  endloop
endfacet
facet normal -1.0 -4.925591245840825e-13 5.19403009533362e-15
  outer loop
    vertex 813.7439715765526 1241.221287508451 80.82675414564753
    vertex 813.7439715765523 1235.5206583863674 78.2286779342934
    vertex 813.7439715765526 1239.4847846331893 81.54603718767996
  endloop
endfacet
facet normal -1.0 -4.925591245840825e-13 5.19403009533362e-15
  outer loop
    vertex 813.7439715765523 1236.5336183969366 78.64825970881263
    vertex 813.7439715765523 1235.5206583863674 78.2286779342934
    vertex 813.7439715765526 1241.221287508451 80.82675414564753
  endloop
endfacet
facet normal -1.0 -4.925591245840825e-13 5.19403009533362e-15
  outer loop
    vertex 813.7439715765513 1242.7124563329942 79.68254006294238
    vertex 813.7439715765523 1236.5336183969366 78.64825970881263
    vertex 813.7439715765526 1241.221287508451 80.82675414564753
  endloop
endfacet
facet normal -1.0 -4.925591245840825e-13 5.19403009533362e-15
  outer loop
    vertex 813.743971576551 1237.620658386367 78.79137123839847
    vertex 813.7439715765523 1236.5336183969366 78.64825970881263
    vertex 813.7439715765513 1242.7124563329942 79.68254006294238
  endloop
endfacet
facet normal -1.0 -4.925591245840825e-13 5.19403009533362e-15
  outer loop
    vertex 813.7439715765523 1235.420656811859 78.1519440273328
    vertex 813.7439715765538 1234.6508099053838 77.56121971938148
    vertex 813.7439715765523 1235.5206583863674 78.2286779342934
  endloop
endfacet
facet normal -1.0 -4.925591245840825e-13 5.19403009533362e-15
  outer loop
    vertex 813.7439715765537 1233.9833516904725 76.69137123839901
    vertex 813.743971576567 1210.4206568112643 54.60000002154539
    vertex 813.7439715765538 1234.6508099053838 77.56121971938148
  endloop
endfacet
facet normal -1.0 -4.925591245840825e-13 5.19403009533362e-15
  outer loop
    vertex 813.743971576555 1233.5637699159531 75.67841122782924
    vertex 813.743971576567 1210.4206568112643 54.60000002154539
    vertex 813.7439715765537 1233.9833516904725 76.69137123839901
  endloop
endfacet
facet normal -1.0 -4.925591245840825e-13 5.19403009533362e-15
  outer loop
    vertex 813.743971576555 1233.4206583863672 74.59137123839805
    vertex 813.743971576567 1210.4206568112643 54.60000002154539
    vertex 813.743971576555 1233.5637699159531 75.67841122782924
  endloop
endfacet
facet normal -1.0 -4.925591245840825e-13 5.19403009533362e-15
  outer loop
    vertex 813.743971576555 1233.5637699159531 73.50433124896831
    vertex 813.743971576567 1210.4206568112643 54.60000002154539
    vertex 813.743971576555 1233.4206583863672 74.59137123839805
  endloop
endfacet
facet normal -1.0 -4.925591245840825e-13 5.19403009533362e-15
  outer loop
    vertex 813.7439715765537 1233.9833516904728 72.49137123839853
    vertex 813.743971576567 1210.4206568112643 54.60000002154539
    vertex 813.743971576555 1233.5637699159531 73.50433124896831
  endloop
endfacet
facet normal -1.0 -4.925591245840825e-13 5.19403009533362e-15
  outer loop
    vertex 813.7439715765537 1234.6508099053838 71.6215227574146
    vertex 813.743971576567 1210.4206568112643 54.60000002154539
    vertex 813.7439715765537 1233.9833516904728 72.49137123839853
  endloop
endfacet
facet normal -1.0 -4.925591245840825e-13 5.19403009533362e-15
  outer loop
    vertex 813.7439715765523 1235.420656811859 71.0307984494647
    vertex 813.743971576567 1210.4206568112643 54.60000002154539
    vertex 813.7439715765537 1234.6508099053838 71.6215227574146
  endloop
endfacet
facet normal -1.0 -4.925591245840825e-13 5.19403009533362e-15
  outer loop
    vertex 813.7439715765523 1235.5206583863674 70.9540645425041
    vertex 813.743971576567 1210.4206568112643 54.60000002154539
    vertex 813.7439715765523 1235.420656811859 71.0307984494647
  endloop
endfacet
facet normal -1.0 -4.925591245840825e-13 5.19403009533362e-15
  outer loop
    vertex 813.743971576551 1236.5336183969366 70.53448276798483
    vertex 813.743971576567 1210.4206568112643 54.60000002154539
    vertex 813.7439715765523 1235.5206583863674 70.9540645425041
  endloop
endfacet
facet normal -1.0 -4.925591245840825e-13 5.19403009533362e-15
  outer loop
    vertex 813.743971576551 1237.620658386367 70.39137123839893
    vertex 813.743971576567 1210.4206568112643 54.60000002154539
    vertex 813.743971576551 1236.5336183969366 70.53448276798483
  endloop
endfacet
facet normal -1.0 -4.925591245840825e-13 5.19403009533362e-15
  outer loop
    vertex 813.7439715765513 1242.7124563329942 69.50020241385629
    vertex 813.743971576567 1210.4206568112643 54.60000002154539
    vertex 813.743971576551 1237.620658386367 70.39137123839893
  endloop
endfacet
facet normal -1.0 -4.925591245840825e-13 5.19403009533362e-15
  outer loop
    vertex 813.7439715765507 1234.4208838514164 63.89959726697561
    vertex 813.743971576567 1210.4206568112643 54.60000002154539
    vertex 813.7439715765513 1242.7124563329942 69.50020241385629
  endloop
endfacet
facet normal -1.0 -4.925591245840825e-13 5.19403009533362e-15
  outer loop
    vertex 813.7439715765673 1220.420656811264 54.60000002154521
    vertex 813.743971576567 1210.4206568112643 54.60000002154539
    vertex 813.7439715765507 1234.4208838514164 63.89959726697561
  endloop
endfacet
facet normal -1.0 -4.925591245840825e-13 5.19403009533362e-15
  outer loop
    vertex 813.7439715765523 1234.4212859339436 21.791371238401396
    vertex 813.7439715765673 1220.420656811264 54.60000002154521
    vertex 813.7439715765507 1234.4208838514164 63.89959726697561
  endloop
endfacet
facet normal -1.0 -4.925591245840825e-13 5.19403009533362e-15
  outer loop
    vertex 813.7439715765673 1220.4206568112638 36.60000002154497
    vertex 813.7439715765673 1220.420656811264 54.60000002154521
    vertex 813.7439715765523 1234.4212859339436 21.791371238401396
  endloop
endfacet
facet normal -1.0 -4.925591245840825e-13 5.19403009533362e-15
  outer loop
    vertex 813.7439715765655 1210.4206568112636 26.600000021544542
    vertex 813.7439715765673 1220.4206568112638 36.60000002154497
    vertex 813.7439715765523 1234.4212859339436 21.791371238401396
  endloop
endfacet
facet normal -1.0 -4.925591245840825e-13 5.19403009533362e-15
  outer loop
    vertex 813.7439715765641 1210.4206568112631 9.023892744153272e-14
    vertex 813.7439715765655 1210.4206568112636 26.600000021544542
    vertex 813.7439715765523 1234.4212859339436 21.791371238401396
  endloop
endfacet
facet normal -1.0 -4.925591245840825e-13 5.19403009533362e-15
  outer loop
    vertex 813.7439715765523 1237.6212875084502 21.79137123840133
    vertex 813.7439715765641 1210.4206568112631 9.023892744153272e-14
    vertex 813.7439715765523 1234.4212859339436 21.791371238401396
  endloop
endfacet
facet normal -1.0 -4.925591245840825e-13 5.19403009533362e-15
  outer loop
    vertex 813.7439715765526 1239.4847846331884 21.546037187682057
    vertex 813.7439715765641 1210.4206568112631 9.023892744153272e-14
    vertex 813.7439715765523 1237.6212875084502 21.79137123840133
  endloop
endfacet
facet normal -1.0 -4.925591245840825e-13 5.19403009533362e-15
  outer loop
    vertex 813.7439715765523 1235.5206583863662 18.228677934294048
    vertex 813.7439715765641 1210.4206568112631 9.023892744153272e-14
    vertex 813.7439715765526 1239.4847846331884 21.546037187682057
  endloop
endfacet
facet normal -1.0 -4.925591245840825e-13 5.19403009533362e-15
  outer loop
    vertex 813.7439715765526 1241.2212875084501 20.826754145648184
    vertex 813.7439715765523 1235.5206583863662 18.228677934294048
    vertex 813.7439715765526 1239.4847846331884 21.546037187682057
  endloop
endfacet
facet normal -1.0 -4.925591245840825e-13 5.19403009533362e-15
  outer loop
    vertex 813.7439715765523 1236.5336183969355 18.648259708814727
    vertex 813.7439715765523 1235.5206583863662 18.228677934294048
    vertex 813.7439715765526 1241.2212875084501 20.826754145648184
  endloop
endfacet
facet normal -1.0 -4.925591245840825e-13 5.19403009533362e-15
  outer loop
    vertex 813.7439715765513 1242.7124563329933 19.682540062944476
    vertex 813.7439715765523 1236.5336183969355 18.648259708814727
    vertex 813.7439715765526 1241.2212875084501 20.826754145648184
  endloop
endfacet
facet normal -1.0 -4.925591245840825e-13 5.19403009533362e-15
  outer loop
    vertex 813.743971576551 1237.6206583863661 18.791371238400565
    vertex 813.7439715765523 1236.5336183969355 18.648259708814727
    vertex 813.7439715765513 1242.7124563329933 19.682540062944476
  endloop
endfacet
facet normal -1.0 -4.925591245840825e-13 5.19403009533362e-15
  outer loop
    vertex 813.7439715765523 1235.4206568118582 18.151944027334903
    vertex 813.7439715765641 1210.4206568112631 9.023892744153272e-14
    vertex 813.7439715765523 1235.5206583863662 18.228677934294048
  endloop
endfacet
facet normal -1.0 -4.925591245840825e-13 5.19403009533362e-15
  outer loop
    vertex 813.7439715765537 1234.6508099053826 17.561219719383576
    vertex 813.7439715765641 1210.4206568112631 9.023892744153272e-14
    vertex 813.7439715765523 1235.4206568118582 18.151944027334903
  endloop
endfacet
facet normal -1.0 -4.925591245840825e-13 5.19403009533362e-15
  outer loop
    vertex 813.7439715765537 1233.9833516904714 16.691371238399668
    vertex 813.7439715765641 1210.4206568112631 9.023892744153272e-14
    vertex 813.7439715765537 1234.6508099053826 17.561219719383576
  endloop
endfacet
facet normal -1.0 -4.925591245840825e-13 5.19403009533362e-15
  outer loop
    vertex 813.743971576555 1233.563769915952 15.67841122783134
    vertex 813.7439715765641 1210.4206568112631 9.023892744153272e-14
    vertex 813.7439715765537 1233.9833516904714 16.691371238399668
  endloop
endfacet
facet normal -1.0 -4.925591245840825e-13 5.19403009533362e-15
  outer loop
    vertex 813.743971576555 1233.420658386366 14.591371238400155
    vertex 813.7439715765641 1210.4206568112631 9.023892744153272e-14
    vertex 813.743971576555 1233.563769915952 15.67841122783134
  endloop
endfacet
facet normal -1.0 -4.925591245840825e-13 5.19403009533362e-15
  outer loop
    vertex 813.7439715765537 1233.563769915952 13.504331248968972
    vertex 813.7439715765641 1210.4206568112631 9.023892744153272e-14
    vertex 813.743971576555 1233.420658386366 14.591371238400155
  endloop
endfacet
facet normal -1.0 -4.925591245840825e-13 5.19403009533362e-15
  outer loop
    vertex 813.7439715765537 1233.9833516904714 12.491371238400623
    vertex 813.7439715765641 1210.4206568112631 9.023892744153272e-14
    vertex 813.7439715765537 1233.563769915952 13.504331248968972
  endloop
endfacet
facet normal -1.0 -4.925591245840825e-13 5.19403009533362e-15
  outer loop
    vertex 813.7439715765538 1234.6508099053824 11.62152275741669
    vertex 813.7439715765641 1210.4206568112631 9.023892744153272e-14
    vertex 813.7439715765537 1233.9833516904714 12.491371238400623
  endloop
endfacet
facet normal -1.0 -4.925591245840825e-13 5.19403009533362e-15
  outer loop
    vertex 813.7439715765523 1235.420656811858 11.030798449465342
    vertex 813.7439715765641 1210.4206568112631 9.023892744153272e-14
    vertex 813.7439715765538 1234.6508099053824 11.62152275741669
  endloop
endfacet
facet normal -1.0 -4.925591245840825e-13 5.19403009533362e-15
  outer loop
    vertex 813.7439715765523 1235.520658386366 10.954064542504753
    vertex 813.7439715765641 1210.4206568112631 9.023892744153272e-14
    vertex 813.7439715765523 1235.420656811858 11.030798449465342
  endloop
endfacet
facet normal -1.0 -4.925591245840825e-13 5.19403009533362e-15
  outer loop
    vertex 813.743971576551 1236.5336183969355 10.534482767985471
    vertex 813.7439715765641 1210.4206568112631 9.023892744153272e-14
    vertex 813.7439715765523 1235.520658386366 10.954064542504753
  endloop
endfacet
facet normal -1.0 -4.925591245840825e-13 5.19403009533362e-15
  outer loop
    vertex 813.743971576551 1237.620658386366 10.39137123839959
    vertex 813.7439715765641 1210.4206568112631 9.023892744153272e-14
    vertex 813.743971576551 1236.5336183969355 10.534482767985471
  endloop
endfacet
facet normal -1.0 -4.925591245840825e-13 5.19403009533362e-15
  outer loop
    vertex 813.7439715765513 1242.7124563329933 9.50020241385694
    vertex 813.7439715765641 1210.4206568112631 9.023892744153272e-14
    vertex 813.743971576551 1237.620658386366 10.39137123839959
  endloop
endfacet
facet normal -1.0 -4.925591245840825e-13 5.19403009533362e-15
  outer loop
    vertex 813.7439715765507 1234.4212859339434 3.8995972669777212
    vertex 813.7439715765641 1210.4206568112631 9.023892744153272e-14
    vertex 813.7439715765513 1242.7124563329933 9.50020241385694
  endloop
endfacet
facet normal -1.0 -4.925591245840825e-13 5.19403009533362e-15
  outer loop
    vertex 813.7439715765522 1234.4206568118577 -3.496758438359393e-13
    vertex 813.7439715765641 1210.4206568112631 9.023892744153272e-14
    vertex 813.7439715765507 1234.4212859339434 3.8995972669777212
  endloop
endfacet
facet normal -1.0 -4.925591245840825e-13 5.19403009533362e-15
  outer loop
    vertex 813.7439715765513 1242.7124563329933 19.682540062944476
    vertex 813.7439715765513 1243.856670415698 18.19137123840059
    vertex 813.743971576551 1237.6206583863661 18.791371238400565
  endloop
endfacet
facet normal -1.0 -4.925591245840825e-13 5.19403009533362e-15
  outer loop
    vertex 813.7439715765523 1238.7083274978809 18.64825970881468
    vertex 813.743971576551 1237.6206583863661 18.791371238400565
    vertex 813.7439715765513 1243.856670415698 18.19137123840059
  endloop
endfacet
facet normal -1.0 -4.925591245840825e-13 5.19403009533362e-15
  outer loop
    vertex 813.7439715765526 1239.7212875084501 18.228677934295412
    vertex 813.7439715765523 1238.7083274978809 18.64825970881468
    vertex 813.7439715765513 1243.856670415698 18.19137123840059
  endloop
endfacet
facet normal -1.0 -4.925591245840825e-13 5.19403009533362e-15
  outer loop
    vertex 813.7439715765526 1240.5911359894337 17.561219719383466
    vertex 813.7439715765526 1239.7212875084501 18.228677934295412
    vertex 813.7439715765513 1243.856670415698 18.19137123840059
  endloop
endfacet
facet normal -1.0 -4.925591245840825e-13 5.19403009533362e-15
  outer loop
    vertex 813.7439715765513 1244.5759534577314 16.45486836313892
    vertex 813.7439715765526 1240.5911359894337 17.561219719383466
    vertex 813.7439715765513 1243.856670415698 18.19137123840059
  endloop
endfacet
facet normal -1.0 -4.925591245840825e-13 5.19403009533362e-15
  outer loop
    vertex 813.7439715765526 1241.2585942043447 16.691371238400976
    vertex 813.7439715765526 1240.5911359894337 17.561219719383466
    vertex 813.7439715765513 1244.5759534577314 16.45486836313892
  endloop
endfacet
facet normal -1.0 -4.925591245840825e-13 5.19403009533362e-15
  outer loop
    vertex 813.7439715765526 1241.6781759788641 15.678411227831194
    vertex 813.7439715765526 1241.2585942043447 16.691371238400976
    vertex 813.7439715765513 1244.5759534577314 16.45486836313892
  endloop
endfacet
facet normal -1.0 -4.925591245840825e-13 5.19403009533362e-15
  outer loop
    vertex 813.7439715765513 1244.82128750845 14.591371238399942
    vertex 813.7439715765526 1241.6781759788641 15.678411227831194
    vertex 813.7439715765513 1244.5759534577314 16.45486836313892
  endloop
endfacet
facet normal -1.0 -4.925591245840825e-13 5.19403009533362e-15
  outer loop
    vertex 813.7439715765526 1241.82128750845 14.591371238399999
    vertex 813.7439715765526 1241.6781759788641 15.678411227831194
    vertex 813.7439715765513 1244.82128750845 14.591371238399942
  endloop
endfacet
facet normal -1.0 -4.925591245840825e-13 5.19403009533362e-15
  outer loop
    vertex 813.7439715765526 1241.6781759788641 13.504331248970269
    vertex 813.7439715765526 1241.82128750845 14.591371238399999
    vertex 813.7439715765513 1244.82128750845 14.591371238399942
  endloop
endfacet
facet normal -1.0 -4.925591245840825e-13 5.19403009533362e-15
  outer loop
    vertex 813.7439715765513 1244.5759534577314 12.72787411366243
    vertex 813.7439715765526 1241.6781759788641 13.504331248970269
    vertex 813.7439715765513 1244.82128750845 14.591371238399942
  endloop
endfacet
facet normal -1.0 -4.925591245840825e-13 5.19403009533362e-15
  outer loop
    vertex 813.7439715765526 1241.2585942043447 12.491371238400488
    vertex 813.7439715765526 1241.6781759788641 13.504331248970269
    vertex 813.7439715765513 1244.5759534577314 12.72787411366243
  endloop
endfacet
facet normal -1.0 -4.925591245840825e-13 5.19403009533362e-15
  outer loop
    vertex 813.7439715765513 1243.8566704156979 10.991371238400783
    vertex 813.7439715765526 1241.2585942043447 12.491371238400488
    vertex 813.7439715765513 1244.5759534577314 12.72787411366243
  endloop
endfacet
facet normal -1.0 -4.925591245840825e-13 5.19403009533362e-15
  outer loop
    vertex 813.7439715765526 1240.5911359894335 11.621522757416576
    vertex 813.7439715765526 1241.2585942043447 12.491371238400488
    vertex 813.7439715765513 1243.8566704156979 10.991371238400783
  endloop
endfacet
facet normal -1.0 -4.925591245840825e-13 5.19403009533362e-15
  outer loop
    vertex 813.7439715765526 1239.72128750845 10.954064542506117
    vertex 813.7439715765526 1240.5911359894335 11.621522757416576
    vertex 813.7439715765513 1243.8566704156979 10.991371238400783
  endloop
endfacet
facet normal -1.0 -4.925591245840825e-13 5.19403009533362e-15
  outer loop
    vertex 813.7439715765513 1242.7124563329933 9.50020241385694
    vertex 813.7439715765526 1239.72128750845 10.954064542506117
    vertex 813.7439715765513 1243.8566704156979 10.991371238400783
  endloop
endfacet
facet normal -1.0 -4.925591245840825e-13 5.19403009533362e-15
  outer loop
    vertex 813.7439715765526 1238.7083274978806 10.53448276798687
    vertex 813.7439715765526 1239.72128750845 10.954064542506117
    vertex 813.7439715765513 1242.7124563329933 9.50020241385694
  endloop
endfacet
facet normal -1.0 -4.925591245840825e-13 5.19403009533362e-15
  outer loop
    vertex 813.743971576551 1237.620658386366 10.39137123839959
    vertex 813.7439715765526 1238.7083274978806 10.53448276798687
    vertex 813.7439715765513 1242.7124563329933 9.50020241385694
  endloop
endfacet
facet normal -0.7071067811867989 0.7071067811862961 1.8744387143760033e-14
  outer loop
    vertex 812.2439715765701 1208.9206568112652 89.20000004307799
    vertex 813.7439715765685 1210.4206568112647 89.20000004307498
    vertex 812.2439715765671 1208.9206568112643 54.60000002154547
  endloop
endfacet
facet normal -0.7071067811867989 0.7071067811862961 1.8744387143760033e-14
  outer loop
    vertex 813.743971576567 1210.4206568112643 54.60000002154539
    vertex 812.2439715765671 1208.9206568112643 54.60000002154547
    vertex 813.7439715765685 1210.4206568112647 89.20000004307498
  endloop
endfacet
facet normal -1.9260718587994294e-16 2.0846119130767067e-14 1.0
  outer loop
    vertex 802.243971576568 1208.920656811265 54.60000002154547
    vertex 812.2439715765671 1208.9206568112643 54.60000002154547
    vertex 813.7439715765673 1220.420656811264 54.60000002154521
  endloop
endfacet
facet normal -1.9260718587994294e-16 2.0846119130767067e-14 1.0
  outer loop
    vertex 813.743971576567 1210.4206568112643 54.60000002154539
    vertex 813.7439715765673 1220.420656811264 54.60000002154521
    vertex 812.2439715765671 1208.9206568112643 54.60000002154547
  endloop
endfacet
facet normal -0.7071067811865481 0.707106781186547 -1.6608571147988756e-14
  outer loop
    vertex 802.243971576568 1208.920656811265 54.60000002154547
    vertex 813.7439715765673 1220.420656811264 54.60000002154521
    vertex 802.243971576568 1208.9206568112645 36.600000021545235
  endloop
endfacet
facet normal -0.7071067811865481 0.707106781186547 -1.6608571147988756e-14
  outer loop
    vertex 813.7439715765673 1220.4206568112638 36.60000002154497
    vertex 802.243971576568 1208.9206568112645 36.600000021545235
    vertex 813.7439715765673 1220.420656811264 54.60000002154521
  endloop
endfacet
facet normal -0.5773502691896294 0.5773502691896099 -0.577350269189638
  outer loop
    vertex 802.243971576568 1208.9206568112645 36.600000021545235
    vertex 813.7439715765673 1220.4206568112638 36.60000002154497
    vertex 812.2439715765671 1208.9206568112638 26.600000021544574
  endloop
endfacet
facet normal -0.5773502691896294 0.5773502691896099 -0.577350269189638
  outer loop
    vertex 813.7439715765655 1210.4206568112636 26.600000021544542
    vertex 812.2439715765671 1208.9206568112638 26.600000021544574
    vertex 813.7439715765673 1220.4206568112638 36.60000002154497
  endloop
endfacet
endsolid Untitled-5c921a03
